code,description,concept_id,vocabulary_id,domain_id,standard_concept
QCJA003,1 hand initial burn surgical dressing,,,,Non-standard
QCJA004,1 Hand Secondary Burn Surgical Dressing,,,,Non-standard
AMQP014,"12-24 hour polysomnography, no video recording",,,,Non-standard
AMQP015,"12-24 hour polysomnography, with video recording",,,,Non-standard
LJMA003,2 to 5 rib thoracoplasty,,,,Non-standard
KZQL003,2-step somatostatin analog scintigraphy,,,,Non-standard
KZQL004,2-step somatostatin analog scintigraphy with whole body scintigraphy complementary to a segmental image,,,,Non-standard
ABQP001,24 hour continuous monitoring of intracranial pressure,,,,Non-standard
EAQM001,24-hour continuous monitoring of intracranial arterial circulation by transcranial doppler,,,,Non-standard
HEQD002,24-hour esophageal and / or gastric pH measurement,,,,Non-standard
HEQD001,"24-hour esophageal manometry, with pH measurement",,,,Non-standard
AMQP013,"8 to 12 hour polysomnography, with video recording",,,,Non-standard
AMQP012,"8 to 12 hour polysomnography, without video recording",,,,Non-standard
AAQP007,8-lead electroencephalography or more with recording of a minimum duration of 20 minutes without digitization and without video recording,,,,Non-standard
AAQP129,"8-lead or more electroencephalography with recording lasting at least 30 minutes, with digitization and video recording, in a patient under 6 years of age",,,,Non-standard
04.03.11.04,Abdominal aorta and common iliac artery bypass surgery,,,,Non-standard
04.03.11.09,Abdominal aortic fistula closure,,,,Non-standard
04.03.11.07,Abdominal aortic prosthesis removal,,,,Non-standard
DGGA002,"Abdominal aortic prosthesis removal with axillobifemoral bypass, by direct approach",,,,Non-standard
DGGA003,"Abdominal aortic prosthesis with aortobisilic or aortobifemoral bypass, by laparotomy",,,,Non-standard
04.01.03.05,Abdominal aortic ultrasound,,,,Non-standard
QBFA005,Abdominal dermolipectomy with transposition of the umbilicus,,,,Non-standard
QBFA001,Abdominal dermolipectomy with transposition of the umbilicus and closure of diastasis of the rectus abdominis muscles,,,,Non-standard
QBFA008,Abdominal dermolipectomy with transposition of the umbilicus and liposuction of the abdomen,,,,Non-standard
QBFA012,"Abdominal dermolipectomy with transposition of the umbilicus, liposuction of the abdomen and closure of diastasis of the rectus abdominis muscles",,,,Non-standard
QBFA006,"Abdominal dermolipectomy without transposition of the umbilicus, with closure of diastasis of the right muscles of the abdomen",,,,Non-standard
QBFA013,"Abdominal dermolipectomy without transposition of the umbilicus, with liposuction of the abdomen",,,,Non-standard
QBFA010,"Abdominal dermolipectomy without transposition of the umbilicus, with liposuction of the abdomen and closure of diastasis of the right muscles of the abdomen",,,,Non-standard
QBFA011,Abdominal dermolipectomy without umbilicus transposition,,,,Non-standard
JQGA001,"Abdominal ectopic pregnancy extraction beyond 13 weeks of amenorrhea, by laparotomy",,,,Non-standard
12.04.03.06,Abdominal wall prosthesis removal,,,,Non-standard
16.06.08,Ablation and change of breast prosthetic implant,,,,Non-standard
13.03.02.07,Ablation and change of scapulohumeral prosthesis,,,,Non-standard
LAGA006,"Ablation of a cranial or facial intraosseous implant without bone resection, by direct approach",,,,Non-standard
DEGF001,"Ablation of a definitive intracavitary cardiac stimulation or defibrillation lead using a specific device, via the transcutaneous venous route",,,,Non-standard
DEGF005,"Ablation of a definitive intracavitary defibrillation lead and a definitive intracavitary cardiac stimulation lead using a specific device, via the transcutaneous venous route",,,,Non-standard
DEGF006,"Ablation of a definitive intracavitary defibrillation lead and a definitive intracavitary cardiac stimulation lead without the use of a specific device, by the transcutaneous venous route",,,,Non-standard
DEGF004,"Ablation of a definitive intracavitary stimulation or cardiac defibrillation lead without the use of a specific device, by the transcutaneous venous route",,,,Non-standard
HGGE001,"Ablation of a duodenal stent graft, by eso-gastro-duodenoscopy",,,,Non-standard
HGPC005,"Ablation of a peritoneal dialysis catheter, by laparoscopy",,,,Non-standard
DFGA004,"Ablation of a pulmonary cerclage with closure of a single interventricular communication, by thoracotomy with CEC",,,,Non-standard
DHGF001,"Ablation of a temporary filter of the inferior vena cava, by the transcutaneous venous route",,,,Non-standard
EQGA002,"Ablation of an extracorporeal circulation [ECC] for long-term circulatory support, by thoracotomy",,,,Non-standard
HPGA002,"Ablation of an intraperitoneal balloon, by laparotomy",,,,Non-standard
QZGP009,"Ablation of autologous keratinocyte culture media for burns, on 10% to 20% of the body surface",,,,Non-standard
QZGP001,"Ablation of autologous keratinocyte culture media for burns, on 20% to 30% of the body surface",,,,Non-standard
QZGP002,"Ablation of autologous keratinocyte culture media for burns, on 30% to 40% of the body surface",,,,Non-standard
QZGP006,"Ablation of autologous keratinocyte culture media for burns, on 40% to 50% of the body surface",,,,Non-standard
QZGP004,"Ablation of autologous keratinocyte culture media for burns, on less than 10% of the body surface",,,,Non-standard
QZGP007,"Ablation of autologous keratinocyte culture media for burns, over more than 50% of the body surface",,,,Non-standard
LZGA001,"Ablation of biomaterial from the face and / or neck, by direct approach",,,,Non-standard
PAGH001,"Ablation of buried osteosynthesis material, by the transcutaneous route with radiological guidance",,,,Non-standard
PAGB002,"Ablation of buried osteosynthesis material, by the transcutaneous route without guidance",,,,Non-standard
PAGB001,"Ablation of buried osteosynthesis wire, transcutaneously without guidance",,,,Non-standard
LAGA002,"Ablation of internal osteosynthesis material from the facial mass at 3 or more sites, by direct approach",,,,Non-standard
BEGA002,Ablation of mechanical aqueous humor drainage system,,,,Non-standard
BDGA002,Ablation of multiple unilateral or bilateral deep [stromal] foreign bodies from the cornea,,,,Non-standard
LAGA001,"Ablation of several cranial and / or facial intraosseous implants without bone resection, by facial approach",,,,Non-standard
DEGF002,"Ablation of several definitive intracavitary cardiac stimulation leads without the use of a specific device, by the transcutaneous venous route",,,,Non-standard
DEGF003,"Ablation of several definitive intracavitary cardiac stimulation probes with the use of a specific device, by the transcutaneous venous route",,,,Non-standard
BDGA004,Ablation of superficial and deep multiple unilateral or bilateral corneal foreign bodies,,,,Non-standard
HMGH003,"Ablation or change of biliary endoprosthesis, by a transcutaneous drain already in place with ultrasound and / or radiological guidance",,,,Non-standard
JLGD001,Ablation or change of intravaginal device,,,,Non-standard
15.02.07,"Ablation, change and modification of osteosynthesis material, without topographic precision",,,,Non-standard
QANP001,"Abrasion of the entire face, with pulsed or scanned CO2 laser, or with erbium Yag laser",,,,Non-standard
JKNE001,"Abrasion of the lining of the uterus [Endometrectomy], by hysteroscopy",,,,Non-standard
HANP002,Abrasion of the mucous membrane of the lips and perioral skin with laser,,,,Non-standard
GGNC001,"Abrasion or resection of the parietal pleura, by thoracoscopy",,,,Non-standard
GGNA001,"Abrasion or resection of the parietal pleura, by thoracotomy",,,,Non-standard
YYYY588,Accelerator cyclotherapy irradiation by fraction of 9 centiGrays for beams of 25 MeV or more,,,,Non-standard
YYYY306,Accelerator cyclotherapy irradiation by fraction of 9 Grays for beams of 25 MeV or more,,,,Non-standard
NEMA020,Acetabuloplasty with osteotomy of the femur,,,,Non-standard
NACA003,"Acetabulum fracture osteosynthesis, by anterior approach",,,,Non-standard
NACA005,"Acetabulum fracture osteosynthesis, by posterior approach",,,,Non-standard
YYYY146,Achievement of somesthetic evoked potentials during spinal surgery,,,,Non-standard
GAQD006,Acoustic rhinometry with provocation test,,,,Non-standard
GAQD004,Acoustic rhinometry without provocation test,,,,Non-standard
JCSA003,Acquired ureterocutaneous fistula closure by direct approach,,,,Non-standard
JCSA004,Acquired ureterovaginal fistula closure by direct approach,,,,Non-standard
JDSA008,Acquired vesicocutaneous fistula closure by direct approach,,,,Non-standard
MEMC001,"Acromioclavicular arthroplasty by resection of the lateral end of the clavicle, by arthroscopy",,,,Non-standard
MEMA011,"Acromioclavicular arthroplasty by resection of the lateral end of the clavicle, by arthrotomy",,,,Non-standard
MEMC005,"Acromioplasty without prosthesis with acromioclavicular arthroplasty by resection of the lateral end of the clavicle, by arthroscopy",,,,Non-standard
MEMA017,"Acromioplasty without prosthesis with acromioclavicular arthroplasty by resection of the lateral end of the clavicle, by direct approach",,,,Non-standard
MEMC003,"Acromioplasty without prosthesis, by arthroscopy",,,,Non-standard
MEMA006,"Acromioplasty without prosthesis, by direct approach",,,,Non-standard
ADA,Act of anesthesia,,,,Non-standard
9,"ACTS CONCERNING PROCREATION, PREGNANCY AND THE NEWBORN",,,,Non-standard
AXI,Acts of Prophylaxis and Prevention,,,,Non-standard
09.03.01,Acts related to pregnancy ending in abortion,,,,Non-standard
09.03,ACTS RELATED TO PREGNANCY IN THE MOTHER,,,,Non-standard
17,ACTS WITHOUT TOPOGRAPHICAL PRECISION,,,,Non-standard
QZRB001,Acupuncture session,,,,Non-standard
GLMP001,"Adaptation of a continuous positive ventilatory pressure [PPC] by means of a self-adjusting pressure system with recording of the pressure in the mask, per 24 hours",,,,Non-standard
PZMP002,Adaptation of a modular articulated limb orthosis,,,,Non-standard
04.05.08.05,Adaptation of arteriovenous vascular access,,,,Non-standard
02.06.02,Adaptation of contact lens or scleral lens,,,,Non-standard
06.04.01,Adaptation of non-invasive ventilation,,,,Non-standard
19,ADAPTATIONS FOR THE TRANSITIONAL CCAM,,,,Non-standard
HBMD689,"Addition of 1 element in ceramic extension or in mineral equivalents, other than a canine, to a fixed multiple prosthesis [bridge] comprising at least 2 anchoring pillars and 1 intermediate element",,,,Non-standard
HBMD479,Addition of a 1st intermediate ceramometallic element or in mineral equivalents to a fixed plural dental prosthesis [2nd ceramometallic element or in intermediate mineral equivalents of bridge],,,,Non-standard
HBMD490,Addition of a 1st intermediate metallic element to a fixed plural dental prosthesis [2nd intermediate metallic bridge element],,,,Non-standard
HBMD433,Addition of a 2nd intermediate ceramic element or in mineral equivalents to a fixed plural dental prosthesis [3rd ceramic element or intermediate mineral equivalents of bridge],,,,Non-standard
HBMD342,Addition of a 2nd metallic intermediate element to a plural dental prosthesis [3rd intermediate metallic bridge element],,,,Non-standard
HBMD087,Addition of a ceramometallic anchoring abutment or in mineral equivalents to a fixed plural dental prosthesis [bridge abutment],,,,Non-standard
HBMD081,Addition of a metal anchoring pillar to a fixed multiple dental prosthesis [bridge pillar],,,,Non-standard
HBMD776,"Addition of a metal extension element, other than a canine, to a fixed multiple prosthesis [bridge] comprising at least 2 anchoring pillars and 1 intermediate element",,,,Non-standard
HBMD017,Addition or change of 1 element of a removable dental prosthesis,,,,Non-standard
HBMD249,Addition or change of 1 element welded to a removable dental prosthesis on a metal frame,,,,Non-standard
HBMD329,Addition or change of 10 elements of a removable dental prosthesis,,,,Non-standard
HBMD410,Addition or change of 10 welded elements of a removable dental prosthesis on a metal frame,,,,Non-standard
HBMD226,Addition or change of 11 elements of a removable dental prosthesis,,,,Non-standard
HBMD429,Addition or change of 11 welded elements of a removable dental prosthesis on a metal frame,,,,Non-standard
HBMD387,Addition or change of 12 elements of a removable dental prosthesis,,,,Non-standard
HBMD281,Addition or change of 12 welded elements of a removable dental prosthesis on a metal frame,,,,Non-standard
HBMD134,Addition or change of 13 elements of a removable dental prosthesis,,,,Non-standard
HBMD200,Addition or change of 13 welded elements of a removable dental prosthesis on a metal frame,,,,Non-standard
HBMD174,Addition or change of 14 elements of a removable dental prosthesis,,,,Non-standard
HBMD298,Addition or change of 14 welded elements of a removable dental prosthesis on a metal frame,,,,Non-standard
HBMD114,Addition or change of 2 elements of a removable dental prosthesis,,,,Non-standard
HBMD292,Addition or change of 2 welded elements of a removable dental prosthesis on a metal frame,,,,Non-standard
HBMD322,Addition or change of 3 elements of a removable dental prosthesis,,,,Non-standard
HBMD188,Addition or change of 3 welded elements of a removable dental prosthesis on a metal frame,,,,Non-standard
HBMD404,Addition or change of 4 elements of a removable dental prosthesis,,,,Non-standard
HBMD432,Addition or change of 4 welded elements of a removable dental prosthesis on a metal frame,,,,Non-standard
HBMD245,Addition or change of 5 elements of a removable dental prosthesis,,,,Non-standard
HBMD283,Addition or change of 5 welded elements of a removable dental prosthesis on a metal frame,,,,Non-standard
HBMD198,Addition or change of 6 elements of a removable dental prosthesis,,,,Non-standard
HBMD439,Addition or change of 6 welded elements of a removable dental prosthesis on a metal frame,,,,Non-standard
HBMD373,Addition or change of 7 elements of a removable dental prosthesis,,,,Non-standard
HBMD425,Addition or change of 7 welded elements of a removable dental prosthesis on a metal frame,,,,Non-standard
HBMD228,Addition or change of 8 elements of a removable dental prosthesis,,,,Non-standard
HBMD444,Addition or change of 8 welded elements of a removable dental prosthesis on a metal frame,,,,Non-standard
HBMD286,Addition or change of 9 elements of a removable dental prosthesis,,,,Non-standard
HBMD485,Addition or change of 9 welded elements of a removable dental prosthesis on a metal frame,,,,Non-standard
07.02.03.05,Addition or change of dental prosthesis element,,,,Non-standard
07.02.03.06,Addition or change of welded element of dental prosthesis,,,,Non-standard
HBMD082,"Addition to a fixed plural dental prosthesis of an additional metallic intermediate element, beyond the 3rd",,,,Non-standard
HBMD072,"Addition to a fixed plural dental prosthesis of an intermediate ceramometallic element or additional mineral equivalents, beyond the 3rd",,,,Non-standard
HBBA002,Additive osteoplasty of the alveolar arch in a sector of 4 to 6 teeth,,,,Non-standard
HBBA003,Additive osteoplasty of the alveolar arch on a sector of 1 to 3 teeth,,,,Non-standard
HBBA004,Additive osteoplasty of the alveolar arch on a sector of 7 teeth or more,,,,Non-standard
FAFA008,Adenoidectomy,,,,Non-standard
FAFA002,Adenoidectomy with bilateral transtympanic aerator placement,,,,Non-standard
FAFA013,Adenoidectomy with unilateral or bilateral myringotomy,,,,Non-standard
FAFA001,Adenoidectomy with unilateral transtympanic aerator placement,,,,Non-standard
01.04.02,Adjustment and reprogramming of a central nervous system stimulation system,,,,Non-standard
GLMF001,"Adjustment of non-invasive ventilation settings by repeated blood gas measurements, per 24 hours",,,,Non-standard
GLQF001,"Adjustment of the oxygen flow rate by repeated measurements of the blood gases, for initiation or adaptation of oxygen therapy with a defined flow rate, per 24 hours",,,,Non-standard
GLQP001,"Adjustment of the oxygen flow rate by transcutaneous monitoring of oxygen saturation, for initiation or adaptation of oxygen therapy at a defined flow rate in children, per 24 hours",,,,Non-standard
17.03.04,Administration of anticancer pharmacological agent,,,,Non-standard
GLLD005,Administration of inhaled nitric oxide [NO] to a ventilated patient,,,,Non-standard
KEQL002,Adrenal cortex scintigraphy,,,,Non-standard
KEQL001,Adrenal medulla scintigraphy,,,,Non-standard
ALQP005,Adult intellectual efficiency assessment test,,,,Non-standard
NJEA005,Alignment of a toe camptodactyly by soft tissue release,,,,Non-standard
JEEE001,"Alignment of traumatic rupture of the urethra, by endoscopy",,,,Non-standard
FGRD004,Allergen challenge test administered in increasing concentration by the nasal route,,,,Non-standard
05.01.05.02,Allergic provocation tests,,,,Non-standard
05.01.05.01,Allergic skin tests,,,,Non-standard
FGRP006,Allergological provocation test by several native foods administered by lip contact,,,,Non-standard
FGRB002,Allergological test by intradermal injection of a substance administered in increasing concentration,,,,Non-standard
FGRB001,Allergological test by intradermal injection of several substances administered in increasing concentration with at least 2 dilutions,,,,Non-standard
FGRB005,Allergological test by intradermal injection of substances administered at a fixed concentration,,,,Non-standard
FGRB004,Allergological test by skin prick with native foods,,,,Non-standard
FGRB003,Allergological test by skin prick with substances administered at fixed concentration,,,,Non-standard
LBPA016,"Alveolar segmental osteotomy of the mandible behind the mental foramen, by intraoral approach",,,,Non-standard
LBPA026,"Alveolar segmental osteotomy of the mandible in front of the mental holes, by intraoral approach",,,,Non-standard
LBPA036,"Alveolar segmental osteotomy of the mandible in front of the mental holes, with anterior segmental maxillary osteotomy, by intraoral approach",,,,Non-standard
LBPA039,"Alveolar segmental osteotomy of the mandible in front of the mental holes, with transposition osteotomy of the bony chin, by intraoral approach",,,,Non-standard
JPLB001,"Amnio-infusion, transcutaneously",,,,Non-standard
JPHJ002,"Amniocentesis on a single amniotic sac, with ultrasound guidance",,,,Non-standard
JPHJ001,"Amniocentesis on several amniotic sacs, with ultrasound guidance",,,,Non-standard
JPQE001,Amnioscopy,,,,Non-standard
MZFA007,"Amputation and / or disarticulation of several fingers, without resection of the metacarpals",,,,Non-standard
HBFD014,Amputation and / or root or coronoradicular separation of a tooth,,,,Non-standard
14.05.04,Amputation and disarticulation in the lower limb,,,,Non-standard
13.05.03,Amputation and disarticulation of the upper limb,,,,Non-standard
MZFA008,Amputation of a supernumerary finger other than the thumb,,,,Non-standard
MZFA012,Amputation of a supernumerary finger other than the thumb with bone resection,,,,Non-standard
MZFA014,Amputation of a supernumerary thumb,,,,Non-standard
MZFA015,"Amputation of a supernumerary thumb, with osteotomy or capsuloplasty",,,,Non-standard
NZFA011,"Amputation of a supernumerary toe, with joint reconstruction",,,,Non-standard
NZFA012,"Amputation of a supernumerary toe, without joint reconstruction",,,,Non-standard
JMFA006,Amputation of the clitoris [Clitoridectomy],,,,Non-standard
GAFA008,Amputation of the nasal pyramid,,,,Non-standard
GAFA004,Amputation of the nasal pyramid extended to the philtrum and / or the cheek,,,,Non-standard
HJFA019,"Amputation of the rectum, by laparoscopy or by laparotomy with preparation by laparoscopy and perineal approach",,,,Non-standard
HJFA007,"Amputation of the rectum, by laparotomy and perineal approach",,,,Non-standard
HJFA005,"Amputation of the rectum, by perineal approach",,,,Non-standard
NZFA005,"Amputation or disarticulation at the midfoot or forefoot, without stabilization of the hindfoot",,,,Non-standard
MZFA013,"Amputation or disarticulation of a finger, without resection of the metacarpal",,,,Non-standard
NZFA010,Amputation or disarticulation of a toe,,,,Non-standard
NZFA004,Amputation or disarticulation of several toes,,,,Non-standard
NZFA009,Amputation or disarticulation of the ankle or hindfoot,,,,Non-standard
NZFA013,"Amputation or disarticulation of the midfoot or forefoot, with stabilization of the hindfoot",,,,Non-standard
07.03.08.02,Anal dilation,,,,Non-standard
07.03.08.07,Anal fissure excision,,,,Non-standard
07.03.08.06,Anal sphincterotomy,,,,Non-standard
HJCD001,"Anal wound suture of the rectum, with repair of the external sphincter muscle of the anus",,,,Non-standard
HJCD002,"Anal wound suture of the rectum, without repair of the external sphincter muscle of the anus",,,,Non-standard
ANLB003,Analgesic mesotherapy session,,,,Non-standard
CEQP005,Analysis of static and / or dynamic vertical posture on a force platform [Posturography],,,,Non-standard
AHQB008,Analytical electromyography of the perineum by needle electrode,,,,Non-standard
AHQB028,"Analytical electromyography of the perineum with study of the latencies of the sacral reflexes, by needle electrode",,,,Non-standard
AHQB002,Analytical electromyography of the perineum with study of the latency of the bulbocavernous reflex and of the cerebral somesthetic evoked potentials by stimulation of the pudendal nerve [shameful nerve],,,,Non-standard
AHQB003,"Analytical electromyography of the perineum with study of the motor latency of the pudendal nerve [shameful nerve], by needle electrode",,,,Non-standard
AHQD001,"Analytical electromyography of the perineum, studying the latencies of the sacral reflexes and the distal latencies of the pudendal nerve [shameful nerve] by intrarectal stimulation",,,,Non-standard
AHQD002,"Analytical electromyography of the perineum, with study of latencies of sacral reflexes, distal latencies of the pudendal nerve [shameful nerve] by intrarectal stimulation and cerebral somesthetic evoked potentials by stimulation of the pudendal nerve",,,,Non-standard
AHQB016,"Analytical electromyography of the perineum, with study of the latencies of the sacral reflexes, the sensory conduction speed of the dorsal nerve of the penis, the cerebral somesthetic evoked potentials and the sympathetic perineal skin responses",,,,Non-standard
EHCA010,"Anastomosis between a branch of the portal system and the upper vena cava system, by direct approach",,,,Non-standard
EHCA005,"Anastomosis between a branch of the portal system other than the splenic vein or the superior mesenteric vein and the inferior vena cava system, by laparotomy",,,,Non-standard
HNCJ001,"Anastomosis between a collected pancreatic cavity and the stomach or duodenum, by eso-gastro-duodenoscopy with endoscopic echo guidance",,,,Non-standard
HNCA001,"Anastomosis between a false cyst of the pancreas and the duodenum [Cystoduodenostomy], by laparotomy",,,,Non-standard
HNCC033,"Anastomosis between a false cyst of the pancreas and the jejunum [Kystojejunostomy], by laparoscopy",,,,Non-standard
HNCA005,"Anastomosis between a false cyst of the pancreas and the jejunum [Kystojejunostomy], by laparotomy",,,,Non-standard
HNCC021,"Anastomosis between a false cyst of the pancreas and the stomach [Cystogastrostomy], by laparoscopy",,,,Non-standard
HNCA008,"Anastomosis between a false cyst of the pancreas and the stomach [Cystogastrostomy], by laparotomy",,,,Non-standard
HNCE001,"Anastomosis between a false cyst of the pancreas and the stomach or duodenum, by oeso-gastro-duodenoscopy without guidance [Endoscopic cystogastrostomy or cystoduodenostomy]",,,,Non-standard
HNCH001,"Anastomosis between a false cyst of the pancreas and the stomach or duodenum, by the transcutaneous route with ultrasound and / or radiological guidance [Transcutaneous cystogastrostomy or cystoduodenostomy]",,,,Non-standard
ELCA003,"Anastomosis between the artery or the dorsal vein of the penis and the femoral artery, by direct approach",,,,Non-standard
ELCA004,"Anastomosis between the artery or the dorsal vein of the penis and the inferior epigastric artery, by direct approach",,,,Non-standard
DFCA010,"Anastomosis between the pulmonary trunk and the aorta with systemicopulmonary anastomosis, by thoracotomy with CEC",,,,Non-standard
DFCA006,"Anastomosis between the trunk of the pulmonary artery and the ascending thoracic aorta, by thoracotomy with CEC",,,,Non-standard
HEMA007,Anastomotic esophageal stenosis plasty by cervicotomy,,,,Non-standard
DZMA003,"Anatomical repair at the arterial and atrial level of the atrioventricular discordance and of the transposition or malposition of the great vessels with interventricular communication, by thoracotomy with CEC",,,,Non-standard
DZMA002,"Anatomical repair of the atrioventricular discordance and of the transposition or malposition of the great vessels with interventricular communication and pulmonary stenosis at the ventricular and atrial level, by thoracotomy with CEC",,,,Non-standard
19.02.10,Anatomocytopathology,,,,Non-standard
19.01.13,Anatomocytopathology,,,,Non-standard
HHQX007,Anatomopathological examination for carcinological aim of appendectomy specimen,,,,Non-standard
KDQX005,Anatomopathological examination for carcinological aim of parathyroidectomy specimen,,,,Non-standard
JJQX005,Anatomopathological examination for carcinological aim of part of several partial and / or total oophorectomies,,,,Non-standard
JHQX008,Anatomopathological examination for carcinological aim of partial amputation of the penis,,,,Non-standard
GFQX008,"Anatomopathological examination for carcinological aim of pneumonectomy or multiple pulmonary lobectomies, without resection of rib or vertebra",,,,Non-standard
JKQX004,"Anatomopathological examination for carcinological purposes of a hysterectomy part, without adnexectomy",,,,Non-standard
JKQX005,"Anatomopathological examination for carcinological purposes of a hysterectomy specimen, with annexectomy",,,,Non-standard
GCQX005,Anatomopathological examination for carcinological purposes of a nasopharyngeal excision piece,,,,Non-standard
BZQX004,Anatomopathological examination for carcinological purposes of a part of excisional organ accessory of the eye,,,,Non-standard
HHQX011,Anatomopathological examination for carcinological purposes of a part of total coloprotectomy,,,,Non-standard
JAQX004,Anatomopathological examination for carcinological purposes of a part of total nephrectomy or nephro-ureterectomy,,,,Non-standard
JHQX005,Anatomopathological examination for carcinological purposes of a part of total orchiectomy,,,,Non-standard
JGQX004,Anatomopathological examination for carcinological purposes of a part of total vesiculoprostatectomy,,,,Non-standard
QEQX008,Anatomopathological examination for carcinological purposes of a partial or total mastectomy part with subclinical lesion or plurifocal lesion,,,,Non-standard
PAQX004,Anatomopathological examination for carcinological purposes of a piece of bone and / or cartilage tumor removal,,,,Non-standard
HMQX005,Anatomopathological examination for carcinological purposes of a piece of cholecystectomy,,,,Non-standard
JKQX007,Anatomopathological examination for carcinological purposes of a piece of conization of the cervix,,,,Non-standard
HGQX005,Anatomopathological examination for carcinological purposes of a piece of endoscopic excision of the small intestine,,,,Non-standard
DZQX005,Anatomopathological examination for carcinological purposes of a piece of excision of a heart tumor,,,,Non-standard
QEQX006,Anatomopathological examination for carcinological purposes of a piece of excision of a lactiferous duct [pyramidectomy],,,,Non-standard
HCQX004,Anatomopathological examination for carcinological purposes of a piece of salivary gland excision,,,,Non-standard
HLQX008,Anatomopathological examination for carcinological purposes of a piece of total hepatectomy,,,,Non-standard
JKQX006,Anatomopathological examination for carcinological purposes of a piece of trachelectomy [cervicectomy] or colpotrachelectomy,,,,Non-standard
GGQX004,Anatomopathological examination for carcinological purposes of a pleural tumor excision piece,,,,Non-standard
HHQX010,Anatomopathological examination for carcinological purposes of a total colectomy part,,,,Non-standard
KEQX004,Anatomopathological examination for carcinological purposes of adrenalectomy specimen,,,,Non-standard
HHQX008,Anatomopathological examination for carcinological purposes of an endoscopic excision piece of 6 or more lesions of the colon and / or rectum,,,,Non-standard
HEQX005,Anatomopathological examination for carcinological purposes of endoscopic excisional part of the esophagus,,,,Non-standard
HFQX005,Anatomopathological examination for carcinological purposes of endoscopic gastric resection,,,,Non-standard
BHQX005,Anatomopathological examination for carcinological purposes of enucleation part of the ocular bulb [globe],,,,Non-standard
FCQX010,Anatomopathological examination for carcinological purposes of excision parts from 2 or 3 lymphonodal groups [lymph nodes],,,,Non-standard
FCQX012,Anatomopathological examination for carcinological purposes of excision parts from 4 to 6 lymphonodal groups [lymph nodes],,,,Non-standard
FCQX011,Anatomopathological examination for carcinological purposes of excision pieces from 7 lymphonodal groups [lymph nodes] or more,,,,Non-standard
FCQX006,Anatomopathological examination for carcinological purposes of excisional part of a lymphonodal group [lymph node],,,,Non-standard
GFQX005,"Anatomopathological examination for carcinological purposes of excisional part of a pulmonary lobectomy, with resection of the rib and / or vertebra",,,,Non-standard
GFQX004,"Anatomopathological examination for carcinological purposes of excisional part of a pulmonary lobectomy, without resection of rib or vertebra",,,,Non-standard
AZQX005,"Anatomopathological examination for carcinological purposes of excisional part of a tumor of the brain, spinal cord, or meninges",,,,Non-standard
QEQX010,Anatomopathological examination for carcinological purposes of excisional part of several lactiferous ducts [pyramidectomies],,,,Non-standard
HKQX005,Anatomopathological examination for carcinological purposes of excisional part of the anal canal and / or the anal margin,,,,Non-standard
HMQX004,Anatomopathological examination for carcinological purposes of excisional part of the extrahepatic bile duct,,,,Non-standard
HAQX005,"Anatomopathological examination for carcinological purposes of excisional part of the lip, labial commissure and / or oral mucosa",,,,Non-standard
HAQX017,"Anatomopathological examination for carcinological purposes of glossectomy, oral pelvectomy, pelviglossectomy or oropharyngectomy without mandibulectomy",,,,Non-standard
GFQX006,"Anatomopathological examination for carcinological purposes of non-anatomical pulmonary excision and / or segmentectomy, undifferentiated, without resection of rib or vertebra",,,,Non-standard
GFQX010,"Anatomopathological examination for carcinological purposes of non-anatomical pulmonary excision and / or segmentectomy, with rib and / or vertebra resection",,,,Non-standard
JJQX004,Anatomopathological examination for carcinological purposes of part of a partial or total oophorectomy,,,,Non-standard
KCQX005,Anatomopathological examination for carcinological purposes of part of a thyroid lobectomy or lobo-isthmectomy,,,,Non-standard
PZQX004,"Anatomopathological examination for carcinological purposes of part of partial or total amputation of the hand, foot or of several fingers or toes",,,,Non-standard
HFQX008,Anatomopathological examination for carcinological purposes of part of total gastrectomy or degastrogastrectomy,,,,Non-standard
HHQX006,Anatomopathological examination for carcinological purposes of partial colectomy or rectosigmoidectomy part without resection of the mesorectum,,,,Non-standard
HFQX004,Anatomopathological examination for carcinological purposes of partial gastrectomy part,,,,Non-standard
JAQX005,Anatomopathological examination for carcinological purposes of partial nephrectomy part,,,,Non-standard
JLQX004,Anatomopathological examination for carcinological purposes of partial or total colpectomy part,,,,Non-standard
HEQX004,Anatomopathological examination for carcinological purposes of partial or total esophagectomy part,,,,Non-standard
JCQX004,Anatomopathological examination for carcinological purposes of partial or total urethrectomy part,,,,Non-standard
HNQX008,"Anatomopathological examination for carcinological purposes of partial pancreatectomy part, without splenectomy",,,,Non-standard
HAQX004,"Anatomopathological examination for carcinological purposes of pelvimandibulectomy, pelvi-glosso-mandibulectomy or oropharyngectomy with mandibulectomy",,,,Non-standard
GFQX007,"Anatomopathological examination for carcinological purposes of pneumonectomy or multiple pulmonary lobectomies, with resection of the rib and / or vertebra",,,,Non-standard
HJQX004,"Anatomopathological examination for carcinological purposes of rectosigmoidectomy, or partial or total rectal resection, removing the mesorectum",,,,Non-standard
HGQX008,Anatomopathological examination for carcinological purposes of segmental excisional part of the small intestine,,,,Non-standard
KCQX004,Anatomopathological examination for carcinological purposes of subtotal or total thyroidectomy specimen,,,,Non-standard
FAQX004,Anatomopathological examination for carcinological purposes of tonsillectomy specimen,,,,Non-standard
JKQX020,"Anatomopathological examination for carcinology of a hysterectomy specimen, with annexectomy and omentectomy",,,,Non-standard
JFQX005,Anatomopathological examination for carcinology of anterior pelvectomy part,,,,Non-standard
HHQX004,Anatomopathological examination for carcinology of endoscopic excisional part of 3 to 5 lesions of the colon and / or rectum,,,,Non-standard
GFQX009,"Anatomopathological examination for carcinology of non-anatomical pulmonary excision and / or segmentectomy, differentiated, without rib or vertebra resection",,,,Non-standard
HNQX004,Anatomopathological examination for oncology of a major duodenal papilla resection piece [ampullectomy],,,,Non-standard
JDQX004,Anatomopathological examination for oncology of a part of a total cystectomy,,,,Non-standard
JGQX005,Anatomopathological examination for oncology of a part of a total vesiculo-prostato-cystectomy,,,,Non-standard
HDQX007,Anatomopathological examination for oncology of a part of total pharyngolaryngectomy,,,,Non-standard
JMQX004,Anatomopathological examination for oncology of a part of total vulvectomy,,,,Non-standard
JDQX005,Anatomopathological examination for oncology of a partial cystectomy part,,,,Non-standard
QEQX004,Anatomopathological examination for oncology of a partial or total mastectomy part with unifocal lesion,,,,Non-standard
JHQX004,Anatomopathological examination for oncology of a partial orchiectomy part,,,,Non-standard
GDQX004,Anatomopathological examination for oncology of a piece of laryngeal cordectomy,,,,Non-standard
GCQX004,Anatomopathological examination for oncology of a piece of resection of the nasal cavity [nasal cavity] and / or paranasal sinus,,,,Non-standard
JJQX008,Anatomopathological examination for oncology of a salpingectomy specimen,,,,Non-standard
FFQX005,Anatomopathological examination for oncology of a splenectomy part,,,,Non-standard
JFQX004,Anatomopathological examination for oncology of a total pelvectomy part,,,,Non-standard
HEQX008,Anatomopathological examination for oncology of an esophago-pharyngolaryngectomy or esophagogastrectomy part,,,,Non-standard
HHQX005,Anatomopathological examination for oncology of endoscopic excisional part of 1 or 2 lesions of the colon and / or rectum,,,,Non-standard
HLQX004,Anatomopathological examination for oncology of part of a partial hepatectomy,,,,Non-standard
GDQX008,Anatomopathological examination for oncology of part of partial laryngectomy and / or partial pharyngectomy,,,,Non-standard
HNQX007,Anatomopathological examination for oncology of part of partial pancreatectomy with splenectomy,,,,Non-standard
PZQX008,Anatomopathological examination for oncology of partial or total limb amputation part,,,,Non-standard
HLQX005,Anatomopathological examination for oncology of parts of several partial hepatectomies,,,,Non-standard
QEQX007,Anatomopathological examination for oncology of several parts of partial and / or total mastectomy with subclinical lesion or plurifocal lesion on each excisional part,,,,Non-standard
QEQX005,Anatomopathological examination for oncology of several parts of partial and / or total mastectomy with unifocal lesion on each part of excision,,,,Non-standard
BKQX004,Anatomopathological examination for oncology of the orbit exenteration piece,,,,Non-standard
17.02.03.01,Anatomopathological examination of a fragment of resection of an anatomical structure,,,,Non-standard
FCQX004,Anatomopathological examination of a lymph node [lymph node] excision piece,,,,Non-standard
17.02.02.02,Anatomopathological examination of a mucosal biopsy sample,,,,Non-standard
ZZQX127,Anatomopathological examination of a piece of excision in differentiated fragments of an anatomical structure,,,,Non-standard
FCQX008,Anatomopathological examination of a piece of excision of 2 sentinel lymph nodes [ganglia],,,,Non-standard
05.01.08.02,Anatomopathological examination of a piece of organ resection of the lymphatic system,,,,Non-standard
ZZQX188,"Anatomopathological examination of a single piece of excision or in undifferentiated fragments, of an anatomical structure",,,,Non-standard
JQQX109,Anatomopathological examination of abortion product before the 14th week of amenorrhea,,,,Non-standard
ZZQX192,Anatomopathological examination of an excision piece in fragments differentiated from several anatomical structures,,,,Non-standard
17.02.02.01,Anatomopathological examination of biopsy sample of anatomical structure,,,,Non-standard
17.02.03.02,Anatomopathological examination of excisional part,,,,Non-standard
17.02.05,Anatomopathological examination of excisional part,,,,Non-standard
ZZQX180,Anatomopathological examination of excisional part of 2 anatomical structures,,,,Non-standard
07.01.13.03,Anatomopathological examination of excisional part of the digestive tract,,,,Non-standard
08.01.09.05,Anatomopathological examination of excisional part of the female genital tract,,,,Non-standard
06.01.11.04,Anatomopathological examination of excisional part of the intrathoracic respiratory system,,,,Non-standard
08.01.09.04,Anatomopathological examination of excisional part of the male genital tract,,,,Non-standard
07.01.13.02,Anatomopathological examination of excisional part of the mouth or pharynx,,,,Non-standard
15.01.07.02,"Anatomopathological examination of excisional part of the osteoarticular and muscular apparatus, without topographic precision",,,,Non-standard
08.01.09.03,Anatomopathological examination of excisional part of the urinary tract,,,,Non-standard
ZZQX178,Anatomopathological examination of excisional pieces of 3 anatomical structures,,,,Non-standard
ZZQX181,Anatomopathological examination of excisional pieces of 4 or more anatomical structures,,,,Non-standard
15.01.07.01,Anatomopathological examination of limb amputation part,,,,Non-standard
08.01.09.06,Anatomopathological examination of pelvic excisional part,,,,Non-standard
16.02.06,Anatomopathological examination of the breast,,,,Non-standard
16.02.06.02,Anatomopathological examination of the breast,,,,Non-standard
07.01.13,Anatomopathological examination of the digestive system,,,,Non-standard
09.01.07,"Anatomopathological examination of the embryo, fetus and placenta",,,,Non-standard
01.01.14,Anatomopathological examination of the nervous system,,,,Non-standard
15.01.07,Anatomopathological examination of the osteoarticular and muscular apparatus,,,,Non-standard
08.01.09,Anatomopathological examination of the urinary and genital tract,,,,Non-standard
06.01.11.03,Anatomopathological examination of upper respiratory tract excision,,,,Non-standard
QZQX005,Anatomopathological examination with a carcinological aim of a piece of excision of skin and / or soft sub-fascial [susaponeurotic] ??tissue of 5 cm? or more,,,,Non-standard
QZQX004,Anatomopathological examination with a carcinological aim of a piece of excision of skin and / or soft susfascial [susaponeurotic] ??tissue of less than 5 cm?,,,,Non-standard
FBQX004,Anatomopathological examination with a carcinological aim of a piece of thymus excision or thymic remains,,,,Non-standard
PDQX005,Anatomopathological examination with a carcinological aim of a piece of tumor excision of the soft fascial and / or subfascial tissues [aponeurotic and / or sub-fascial],,,,Non-standard
HPQX005,"Anatomopathological examination with a carcinological aim of excision of tumor of the greater omentun, peritoneum and / or peritoneal fold [meso]",,,,Non-standard
PZQX005,Anatomopathological examination with a carcinological aim of part of partial or total amputation of a finger or a toe,,,,Non-standard
QZQX032,Anatomopathological examination with a carcinological aim of several pieces of excision of skin and / or soft subfascial [susaponeurotic] ??tissue of less than 5 cm?,,,,Non-standard
JHQX007,Anatomopathological examination with carcinological aim of a piece of total amputation of the penis,,,,Non-standard
17.02,ANATOMOPATHOLOGICAL TISSUE EXAMINATION,,,,Non-standard
19.02.01,Anesthesia,,,,Non-standard
YYYY044,"Anesthetic assistance during labor, on call from the obstetrician",,,,Non-standard
ADLH002,"Anesthetic infiltration of a dividing branch of the trigeminal nerve with diagnostic and prognostic evaluation, with radiological guidance",,,,Non-standard
AHLH011,"Anesthetic infiltration of dorsal branch of spinal nerve with diagnostic and prognostic evaluation, with radiological guidance",,,,Non-standard
AJLH006,"Anesthetic infiltration of splanchnic nerves with diagnostic and prognostic evaluation, with radiological guidance",,,,Non-standard
AJLJ001,"Anesthetic infiltration of splanchnic nerves with diagnostic and prognostic evaluation, with ultrasound guidance",,,,Non-standard
AJLB002,"Anesthetic infiltration of the cervicothoracic [stellate] ganglion, with diagnostic and prognostic evaluation",,,,Non-standard
ADLH003,"Anesthetic infiltration of the glossopharyngeal nerve with diagnostic and prognostic evaluation, with radiological guidance",,,,Non-standard
AJLH010,"Anesthetic infiltration of the hypogastric or sacral plexus with diagnostic and prognostic evaluation, with CT guidance",,,,Non-standard
AJLH002,"Anesthetic infiltration of the hypogastric or sacral plexus with diagnostic and prognostic evaluation, with radiological guidance",,,,Non-standard
AJLH001,"Anesthetic infiltration of the lumbar sympathetic chain with diagnostic and prognostic evaluation, with CT guidance",,,,Non-standard
AJLH015,"Anesthetic infiltration of the lumbar sympathetic chain with diagnostic and prognostic evaluation, with radiological guidance",,,,Non-standard
AHLH005,"Anesthetic infiltration of the lumbosacral plexus with diagnostic and prognostic evaluation, with CT guidance",,,,Non-standard
AJLH012,"Anesthetic infiltration of the pterygopalatine ganglion with diagnostic and prognostic evaluation, with CT guidance",,,,Non-standard
AJLH004,"Anesthetic infiltration of the pterygopalatine lymph node with diagnostic and prognostic evaluation, with radiological guidance",,,,Non-standard
AHLH001,"Anesthetic infiltration of the spinal nerve at its spinal emergence with diagnostic and prognostic evaluation, with radiological guidance",,,,Non-standard
AHLB017,"Anesthetic infiltration of the superficial nerve trunk with diagnostic and prognostic evaluation, with electrical stimulodetection",,,,Non-standard
AHLB007,"Anesthetic infiltration of the superficial nerve trunk with diagnostic and prognostic evaluation, without electrical stimulodetection",,,,Non-standard
AJLH018,"Anesthetic infiltration of the sympathetic thoracic chain with diagnostic and prognostic evaluation, with CT guidance",,,,Non-standard
AJLH014,"Anesthetic infiltration of the thoracic sympathetic chain with diagnostic and prognostic evaluation, with radiological guidance",,,,Non-standard
ADLH001,"Anesthetic infiltration of the trigeminal ganglion with diagnostic and prognostic evaluation, with radiological guidance",,,,Non-standard
01.01.12,Anesthetic injection into the nervous system for diagnostic purposes,,,,Non-standard
04.03.11.05,Aneurysm flattening and replacement of the abdominal aorta and common iliac artery,,,,Non-standard
EZQH003,"Angiography of an arteriovenous vascular access of a limb, by transcutaneous intravascular injection",,,,Non-standard
EZQH002,"Angiography of an arteriovenous vascular access of a limb, by transcutaneous vascular route",,,,Non-standard
EKQH002,"Angiography of an arteriovenous vascular access of the upper limb with exploration of the proximal deep venous trunks and the superior vena cava, by transcutaneous intravascular injection",,,,Non-standard
EBQF003,"Angiography of the anterior segment of the eye, by intravenous transcutaneous injection of fluorescein",,,,Non-standard
04.01.04.15,Angiography of the eye,,,,Non-standard
EBQF004,"Angiography of the posterior segment of the eye, by intravenous transcutaneous injection of fluorescein",,,,Non-standard
EBQF001,"Angiography of the posterior segment of the eye, by intravenous transcutaneous injection of fluorescein, with examination with a laser scanning ophthalmoscope",,,,Non-standard
EBQF002,"Angiography of the posterior segment of the eye, by intravenous transcutaneous injection of fluorescein, with overlay of images",,,,Non-standard
EBQF005,"Angiography of the posterior segment of the eye, by intravenous transcutaneous injection of indocyanine green",,,,Non-standard
EBQF006,"Angiography of the posterior segment of the eye, by intravenous transcutaneous injection of indocyanine green, with laser scanning ophthalmoscope examination",,,,Non-standard
DFAA002,"Angioplasty for enlargement of a congenital stenosis of a branch of the pulmonary artery, by thoracotomy with SCC",,,,Non-standard
DFAA005,"Angioplasty for enlargement of a congenital stenosis of a branch of the pulmonary artery, by thoracotomy without CEC",,,,Non-standard
DFAA004,"Angioplasty for enlargement of a congenital stenosis of the bifurcation of the pulmonary artery, by thoracotomy with CEC",,,,Non-standard
DFAA003,"Angioplasty for enlargement of a congenital stenosis of the pulmonary artery trunk, by thoracotomy with SCC",,,,Non-standard
EEAA002,"Angioplasty for enlargement of an arterial bypass of the lower limb, by direct approach",,,,Non-standard
DDAA002,"Angioplasty for enlargement of the common trunk of the left coronary artery, by thoracotomy with CEC",,,,Non-standard
EDAA002,"Angioplasty of the renal artery, by laparotomy or by lumbotomy",,,,Non-standard
LBPA041,"Angular or preangular osteotomy of the mandible, by facial approach",,,,Non-standard
NGQH001,Ankle arthrography,,,,Non-standard
14.03.04.07,Ankle arthroplasty,,,,Non-standard
14.03.04.01,Ankle mobilization,,,,Non-standard
14.03.04.08,Ankle prosthesis removal,,,,Non-standard
07.03.08.04,Anoperineal repair for rectal prolapse,,,,Non-standard
HJMA001,Anoplasty for low anorectal malformation,,,,Non-standard
HKMA006,"Anoplasty for low anorectal malformation, with transposition of the anus",,,,Non-standard
HJQJ001,Anorectal endoscopy with guided transanorectal biopsy,,,,Non-standard
HTQD002,Anorectal manometry,,,,Non-standard
07.03.08.11,Anorectal rehabilitation,,,,Non-standard
HTRD002,Anorectal rehabilitation session with intracavitary manometric biofeedback and electrostimulation,,,,Non-standard
HTRD001,"Anorectal rehabilitation session with intracavitary manometric biofeedback, without electrostimulation",,,,Non-standard
HJQJ002,Anorectal ultrasound without biopsy,,,,Non-standard
HKQE001,Anoscopy,,,,Non-standard
LBPA001,"Anteotomy of anteotomy of the chin spines [geni processes] of the mandible, by intraoral approach",,,,Non-standard
LMFA001,"Anterior abdominal wall tumor excision with suture closure, direct approach",,,,Non-standard
NJPA010,"Anterior and posterior ankle and foot releases, for convex foot",,,,Non-standard
MEMA008,"Anterior and posterior capsuloplasty of the scapulohumeral joint with glenoid osteotomy, by direct approach",,,,Non-standard
MEMA016,"Anterior and posterior capsuloplasty of the scapulohumeral joint with humeral osteotomy, by direct approach",,,,Non-standard
MEMA014,"Anterior and posterior capsuloplasty of the scapulohumeral joint, by direct approach",,,,Non-standard
JLCA005,Anterior and posterior colpoperineorrhaphy,,,,Non-standard
JLCA003,Anterior and posterior colpoperineorrhaphy with trachelectomy,,,,Non-standard
GABD001,Anterior and posterior nasal tamponade,,,,Non-standard
NJPA023,"Anterior ankle and foot release, for convex foot",,,,Non-standard
LDDA001,"Anterior arthrodesis of the occipitocervical junction, by intraoral approach or by anterolateral cervicotomy",,,,Non-standard
JLCA007,Anterior colpoperineorrhaphy,,,,Non-standard
LAFA021,"Anterior ethmoidectomy, by endoscopy",,,,Non-standard
GDFA016,Anterior frontal laryngectomy with epiglottoplasty,,,,Non-standard
JKDC015,"Anterior hysteropexy, by laparoscopy",,,,Non-standard
JKDA042,"Anterior hysteropexy, by laparotomy",,,,Non-standard
NFFA005,"Anterior knee synovectomy by arthroscopy with posterior synovectomy by arthrotomy, without change of position",,,,Non-standard
NFFC002,"Anterior knee synovectomy, by arthroscopy",,,,Non-standard
NFFA004,"Anterior knee synovectomy, by arthrotomy",,,,Non-standard
BDCB001,"Anterior mechanical micropunctures of the cornea, for therapeutic purposes",,,,Non-standard
MEMC002,"Anterior or posterior capsuloplasty of the scapulohumeral joint, by arthroscopy",,,,Non-standard
MEMA012,"Anterior or posterior capsuloplasty of the scapulohumeral joint, by direct approach",,,,Non-standard
LFCA005,"Anterior osteosynthesis and / or arthrodesis of the spine without exploration of the canal content, by laparotomy or by lumbotomy",,,,Non-standard
LDCA011,"Anterior osteosynthesis and / or arthrodesis of the spine without exploration of the canal contents, by anterior or anterolateral cervicotomy",,,,Non-standard
LFCC001,"Anterior osteosynthesis and / or arthrodesis of the spine, by laparoscopy or by retroperitoneoscopy",,,,Non-standard
LEPA009,"Anterior osteotomy or total discectomy for rigid deformation of the spine with arthrodesis, without instrumental correction, on 1 to 3 vertebrae, by laparotomy or by lumbotomy",,,,Non-standard
LEPA001,"Anterior osteotomy or total discectomy for rigid deformation of the spine with arthrodesis, without instrumental correction, on 1 to 3 vertebrae, by thoraco-phreno-laparotomy",,,,Non-standard
LEPA002,"Anterior osteotomy or total discectomy for rigid deformation of the spine with arthrodesis, without instrumental correction, on 1 to 3 vertebrae, by thoracotomy",,,,Non-standard
LEPA005,"Anterior osteotomy or total discectomy for rigid deformation of the spine with arthrodesis, without instrumental correction, on 4 or more vertebrae, by thoraco-phreno-laparotomy",,,,Non-standard
LEPA006,"Anterior osteotomy or total discectomy for rigid deformation of the spine with arthrodesis, without instrumental correction, on 4 or more vertebrae, by thoracotomy",,,,Non-standard
LDPA009,"Anterior osteotomy or total discectomy for rigid deformation of the spine, with arthrodesis and instrumental correction, by cervicothoracotomy",,,,Non-standard
LDPA008,"Anterior osteotomy or total discectomy for rigid deformation of the spine, with arthrodesis and instrumental correction, by cervicotomy",,,,Non-standard
LFPA001,"Anterior osteotomy or total discectomy for rigid deformation of the spine, with arthrodesis and instrumental correction, on 1 to 3 vertebrae, by laparotomy or by lumbotomy",,,,Non-standard
LEPA008,"Anterior osteotomy or total discectomy for rigid deformation of the spine, with arthrodesis and instrumental correction, on 1 to 3 vertebrae, by thoraco-phreno-laparotomy",,,,Non-standard
LEPA003,"Anterior osteotomy or total discectomy for rigid deformation of the spine, with arthrodesis and instrumental correction, on 1 to 3 vertebrae, by thoracotomy",,,,Non-standard
LFPA002,"Anterior osteotomy or total discectomy for rigid deformation of the spine, with arthrodesis and instrumental correction, on 4 or more vertebrae, by laparotomy or by lumbotomy",,,,Non-standard
LEPA004,"Anterior osteotomy or total discectomy for rigid deformation of the spine, with arthrodesis and instrumental correction, on 4 or more vertebrae, by thoraco-phreno-laparotomy",,,,Non-standard
LEPA007,"Anterior osteotomy or total discectomy for rigid deformation of the spine, with arthrodesis and instrumental correction, on 4 or more vertebrae, by thoracotomy",,,,Non-standard
LFPA003,"Anterior osteotomy or total discectomy for rigid deformity of the spine with arthrodesis, without instrument correction, on 4 or more vertebrae, by laparotomy or by lumbotomy",,,,Non-standard
JFFA001,"Anterior pelvectomy with cutaneous ureterostomy, by laparotomy",,,,Non-standard
JFFA009,"Anterior pelvectomy with direct ureterocolic anastomosis, by laparotomy",,,,Non-standard
JFFA022,"Anterior pelvectomy with replacement enterocystoplasty [neobladder] orthotopic by detubulated loop, by laparotomy",,,,Non-standard
JFFA016,"Anterior pelvectomy with transintestinal cutaneous ureterostomy by continent detubulated loop, by laparotomy",,,,Non-standard
JFFA003,"Anterior pelvectomy with transintestinal cutaneous ureterostomy by non-detubulated loop, by laparotomy",,,,Non-standard
JFFA019,"Anterior pelvectomy with ureterocolic anastomosis and preparation of a detubulated rectosigmoid or ileo-recto-sigmoid reservoir, by laparotomy",,,,Non-standard
GAQD002,Anterior rhinomanometry with provocation test,,,,Non-standard
GAQD007,Anterior rhinomanometry without provocation test,,,,Non-standard
LBFA029,"Anterior segmental interrupter resection of the mandible body by direct approach, without fitting of an intrafocal retention device or filling",,,,Non-standard
LBFA020,"Anterior segmental interrupting resection of the body of the mandible by direct approach, with placement of an intrafocal retainer, without filling",,,,Non-standard
LBFA009,"Anterior segmental interrupting resection of the body of the mandible with filling, by direct approach",,,,Non-standard
LBPA031,"Anterior segmental maxillary osteotomy, by intraoral approach",,,,Non-standard
NDFA010,Anterior tarsectomy or extraarticular osteotomy of the hindfoot or midfoot,,,,Non-standard
HEAE003,"Anterograde dilation of the esophagus, by fibroscopy",,,,Non-standard
HEAE002,"Anterograde dilation of the esophagus, by rigid endoscopy",,,,Non-standard
HPLB007,"Anti-cancer pharmacological agent intraperitoneal administration session, via an implanted device",,,,Non-standard
07.03.08.03,Anus wound suture,,,,Non-standard
DBPA007,"Aortic valve commissurotomy, by thoracotomy with CEC",,,,Non-standard
DBKA001,"Aortic valve replacement by homograft, thoracotomy with CEC",,,,Non-standard
DBMA011,"Aortic valvoplasty, by thoracotomy with CEC",,,,Non-standard
DGCA029,"Aorto-iliofemoral bifurcated bypass, by laparotomy with infrenal clamping",,,,Non-standard
DGCA010,"Aortobifemoral bifurcated bypass, by laparotomy with suprarenal clamping",,,,Non-standard
DGCA021,"Aortobirenal bypass surgery, by laparotomy",,,,Non-standard
DGCA022,"Aortobisilic bifurcated bypass, by laparotomy with infrenal clamping",,,,Non-standard
DGCA026,"Aortobisilic bifurcated bypass, by laparotomy with suprarenal clamping",,,,Non-standard
DGLF001,"Aortobisilic bifurcated stent graft placement, via the transcutaneous arterial route",,,,Non-standard
DGFA003,"Aortobisilic thromboendarterectomy, by laparotomy",,,,Non-standard
EBCA015,"Aortocarotid bypass, cervicotomy and thoracotomy",,,,Non-standard
DGCA005,"Aortohepatic bypass surgery, by laparotomy",,,,Non-standard
DGFA006,"Aortoiliac arterial graft removal by laparotomy, on a subject in a state of encephalic death",,,,Non-standard
NJPA006,Aponeurotomy and muscle disinsertion at the sole of the foot [Plantar release] with metatarsal osteotomy,,,,Non-standard
NJPA015,Aponeurotomy and muscle disinsertion on the sole of the foot [Plantar release],,,,Non-standard
13.05.01,Apparatus construction of the upper limb,,,,Non-standard
14.05.01,Apparatus for the lower limb,,,,Non-standard
11.05,APPARATUS ON THE SKULL AND THE FACE,,,,Non-standard
HHFA025,"Appendectomy with peritoneal toilet for acute generalized peritonitis, by laparoscopy or by laparotomy with preparation by laparoscopy",,,,Non-standard
HHFA020,"Appendectomy with peritoneal toilet for acute generalized peritonitis, by laparotomy",,,,Non-standard
HHFA016,"Appendectomy, by laparoscopy or by laparotomy with preparation by laparoscopy",,,,Non-standard
HHFA011,"Appendectomy, by laparotomy",,,,Non-standard
HHFA001,"Appendectomy, through the iliac fossa",,,,Non-standard
HBLD045,Application of fluoride varnish on both dental arches,,,,Non-standard
GLLP003,Applying a nasal ventilation face mask,,,,Non-standard
LAMA009,Arch cranioplasty,,,,Non-standard
LAGA007,Arch cranioplasty material removal,,,,Non-standard
EZCA001,"Arterial and venous bypass, during free flap repair",,,,Non-standard
GLHF002,"Arterial blood sampling with blood gas measurement and pH measurement, with hyperoxia test",,,,Non-standard
GLHF001,"Arterial blood sampling with blood gas measurement and pH measurement, without hyperoxia test",,,,Non-standard
FEHB001,"Arterial blood sampling, transcutaneously",,,,Non-standard
ENFA001,"Arterial bypass thrombectomy of a limb with anastomosis repair without extension of the bypass, by direct approach",,,,Non-standard
ENFA004,"Arterial bypass thrombectomy of a limb with repair of anastomosis and extension of the bypass, by direct approach",,,,Non-standard
ENFA006,"Arterial bypass thrombectomy of a limb without anastomosis repair, by direct approach",,,,Non-standard
EQQP010,Arterial compliance measurement,,,,Non-standard
ENFA002,"Arterial graft removal from the limbs, on a subject in a state of brain death",,,,Non-standard
EZCA005,"Arterial or venous bypass, during free flap repair",,,,Non-standard
JHCA007,"Arterialization of the cavernous bodies of the penis, by direct approach",,,,Non-standard
EBQH010,"Arteriography of a cervicocephalic axis, by single transcutaneous intraarterial injection",,,,Non-standard
04.01.04.08,Arteriography of branches of the abdominal aorta or internal iliac artery,,,,Non-standard
04.01.04.04,Arteriography of intrathoracic arteries for parietal or visceral destination,,,,Non-standard
EBQH008,"Arteriography of several cervicocephalic axes, by multiple transcutaneous intraarterial injections",,,,Non-standard
DGQH003,"Arteriography of the abdominal aorta and lower limbs, by lumbar transcutaneous intraaortic injection",,,,Non-standard
04.01.04.02,Arteriography of the aorta [Aortography],,,,Non-standard
DGQH004,"Arteriography of the aorta and its branches, by intravenous transcutaneous injection",,,,Non-standard
04.01.04.05,Arteriography of the cervicocephalic axes,,,,Non-standard
EEQH003,"Arteriography of the foot, by intraarterial injection or transcutaneous arterial route",,,,Non-standard
04.01.04.09,Arteriography of the lower limb,,,,Non-standard
04.01.04.07,Arteriography of the spinal cord,,,,Non-standard
04.01.04.06,Arteriography of the upper limb,,,,Non-standard
ECQH006,"Arteriography of the upper limb by transcutaneous intraarterial injection, without positional maneuver",,,,Non-standard
EZCA003,"Arteriovenous bypass for vascular access, by direct approach",,,,Non-standard
EBHA002,"Artery biopsy of limbs or neck, by direct approach",,,,Non-standard
14.03.04.06,Arthrodesis and arthritis of the ankle,,,,Non-standard
13.03.03.05,Arthrodesis and arthritis of the elbow,,,,Non-standard
14.03.05.02,Arthrodesis and arthritis of the foot,,,,Non-standard
13.03.05.04,Arthrodesis and arthritis of the hand,,,,Non-standard
14.03.01.02,Arthrodesis and arthritis of the pelvic girdle [pelvis],,,,Non-standard
13.03.04.04,Arthrodesis and arthritis of the wrist,,,,Non-standard
14.03.02.05,Arthrodesis and coxofemoral arthritis,,,,Non-standard
13.03.02.05,Arthrodesis and scapulohumeral arthritis,,,,Non-standard
LFDA010,"Arthrodesis of a large displacement lumbar spondylolisthesis with reduction, with osteosynthesis, by laparotomy",,,,Non-standard
LFDA008,"Arthrodesis of a large displacement lumbar spondylolisthesis with reduction, with osteosynthesis, by laparotomy and by posterior approach",,,,Non-standard
LFDA013,"Arthrodesis of a lumbar spondylolisthesis without reduction, by laparotomy",,,,Non-standard
LFDA011,"Arthrodesis of a lumbar spondylolisthesis without reduction, by laparotomy and by posterior approach",,,,Non-standard
NHDA006,"Arthrodesis of a mediotarse space, by arthrotomy",,,,Non-standard
MHDA005,"Arthrodesis of a metacarpophalangeal or interphalangeal joint of a finger, by arthrotomy",,,,Non-standard
NHDA007,"Arthrodesis of a tarsometatarsal joint, by arthrotomy",,,,Non-standard
MHDA001,"Arthrodesis of several metacarpophalangeal and / or interphalangeal finger joints, by arthrotomy",,,,Non-standard
NHDA005,"Arthrodesis of several tarsometatarsal joints, by arthrotomy",,,,Non-standard
NHDA004,"Arthrodesis of the first metatarsophalangeal joint, by arthrotomy",,,,Non-standard
NHDA001,"Arthrodesis of the first metatarsophalangeal joint, with resection of the heads of the lateral metatarsals",,,,Non-standard
NHDA002,"Arthrodesis of the interphalangeal joint of the first toe, by arthrotomy",,,,Non-standard
NEDB454,"Arthrodesis of the sacroiliac joint by transparietal approach, with radiological guidance",,,,Non-standard
NEDA003,"Arthrodesis of the sacroiliac joint, by arthrotomy",,,,Non-standard
NHDA003,"Arthrodesis of the torque of the foot [talocalcaneal and mediotarsal] with correction of architectural defects, by direct approach",,,,Non-standard
NHDA010,"Arthrodesis of the torque of the foot [talocalcaneal and mediotarsal] with tendon transfer, by direct approach",,,,Non-standard
NHDA009,"Arthrodesis of the torque of the foot [talocalcaneal and mediotarsal], by direct approach",,,,Non-standard
NHQH001,Arthrography of the foot and / or toes,,,,Non-standard
NZQH002,Arthrography of the lower limb with CT scan [Arthrography of the lower limb],,,,Non-standard
MZQH001,Arthrography of the upper limb with CT scan [Arthrography of the upper limb],,,,Non-standard
NHMA002,Arthroplasty by resection of the joint or interphalangeal arthrodesis of a lateral toe,,,,Non-standard
MHMA002,Arthroplasty of a metacarpophalangeal or interphalangeal joint of a finger,,,,Non-standard
MHMA001,Arthroplasty of multiple metacarpophalangeal and / or interphalangeal finger joints,,,,Non-standard
13.03.05.05,Arthroplasty of the hand,,,,Non-standard
MFDA002,"Arthrorise of the elbow by abutment, tenodesis or capsulodesis, by direct approach",,,,Non-standard
14.01.07,Arthroscopy of the lower limb for diagnostic purposes,,,,Non-standard
13.01.06,Arthroscopy of the upper limb for diagnostic purposes,,,,Non-standard
GDFA010,"Arytenoidectomy or arytenoidopexy, by thyrotomy",,,,Non-standard
GDFE001,"Arytenoidectomy, by direct laryngoscopy",,,,Non-standard
ZFQP002,"Assessment and categorization test for impairments, disabilities and social disadvantages",,,,Non-standard
LBQK002,Assessment of dento-maxillofacial dysmorphosis with tracing and cephalometric profile analysis,,,,Non-standard
LBQK003,"Assessment of dento-maxillofacial dysmorphosis with tracing and three-dimensional cephalometric analysis or craniofacial architectural analysis, and simulation of treatment objectives on cast and / or on cephalometric tracing",,,,Non-standard
LBQK004,"Assessment of dento-maxillofacial dysmorphosis with tracing and three-dimensional cephalometric analysis, or tracing and craniofacial architectural analysis",,,,Non-standard
BLQP012,"Assessment of visual acuity by the preferential gaze technique, before the age of 2 years",,,,Non-standard
YYYY011,"At the same time, diagnostic and therapeutic management of an osteo-articular, musculotendinous or soft tissue injury of traumatic origin",,,,Non-standard
DZMA006,"Atrial repair of a transposition or malposition of the great vessels with closure of an interventricular communication, by thoracotomy with CEC",,,,Non-standard
DZMA012,"Atrial repair of the transposition of the great vessels, by thoracotomy with CEC",,,,Non-standard
19.01.09.03,Attempted angioplasty,,,,Non-standard
YYYY082,"Attempted angioplasty of a coronary vessel, of a subclavian, visceral or peripheral artery, in the event of non-crossing of the stenosis",,,,Non-standard
HFFC001,"Atypical partial resection of the stomach wall that does not interrupt the continuity, by laparoscopy",,,,Non-standard
HFFA009,"Atypical partial resection of the stomach wall that does not interrupt the continuity, by laparotomy",,,,Non-standard
HLFC003,"Atypical resection of the liver, by laparoscopy",,,,Non-standard
HLFA019,"Atypical resection of the liver, by laparotomy",,,,Non-standard
CDQP007,Audiometry in free field and in cabin in children [conditioned tests],,,,Non-standard
CDQP013,Audiometry with osmotic tests,,,,Non-standard
03.01.01.01,"Audiometry, impedancemetry",,,,Non-standard
01.01.09.02,Auditory [AEP] and vestibular evoked potentials,,,,Non-standard
CDQD001,Auditory tubomanometry [Sonotubomanometry],,,,Non-standard
CAJA001,Auricle collection evacuation,,,,Non-standard
03.02.03,Auricle suture,,,,Non-standard
CAFA006,Auricular chondritis excision,,,,Non-standard
MDEA002,Autograft corticospongiosis intercalated of the scaphoid bone with osteotomy,,,,Non-standard
QEEB152,Autograft of adipose tissue of 200cm? and more in the breast,,,,Non-standard
AHEA010,"Autograft of the circumflex nerve, by direct approach",,,,Non-standard
ADEA003,"Autograft of the facial nerve with diversion, by translabyrinthine approach",,,,Non-standard
ADEA004,"Autograft of the facial nerve, by suprapetrous approach and / or by retrosigmoid approach",,,,Non-standard
ADEA001,"Autograft of the facial nerve, by transmastoid approach",,,,Non-standard
AHEA013,"Autograft of the femoral [crural] nerve, by direct approach",,,,Non-standard
AHEA008,"Autograft of the median nerve or ulnar nerve to the wrist, by direct approach",,,,Non-standard
AHEA004,"Autograft of the median nerve to the forearm, by direct approach",,,,Non-standard
AHEA002,"Autograft of the musculocutaneous nerve, by direct approach",,,,Non-standard
AHEA014,"Autograft of the radial nerve, by direct approach",,,,Non-standard
AHEA006,"Autograft of the sciatic nerve in the thigh, by direct approach",,,,Non-standard
AHEA009,"Autograft of the tibial nerve [internal popliteal sciatica] or the common peroneal nerve [external popliteal sciatica], by direct approach",,,,Non-standard
AHEA011,"Autograft of the ulnar nerve to the forearm, by direct approach",,,,Non-standard
QZEA020,"Autograft of thin or semi-thick skin, full or in mesh, on an area less than 50 cm?",,,,Non-standard
QZEA036,"Autograft of thin or semi-thick skin, full or mesh, over an area greater than 1000 cm?",,,,Non-standard
QZEA027,"Autograft of thin or semi-thick skin, full or mesh, over an area of ??200 cm? to 500 cm?",,,,Non-standard
QZEA039,"Autograft of thin or semi-thick skin, full or mesh, over an area of ??50 cm? to 200 cm?",,,,Non-standard
QZEA005,"Autograft of thin or semi-thick skin, full or mesh, over an area of ??500 cm? to 1000 cm?",,,,Non-standard
QZEA031,Autograft of total skin on a localization of surface less than 10 cm?,,,,Non-standard
AHEA018,"Autograft pedunculated brachial plexus, by supraclavicular approach and by infraclavicular approach",,,,Non-standard
QZEA032,Autografted skin in pellets on an area less than 10 cm?,,,,Non-standard
QZEA026,Autografted skin in pellets over an area greater than 50 cm?,,,,Non-standard
QZEA019,Autografted skin in pellets over an area of ??10 cm? to 50 cm?,,,,Non-standard
AHEA012,"Autografting of a cervicofacial nerve, by direct approach",,,,Non-standard
HBED022,"Autografting of a germ or retained tooth, in a natural or surgically prepared site",,,,Non-standard
HBED005,"Autografting of a tooth on an arch, in a natural or surgically prepared site",,,,Non-standard
AHEA005,"Autografting of the median nerve and ulnar nerve to the wrist, by direct approach",,,,Non-standard
QZEA008,Autografting of the nail bed with reposition of the nail plate or prosthesis,,,,Non-standard
AHEA017,"Autografting of the sciatic nerve to the buttock, by direct approach",,,,Non-standard
BCLA001,Autohemotherapy or release of subconjunctival adhesion after fistula operation,,,,Non-standard
QEEB317,Autologous adipose tissue less than 200cm? in the breast,,,,Non-standard
ADEA005,"Autologous cranial nerve transplant, by craniotomy",,,,Non-standard
QZEA900,Autologous cultured melanocytes,,,,Non-standard
QZEA042,"Autologous keratinocyte culture graft for burns, on 10% to 20% of the body surface",,,,Non-standard
QZEA022,"Autologous keratinocyte culture graft for burns, on 20% to 30% of the body surface",,,,Non-standard
QZEA003,"Autologous keratinocyte culture graft for burns, on 30% to 40% of the body surface",,,,Non-standard
QZEA016,"Autologous keratinocyte culture graft for burns, on 40% to 50% of the body surface",,,,Non-standard
QZEA023,"Autologous keratinocyte culture graft for burns, on less than 10% of the body surface",,,,Non-standard
QZEA033,"Autologous keratinocyte culture graft for burns, on more than 50% of the body surface",,,,Non-standard
AHEA016,"Autologous nerve transplant by hand, by direct approach",,,,Non-standard
AHEA003,"Autologous nerve transplant in the ankle or foot, by direct approach",,,,Non-standard
01.05.06.03,Autologous nerve transplant of the lower limb,,,,Non-standard
QAFA001,"Autologous skin graft removal from the scalp, for burns",,,,Non-standard
QZEA006,Autologous total skin graft in several locations,,,,Non-standard
QZEA901,Autologous transfer melanocyte transplant,,,,Non-standard
JVRP007,Automated Peritoneal Dialysis Workout,,,,Non-standard
CDQP016,Automatic audiometry,,,,Non-standard
01.01.12.04,Autonomous nervous system infiltration for diagnostic purposes,,,,Non-standard
01.06.03,Autonomous system nerve destruction,,,,Non-standard
NJMA003,"Autoplasty of a tendon of the hindfoot, by direct approach",,,,Non-standard
JAEA002,"Autotransplantation of the kidney, by direct approach",,,,Non-standard
JHEA012,Autotransplantation of the testis,,,,Non-standard
LBFA033,Average maxillectomy,,,,Non-standard
HBGD039,"Avulsion of 1 ankylosed tooth on arch, with coronoradicular section and root separation",,,,Non-standard
HBGD017,Avulsion of 1 ectopic tooth,,,,Non-standard
HBGD047,Avulsion of 1 first or 1 second permanent molar retained or in the germ state,,,,Non-standard
HBGD003,Avulsion of 1 included odontoid or 1 supernumerary tooth in the germ state,,,,Non-standard
HBGD004,Avulsion of 1 mandibular third molar retained or in the germ state,,,,Non-standard
HBGD018,Avulsion of 1 maxillary third molar retained or in the germ state,,,,Non-standard
HBGD014,Avulsion of 1 permanent canine retained or in the germ state,,,,Non-standard
HBGD028,Avulsion of 1 permanent incisor retained or in the germ state,,,,Non-standard
HBGD022,Avulsion of 1 permanent tooth on arch with alveolectomy,,,,Non-standard
HBGD031,Avulsion of 1 permanent tooth on arch with root separation,,,,Non-standard
HBGD036,Avulsion of 1 permanent tooth on arch without alveolectomy,,,,Non-standard
HBGD459,Avulsion of 1 premolar retained or in the germ state,,,,Non-standard
HBGD016,Avulsion of 1 root included,,,,Non-standard
HBGD035,Avulsion of 1 temporary tooth on arch,,,,Non-standard
HBGD042,"Avulsion of 1 temporary tooth retained, impacted or reintegrated",,,,Non-standard
HBGD044,Avulsion of 1 tooth with a submucosal crown or mucosal disinclusion,,,,Non-standard
HBGD064,Avulsion of 10 permanent teeth on arch without alveolectomy,,,,Non-standard
HBGD093,Avulsion of 10 temporary teeth on the arch,,,,Non-standard
HBGD356,Avulsion of 11 permanent teeth on arch without alveolectomy,,,,Non-standard
HBGD349,Avulsion of 11 teeth to 13 permanent teeth on arch with alveolectomy,,,,Non-standard
HBGD438,"Avulsion of 11 teeth with 13 ankylosed teeth on arch, with coronoradicular section and root separation",,,,Non-standard
HBGD362,Avulsion of 11 temporary teeth on the arch,,,,Non-standard
HBGD146,Avulsion of 12 permanent teeth on arch without alveolectomy,,,,Non-standard
HBGD054,Avulsion of 12 temporary teeth on the arch,,,,Non-standard
HBGD382,Avulsion of 13 permanent teeth on arch without alveolectomy,,,,Non-standard
HBGD111,Avulsion of 13 temporary teeth on the arch,,,,Non-standard
HBGD247,Avulsion of 14 permanent teeth on arch without alveolectomy,,,,Non-standard
HBGD067,Avulsion of 14 teeth to 16 permanent teeth on arch with alveolectomy,,,,Non-standard
HBGD122,"Avulsion of 14 teeth with 16 ankylosed teeth on arch, with coronoradicular section and root separation",,,,Non-standard
HBGD174,Avulsion of 14 temporary teeth on arch,,,,Non-standard
HBGD197,Avulsion of 15 permanent teeth on arch without alveolectomy,,,,Non-standard
HBGD057,Avulsion of 15 temporary teeth on arch,,,,Non-standard
HBGD333,Avulsion of 16 permanent teeth on arch without alveolectomy,,,,Non-standard
HBGD133,Avulsion of 16 temporary teeth on arch,,,,Non-standard
HBGD261,Avulsion of 17 permanent teeth on arch without alveolectomy,,,,Non-standard
HBGD418,Avulsion of 17 teeth to 19 permanent teeth on arch with alveolectomy,,,,Non-standard
HBGD123,Avulsion of 17 temporary teeth on arch,,,,Non-standard
HBGD499,Avulsion of 18 permanent teeth on arch without alveolectomy,,,,Non-standard
HBGD468,Avulsion of 18 temporary teeth on arch,,,,Non-standard
HBGD461,Avulsion of 19 permanent teeth on arch without alveolectomy,,,,Non-standard
HBGD282,Avulsion of 19 temporary teeth on arch,,,,Non-standard
HBGD002,"Avulsion of 2 ankylosed teeth on arch, with coronoradicular section and root separation",,,,Non-standard
HBGD190,Avulsion of 2 ectopic teeth,,,,Non-standard
HBGD492,Avulsion of 2 first or second permanent molars retained or in the germ state,,,,Non-standard
HBGD402,Avulsion of 2 odontoid included or 2 supernumerary teeth in the germ state,,,,Non-standard
HBGD015,Avulsion of 2 permanent canines retained or in the germ state,,,,Non-standard
HBGD126,Avulsion of 2 permanent incisors retained or in the germ state,,,,Non-standard
HBGD034,Avulsion of 2 permanent teeth on arch with alveolectomy,,,,Non-standard
HBGD032,Avulsion of 2 permanent teeth on arch with root separation,,,,Non-standard
HBGD043,Avulsion of 2 permanent teeth on arch without alveolectomy,,,,Non-standard
HBGD386,Avulsion of 2 premolars retained or in the germ state,,,,Non-standard
HBGD026,"Avulsion of 2 retained, impacted or reintegrated temporary teeth",,,,Non-standard
HBGD466,Avulsion of 2 roots included,,,,Non-standard
HBGD358,Avulsion of 2 teeth in disinclusion with submucosal crowns in palatal and / or lingual position,,,,Non-standard
HBGD322,Avulsion of 2 teeth with submucosal crown or mucosal disinclusion,,,,Non-standard
HBGD037,Avulsion of 2 temporary teeth on the arch,,,,Non-standard
HBGD025,Avulsion of 2 third molars retained or in the germ state,,,,Non-standard
HBGD278,Avulsion of 20 permanent teeth on arch without alveolectomy,,,,Non-standard
HBGD441,Avulsion of 20 teeth to 22 permanent teeth on arch with alveolectomy,,,,Non-standard
HBGD201,Avulsion of 20 temporary teeth on the arch,,,,Non-standard
HBGD258,Avulsion of 21 permanent teeth on arch without alveolectomy,,,,Non-standard
HBGD311,Avulsion of 22 permanent teeth on arch without alveolectomy,,,,Non-standard
HBGD235,Avulsion of 23 permanent teeth on arch without alveolectomy,,,,Non-standard
HBGD105,Avulsion of 23 teeth to 25 permanent teeth on arch with alveolectomy,,,,Non-standard
HBGD374,Avulsion of 24 permanent teeth on arch without alveolectomy,,,,Non-standard
HBGD475,Avulsion of 25 permanent teeth on arch without alveolectomy,,,,Non-standard
HBGD285,Avulsion of 26 permanent teeth on arch without alveolectomy,,,,Non-standard
HBGD191,Avulsion of 26 teeth to 28 permanent teeth on arch with alveolectomy,,,,Non-standard
HBGD338,Avulsion of 27 permanent teeth on arch without alveolectomy,,,,Non-standard
HBGD193,Avulsion of 28 permanent teeth on arch without alveolectomy,,,,Non-standard
HBGD345,Avulsion of 29 permanent teeth on arch without alveolectomy,,,,Non-standard
HBGD262,Avulsion of 29 teeth to 32 permanent teeth on arch with alveolectomy,,,,Non-standard
HBGD453,"Avulsion of 3 ankylosed teeth on arch, with coronoradicular section and root separation",,,,Non-standard
HBGD397,Avulsion of 3 ectopic teeth,,,,Non-standard
HBGD316,Avulsion of 3 first or second permanent molars retained or in the germ state,,,,Non-standard
HBGD281,Avulsion of 3 included odontoids or 3 supernumerary teeth in the germ state,,,,Non-standard
HBGD145,Avulsion of 3 permanent canines retained or in the germ state,,,,Non-standard
HBGD062,Avulsion of 3 permanent incisors retained or in the germ state,,,,Non-standard
HBGD287,Avulsion of 3 permanent teeth on arch with alveolectomy,,,,Non-standard
HBGD415,Avulsion of 3 permanent teeth on arch with root separation,,,,Non-standard
HBGD319,Avulsion of 3 permanent teeth on arch without alveolectomy,,,,Non-standard
HBGD279,Avulsion of 3 premolars retained or in the germ state,,,,Non-standard
HBGD021,Avulsion of 3 retained third molars or in the germ state,,,,Non-standard
HBGD299,Avulsion of 3 roots included,,,,Non-standard
HBGD160,Avulsion of 3 teeth with submucosal crown or in mucosal disinclusion,,,,Non-standard
HBGD309,Avulsion of 3 temporary teeth on the arch,,,,Non-standard
HBGD414,Avulsion of 30 permanent teeth on arch without alveolectomy,,,,Non-standard
HBGD245,Avulsion of 31 permanent teeth on arch without alveolectomy,,,,Non-standard
HBGD283,Avulsion of 32 permanent teeth on arch without alveolectomy,,,,Non-standard
HBGD218,"Avulsion of 4 ankylosed teeth on arch, with coronoradicular section and root separation",,,,Non-standard
HBGD080,Avulsion of 4 ectopic teeth,,,,Non-standard
HBGD117,Avulsion of 4 first or second permanent molars retained or in the germ state,,,,Non-standard
HBGD171,Avulsion of 4 included odontoid or 4 supernumerary teeth in the germ state,,,,Non-standard
HBGD102,Avulsion of 4 included roots,,,,Non-standard
HBGD416,Avulsion of 4 permanent canines retained or in the germ state,,,,Non-standard
HBGD430,Avulsion of 4 permanent incisors retained or in the germ state,,,,Non-standard
HBGD078,Avulsion of 4 permanent teeth on arch with alveolectomy,,,,Non-standard
HBGD169,Avulsion of 4 permanent teeth on arch with root separation,,,,Non-standard
HBGD489,Avulsion of 4 permanent teeth on arch without alveolectomy,,,,Non-standard
HBGD199,Avulsion of 4 premolars retained or in the germ state,,,,Non-standard
HBGD403,Avulsion of 4 teeth with submucosal crown or in mucosal disinclusion,,,,Non-standard
HBGD284,Avulsion of 4 temporary teeth on the arch,,,,Non-standard
HBGD038,Avulsion of 4 third molars retained or in the germ state,,,,Non-standard
HBGD480,"Avulsion of 5 ankylosed teeth on arch, with coronoradicular section and root separation",,,,Non-standard
HBGD060,Avulsion of 5 permanent teeth on arch with alveolectomy,,,,Non-standard
HBGD497,Avulsion of 5 permanent teeth on arch without alveolectomy,,,,Non-standard
HBGD159,Avulsion of 5 roots included,,,,Non-standard
HBGD065,Avulsion of 5 temporary teeth on the arch,,,,Non-standard
HBGD372,Avulsion of 5 to 6 permanent incisors retained or in the germ state,,,,Non-standard
HBGD385,Avulsion of 5 to 6 premolars retained or in the germ state,,,,Non-standard
HBGD181,Avulsion of 5-6 first or second permanent molars retained or in the germ state,,,,Non-standard
HBGD206,"Avulsion of 6 ankylosed teeth on arch, with coronoradicular section and root separation",,,,Non-standard
HBGD465,Avulsion of 6 included roots,,,,Non-standard
HBGD312,Avulsion of 6 permanent teeth on arch with alveolectomy,,,,Non-standard
HBGD106,Avulsion of 6 permanent teeth on arch without alveolectomy,,,,Non-standard
HBGD462,Avulsion of 6 temporary teeth on the arch,,,,Non-standard
HBGD396,"Avulsion of 7 ankylosed teeth on arch, with coronoradicular section and root separation",,,,Non-standard
HBGD142,Avulsion of 7 permanent teeth on arch with alveolectomy,,,,Non-standard
HBGD076,Avulsion of 7 permanent teeth on arch without alveolectomy,,,,Non-standard
HBGD464,Avulsion of 7 temporary teeth on the arch,,,,Non-standard
HBGD210,Avulsion of 7 to 8 first or second permanent molars retained or in the germ state,,,,Non-standard
HBGD148,Avulsion of 7 to 8 permanent incisors retained or in the germ state,,,,Non-standard
HBGD359,Avulsion of 7 to 8 premolars retained or in the germ state,,,,Non-standard
HBGD422,Avulsion of 8 permanent teeth on arch without alveolectomy,,,,Non-standard
HBGD231,Avulsion of 8 teeth to 10 permanent teeth on arch with alveolectomy,,,,Non-standard
HBGD113,"Avulsion of 8 teeth with 10 ankylosed teeth on arch, with coronoradicular section and root separation",,,,Non-standard
HBGD263,Avulsion of 8 temporary teeth on arch,,,,Non-standard
HBGD420,Avulsion of 9 permanent teeth on arch without alveolectomy,,,,Non-standard
HBGD280,Avulsion of 9 temporary teeth on the arch,,,,Non-standard
HBGD300,Avulsion of a disintegrating tooth with submucosal crown in palatal or lingual position,,,,Non-standard
07.02.02.11,Avulsion of permanent teeth,,,,Non-standard
07.02.02.10,Avulsion of temporary teeth,,,,Non-standard
NJPA016,"Axial incisions [Combing] of the patellar ligament [patellar tendon], with autologous plasty",,,,Non-standard
NJPA032,"Axial incisions [Combing] of the patellar ligament [patellar tendon], without plasty",,,,Non-standard
FCFA029,"Axillary lymphonodal [lymph node] dissection, by direct approach",,,,Non-standard
BZQM001,B-mode ultrasound of the eye and / or orbit,,,,Non-standard
JEMA012,Balanic or retrromeatic urethroplasty,,,,Non-standard
NKQP002,Baropodometric analysis of gait,,,,Non-standard
HAFA001,"Basic partial glossectomy, by cervicotomy",,,,Non-standard
QZQP002,Basic photobiological exploration by search for the minimum erythemal dose [MED] and iterative phototest,,,,Non-standard
HAFA012,Basic total glossectomy,,,,Non-standard
HAFA029,Basic total tongue glossectomy and mobile tongue,,,,Non-standard
NBPA013,Basicervical osteotomy of the femur,,,,Non-standard
ZZQK002,"Bedside x-ray, according to 1 or 2 incidences",,,,Non-standard
ZZQK001,"Bedside x-ray, according to 3 or more incidences",,,,Non-standard
BBLD001,Bichannel ipsilateral intubation of the tear ducts,,,,Non-standard
MJGA001,"Bicipital slide foreign body removal, by direct approach",,,,Non-standard
NAHB002,"Bicortical biopsy of the iliac crest, transcutaneously",,,,Non-standard
DFCA007,"Bidirectional cavopulmonary anastomosis, by thoracotomy with CEC",,,,Non-standard
DFCA005,"Bidirectional cavopulmonary anastomosis, by thoracotomy without CEC",,,,Non-standard
DGCA020,"Bifurcated aorto-iliofemoral bypass, by laparotomy with suprarenal clamping",,,,Non-standard
DGCA004,"Bifurcated aortobifemoral bypass, by laparotomy with infrenal clamping",,,,Non-standard
BLMP006,Bilateral adaptation of scleral glass obtained by molding,,,,Non-standard
GBFA008,"Bilateral anterior ethmoidectomy with nasal septoplasty, by endoscopy",,,,Non-standard
DGFA008,"Bilateral aorto-iliofemoral thromboendarterectomy, by laparotomy",,,,Non-standard
ECQH007,"Bilateral arteriography of the hand, by transcutaneous intraarterial injection",,,,Non-standard
EEQH001,"Bilateral arteriography of the lower limb, by bilateral intraarterial femoral injection, transcutaneous",,,,Non-standard
ECQH001,"Bilateral arteriography of the upper limb by arterial route or transcutaneous intraarterial injection, with positional maneuver",,,,Non-standard
LBQH003,Bilateral arthrography of the temporomandibular joint,,,,Non-standard
QEMA004,"Bilateral augmentation mastoplasty, with prosthetic implant placement",,,,Non-standard
JHHA003,"Bilateral biopsy of the testis, by direct approach",,,,Non-standard
QEGA004,"Bilateral breast prosthetic implant removal, with capsulectomy",,,,Non-standard
QEGA002,"Bilateral breast prosthetic implant removal, without capsulectomy",,,,Non-standard
QAMA009,"Bilateral cervicofacial smoothing [lifting] with platysmaplasty, by direct approach",,,,Non-standard
QAMA010,"Bilateral cervicofacial smoothing, by direct approach",,,,Non-standard
HASA016,"Bilateral closure of the lip and soft palate of a labio-maxillo-palatal cleft, in one step [Bilateral cheilorhinoplasty with staphylorrhaphy for orofacial cleft]",,,,Non-standard
HASA004,"Bilateral closure of the lip and the bony palate of a labio-maxillo-palatal cleft, in one step [Bilateral cheilorhino-uranoplasty for orofacial cleft]",,,,Non-standard
EBNE001,"Bilateral coagulation of the sphenopalatine artery, by nasal endoscopy",,,,Non-standard
BLMP001,Bilateral contact lens adaptation for keratoconus or irregular astigmatism,,,,Non-standard
LMMC004,"Bilateral cure of a hernia in the groin without fitting a prosthesis, by video surgery",,,,Non-standard
LMMA001,"Bilateral cure of a hernia of the groin with placement of prosthesis, by inguinal approach",,,,Non-standard
LMMC001,"Bilateral cure of a hernia of the groin with placement of prosthesis, by video surgery",,,,Non-standard
LMMA018,"Bilateral cure of a hernia of the groin without fitting a prosthesis under general or locoregional anesthesia, by inguinal approach",,,,Non-standard
LMMA019,"Bilateral cure of a hernia of the groin without fitting a prosthesis under local anesthesia, by inguinal approach",,,,Non-standard
BAFA009,"Bilateral cutaneous, muscular and / or fatty resection of the eyelids, by skin approach",,,,Non-standard
BAMA007,"Bilateral eyelid Z-plasty for epicanthus correction, with skin autograft",,,,Non-standard
BAFA017,"Bilateral fat resection of the eyelids, by conjunctival approach",,,,Non-standard
LACA015,"Bilateral fracture osteosynthesis of the anterior wall of the frontal sinus with open focus, by facial approach",,,,Non-standard
LMMA002,"Bilateral groin hernia cure with prosthesis, by single preperitoneal approach",,,,Non-standard
QEFA002,Bilateral gynecomastia resection,,,,Non-standard
GBPE003,"Bilateral inferior nasal meatotomy, by endoscopy",,,,Non-standard
QEEA003,Bilateral invagination of the inverted nipple,,,,Non-standard
NFQK002,Bilateral knee x-ray with 1 or 2 views per side,,,,Non-standard
GDFA002,"Bilateral laryngeal cordectomy, by thyrotomy",,,,Non-standard
EBSA004,Bilateral ligation of anterior ethmoid artery and / or posterior ethmoid artery,,,,Non-standard
LFFA001,"Bilateral lumbar or total lumbosacral laminarthrectomy, by posterior approach",,,,Non-standard
QEQK001,Bilateral mammogram,,,,Non-standard
QEDA003,"Bilateral mastopexy, with prosthetic implant placement",,,,Non-standard
QEDA004,"Bilateral mastopexy, without prosthetic implant placement",,,,Non-standard
JJFC009,"Bilateral oophorectomy, by laparoscopy",,,,Non-standard
JJFA005,"Bilateral oophorectomy, by laparotomy",,,,Non-standard
HCCD001,"Bilateral oropharyngeal bypass of the parotid duct [of St?non], by oral route",,,,Non-standard
JJEC002,"Bilateral ovarian transposition, by laparoscopy",,,,Non-standard
FCFA020,"Bilateral partial cervical lymphonodal [lymph node] dissection, by cervicotomy",,,,Non-standard
LBPA008,"Bilateral posterior maxillary segmental osteotomy, by intraoral approach",,,,Non-standard
HASA014,"Bilateral primary closure of a cleft lip without alveolomaxillary bony cleft, with complete repair of the nasal deformity [Bilateral primary cheilorhinoplasty for cleft lip]",,,,Non-standard
HASA008,"Bilateral primary closure of a cleft lip without alveolomaxillary bony cleft, without complete repair of the nasal deformity [Bilateral primary cheiloplasty for cleft lip]",,,,Non-standard
HASA006,"Bilateral primary lip closure of a labio-alveolar-maxillary cleft, without complete correction of the nasal deformity [Bilateral cheiloplasty for labio-alveolo-maxillary cleft]",,,,Non-standard
HASA020,"Bilateral primary lip closure of a labio-alveolo-maxillary cleft, with complete correction of the nasal deformity [Bilateral cheilorhinoplasty for cleft lip-alveolo-maxilla]",,,,Non-standard
CAMA013,Bilateral protruding ear plasty,,,,Non-standard
LDAA001,"Bilateral recalibration of the cervical spine, by posterior approach",,,,Non-standard
LFAA002,"Bilateral recalibration of the lumbar or lumbosacral spine, by posterior approach",,,,Non-standard
QEMA013,Bilateral reduction mastoplasty,,,,Non-standard
GFBA003,"Bilateral reduction of lung volume, by bilateral thoracotomy",,,,Non-standard
GFBA001,"Bilateral reduction of lung volume, by single thoracotomy",,,,Non-standard
BJDA001,Bilateral retroequatorial myopexy of the oculomotor muscles,,,,Non-standard
HCGA109,Bilateral root canal removal of the submandibular gland by intraoral approach with endoscopic guidance,,,,Non-standard
LBPA042,"Bilateral sagittal osteotomy of the ramus of the mandible [supralingular and preangular], by intraoral approach",,,,Non-standard
LBPA023,"Bilateral sagittal osteotomy of the ramus of the mandible [supralingular and preangular], with Le Fort I type maxillary osteotomy segmented into 2 fragments, by intraoral approach",,,,Non-standard
LBPA033,"Bilateral sagittal osteotomy of the ramus of the mandible [supralingular and preangular], with Le Fort I type maxillary osteotomy segmented into 3 or more fragments and transposition of the bony chin, by intraoral approach",,,,Non-standard
LBPA020,"Bilateral sagittal osteotomy of the ramus of the mandible [supralingular and preangular], with maxillary Le Fort I osteotomy segmented into 3 or more fragments, by intraoral approach",,,,Non-standard
LBPA011,"Bilateral sagittal osteotomy of the ramus of the mandible [supralingular and preangular], with maxillary Le Fort I type osteotomy segmented into 2 fragments and transposition of the bony chin, by intraoral approach",,,,Non-standard
LBPA019,"Bilateral sagittal osteotomy of the ramus of the mandible [supralingular and preangular], with segmental alveolar osteotomy of the mandible in front of the mental holes, by intraoral approach",,,,Non-standard
LBPA040,"Bilateral sagittal osteotomy of the ramus of the mandible [supralingular and preangular], with unsegmented Le Fort I type maxillary advancement osteotomy and transposition osteotomy of the bony chin, by intraoral approach",,,,Non-standard
LBPA004,"Bilateral sagittal osteotomy of the ramus of the mandible [supralingular and preangular], with unsegmented Le Fort I type maxillary advancement osteotomy, by intraoral approach",,,,Non-standard
HASD004,Bilateral secondary closure of an alveolar cleft by gingivoperiostoplasty or mucous flap,,,,Non-standard
HASD001,"Bilateral secondary closure of an alveolar cleft by gingivoperiostoplasty or mucous flap, with bone autograft",,,,Non-standard
BAFA011,"Bilateral skin, muscle and / or fatty resection in the lower eyelids, by skin approach",,,,Non-standard
BAFA008,"Bilateral skin, muscle and / or fatty resection of the upper eyelids, by skin approach",,,,Non-standard
BJMA003,"Bilateral strengthening, weakening or displacement of the insertion of an oculomotor muscle",,,,Non-standard
GBBA364,Bilateral submucosal preimplant filling of the maxillary sinus,,,,Non-standard
BAFA003,Bilateral suprasourcilar skin resection,,,,Non-standard
BADA002,"Bilateral suspension of the upper eyelid from the frontal muscle, with autograft",,,,Non-standard
NZQK003,"Bilateral teleradiography of the entire lower limb, frontal in monopodal support one after the other",,,,Non-standard
QAMA007,"Bilateral temporal smoothing, by direct approach",,,,Non-standard
LHFA028,"Bilateral total arthrectomy and / or posterior osteotomy for rigid deformation of the spine with arthrodesis and instrumental correction, on 10 or more vertebrae, by posterior approach",,,,Non-standard
LHFA003,"Bilateral total arthrectomy and / or posterior osteotomy for rigid deformation of the spine with arthrodesis and instrumental correction, on 10 or more vertebrae, by posterior approach, with resection of 3 or more ribs",,,,Non-standard
LHFA001,"Bilateral total arthrectomy and / or posterior osteotomy for rigid deformation of the spine with arthrodesis and instrumental correction, on 3 to 5 vertebrae, by posterior approach",,,,Non-standard
LHFA029,"Bilateral total arthrectomy and / or posterior osteotomy for rigid deformation of the spine with arthrodesis and instrumental correction, on 6 to 9 vertebrae, by posterior approach",,,,Non-standard
LHFA013,"Bilateral total arthrectomy and / or posterior osteotomy for rigid deformation of the spine with arthrodesis, instrument correction and anterior transpedicular osteotomy, on 6 to 9 vertebrae, by posterior approach",,,,Non-standard
LHFA025,"Bilateral total arthrectomy and / or posterior osteotomy for rigid deformation of the spine with arthrodesis, instrumental correction and anterior transpedicular osteotomy, on 10 or more vertebrae, by posterior approach",,,,Non-standard
LHFA027,"Bilateral total arthrectomy and / or posterior osteotomy for rigid deformation of the spine with arthrodesis, instrumental correction and anterior transpedicular osteotomy, on 3 to 5 vertebrae, by posterior approach",,,,Non-standard
LDFA003,"Bilateral total cervical laminarthrectomy, posterior approach",,,,Non-standard
LAFA019,"Bilateral total ethmoidectomy with nasal septoplasty and sphenoidotomy, by endoscopy",,,,Non-standard
LAFA020,"Bilateral total ethmoidectomy with nasal septoplasty, by endoscopy",,,,Non-standard
LAFA018,"Bilateral total ethmoidectomy with sphenoidotomy, by endoscopy",,,,Non-standard
LAFA022,"Bilateral total ethmoidectomy, by endoscopy",,,,Non-standard
GBFA006,"Bilateral total resection of the ethmoidal sinus with sphenoidal and maxillary sinusotomy, by paralateronasal approach and / or by infrafronto-orbito-nasal approach",,,,Non-standard
LDCA001,"Bilateral transarticular osteosynthesis of the atlas and axis, by anterior cervicotomy or by bilateral anterolateral cervicotomy",,,,Non-standard
JJEA002,"Bilateral transposition of the ovary, by laparotomy",,,,Non-standard
CBLD001,Bilateral transtympanic aerator installation,,,,Non-standard
JCEA001,"Bilateral ureterovesical reimplantation with creation of an antireflux assembly, by direct approach",,,,Non-standard
JCEC011,"Bilateral ureterovesical reimplantation with creation of an antireflux assembly, by laparoscopy",,,,Non-standard
NBPA006,Bilateral valgization-translation osteotomy of the neck of the femur for congenital dysplasia,,,,Non-standard
EJQH002,"Bilateral venography of the lower limb by intravenous transcutaneous injection in the foot, with iliocavography by bilateral intravenous transcutaneous femoral injection",,,,Non-standard
EJQH004,"Bilateral venography of the lower limb, by intravenous transcutaneous injection into the foot",,,,Non-standard
EFQH003,"Bilateral venography of the upper limb by intravenous transcutaneous injection, with study of the proximal venous trunks and the superior vena cava",,,,Non-standard
EFQH004,"Bilateral venography of the upper limb by intravenous transcutaneous injection, without study of the proximal venous trunks",,,,Non-standard
NDQK002,Bilateral x-ray of the foot according to 1 to 3 views per side,,,,Non-standard
MDQK002,"Bilateral x-ray of the hand and / or wrist, according to 1 view on a single AP image",,,,Non-standard
HMKH001,"Bile drain change, transcutaneously with ultrasound and / or radiological guidance",,,,Non-standard
07.04.07,Bile duct bypass,,,,Non-standard
HMAH002,"Bile duct dilation, transcutaneously with ultrasound and / or radiological guidance",,,,Non-standard
HMQL001,Bile duct scintigraphy,,,,Non-standard
HMGH004,"Bile duct stone ablation, transcutaneously with ultrasound and / or radiological guidance",,,,Non-standard
07.04.08,Bile duct stone removal,,,,Non-standard
HMJA001,"Bile duct transparietal drainage [External biliary drainage], during intraabdominal surgery",,,,Non-standard
HMGE001,"Biliary and / or pancreatic endoprosthesis removal, by eso-gastro-duodenoscopy",,,,Non-standard
07.04.05,Biliary drain and stent removal and change,,,,Non-standard
07.04.09,Biliary lithotripsy,,,,Non-standard
07.04.04,Biliary stent grafting,,,,Non-standard
HMLC001,"Biliary stent grafting by choledochotomy, by laparoscopy",,,,Non-standard
HMLA001,"Biliary stent grafting by choledochotomy, by laparotomy",,,,Non-standard
HMGH002,"Biliary stent removal or change, transcutaneously with ultrasound and / or radiological guidance",,,,Non-standard
HMCA007,"Biliodigestive anastomosis above the convergence involving several bile ducts, by laparotomy",,,,Non-standard
HMCA008,"Biliodigestive anastomosis involving the convergence of the hepatic ducts, by laparotomy",,,,Non-standard
HMQJ002,Biliopancreatic endoscopy with guided transbiliopancreatic biopsy,,,,Non-standard
HMQJ001,Biliopancreatic endoscopy without biopsy,,,,Non-standard
HGCA009,"Biliopancreatic or intestinal bypass for morbid obesity, by laparotomy",,,,Non-standard
HGCC027,"Biliopancreatic or intestinal short circuit for morbid obesity, by laparoscopy",,,,Non-standard
JAFC004,"Binephrectomy, by laparoscopy or by retroperitoneoscopy",,,,Non-standard
JAFA016,"Binephrectomy, by laparotomy",,,,Non-standard
JAFA027,"Binephrectomy, by vertical lumbar approach",,,,Non-standard
BLRP001,Binocular vision and amblyopia stimulation session,,,,Non-standard
BLQP010,Binocular vision examination,,,,Non-standard
BDLA003,Biocolonisable keratoprosthesis installation,,,,Non-standard
JQQM015,Biometric and morphological ultrasound of a multiembryonic pregnancy in the 1st trimester,,,,Non-standard
JQQM019,Biometric and morphological ultrasound of a multifetal pregnancy in the 2nd trimester,,,,Non-standard
JQQM017,Biometric and morphological ultrasound of a multifetal pregnancy in the 3rd trimester,,,,Non-standard
JQQM018,Biometric and morphological ultrasound of a single fetal pregnancy in the 2nd trimester,,,,Non-standard
JQQM016,Biometric and morphological ultrasound of a single fetal pregnancy in the 3rd trimester,,,,Non-standard
JQQM010,Biometric and morphological ultrasound of a uniembryonic pregnancy in the 1st trimester,,,,Non-standard
BGQP002,Biomicroscopy examination of the eye fundus with contact lens,,,,Non-standard
HZHE002,"Biopsy and / or cytological brushing of the wall of the digestive tract or biliopancreatic duct, during diagnostic endoscopy",,,,Non-standard
NZHA001,"Biopsy of a bone and / or a joint of the lower limb, by direct approach",,,,Non-standard
NZHH002,"Biopsy of a bone and / or a joint of the lower limb, transcutaneously with CT guidance",,,,Non-standard
NZHH003,"Biopsy of a bone and / or a joint of the lower limb, transcutaneously with radiological guidance",,,,Non-standard
NZHB001,"Biopsy of a bone and / or a joint of the lower limb, transcutaneously without guidance",,,,Non-standard
MZHA001,"Biopsy of a bone and / or a joint of the upper limb, by direct approach",,,,Non-standard
MZHH004,"Biopsy of a bone and / or a joint of the upper limb, transcutaneously with CT guidance",,,,Non-standard
MZHH003,"Biopsy of a bone and / or a joint of the upper limb, transcutaneously with radiological guidance",,,,Non-standard
MZHB001,"Biopsy of a bone and / or a joint of the upper limb, transcutaneously without guidance",,,,Non-standard
MDHA001,"Biopsy of a bone and / or joint in the hand, by direct approach",,,,Non-standard
LAHA002,"Biopsy of a bone from the face, by direct approach",,,,Non-standard
ZZHH008,"Biopsy of a deep organ on a target, transcutaneously with CT guidance",,,,Non-standard
ZZHH001,"Biopsy of a deep organ on a target, transcutaneously with radiological guidance",,,,Non-standard
ZZHJ009,"Biopsy of a deep organ on a target, transcutaneously with remnographic guidance [MRI]",,,,Non-standard
ZZHJ013,"Biopsy of a deep organ on a target, transcutaneously with ultrasound guidance",,,,Non-standard
NEHA001,"Biopsy of a joint in the pelvic girdle [pelvis], by direct approach",,,,Non-standard
QEHJ001,"Biopsy of a lesion of the mammary gland, transcutaneously with ultrasound guidance",,,,Non-standard
KCHJ003,"Biopsy of a lesion of the thyroid gland, transcutaneously with ultrasound guidance",,,,Non-standard
ZZHJ001,"Biopsy of a superficial organ on a target, transcutaneously with ultrasound guidance",,,,Non-standard
BKHB004,"Biopsy of accessory organs of the eye, via the orbital route with radiological guidance",,,,Non-standard
BKHB002,"Biopsy of accessory organs of the eye, via the orbital route with ultrasound guidance",,,,Non-standard
BKHB003,"Biopsy of accessory organs of the eye, via the orbital route without guidance",,,,Non-standard
ACHA002,"Biopsy of intracranial lesion, by craniotomy",,,,Non-standard
ACHB001,"Biopsy of intracranial lesion, stereotaxic transcranial approach",,,,Non-standard
ACHA003,"Biopsy of lesion of the base of the skull, by oral or nasal endoscopy",,,,Non-standard
ACHA001,"Biopsy of lesion of the base of the skull, by transoral or nasosphenoid approach",,,,Non-standard
QEHA002,"Biopsy of lesion of the mammary gland, by direct approach",,,,Non-standard
QEHH001,"Biopsy of lesion of the mammary gland, transcutaneously with radiological guidance",,,,Non-standard
QEHJ006,"Biopsy of lesion of the mammary gland, transcutaneously with remnographic guidance [MRI]",,,,Non-standard
HKHA001,Biopsy of lesion of the perianal region and / or anal canal,,,,Non-standard
QEHJ005,"Biopsy of several lesions of the mammary gland, transcutaneously with ultrasound guidance",,,,Non-standard
KCHJ002,"Biopsy of several lesions of the thyroid gland, transcutaneously with ultrasound guidance",,,,Non-standard
HCHA002,Biopsy of small salivary glands [minor salivary glands] [accessory salivary glands],,,,Non-standard
ZZHB002,"Biopsy of superficial lesion, transcutaneously without guidance",,,,Non-standard
QEHA001,Biopsy of the areolomnipple plaque,,,,Non-standard
JDHE001,"Biopsy of the bladder with the cutting loop, by endoscopy",,,,Non-standard
JKHA002,Biopsy of the cervix,,,,Non-standard
NEHA002,"Biopsy of the coxofemoral joint, by direct approach",,,,Non-standard
NAHA001,"Biopsy of the internal cortex of the coxal bone, by direct approach",,,,Non-standard
JAHC001,"Biopsy of the kidney, by laparoscopy or by retroperitoneoscopy",,,,Non-standard
HLHH006,"Biopsy of the liver on a target, transcutaneously with CT guidance",,,,Non-standard
HLHJ006,"Biopsy of the liver on a target, transcutaneously with ultrasound guidance",,,,Non-standard
HLHH007,"Biopsy of the liver on several targets, transcutaneously with CT guidance",,,,Non-standard
HLHB001,"Biopsy of the liver, transcutaneously without guidance",,,,Non-standard
QZHA002,Biopsy of the nail matrix with circular scalpel,,,,Non-standard
QZHA003,"Biopsy of the nail tablet, fold and / or bed",,,,Non-standard
HAHD002,"Biopsy of the oral cavity and / or oropharynx, with guidance by vital stains",,,,Non-standard
HAHD003,"Biopsy of the oral cavity and / or oropharynx, without vital staining",,,,Non-standard
15.01.06,"Biopsy of the osteoarticular and muscular apparatus, without topographic precision",,,,Non-standard
NAHA002,"Biopsy of the outer cortex of the coxal bone, by direct approach",,,,Non-standard
GGHB002,"Biopsy of the pleura, transcutaneously without guidance",,,,Non-standard
JGHB002,"Biopsy of the prostate, transperineal with finger guidance",,,,Non-standard
JGHD001,"Biopsy of the prostate, transrectally with finger guidance",,,,Non-standard
JGHJ001,"Biopsy of the prostate, transrectally with ultrasound guidance",,,,Non-standard
HJHD002,"Biopsy of the rectal muscle tissue, anal",,,,Non-standard
GAHA001,Biopsy of the skin of the nose and / or the nostril lining,,,,Non-standard
LAHJ004,"Biopsy of the skull and / or facial mass, transcutaneously with remnographic guidance [MRI]",,,,Non-standard
LAHH002,"Biopsy of the skull and / or facial mass, via the skin with radiological guidance",,,,Non-standard
LAHH006,"Biopsy of the skull and / or the facial mass, by transcutaneous route with CT guidance",,,,Non-standard
JHHB002,"Biopsy of the testis, transcutaneously",,,,Non-standard
JEHE002,"Biopsy of the urethra with forceps, by endoscopy",,,,Non-standard
JEHE001,"Biopsy of the urethra with the cutting loop, by endoscopy",,,,Non-standard
08.01.07.01,"Biopsy of the urinary tract, by endoscopy",,,,Non-standard
JLHA001,Biopsy of the vagina,,,,Non-standard
LAHA001,"Biopsy of the vault of the skull [calvaria], by direct approach",,,,Non-standard
LHHA006,"Biopsy of the vertebral arch, by posterior approach",,,,Non-standard
LHHA007,"Biopsy of the vertebral body and / or the intervertebral disc, by posterior or transpedicular approach",,,,Non-standard
17.01.07,"Biopsy, without topographic precision",,,,Non-standard
LHEP004,Bipolar continuous traction of the spine by straps,,,,Non-standard
HECA003,"Bipolar exclusion of the esophagus, by cervicotomy and by laparotomy",,,,Non-standard
PCEA001,"Bipolar pedicle musculotendinous transfer for motor resuscitation, by direct approach",,,,Non-standard
GFEA006,"Bipulmonary transplantation, by thoracotomy with SCC",,,,Non-standard
JDHE002,"Bladder biopsy with forceps, by endoscopy",,,,Non-standard
JDFC001,"Bladder diverticulum excision, by laparoscopy",,,,Non-standard
JDFA002,"Bladder diverticulum excision, by laparotomy",,,,Non-standard
08.02.03.10,Bladder fistula closure,,,,Non-standard
JDLD659,"Bladder instillation of anticancer pharmacological agent with radiofrequency hyperthermia, urethral route",,,,Non-standard
JDLD002,Bladder instillation of pharmacological agent by urethral catheterization,,,,Non-standard
JDSA010,Bladder neck closure for continent cutaneous cystostomy,,,,Non-standard
JCEA004,"Bladder reimplantation of a ureteral duplicity, by direct approach",,,,Non-standard
08.02.03.04,Bladder stone removal and fragmentation,,,,Non-standard
JMDA001,"Bladder support by infraurethral myoplasty, by vaginal approach",,,,Non-standard
JDDB007,"Bladder support by synthetic infraurethral strip, transvaginal and transretropubic route, with endoscopic control",,,,Non-standard
JDDB005,"Bladder support by synthetic infraurethral tape, transvaginal and transobturator",,,,Non-standard
08.02.03.09,Bladder suture and plastic surgery,,,,Non-standard
JEAD001,Blind dilation of urethral stricture,,,,Non-standard
HGHD002,"Blind enteral biopsy by tube, nasal",,,,Non-standard
JEPD002,Blind internal meatal or retrromeatic urethrotomy,,,,Non-standard
JEPD001,Blind internal urethrotomy,,,,Non-standard
05.01.06.03,Blood sample,,,,Non-standard
JQHB001,Blood sample from the fetus on the presentation,,,,Non-standard
BGQP009,Blue light retinography with fiber optic analysis,,,,Non-standard
LDHA001,"Bone and / or articular biopsy of the atlas and / or axis, by intraoral approach or by premastoid approach",,,,Non-standard
LDHA002,"Bone and / or disc biopsy of the spine, by anterolateral cervicotomy",,,,Non-standard
LEHA002,"Bone and / or disc biopsy of the spine, by costotransversectomy",,,,Non-standard
LFHC001,"Bone and / or disc biopsy of the spine, by laparoscopy or by retroperitoneoscopy",,,,Non-standard
LFHA001,"Bone and / or disc biopsy of the spine, by laparotomy or lumbotomy",,,,Non-standard
LEHA001,"Bone and / or disc biopsy of the spine, by thoraco-phreno-laparotomy",,,,Non-standard
LEHC001,"Bone and / or disc biopsy of the spine, by thoracoscopy",,,,Non-standard
LEHA003,"Bone and / or disc biopsy of the spine, by thoracotomy",,,,Non-standard
LHHH002,"Bone and / or disc biopsy of the spine, transcutaneously with CT guidance",,,,Non-standard
LHHH003,"Bone and / or disc biopsy of the spine, transcutaneously with radiological guidance",,,,Non-standard
LHHH001,"Bone and / or disc puncture or fine needle aspiration of the spine, transcutaneously with CT guidance",,,,Non-standard
LAFA008,Bone autograft harvesting by doubling the vault of the skull,,,,Non-standard
LJHA001,"Bone biopsy of the sternum and / or ribs, by direct approach",,,,Non-standard
LJHB001,"Bone biopsy of the sternum and / or ribs, transcutaneously",,,,Non-standard
PAQK900,"Bone densitometry [Bone absorptiometry] of the whole body by two-photon method, for bone disease other than constitutional",,,,Non-standard
PAQK008,"Bone densitometry [Bone absorptiometry] of the whole body by two-photon method, for constitutional bone disease in children",,,,Non-standard
PAQK007,"Bone densitometry [Bone absorptiometry] on 2 sites, by two-photon method",,,,Non-standard
NDQM900,Bone densitometry of the calcaneus by ultrasound,,,,Non-standard
13.02.06.04,Bone excision of the hand,,,,Non-standard
13.02.07.02,Bone excision of the upper limb,,,,Non-standard
15.02.03,"Bone fixation, without topographic precision",,,,Non-standard
11.02.05.02,Bone implant placement on the skull and face,,,,Non-standard
11.02.05.04,Bone implant release and activation of the skull and face,,,,Non-standard
14.02.07.01,Bone lengthening in the lower limb,,,,Non-standard
13.02.07.01,Bone lengthening of the upper limb,,,,Non-standard
FDHB002,"Bone marrow biopsy, transcutaneous",,,,Non-standard
FDFB001,"Bone marrow haematopoietic stem cell harvest [Bone marrow harvest], for cell therapy",,,,Non-standard
05.01.06.02,Bone marrow puncture and biopsy,,,,Non-standard
FDHB006,"Bone marrow puncture for myelogram and biological analyzes in a territory, by the transcutaneous route",,,,Non-standard
FDHB003,"Bone marrow puncture for myelogram and biological analyzes in several areas under general anesthesia, by the transcutaneous route",,,,Non-standard
FDHB004,"Bone marrow puncture for myelogram and biological analyzes with bone marrow biopsy in the same territory, by the transcutaneous route",,,,Non-standard
FDHB001,"Bone marrow puncture for myelogram in a territory, transcutaneously",,,,Non-standard
FDHB005,"Bone marrow puncture for myelogram in several areas under general anesthesia, transcutaneously",,,,Non-standard
FDQL001,Bone marrow scan,,,,Non-standard
15.02.05,"Bone recess, without topographic precision",,,,Non-standard
14.02.06.04,Bone reconstruction of the forefoot,,,,Non-standard
13.02.06.05,Bone reconstruction of the hand,,,,Non-standard
NFMA013,"Bone reconstruction of the knee after loss of segmental substance, with arthrodesis and osteosynthesis",,,,Non-standard
NDMA001,"Bone reconstruction of the metatarsal or toes by graft or inert non-prosthetic material, after segmental resection",,,,Non-standard
MEMA003,"Bone reconstruction of the shoulder with arthrodesis, after segmental resection",,,,Non-standard
15.02.02,"Bone removal, without topographic precision",,,,Non-standard
11.02.02.02,Bone resection of the base of the skull,,,,Non-standard
14.02.07.02,Bone resection of the foot,,,,Non-standard
11.02.04.05,Bone resection of the mandible,,,,Non-standard
14.02.05.03,Bone resection of the tarsus,,,,Non-standard
12.03.05,Bone resection of the thorax,,,,Non-standard
15.02.06,"Bone resection, without topographic precision",,,,Non-standard
PAQL001,"Bone scintigraphy of the whole body segment by segment in one step [late phase], with complementary acquisition by a pinhole collimator",,,,Non-standard
PAQL009,"Bone scintigraphy of the whole body segment by segment in one step [late phase], without additional acquisition by a pinhole collimator",,,,Non-standard
PAQL010,"Bone scintigraphy of the whole body segment by segment in several stages, with complementary acquisition by a pinhole collimator",,,,Non-standard
PAQL005,"Bone scintigraphy of the whole body segment by segment in several stages, without additional acquisition by a pinhole collimator",,,,Non-standard
PCLB003,"Botulinum toxin injection session in the striated muscles by the transcutaneous route, with electromyographic examination for detection",,,,Non-standard
PCLB002,"Botulinum toxin injection session in the striated muscles by the transcutaneous route, without electromyographic examination of detection",,,,Non-standard
HELE900,"Botulinum toxin injection session into the lower esophageal sphincter, by endoscopy",,,,Non-standard
LCLB001,Botulinum toxin injection session on the face,,,,Non-standard
AHLB008,"Brachial plexus anesthetic infiltration, with diagnostic and prognostic evaluation",,,,Non-standard
AHLB001,Brachial plexus continuous anesthetic block,,,,Non-standard
AHFA008,"Brachial plexus or lumbosacral plexus tumor excision with immediate repair, by direct approach",,,,Non-standard
01.05.03.03,Brachial plexus release,,,,Non-standard
04.03.03.04,Brachiocephalic arterial bypass and replacement,,,,Non-standard
04.03.03.05,Brachiocephalic Arterial Occlusion,,,,Non-standard
04.03.03.03,Brachiocephalic artery disobstruction,,,,Non-standard
04.03.03.01,Brachiocephalic Artery Wound Suture,,,,Non-standard
DHCA002,Brachiocephalic vein or superior vena cava bypass by thoracotomy,,,,Non-standard
AAQN903,Brain magnetic resonance spectroscopy of phosphorus,,,,Non-standard
ACQL008,Brain perfusion tomoscintigraphy after pharmacodynamics,,,,Non-standard
ACQL005,Brain perfusion tomoscintigraphy with activation test and complex quantification,,,,Non-standard
ACQL007,Brain perfusion tomoscintigraphy without activation test,,,,Non-standard
AAQN902,Brain proton magnetic resonance spectroscopy [Chemical shift imaging] [CSI],,,,Non-standard
01.02.01.03,Brain tissue excision,,,,Non-standard
01.02.01.02,Brain tissue section,,,,Non-standard
ACQL003,Brain tomoscintigraphy for diagnosis and assessment of brain tumor,,,,Non-standard
ACQL001,Brain tomoscintigraphy using a marker of neurotransmission and / or metabolism,,,,Non-standard
AAFA003,"Brainstem lesion excision, by craniotomy",,,,Non-standard
QEPA001,Breast capsulotomy with replacement of the prosthetic implant,,,,Non-standard
16.02.05,Breast puncture and biopsy,,,,Non-standard
16.06.07,Breast reconstruction,,,,Non-standard
QEMA006,Breast reconstruction by placing a prosthetic implant,,,,Non-standard
QEMA001,Breast reconstruction by unipediculated rectus abdominis muscle flap,,,,Non-standard
16.02.04,Breast remnography [MRI],,,,Non-standard
QEQK003,Breast resection surgical specimen X-ray,,,,Non-standard
16.02.03,Breast scan,,,,Non-standard
QEFA004,Breast tumorectomy,,,,Non-standard
QEFA001,Breast tumorectomy with lymphonodal axillary dissection,,,,Non-standard
16.02.01,Breast ultrasound,,,,Non-standard
16.02.02,Breast x-ray,,,,Non-standard
06.04.05,Breathing apparatus,,,,Non-standard
JJCA002,"Broad ligament tear suture, by laparotomy",,,,Non-standard
GEQJ237,"Bronchial endoscopy, with mediastinal needle sampling via the transbronchial route",,,,Non-standard
GEQE007,Bronchial fibroscopy,,,,Non-standard
GEQE009,"Bronchial fibroscopy with bronchioloalveolar lavage for diagnostic purposes, in an intubated or tracheostomized patient",,,,Non-standard
GEQE012,"Bronchial fibroscopy, in an intubated or tracheostomized patient",,,,Non-standard
GEQE004,"Bronchial fibroscopy, with bronchioloalveolar lavage for diagnostic purposes",,,,Non-standard
GEQH002,"Bronchial fibroscopy, with lung biopsy by transbronchial route with radiological guidance",,,,Non-standard
GEQE006,"Bronchial fibroscopy, with lung biopsy by transbronchial route without guidance",,,,Non-standard
GEQE002,"Bronchial fibroscopy, with lymphonodal needle sampling via the transbronchial route",,,,Non-standard
GESA003,"Bronchial fistula closure, by thoracotomy",,,,Non-standard
GERD002,Bronchoconstrictor or physical factor challenge test during a functional respiratory test,,,,Non-standard
GFFC004,"Bronchogenic cyst excision, by thoracoscopy",,,,Non-standard
GFFA003,"Bronchogenic cyst excision, by thoracotomy",,,,Non-standard
GEQH001,Bronchography,,,,Non-standard
JEFA011,"Bulbar urethral resection-anastomosis, by perineal approach",,,,Non-standard
16.05.04,Burn excision,,,,Non-standard
QCFA004,"Burn excision of both hands, 2.5% to 3.75% of body surface area",,,,Non-standard
QCFA002,"Burn excision of one hand, less than 1.25% of the body surface",,,,Non-standard
16.05.04.01,"Burn excision, outside the head end and hands",,,,Non-standard
04.03.04.04,Bypass and reimplantation of the common carotid artery,,,,Non-standard
DGCA032,"Bypass between the aorta and the brachiocephalic arterial trunk, by thoracotomy",,,,Non-standard
DGCA008,"Bypass between the ascending thoracic aorta and the abdominal aorta with exclusion of the descending thoracic aorta, by thoracotomy and by laparotomy without CEC",,,,Non-standard
DGCA027,"Bypass between the ascending thoracic aorta and the abdominal aorta without excluding the descending thoracic aorta, by thoracotomy and by laparotomy with CEC",,,,Non-standard
DGCA015,"Bypass between the ascending thoracic aorta and the abdominal aorta without excluding the descending thoracic aorta, by thoracotomy and by laparotomy without CEC",,,,Non-standard
DGCA028,"Bypass between the ascending thoracic aorta and the descending thoracic aorta, by thoracotomy with CEC",,,,Non-standard
DGCA031,"Bypass between the ascending thoracic aorta and the descending thoracic aorta, by thoracotomy without CEC",,,,Non-standard
EBCA017,"Bypass between the common carotid artery and the ipsilateral internal carotid artery, by cervicotomy",,,,Non-standard
DGCA023,"Bypass between the descending thoracic aorta or the juxtadiaphragmatic aorta and the infrenal abdominal aorta, by thoraco-phreno-laparotomy without CEC",,,,Non-standard
HHCC011,"Bypass colocolostomy [Colocolic anastomosis without colonic excision], by laparoscopy",,,,Non-standard
HHCA003,"Bypass colocolostomy [Colocolic anastomosis without colonic excision], by laparotomy",,,,Non-standard
HGCC003,"Bypass enteroenterostomy, by laparoscopy",,,,Non-standard
HGCA001,"Bypass enteroenterostomy, by laparotomy",,,,Non-standard
HFCC022,"Bypass gastrojejunostomy [Gastroentero-anastomosis without gastric resection], by laparoscopy",,,,Non-standard
HFCA004,"Bypass gastrojejunostomy [Gastroenteroanastomosis without gastric resection], by laparotomy",,,,Non-standard
HGCC015,"Bypass ileocolostomy [ileocolic anastomosis without intestinal excision], by laparoscopy",,,,Non-standard
HGCA005,"Bypass ileocolostomy [ileocolic anastomosis without intestinal excision], by laparotomy",,,,Non-standard
ECCA002,"Bypass of an artery in the hand, by direct approach",,,,Non-standard
ECCA003,"Bypass of an artery in the upper limb, by direct approach",,,,Non-standard
EECA005,"Bypass of an artery of the foot, by direct approach",,,,Non-standard
07.03.02.06,Bypass of the stomach and duodenum,,,,Non-standard
EZCA004,"Bypass or angioplasty to widen arteriovenous vascular access, by direct approach",,,,Non-standard
EPCA002,"Bypass or enlargement angioplasty of the axillosubclavian or femoral venous trunk downstream of an arteriovenous vascular access, by direct approach",,,,Non-standard
NJAB001,"Calcaneal [Achilles] tendon lengthening, transcutaneously",,,,Non-standard
NDCB004,"Calcaneal fracture osteosynthesis, closed focus",,,,Non-standard
JANJ002,"Calcium intrarenal fragmentation by shock waves [Intrarenal lithotripsy], by nephroscopy through a nephrostomy already in place",,,,Non-standard
JANE005,"Calcium intrarenal fragmentation with shock waves or laser [Intrarenal lithotripsy], by ureteronephroscopy",,,,Non-standard
JVRP006,Calcium load test,,,,Non-standard
HCGA223,"Calculus ablation of the pelvis of the submandibular gland, by intraoral approach with endoscopic guidance",,,,Non-standard
HCGA003,"Calculus ablation of the pelvis of the submandibular gland, by intraoral approach without endoscopic guidance",,,,Non-standard
JCGA003,"Calculus removal of the iliac ureter, by direct approach",,,,Non-standard
CERP001,Calibrated bicalorical vestibular test with electronystagmography or videonystagmography,,,,Non-standard
CERP005,Calibrated bicalorical vestibular test without recording [clinical],,,,Non-standard
CERP003,"Calibrated, pendular or rotary bicalorical vestibular test with electronystagmography or videonystagmography, and oculographic tests",,,,Non-standard
02.02.07,"Canthotomy, canthopexy and canthoplasty",,,,Non-standard
NFMA005,"Capsulo-myo-tenoplasty of the knee to refocus the limpet, by arthrotomy",,,,Non-standard
MGMA004,"Capsuloplasty of a wrist joint, by direct approach",,,,Non-standard
BFPP001,"Capsulotomy of the lens for secondary cataract, with laser",,,,Non-standard
BFPA002,"Capsulotomy or partial or total excision of remnants of the lens capsule, by keratotomy",,,,Non-standard
04.02.02.03,Cardiac annuloplasty and valvoplasty [valvuloplasty],,,,Non-standard
04.02.03.03,Cardiac defibrillator implantation,,,,Non-standard
DEQF005,"Cardiac electrophysiological exploration by right and left intracavitary probes via the transcutaneous vascular route, with maneuvers provoking tachycardia",,,,Non-standard
DEQF002,"Cardiac electrophysiological exploration by right intracavitary probe via the transcutaneous venous route, with maneuvers provoking tachycardia in the atrial and ventricular stages",,,,Non-standard
DEQF004,"Cardiac electrophysiological exploration by right intracavitary probe via the transcutaneous venous route, with provocative maneuvers of tachycardia in the atrial stage",,,,Non-standard
DEQF001,"Cardiac electrophysiological exploration by right intracavitary probe via the transcutaneous venous route, with provocative maneuvers of tachycardia in the ventricular stage",,,,Non-standard
DEQF003,"Cardiac electrophysiological exploration by right intracavitary probe, by transcutaneous venous route",,,,Non-standard
04.02.06.03,Cardiac graft excision,,,,Non-standard
04.02.03.05,Cardiac pacing or defibrillation electrode and lead removal,,,,Non-standard
04.02.03.08,Cardiac pacing or defibrillation generator control and adjustment,,,,Non-standard
04.02.07,Cardiac rehabilitation,,,,Non-standard
04.02.03.11,Cardiac stimulation and defibrillation,,,,Non-standard
04.02.03.01,Cardiac stimulation electrode and lead placement,,,,Non-standard
04.02.01.04,Cardiac ventricular plasty,,,,Non-standard
19.01.02,Cardiology,,,,Non-standard
19.02.02,Cardiology,,,,Non-standard
YYYY001,Cardiology package level 1,,,,Non-standard
04.07.02.02,Cardiopulmonary bypass [CEC] for circulatory support,,,,Non-standard
EQCF001,Cardiopulmonary bypass for rewarming from accidental hypothermia,,,,Non-standard
DKMD002,"Cardiorespiratory resuscitation with tracheal intubation, in a medicotechnical unit",,,,Non-standard
DKMD001,"Cardiorespiratory resuscitation with tracheal intubation, outside of a medico-technical block",,,,Non-standard
EBAA002,"Carotid bifurcation widening angioplasty without thromboendarterectomy, by cervicotomy",,,,Non-standard
EBCA013,"Carotidohumeral or subclaviohumeral bypass, by direct approach",,,,Non-standard
EBCA001,Carotidosubclavier or carotidoaxillary cross-graft by cervicotomy,,,,Non-standard
13.02.05.04,Carp bone graft,,,,Non-standard
13.02.05.02,Carp osteosynthesis,,,,Non-standard
MHDA004,"Carpometacarpal arthrodesis, by arthrotomy",,,,Non-standard
CAMA011,Cartilaginous external acoustic pore plasty [Meatoplasty],,,,Non-standard
07.02.07.01,Catheterization and dilation of salivary duct,,,,Non-standard
AHFA012,"Cauda equina lipoma excision with closure of meningocele or myelomeningocele, by posterior approach",,,,Non-standard
JHQH001,"Cavernography, by transcutaneous puncture of the cavernous bodies of the penis",,,,Non-standard
AJLH011,"Celiac plexus and / or splanchnic chain continuous anesthetic block, with CT guidance",,,,Non-standard
AJLH007,"Celiac plexus anesthetic infiltration with diagnostic and prognostic evaluation, with radiological guidance",,,,Non-standard
AJLJ003,"Celiac plexus anesthetic infiltration with diagnostic and prognostic evaluation, with ultrasound guidance",,,,Non-standard
16.05.08,Cell culture support ablation [Take down],,,,Non-standard
HLFA010,"Central hepatectomy, by laparotomy",,,,Non-standard
01.04,CENTRAL NERVOUS SYSTEM STIMULATION,,,,Non-standard
01.04.01,Central nervous system stimulation electrode or generator implantation,,,,Non-standard
NBGA010,"Central or peripheral deepiphysiodesis of the femur or tibia, with osteotomy",,,,Non-standard
EHCA007,"Central splenorenal venous anastomosis with splenectomy, by laparotomy",,,,Non-standard
1,"CENTRAL, PERIPHERAL AND AUTONOMOUS NERVOUS SYSTEM",,,,Non-standard
HNFA007,"Cephalic duodenopancreatectomy, by laparotomy",,,,Non-standard
MBCA005,Cephalotuberosite fracture osteosynthesis of the humerus,,,,Non-standard
JNBD001,"Cerclage of the cervix during pregnancy, transvaginally",,,,Non-standard
DFBA001,"Cerclage of the pulmonary artery, by thoracotomy without CEC",,,,Non-standard
JKBA002,"Cerclage of the uterine isthmus by laparotomy, outside of pregnancy",,,,Non-standard
JKBA001,"Cerclage of the uterine isthmus by vaginal approach, outside of pregnancy",,,,Non-standard
JNGD002,Cerclage removal of the cervix,,,,Non-standard
AAGA900,"Cerebral cortical electrode ablation, by craniotomy",,,,Non-standard
AALA900,"Cerebral cortical stimulation electrode implantation for therapeutic purposes, by craniotomy",,,,Non-standard
ACQL002,"Cerebral positron emission tomoscintigraphy, with dedicated tepograph [PET camera]",,,,Non-standard
01.01.09.03,Cerebral somesthesia evoked potentials [PESc],,,,Non-standard
FCFA001,Cervical lymphangioma excision,,,,Non-standard
FCFA003,"Cervical lymphangioma excision with mediastinal extension, by cervicotomy",,,,Non-standard
JKHD003,"Cervical mucus collection and examination, with examination of sperm motility [Huhner's postcoital test]",,,,Non-standard
AEQH002,Cervical myelography,,,,Non-standard
JDPE002,"Cervical or cervicoprostatic incision, by endoscopy",,,,Non-standard
QAMA011,"Cervical smoothing, by direct approach",,,,Non-standard
EBQH003,"Cervicocephalic arteriography by transcutaneous vascular route, for diagnosis of brain death",,,,Non-standard
EBQH007,"Cervicocephalic supraselective arteriography, via the transcutaneous arterial route",,,,Non-standard
04.04.01.03,Cervicocephalic vein and upper limb vein disobstruction,,,,Non-standard
04.04.01.01,Cervicocephalic vein and upper limb vein wound suture,,,,Non-standard
JDDA003,"Cervicocystopexy by strip by vaginal approach and by transcutaneous route, with endoscopic guidance",,,,Non-standard
FCFA026,Cervicofacial lymphangioma excision without facial nerve dissection,,,,Non-standard
FCFA015,Cervicoparotid lymphangioma excision,,,,Non-standard
FCFA023,"Cervicoparotid lymphangioma excision with buccopharyngeal and mediastinal extension, by cervicotomy",,,,Non-standard
FCFA014,Cervicoparotid lymphangioma excision with buccopharyngeal extension,,,,Non-standard
AJFC002,"Cervicothoracic or thoracic sympathectomy, by thoracoscopy",,,,Non-standard
AJFA003,"Cervicothoracic or thoracic sympathectomy, by thoracotomy",,,,Non-standard
JKHD001,Cervicovaginal harvest,,,,Non-standard
09.03.03.02,Cesarean delivery,,,,Non-standard
JQGA003,"Cesarean delivery during labor, laparotomy",,,,Non-standard
JQGA005,"Cesarean delivery, vaginal approach",,,,Non-standard
BAFA013,Chalazion resection,,,,Non-standard
FGRD002,Challenge test by ingestion of a fixed concentration allergen,,,,Non-standard
FGRD003,Challenge test by ingestion of an allergen administered in increasing concentration,,,,Non-standard
BGMA003,Change in scleral indentation for persistent retinal detachment,,,,Non-standard
HBKD396,Change of 1 facet of a removable dental prosthesis,,,,Non-standard
HBKD431,Change of 2 facets of a removable dental prosthesis,,,,Non-standard
HBKD300,Change of 3 facets of a removable dental prosthesis,,,,Non-standard
HBKD212,Change of 4 facets of a removable dental prosthesis,,,,Non-standard
HBKD462,Change of 5 facets of a removable dental prosthesis,,,,Non-standard
HBKD213,Change of 6 facets of a removable dental prosthesis,,,,Non-standard
HBKD140,Change of 7 facets of a removable dental prosthesis,,,,Non-standard
HMKE001,"Change of a biliary endoprosthesis, by eso-gastro-duodenoscopy",,,,Non-standard
HGKE001,"Change of a duodenal stent graft, by eso-gastro-duodenoscopy",,,,Non-standard
HFKE001,"Change of a gastrostomy or gastrojejunostomy tube, by eso-gastro-duodenoscopy",,,,Non-standard
HFKH001,"Change of a gastrostomy or gastrojejunostomy tube, externally with radiological guidance",,,,Non-standard
HFKD001,"Change of a gastrostomy tube, externally without guidance",,,,Non-standard
MEKA002,"Change of a humeral prosthesis and / or the glenoid part of a total scapulohumeral prosthesis, with bone reconstruction",,,,Non-standard
EQKA003,"Change of a mechanical ventricular circulatory assistance system, by thoracotomy without CEC",,,,Non-standard
EQKA002,"Change of a mechanical ventricular circulatory support system, by thoracotomy with CEC",,,,Non-standard
JHKA002,"Change of a testicular prosthesis, by inguinal approach",,,,Non-standard
NFKA002,"Change of a three-compartment knee prosthesis, with bone reconstruction",,,,Non-standard
NFKA001,"Change of a three-compartment knee prosthesis, without bone reconstruction",,,,Non-standard
MEKA001,Change of a total scapulohumeral prosthesis,,,,Non-standard
JCKH001,"Change of a ureteral stent with a nephrostomy already in place, with radiological guidance",,,,Non-standard
JCKE002,"Change of a ureteral stent, by retrograde endoscopy",,,,Non-standard
JEKE001,"Change of a urethral stent, by endoscopy",,,,Non-standard
ADKA001,"Change of a vagus nerve stimulation generator, by direct approach",,,,Non-standard
NEKA006,"Change of acetabular and femoral parts of a total hip prosthesis, with reconstruction and osteosynthesis of the acetabulum and / or femur",,,,Non-standard
NEKA002,"Change of acetabular or femoral part of a total hip replacement, with bone reconstruction of the acetabulum or femur",,,,Non-standard
JEKB006,"Change of adjustable periurethral sphincter prosthesis in men, transcutaneously with radiological guidance",,,,Non-standard
HFKA002,"Change of an adjustable perigastric ring for morbid obesity, by laparotomy",,,,Non-standard
ENFA005,"Change of an arterial bypass of a limb with thrombectomy of the arterial axis, by direct approach",,,,Non-standard
HKKA001,Change of an electrostimulator of the external sphincter muscle of the anus or of a plastic flap of this muscle,,,,Non-standard
HNKE001,"Change of an endoprosthesis of the pancreatic duct, by eso-gastro-duodenoscopy",,,,Non-standard
HEKE001,"Change of an esophageal stent, by endoscopy",,,,Non-standard
GKKD002,"Change of an esotracheal voice implant, without endoscopy",,,,Non-standard
AFKB001,Change of an intrathecal spinal catheter connected to a subcutaneous implanted diffuser system or pump,,,,Non-standard
08.02.03.03,Change of bladder catheter,,,,Non-standard
QEKA001,"Change of breast prosthetic implant, with capsulectomy",,,,Non-standard
QEKA002,"Change of breast prosthetic implant, without capsulectomy",,,,Non-standard
JEKA010,"Change of component or repressurization of a urinary sphincter prosthesis, by direct approach",,,,Non-standard
ZZKP001,"Change of drainage device, under general or regional anesthesia",,,,Non-standard
GKKE002,"Change of esotracheal voice implant, by endoscopy",,,,Non-standard
BFKA001,Change of material implanted in the anterior segment of the eye,,,,Non-standard
AHKA001,"Change of phrenic nerve stimulation electrode, by thoracotomy",,,,Non-standard
PAKB001,Change of plug or wire of an external fixator or external bone extension system,,,,Non-standard
HMKE002,"Change of several biliary endoprostheses, by eso-gastro-duodenoscopy",,,,Non-standard
NEKA007,"Change of the acetabular or femoral part of a total hip prosthesis, with bone reconstruction by compacted grafts without osteosynthesis",,,,Non-standard
NEKA005,"Change of the acetabular or femoral part of a total hip prosthesis, with osteosynthesis of the acetabulum or the femur",,,,Non-standard
JEKA005,"Change of the inflatable sleeve of a penile periurethral sphincter prosthesis or bulbomembranaceous [bulbomembranous], by direct approach",,,,Non-standard
JEKA007,"Change of the inflatable sleeve of a pericervical or periurethroprostatic urinary sphincter prosthesis in men, by laparotomy",,,,Non-standard
HFKA001,"Change or repositioning of the access device of an adjustable perigastric ring for morbid obesity, by direct approach",,,,Non-standard
CBKA001,Change or repositioning of the ossicular prosthesis after platinotomy or platinectomy,,,,Non-standard
HBKD244,Changing 8 facets of a removable dental prosthesis,,,,Non-standard
JDKD001,Changing a cystostomy tube,,,,Non-standard
MEKA003,Changing a humeral prosthesis for a total scapulohumeral prosthesis,,,,Non-standard
MEKA004,"Changing a humeral prosthesis or the glenoid part of a total scapulohumeral prosthesis, without bone reconstruction",,,,Non-standard
JHKA004,Changing a hydraulic penile prosthesis with extracavernous component,,,,Non-standard
JHKA003,Changing a hydraulic penile prosthesis without extracavernous component,,,,Non-standard
JAKD001,Changing a nephrostomy or pyelostomy tube,,,,Non-standard
HPKC014,"Changing a peritoneal dialysis catheter, by laparoscopy",,,,Non-standard
HPKA002,"Changing a peritoneal dialysis catheter, by laparotomy",,,,Non-standard
HPKB001,"Changing a peritoneal dialysis catheter, transcutaneously",,,,Non-standard
JCKD001,Changing a skin ureterostomy tube,,,,Non-standard
AAKA001,Changing a subcutaneous brain stimulation generator,,,,Non-standard
QZKA001,Changing a subcutaneous implanted diffuser system or pump without changing the epidural [epidural] or intrathecal spinal catheter,,,,Non-standard
AEKA001,Changing a subcutaneous spinal cord stimulation generator,,,,Non-standard
NFKA003,Changing a unicompartmental knee prosthesis,,,,Non-standard
JCKE001,"Changing a ureteral catheter, by retrograde endoscopy",,,,Non-standard
JDKD002,Changing a urethrovesical catheter,,,,Non-standard
HFKC001,"Changing an adjustable perigastric ring for morbid obesity, by laparoscopy",,,,Non-standard
AFKB002,Changing an epidural [epidural] catheter connected to a diffuser system or to a pump implanted subcutaneously,,,,Non-standard
DEKA002,Changing an implantable cardiac defibrillation subcutaneous generator,,,,Non-standard
DEKA001,Changing an implantable subcutaneous cardiac stimulation generator,,,,Non-standard
QZKA007,Changing an implanted diffuser system or subcutaneous pump,,,,Non-standard
BKKP003,"Changing an intraorbital implant, after enucleation or evisceration of the eye bulb [globe]",,,,Non-standard
JKKD001,Changing an intrauterine device,,,,Non-standard
NEKA022,Changing from a cervicocephalic femoral prosthesis to a total hip prosthesis,,,,Non-standard
NFKA005,Changing from a unicompartmental knee prosthesis to a three-compartment prosthesis,,,,Non-standard
NEKA004,Changing the acetabular insert of a total hip prosthesis,,,,Non-standard
NEKA009,"Changing the acetabular or femoral part of a total hip replacement, without bone reconstruction",,,,Non-standard
HBKD005,Changing the attachment device of a removable supra-implant dental prosthesis,,,,Non-standard
AHKA003,Changing the generator of an electrical stimulator to restore upper limb motor skills,,,,Non-standard
JEKA006,"Changing the inflatable cuff of a pericervical urinary sphincter prosthesis in women, by laparotomy",,,,Non-standard
GLKP001,Changing the inner lining of a nasal ventilation face mask,,,,Non-standard
NFKA004,Changing the insert of a unicompartmental or tricompartmental knee prosthesis,,,,Non-standard
HPKA001,"Changing the intraperitoneal catheter of a diffuser system implanted for intraperitoneal insulin therapy, by laparotomy",,,,Non-standard
EZKA001,Changing the membrane of an implanted vascular access site for cardiopulmonary bypass,,,,Non-standard
AJNH008,"Chemical destruction of the celiac plexus and / or the splanchnic chain, transcutaneously with CT guidance",,,,Non-standard
AJNJ001,"Chemical destruction of the celiac plexus and / or the splanchnic chain, transcutaneously with ultrasound guidance",,,,Non-standard
AJNH001,"Chemical destruction of the cervical or thoracic sympathetic chain, transcutaneously with CT guidance",,,,Non-standard
AJNH002,"Chemical destruction of the cervical or thoracic sympathetic chain, transcutaneously with radiological guidance",,,,Non-standard
AJNH006,"Chemical destruction of the hypogastric or sacral plexus, by the transcutaneous route with radiological guidance",,,,Non-standard
AJNH007,"Chemical destruction of the hypogastric or sacral plexus, transcutaneously with CT guidance",,,,Non-standard
AJNH004,"Chemical destruction of the lumbar sympathetic ganglion chain, transcutaneously with CT guidance",,,,Non-standard
AJNH003,"Chemical destruction of the lumbar sympathetic ganglion chain, transcutaneously with radiological guidance",,,,Non-standard
AJNH005,"Chemical destruction of the pterygopalatine ganglion, transcutaneously with radiological guidance",,,,Non-standard
FEJF005,Chemical purification session of lipoproteins [LDLapheresis] from plasma or whole blood,,,,Non-standard
PBLB002,Chemical synoviorthesis of a limb,,,,Non-standard
12.03.02,Chest wall collection evacuation,,,,Non-standard
ZBQK002,Chest x-ray,,,,Non-standard
LJQK002,Chest x-ray with x-ray of the thorax skeleton,,,,Non-standard
GCMA001,"Choan reconstruction by transpalatal approach, for unilateral or bilateral imperforation",,,,Non-standard
GCME001,"Choana plasty by nasal endoscopy with laser, for bilateral imperforation",,,,Non-standard
GCME002,"Choana plasty by nasal endoscopy with laser, for unilateral imperforation",,,,Non-standard
GCME003,"Choana plasty by nasal endoscopy without laser, for bilateral imperforation",,,,Non-standard
GCME004,"Choana plasty by nasal endoscopy without laser, for unilateral imperforation",,,,Non-standard
HMQH006,"Cholangiography, by injection of contrast medium into an external bile duct",,,,Non-standard
HMQH004,"Cholangiography, by injection of contrast product into the bile ducts transcutaneously, with ultrasound and / or radiological guidance",,,,Non-standard
HMQE001,Cholangioscopy through an external biliary drainage port already in place,,,,Non-standard
HMQH001,"Cholangioscopy, by mouth",,,,Non-standard
HMQG002,"Cholangioscopy, transcutaneously with ultrasound and / or radiological guidance",,,,Non-standard
07.04.10,Cholecystectomy,,,,Non-standard
HMFC003,"Cholecystectomy with choledochogastrostomy or choledochoduodenostomy, by laparoscopy",,,,Non-standard
HMFA002,"Cholecystectomy with choledochogastrostomy or choledochoduodenostomy, by laparotomy",,,,Non-standard
HMFC005,"Cholecystectomy with choledochojejunostomy, by laparoscopy",,,,Non-standard
HMFA001,"Cholecystectomy with choledochojejunostomy, by laparotomy",,,,Non-standard
HMFC002,"Cholecystectomy with stone removal of the main bile duct by choledochotomy, by laparoscopy",,,,Non-standard
HMFA008,"Cholecystectomy with stone removal of the main bile duct by choledochotomy, by laparotomy",,,,Non-standard
HMFA004,"Cholecystectomy with transcystic ablation of calculus of the main bile duct, by laparotomy",,,,Non-standard
HMFC001,"Cholecystectomy with transcystic calculus removal of the main bile duct, by laparoscopy",,,,Non-standard
HMFC004,"Cholecystectomy, by laparoscopy",,,,Non-standard
HMFA007,"Cholecystectomy, by laparotomy",,,,Non-standard
HMCA001,"Cholecystoduodenostomy for atresia of extrahepatic bile ducts, by laparotomy",,,,Non-standard
HMCA010,"Cholecystogastrostomy or cholecystoduodenostomy with gastrojejunostomy, by laparotomy",,,,Non-standard
HMCC003,"Cholecystogastrostomy or cholecystoduodenostomy, by laparoscopy",,,,Non-standard
HMCA003,"Cholecystogastrostomy or cholecystoduodenostomy, by laparotomy",,,,Non-standard
HMCA011,"Cholecystojejunostomy, by laparotomy",,,,Non-standard
07.04.01,Cholecystostomy,,,,Non-standard
HMCH001,"Cholecystostomy, transcutaneously with ultrasound and / or radiological guidance",,,,Non-standard
HMCC013,"Choledochoduodenostomy with gastrojejunostomy, by laparoscopy",,,,Non-standard
HMCA004,"Choledochoduodenostomy with gastrojejunostomy, by laparotomy",,,,Non-standard
HMCC002,"Choledochoduodenostomy, by laparoscopy",,,,Non-standard
HMCA002,"Choledochoduodenostomy, by laparotomy",,,,Non-standard
HMCC001,"Choledochojejunostomy, by laparoscopy",,,,Non-standard
HMCA006,"Choledochojejunostomy, by laparotomy",,,,Non-standard
CBFA005,"Cholesteatoma resection limited to the tympanic cavum, without antroattical exploration",,,,Non-standard
CBFA002,Cholesteatoma resection with closed technique tympanoplasty and ossiculoplasty,,,,Non-standard
CBFA003,Cholesteatoma resection with open technique tympanoplasty and ossiculoplasty,,,,Non-standard
CBFA006,Cholesteatoma resection with tympanoplasty in closed technique,,,,Non-standard
CBFA007,Cholesteatoma resection with tympanoplasty in open technique,,,,Non-standard
JPHB001,Choriocentesis or placentocentesis,,,,Non-standard
BGNP003,"Chorioretinal lesion destruction session by photocoagulation with laser, using contact lens",,,,Non-standard
BGNP007,"Chorioretinal lesion destruction session by photocoagulation with laser, using indirect ophthalmoscope",,,,Non-standard
BGNP004,Chorioretinal lesion destruction session by transpupillary photocoagulation with laser,,,,Non-standard
BGNP002,Chorioretinal lesion destruction session by transscleral cryoapplication,,,,Non-standard
BGNP008,"Chorioretinal photocoagulation session of the posterior pole, with argon or diode laser",,,,Non-standard
BGNP001,"Chorioretinal photocoagulation session of the posterior pole, with monochromatic laser or dye laser",,,,Non-standard
BGHB002,Choroid puncture,,,,Non-standard
BGJB001,"Choroidal collection evacuation, transscleral",,,,Non-standard
02.04.05.04,Choroidal lesion excision,,,,Non-standard
BGFA007,Choroidal tumor resection with iridocyclectomy,,,,Non-standard
BGFA004,Choroidal tumor resection without iridocyclectomy,,,,Non-standard
BEFA004,Ciliary body lesion excision,,,,Non-standard
QBFA003,Circular total abdominal dermolipectomy,,,,Non-standard
HDFA010,Circular total pharyngolaryngectomy,,,,Non-standard
HDFA001,Circular total pharyngolaryngectomy with restoration of continuity by free jejunum transplant,,,,Non-standard
HDFA006,Circular total pharyngolaryngectomy with restoration of continuity by retrosternal coloplasty,,,,Non-standard
4,CIRCULATORY APPARATUS,,,,Non-standard
04.07,CIRCULATORY ASSISTANCE,,,,Non-standard
04.01.07,Circulatory system scintigraphy,,,,Non-standard
HJFA008,"Circumferential resection of the mucosa of a rectal prolapse and plication of the muscularis, by perineal approach",,,,Non-standard
HJFA009,"Circumferential resection of the mucosa of a rectal prolapse and plication of the muscularis, with reduction of hedrocele by perineal approach",,,,Non-standard
13.02.02.04,Clavicle excision,,,,Non-standard
MACA004,Clavicle fracture osteosynthesis by external fixator,,,,Non-standard
MACB001,"Clavicle fracture osteosynthesis by wire, closed focus",,,,Non-standard
MACA001,"Clavicle fracture osteosynthesis, open focus",,,,Non-standard
13.02.02.02,Clavicle osteosynthesis,,,,Non-standard
13.02.02.03,Clavicle osteotomy,,,,Non-standard
14.03.02.04,Cleaning of the coxofemoral [Debridement] joint,,,,Non-standard
NEJC001,"Cleaning of the coxofemoral joint, by arthroscopy",,,,Non-standard
NEJA001,"Cleaning of the coxofemoral joint, by arthrotomy",,,,Non-standard
MFJC001,"Cleaning of the elbow joint, by arthroscopy",,,,Non-standard
MFJA001,"Cleaning of the elbow joint, by arthrotomy",,,,Non-standard
NFJA001,"Cleaning of the knee joint, by arthrotomy",,,,Non-standard
13.03.02.04,Cleaning of the scapulohumeral [Debridement] joint,,,,Non-standard
MEJC001,"Cleaning of the scapulohumeral joint, by arthroscopy",,,,Non-standard
MEJA001,"Cleaning of the scapulohumeral joint, by arthrotomy",,,,Non-standard
NGJC001,"Cleaning of the tibiotalar joint, by arthroscopy",,,,Non-standard
NGJA001,"Cleaning of the tibiotalar joint, by arthrotomy",,,,Non-standard
MGJC001,"Cleaning of the wrist joints, by arthroscopy",,,,Non-standard
MGJA001,"Cleaning of the wrist joints, by arthrotomy",,,,Non-standard
NFJC001,"Cleaning the knee joint, by arthroscopy",,,,Non-standard
GDPE001,"Clear laryngeal obstruction, by direct laryngoscopy with laser",,,,Non-standard
06.02.05.01,Clearance and destruction of lesion of the larynx,,,,Non-standard
HPPP002,Clearance of a peritoneal dialysis catheter,,,,Non-standard
DGPA014,"Clearance of a thoracic aortic prosthesis, by thoracotomy",,,,Non-standard
04.03.16.02,Clearance of arterial bypass limb,,,,Non-standard
04.05.08.04,Clearance of arteriovenous vascular access,,,,Non-standard
EZPA001,"Clearance of arteriovenous vascular access, by direct approach",,,,Non-standard
04.03.12.03,Clearance of digestive arteries,,,,Non-standard
EPPP002,Clearance of implantable site or central venous tunnel tunneled by thrombolytic agent,,,,Non-standard
07.02.02.09,Clearance of retained or impacted tooth,,,,Non-standard
04.03.11.03,Clearance of the abdominal aorta and the common iliac and external iliac arteries,,,,Non-standard
DGPF001,"Clearance of the aortic bifurcation, via the transcutaneous arterial route",,,,Non-standard
04.04.04.03,Clearance of the inferior vena cava,,,,Non-standard
04.03.02.02,Clearance of the pulmonary artery,,,,Non-standard
HGPH001,"Clearance of the small intestine by intestinal enema for meconium ileus, with radiological control",,,,Non-standard
HGPA006,"Clearance of the small intestine for meconium ileus, by laparotomy",,,,Non-standard
DHPA001,"Clearance of the superior vena cava, by thoracotomy",,,,Non-standard
03.01.01.05,Clinical and instrumental vestibular examination,,,,Non-standard
ZCQD001,"Clinical examination of the female small pelvis [pelvis] and perineum, under general anesthesia",,,,Non-standard
JMMA004,Clitoral reduction surgery,,,,Non-standard
MCCB003,Closed focus osteosynthesis of the diaphysis of a forearm bone,,,,Non-standard
MCCB007,Closed focus osteosynthesis of the diaphysis of the 2 bones of the forearm,,,,Non-standard
NDCB003,Closed-focus osteosynthesis of a metatarsal or toe phalanx,,,,Non-standard
NDCB002,Closed-focus osteosynthesis of several bones in the forefoot,,,,Non-standard
MACB002,Closed-focus scapular fracture osteosynthesis,,,,Non-standard
LMSA004,Closing a laparostomy,,,,Non-standard
JDSA001,"Closure of a bladder exstrophy with elongation of the urethra in girls, with osteotomy of the pelvis",,,,Non-standard
JDSA004,"Closure of a bladder exstrophy with elongation of the urethra in girls, without pelvic osteotomy",,,,Non-standard
JDSA009,"Closure of a bladder exstrophy with lengthening of the penis, with osteotomy of the pelvis",,,,Non-standard
JDSA007,"Closure of a bladder exstrophy with penis lengthening and unilateral or bilateral groin hernia repair, without pelvic osteotomy",,,,Non-standard
JDSA003,"Closure of a bladder exstrophy with penis lengthening, without pelvic osteotomy",,,,Non-standard
HASA002,Closure of a bucconasal fistula after an orofacial cleft by local plasty,,,,Non-standard
HASA003,Closure of a bucconasal fistula after an orofacial cleft by locoregional plasty or tongue flap,,,,Non-standard
ABSA009,"Closure of a cerebrospinal fluid fistula or postoperative meningocele of the cranial vault, by craniotomy",,,,Non-standard
AFSA003,Closure of a cerebrospinal fluid fistula or postoperative spinal meningocele,,,,Non-standard
HESA002,Closure of a congenital esotracheal fistula without esophageal atresia by cervicotomy and thoracotomy,,,,Non-standard
HESA006,"Closure of a congenital esotracheal fistula without esophageal atresia, by cervicotomy",,,,Non-standard
GDSA001,Closure of a congenital laryngeal diastema,,,,Non-standard
GDSA002,Closure of a congenital laryngotracheal diastema,,,,Non-standard
GDSA004,Closure of a congenital laryngotracheopharyngophageal cleft by cervicotomy,,,,Non-standard
GDSA003,Closure of a congenital laryngotracheopharyngophageal cleft by cervicotomy and thoracotomy,,,,Non-standard
HASA011,"Closure of a congenital macrostomy of 3 cm or more, with reconstruction of the labial commissure",,,,Non-standard
HASA024,"Closure of a congenital macrostomy of less than 3 cm, with reconstruction of the labial commissure",,,,Non-standard
EZSA005,"Closure of a congenital truncal arteriovenous communication [of a congenital truncal arteriovenous shunt], by direct approach",,,,Non-standard
DBSF001,"Closure of a dehiscence by disinsertion of an orificial cardiac prosthesis, by transcutaneous vascular route",,,,Non-standard
DASF002,"Closure of a dehiscence of an intraatrial partition prosthesis, via the transcutaneous vascular route",,,,Non-standard
EZSA003,"Closure of a false aneurysm of an arteriovenous vascular access with reconstruction of the vascular axes, by direct approach",,,,Non-standard
EZSM001,"Closure of a false aneurysm or arteriovenous fistula, by transdermal compression with ultrasound guidance",,,,Non-standard
LJSA001,Closure of a parietal disunity of a lateral thoracotomy,,,,Non-standard
DASF005,"Closure of a patent foramen ovale, via the transcutaneous venous route",,,,Non-standard
ABSA008,Closure of a postoperative cerebrospinal fluid fistula from the base of the skull,,,,Non-standard
DASA006,"Closure of a ruptured cardiac interventricular septum, by thoracotomy with CEC",,,,Non-standard
AFSA002,"Closure of a spina bifida with meningocele, by posterior approach",,,,Non-standard
AFSA001,"Closure of a spina bifida with myelomeningocele, by posterior approach",,,,Non-standard
EMSA001,"Closure of a traumatic arteriovenous fistula of the lower limb with vascular reconstruction, by direct approach",,,,Non-standard
EMSA002,"Closure of a traumatic arteriovenous fistula of the lower limb without vascular reconstruction, by direct approach",,,,Non-standard
LMSA002,"Closure of abdominal evisceration, by direct approach",,,,Non-standard
HESA001,"Closure of acquired esotracheal fistula, by cervicotomy",,,,Non-standard
JCSA002,"Closure of acquired uretero-uterine fistula, by direct approach",,,,Non-standard
JCSA001,"Closure of acquired ureterodigestive fistula, by direct approach",,,,Non-standard
JCSA005,"Closure of acquired ureterovesical fistula, by direct approach",,,,Non-standard
JDSA005,"Closure of acquired vesico-uterine fistula, by laparotomy",,,,Non-standard
JDSA011,"Closure of acquired vesicodigestive fistula, by laparotomy",,,,Non-standard
JDSA002,Closure of acquired vesicovaginal fistula by laparotomy,,,,Non-standard
JDSC024,"Closure of acquired vesicovaginal fistula, by laparoscopy",,,,Non-standard
JDSA006,"Closure of acquired vesicovaginal fistula, by vaginal approach",,,,Non-standard
HESA004,Closure of an acquired esotracheal fistula by cervicothoracotomy or thoracotomy,,,,Non-standard
HESA007,"Closure of an acquired esotracheal fistula with resection of the trachea, by cervicothoracotomy or by thoracotomy",,,,Non-standard
HESA008,"Closure of an acquired esotracheal fistula with resection-anastomosis of the trachea, by cervicotomy",,,,Non-standard
HJSA001,Closure of an acquired high rectovaginal or colovaginal fistula by laparotomy,,,,Non-standard
DGSA003,"Closure of an aortopulmonary [fistula] window, by thoracotomy with CEC",,,,Non-standard
DASA008,"Closure of an atrioventricular communication with gesture on the interventricular septum, by thoracotomy with CEC",,,,Non-standard
DASA002,"Closure of an atrioventricular communication without gesture on the interventricular septum, by thoracotomy with CEC",,,,Non-standard
DASA013,"Closure of an atrioventricular communication, with gesture on the interventricular septum and correction of a stenosis of the pulmonary tract, by thoracotomy with CEC",,,,Non-standard
HASA013,"Closure of an buccosinus and / or bucconasal communication by palatal flap, by intraoral approach",,,,Non-standard
HASA025,"Closure of an buccosinus communication by flap of transposition of the fatty body of the cheek, by intraoral approach",,,,Non-standard
HASA018,"Closure of an buccosinus communication by vestibulojugal sliding flap, by intraoral approach",,,,Non-standard
HASA005,Closure of an inferior medial cleft lip,,,,Non-standard
DASF004,"Closure of an interatrial communication, via the transcutaneous venous route",,,,Non-standard
DASA004,"Closure of an interventricular communication for atrioventricular discordance and transposition or malposition of the great vessels, by thoracotomy with CEC",,,,Non-standard
DASA007,"Closure of an interventricular communication with correction of a stenosis of the horizontal thoracic aorta and / or aortic isthmus, with commissurotomy or pulmonary valvectomy, by thoracotomy with CEC",,,,Non-standard
DASA009,"Closure of an interventricular communication with correction of a stenosis of the horizontal thoracic aorta and / or the aortic isthmus, by thoracotomy with CEC",,,,Non-standard
DASA001,"Closure of an interventricular communication with insertion of an extracardiac duct, by thoracotomy with CEC",,,,Non-standard
DASA014,"Closure of an interventricular communication with intraventricular cardiac muscle resection, by thoracotomy with CEC",,,,Non-standard
DASA012,"Closure of an interventricular communication without insertion of an extracardiac duct, by thoracotomy with CEC",,,,Non-standard
LMSA001,Closure of an omphalocele or laparoschisis in one step,,,,Non-standard
ABSA003,"Closure of an osteodural breach in the frontal sinus, by coronal approach",,,,Non-standard
ABSA001,"Closure of an osteodural breach in the mid-level of the base of the skull, by craniotomy",,,,Non-standard
ABSA006,"Closure of an osteodural breach in the mid-level of the base of the skull, by suprapetrous approach",,,,Non-standard
ABSA004,"Closure of an osteodural breach in the middle level of the base of the skull, by mastoid-attical approach",,,,Non-standard
ABSA002,"Closure of an osteodural breach in the middle level of the base of the skull, by translabyrinthine approach",,,,Non-standard
ABSA010,"Closure of an osteodural breach or meningocele in the anterior level of the base of the skull, by paralateronasal approach",,,,Non-standard
ABSA007,"Closure of an osteodural breach or meningocele of the anterior level of the base of the skull, by craniotomy",,,,Non-standard
ABSA012,"Closure of an osteodural breach or meningocele of the anterior level of the base of the skull, by endoscopy",,,,Non-standard
ABSA005,"Closure of an osteodural breach or meningocele of the anterior level of the base of the skull, by orbital approach",,,,Non-standard
ABSA011,"Closure of an osteodural breach or of a meningocele of the anterior level of the base of the skull, by nasosphenoid approach",,,,Non-standard
HASA021,Closure of an upper median cleft lip,,,,Non-standard
DGSA004,"Closure of aortodigestive or iliodigestive fistula with abdominal aortoortic bypass, by laparotomy",,,,Non-standard
DGSA001,"Closure of aortodigestive or iliodigestive fistula with non-anatomical bypass of the abdominal aorta, by direct approach",,,,Non-standard
DGSA002,"Closure of arteriovenous aortocave, iliocave or ilioiliac fistula with arterial bypass, by laparotomy",,,,Non-standard
EZSA001,"Closure of arteriovenous vascular access, by direct approach",,,,Non-standard
HASA009,"Closure of buccosinus and / or bucconasal communication by temporal muscle flap, intraoral and facial approach",,,,Non-standard
01.02.04.04,Closure of cerebrospinal fluid [CSF] fistula and cranial meningocele,,,,Non-standard
HESA005,"Closure of cutaneous fistula in the esophagus, by cervicotomy",,,,Non-standard
HESA010,"Closure of esotracheal fistula after voice implant, by cervicotomy",,,,Non-standard
HESA009,"Closure of esotracheal fistula from esophageal atresia, by thoracotomy",,,,Non-standard
LMSA005,Closure of hypoplastic or aplastic anterior abdominal wall by musculoaponeurotic plasty,,,,Non-standard
DASA003,"Closure of interatrial communication, by thoracotomy with CEC",,,,Non-standard
DASA011,Closure of multiple interventricular communications by thoracotomy with CEC,,,,Non-standard
DASA010,"Closure of multiple interventricular communications, with intraventricular cardiac muscle resection, by thoracotomy with CEC",,,,Non-standard
DASF001,"Closure of the arterial duct, by transcutaneous vascular route",,,,Non-standard
DASF074,Closure of the left atrial appendix [auricle] by device via the transcutaneous venous route and the transseptal route with ultrasound-Doppler guidance through the transesophageal route,,,,Non-standard
JLSD001,Closure of the vagina,,,,Non-standard
EKSA001,"Closure of traumatic arteriovenous fistula of the upper limb with reconstruction of the arterial axis, by direct approach",,,,Non-standard
EKSA002,"Closure of traumatic arteriovenous fistula of the upper limb without vascular reconstruction, by direct approach",,,,Non-standard
JESA004,"Closure of urethro-prostato-rectal fistula, by laparotomy",,,,Non-standard
JESA001,"Closure of urethro-prostato-rectal fistula, by perineal approach",,,,Non-standard
JESA005,"Closure of urethro-prostato-rectal fistula, by transsphincteric anal approach",,,,Non-standard
GDNE001,"Coagulation of edema of the larynx, by direct laryngoscopy with laser",,,,Non-standard
GDNE004,"Coagulation of edema of the larynx, by direct laryngoscopy without laser",,,,Non-standard
EABA001,"Coating of an intracranial arterial aneurysm, by craniotomy",,,,Non-standard
LGFA005,Coccyx resection,,,,Non-standard
03.04.02,Cochlear implants,,,,Non-standard
ALQP006,Cognitive deficit assessment test,,,,Non-standard
07.03.06.10,Colectomy,,,,Non-standard
JKHD002,"Collection and examination of cervical mucus, without examination of sperm motility",,,,Non-standard
QAJH003,"Collection drainage from the face, transcutaneously with CT guidance",,,,Non-standard
QAJH002,"Collection drainage from the face, transcutaneously with radiological guidance",,,,Non-standard
ZZJJ005,"Collection drainage of a deep organ, intracavitary with ultrasound guidance",,,,Non-standard
ZZJJ006,"Collection drainage of a deep organ, transcutaneously with remnographic guidance [MRI]",,,,Non-standard
QEJH002,"Collection drainage of the mammary gland, transcutaneously with ultrasound and / or radiological guidance",,,,Non-standard
17.03.02,"Collection drainage, without topographic precision",,,,Non-standard
BEJB001,"Collection evacuation from the anterior chamber of the eye, transscleral or transcorneal with automated suction-irrigation",,,,Non-standard
BEJB002,"Collection evacuation from the anterior chamber of the eye, transscleral or transcorneal without automated suction-irrigation",,,,Non-standard
JQJB001,Collection evacuation of a fetal organ,,,,Non-standard
16.03.01,Collection evacuation of skin and soft tissue,,,,Non-standard
14.03.04.02,Collection evacuation of the ankle joint,,,,Non-standard
JJJC001,"Collection evacuation of the appendix or broad ligament, by laparoscopy",,,,Non-standard
JJJA001,"Collection evacuation of the appendix or broad ligament, by laparotomy",,,,Non-standard
HAJD004,Collection evacuation of the base of the tongue,,,,Non-standard
14.03.02.01,Collection evacuation of the coxofemoral joint,,,,Non-standard
NEJA002,"Collection evacuation of the coxofemoral joint, by arthrotomy",,,,Non-standard
NEJB001,"Collection evacuation of the coxofemoral joint, transcutaneously",,,,Non-standard
GBJA002,"Collection evacuation of the frontal sinus, by direct approach",,,,Non-standard
16.06.01,Collection evacuation of the mammary gland,,,,Non-standard
QEJA001,"Collection evacuation of the mammary gland, by direct approach",,,,Non-standard
QEJH001,"Collection evacuation of the mammary gland, transcutaneously with ultrasound and / or radiological guidance",,,,Non-standard
QEJB001,"Collection evacuation of the mammary gland, transcutaneously without guidance",,,,Non-standard
LCJA002,"Collection evacuation of the masticatory muscles region, by intraoral approach and by facial approach",,,,Non-standard
GBJD002,"Collection evacuation of the maxillary sinus, via the inferior meatus",,,,Non-standard
GHJA001,"Collection evacuation of the mediastinum, by cervicotomy",,,,Non-standard
GHJA002,"Collection evacuation of the mediastinum, by thoracotomy",,,,Non-standard
GAJA001,Collection evacuation of the nasal septum,,,,Non-standard
07.02.08.01,Collection evacuation of the pharynx,,,,Non-standard
GGJA004,"Collection evacuation of the pleural cavity with rib resection, by thoracotomy",,,,Non-standard
GGJA002,"Collection evacuation of the pleural cavity, by thoracotomy",,,,Non-standard
GBJE002,"Collection evacuation of the sphenoid sinus, by direct or transethmoidal endoscopy",,,,Non-standard
01.03.02.03,Collection evacuation of the spinal meninges,,,,Non-standard
KCJA001,"Collection evacuation of the thyroid compartment, by cervicotomy",,,,Non-standard
10.02.03.01,Collection evacuation of the thyroid gland,,,,Non-standard
08.04.01.01,Collection evacuation of the uterine appendages,,,,Non-standard
08.04.04.01,Collection evacuation of the vagina,,,,Non-standard
NEJA003,"Collection evacuation or synovectomy of the sacroiliac joint, by arthrotomy",,,,Non-standard
17.03.01,"Collection evacuation, without topographic precision",,,,Non-standard
CAPA001,Collection incision of the external acoustic meatus,,,,Non-standard
HNFA009,Collection of a pancreatic graft from a subject in a state of brain death,,,,Non-standard
JQHF002,"Collection of blood from a fetus, by puncture of the umbilical cord [Cordocentesis]",,,,Non-standard
JQHF001,"Collection of blood from several fetuses, by puncture of the umbilical cord [Cordocentesis]",,,,Non-standard
FEFF002,"Collection of haematopoietic stem cells from blood by apheresis, for cell therapy",,,,Non-standard
JJFJ001,"Collection of oocytes from one or two ovaries, transvaginally with ultrasound guidance",,,,Non-standard
YYYY027,"Collection of spermatozoa from the testis, epididymis or vas deferens, by direct approach",,,,Non-standard
JGFA016,"Collection resection or marsupialization of the prostate or urethral diverticulum, by urethrocystoscopy",,,,Non-standard
HHNE003,"Colon and / or rectal lesion destruction session with laser, rectosigmoidoscopy or partial colonoscopy",,,,Non-standard
HHNE001,"Colon and / or rectal lesion destruction session without laser, by total colonoscopy",,,,Non-standard
07.03.06.08,Colon bypass,,,,Non-standard
07.03.06.02,Colon dilation and stent grafting,,,,Non-standard
HHQJ002,Colon echendoscopy without biopsy,,,,Non-standard
HHJE001,"Colon exsufflation, by endoscopy",,,,Non-standard
07.03.06.05,Colon lesion endoscopic hemostasis,,,,Non-standard
HHSE003,"Colon lesion hemostasis with laser, by total colonoscopy",,,,Non-standard
HHSE001,"Colon lesion hemostasis with laser, rectosigmoidoscopy or partial colonoscopy",,,,Non-standard
HHSE002,"Colon lesion hemostasis without laser, by total colonoscopy",,,,Non-standard
HHSE004,"Colon lesion hemostasis without laser, rectosigmoidoscopy or partial colonoscopy",,,,Non-standard
HHGE010,"Colon stent graft removal, by colonoscopy",,,,Non-standard
07.03.06.06,Colon wound suture,,,,Non-standard
HHFC001,"Colonic polyp resection by colonoscopy, with laparoscopic control",,,,Non-standard
07.03.06.07,Colostomy,,,,Non-standard
07.03.06.09,Colotomy,,,,Non-standard
HHPC002,"Colotomy for therapeutic purposes, by laparoscopy",,,,Non-standard
HHPA001,"Colotomy for therapeutic purposes, by laparotomy",,,,Non-standard
08.04.04.04,Colpoperineorrhaphy,,,,Non-standard
JLQE002,Colposcopy,,,,Non-standard
08.04.04.03,Colposuspension [Suspension of the vagina],,,,Non-standard
JKFA019,"Colpotracheectomy [Colpocervicectomy] extended to the parameters, by laparotomy",,,,Non-standard
JKFA030,"Colpotrachelectomy [Colpocervicectomy] extended to parameters, by vaginal approach",,,,Non-standard
LAEA009,"Combined advancement of the forehead and the face [Frontofacial monoblock], with distractor placement",,,,Non-standard
LAEA004,"Combined advancement of the forehead and the face [Frontofacial monoblock], without placing a distractor",,,,Non-standard
04.03.04.03,Common carotid artery disobstruction,,,,Non-standard
04.03.04.07,Common carotid artery occlusion,,,,Non-standard
04.03.04.06,Common carotid artery resection-anastomosis,,,,Non-standard
04.03.04.01,Common carotid artery wound suture,,,,Non-standard
EBCA009,"Common carotid artery wound suture, by cervicotomy",,,,Non-standard
EBCA003,"Common carotid artery wound suture, by cervicotomy and thoracotomy",,,,Non-standard
PAQK001,Comparative x-ray of the mating cartilage of the long bones of the limbs,,,,Non-standard
18.02,COMPLEMENTARY ACTIONS,,,,Non-standard
18.02.06.01,Complementary actions during functional respiratory exploration,,,,Non-standard
18.02.04,Complementary actions on the circulatory system,,,,Non-standard
18.02.07,Complementary actions on the digestive system,,,,Non-standard
18.02.10,Complementary actions on the endocrine glands,,,,Non-standard
18.02.02,Complementary actions on the eye and its appendages,,,,Non-standard
18.02.05,Complementary actions on the immune and hematopoietic systems,,,,Non-standard
18.02.16,Complementary actions on the integumentary system,,,,Non-standard
18.02.01,Complementary actions on the nervous system,,,,Non-standard
18.02.11,Complementary actions on the osteoarticular and muscular apparatus of the head,,,,Non-standard
18.02.14,Complementary actions on the osteoarticular and muscular apparatus of the lower limb,,,,Non-standard
18.02.12,Complementary actions on the osteoarticular and muscular apparatus of the neck and trunk,,,,Non-standard
18.02.13,Complementary actions on the osteoarticular and muscular apparatus of the upper limb,,,,Non-standard
18.02.15,"Complementary actions on the osteoarticular and muscular apparatus, without topographic precision",,,,Non-standard
18.02.06,Complementary actions on the respiratory system,,,,Non-standard
18.02.08,Complementary actions on the urinary and genital tract,,,,Non-standard
18,COMPLEMENTARY ANESTHESES AND COMPLEMENTARY ACTIONS,,,,Non-standard
ZZLP025,Complementary general or locoregional anesthesia level 1,,,,Non-standard
ZZLP030,Complementary general or locoregional anesthesia level 2,,,,Non-standard
ZZLP054,Complementary general or locoregional anesthesia level 3,,,,Non-standard
ZZLP042,Complementary general or locoregional anesthesia level 4,,,,Non-standard
ZZLP008,Complementary general or locoregional anesthesia level 5,,,,Non-standard
ZZLP012,Complementary general or locoregional anesthesia level 6,,,,Non-standard
18.02.03,Complementary gestures on the ear,,,,Non-standard
BGFA008,"Complementary mechanical vitrectomy, by anterior approach",,,,Non-standard
18.02.07.05,Complementary procedures on teeth and dental arches,,,,Non-standard
18.02.09,Complementary procedures related to pregnancy and childbirth,,,,Non-standard
EPCA003,Complementary suture of a drainage vein on a pedicled flap,,,,Non-standard
ZZQL007,Complementary tomoscintigraphy of a planar image,,,,Non-standard
NAFA006,"Complete """"en bloc"""" resection of the iliac wing or obturator frame interrupting the continuity of the pelvic ring",,,,Non-standard
MZFA001,Complete amputation of a radius of the hand,,,,Non-standard
MZFA003,Complete amputation of several rays of the hand,,,,Non-standard
NHDA008,"Complete arthrodesis of the mediotarse, by arthrotomy",,,,Non-standard
FCFA013,Complete bilateral cervical lymphonodal [lymph node] dissection by cervicotomy,,,,Non-standard
HASA010,"Complete bilateral closure of a labio-maxillo-palatine cleft, in one step [Bilateral cheilo-rhino-urano-staphylorrhaphy for orofacial cleft]",,,,Non-standard
HAMA017,Complete bilateral primary correction of a labioalveolar or labiomaxillary cleft,,,,Non-standard
FCFA009,"Complete cervical lymphonodal [lymph node] dissection and bilateral mediastinorecurrent, by cervicotomy",,,,Non-standard
FCFA005,"Complete cervical lymphonodal [lymph node] dissection and unilateral mediastinorecurrent, by cervicotomy",,,,Non-standard
JEKA002,"Complete change of a penile periurethral urinary sphincter prosthesis or bulbomembranaceous [bulbomembranous], by direct approach",,,,Non-standard
JEKA008,"Complete change of a pericervical or periurethroprostatic urinary sphincter prosthesis in men, by laparotomy",,,,Non-standard
JEKA009,"Complete change of a pericervical urinary sphincter prosthesis in women, by laparotomy",,,,Non-standard
PAKB002,Complete change of an external progressive bone lengthening system,,,,Non-standard
AHPA026,"Complete denervation of the wrist, by direct approach",,,,Non-standard
DEPF006,"Complete disruption of the nodal tissue of the atrioventricular junction with radiofrequency current, transcutaneous venous",,,,Non-standard
HHQE003,"Complete exploration of the colon after right colectomy, by endoscopy",,,,Non-standard
DEPF005,"Complete interruption of an accessory cardiac conduction pathway with radiofrequency current, transcutaneously vascular",,,,Non-standard
DEPF014,"Complete interruption of an arrhythmogenic circuit outside the cavotricuspid isthmus with radiofrequency current, by the transcutaneous venous route and the transseptal route",,,,Non-standard
DEPF025,"Complete interruption of an arrhythmogenic circuit outside the cavotricuspid isthmus with radiofrequency current, via the transcutaneous venous route",,,,Non-standard
DEPF012,"Complete interruption of arrhythmogenic circuit at the level of the cavotricuspid isthmus with radiofrequency current or cryotherapy, via the transcutaneous venous route",,,,Non-standard
DEPF004,"Complete interruption of several accessory cardiac conduction pathways with radiofrequency current, transcutaneously vascular",,,,Non-standard
DEPF033,"Complete interruption of the arrhythmogenic circuit at the level of the ostium of the pulmonary veins with radiofrequency current or cryotherapy, by the transcutaneous venous route and the transseptal route",,,,Non-standard
NAFA003,"Complete partial or total """"en bloc"""" resection of a coxal bone [hemibassin] removing the acetabulum",,,,Non-standard
MDFA007,"Complete resection of a phalanx of the thumb with restoration of continuity, for triphalangia",,,,Non-standard
HHFA027,"Complete resection of exteriorized colorectal prolapse, with coloanal anastomosis and pelvic floor myorrhaphy",,,,Non-standard
FCFA008,Complete unilateral cervical lymphonodal [lymph node] dissection by cervicotomy,,,,Non-standard
FCFA027,"Complete unilateral cervical lymphonodal [lymph node] dissection, enlarged to deep muscles and / or nerves in the neck, external carotid artery, parotid gland, by cervicotomy",,,,Non-standard
HASA007,"Complete unilateral closure of a labio-maxillo-palatine cleft, in one step [Unilateral cheilo-rhino-urano-staphylorrhaphy for orofacial cleft]",,,,Non-standard
FCFA025,"Complete unilateral lymphonodal [lymph node] dissection with partial contralateral dissection, by cervicotomy",,,,Non-standard
HAMA006,Complete unilateral primary correction of a labioalveolar or labiomaxillary cleft,,,,Non-standard
YYYY024,"Complete venous radiological assessment of the lower limbs for complex venous pathology requiring several approaches, possible tourniquets and x-rays in different positions",,,,Non-standard
14.04.04,Complex correction of vicious lower limb attitude,,,,Non-standard
MCPA007,Complex osteotomy of the diaphysis of the 2 bones of the forearm,,,,Non-standard
NBPA010,Complex osteotomy of the distal end of the femur,,,,Non-standard
NCPA014,Complex osteotomy of the proximal end of the tibia,,,,Non-standard
MCPA006,Complex osteotomy of the shaft of a forearm bone,,,,Non-standard
NBPA011,Complex osteotomy of the shaft of the femur,,,,Non-standard
MCPA004,Complex osteotomy of the shaft of the radius and / or ulna with resection of acquired radio-ulnar synostosis,,,,Non-standard
MBPA003,Complex osteotomy of the shaft or distal end of the humerus,,,,Non-standard
NCPA016,Complex osteotomy of the tibial shaft,,,,Non-standard
ZZQL017,Complex quantification of a scintigraphic study apart from thyroid gland examination or cortical renal scintigraphy,,,,Non-standard
BLQP016,Computer-assisted exploration of the chromatic sense [color vision] with recording and measurements,,,,Non-standard
ACQP002,Computer-assisted nerve and / or bone structure identification and intraoperative guidance [Navigation],,,,Non-standard
GKQP006,Computerized acoustic analysis of speech,,,,Non-standard
GKQP001,Computerized acoustic analysis of the voice,,,,Non-standard
GKQP011,Computerized aerodynamic analysis of phonation,,,,Non-standard
GKQP008,Computerized analysis of speech and / or voice by electroglottography,,,,Non-standard
HQQP001,Computerized swallowing analysis,,,,Non-standard
DZQJ900,"Computerized three-dimensional rendering of cardiac structures and flows, during ultrasound of the heart and intrathoracic vessels",,,,Non-standard
EZQJ900,"Computerized three-dimensional reproduction, during a Doppler ultrasound of peripheral vessels",,,,Non-standard
DEQP008,"Computerized three-dimensional restitution of cardiac electrophysiological activity [Three-dimensional cardiac cartography], during an intervention on the cardionector system",,,,Non-standard
CDMP001,Conditioning a child for audiometric test without measurement,,,,Non-standard
01.01.01.02,Conduction velocity measurement,,,,Non-standard
LAQK027,"Cone beam computerized tomography [CBCT] volume radiography of the maxilla, mandible and / or dental arch",,,,Non-standard
QAPA001,"Congenital median band section of the neck, with plasty",,,,Non-standard
JKFA031,Conization of the cervix,,,,Non-standard
02.04.01.05,Conjunctiva repair,,,,Non-standard
BCHA001,Conjunctival biopsy,,,,Non-standard
BCQP001,Conjunctival capillaroscopy,,,,Non-standard
02.04.01.04,Conjunctival lesion excision,,,,Non-standard
BCFA008,"Conjunctival lesion excision, without autograft",,,,Non-standard
FGRP009,Conjunctival provocation test by allergen administered at increasing concentration,,,,Non-standard
BCCA001,Conjunctival wound suture,,,,Non-standard
BDMA006,Conjunctivokeratoplasty by human amniotic membrane transplant,,,,Non-standard
BCMA001,Conjunctivoplasty by autograft of conjunctiva or mucosa,,,,Non-standard
ZDMP012,Construction of a dynamic antebrachiometacarpal orthosis with 3 or more motor elements,,,,Non-standard
ZDMP018,Construction of a dynamic antebrachiophalangeal orthosis with 3 or more motor elements,,,,Non-standard
ZDMP005,Construction of a dynamic carpometacarpal and / or metacarpophalangeal orthosis with 3 or more motor elements,,,,Non-standard
MHMP001,Construction of a dynamic orthosis of 2 fingers with 2 motor elements,,,,Non-standard
MHMP006,Construction of a dynamic orthosis of 3 or more fingers with 3 motor elements,,,,Non-standard
MZMP013,"Construction of a rigid antebrachiopalmar appliance for initial immobilization of upper limb fracture, without reduction",,,,Non-standard
MZMP007,"Construction of a rigid brachio-antebrachio-palmar device for initial immobilization of upper limb fracture, without reduction",,,,Non-standard
LDMP003,Construction of a rigid device for immobilizing the cervical and thoracic spine,,,,Non-standard
LDMP001,Construction of a rigid device for immobilizing the cervical spine without occipitomental or fronto-occipito-mental support,,,,Non-standard
NZMP007,Construction of a rigid device for immobilizing the lower limb taking the knee,,,,Non-standard
LFMP001,Construction of a rigid device for immobilizing the lumbar spine,,,,Non-standard
MZMP004,"Construction of a rigid device on the wrist and / or hand for initial immobilization of fracture of the upper limb, without reduction",,,,Non-standard
HFMA008,"Construction of a tuberosity valve with release of the greater gastric curvature, by laparotomy",,,,Non-standard
HFMA007,"Construction of a tuberosity valve with release of the greater gastric curvature, by thoracotomy",,,,Non-standard
HFMA001,"Construction of a tuberosity valve without releasing the greater gastric curvature, by thoracotomy",,,,Non-standard
YYYY023,Contact irradiation for malignant disease,,,,Non-standard
07.02.04.02,Contention of dental arches after orthodontic treatment,,,,Non-standard
JEMA001,"Continence urethrocervicoplasty with enlargement enterocystoplasty, by laparotomy",,,,Non-standard
JEMA018,"Continence urethrocervicoplasty with ureterovesical reimplantation and creation of antireflux mounting, by laparotomy",,,,Non-standard
JEMA002,"Continence urethrocervicoplasty, by laparotomy",,,,Non-standard
JDCA004,Continent cutaneous cystostomy with closure of the bladder neck by laparotomy,,,,Non-standard
JDCA001,"Continent cutaneous cystostomy without closure of the bladder neck, by laparotomy",,,,Non-standard
AAQP002,"Continuous ambulatory electroencephalography on 8 or more leads, for at least 24 hours [Holter EEG]",,,,Non-standard
JVRP008,Continuous ambulatory peritoneal dialysis training session,,,,Non-standard
AHLH012,"Continuous anesthetic block from a spinal nerve to its spinal emergence, with radiological guidance",,,,Non-standard
01.05.07.03,Continuous anesthetic block from spinal nerve to its spinal emergence,,,,Non-standard
AHLB009,Continuous anesthetic block of a deep nerve in a limb,,,,Non-standard
AHLH013,"Continuous anesthetic block of a spinal nerve at its spinal emergence, with CT guidance",,,,Non-standard
01.06.02,Continuous anesthetic block of the autonomic nervous system,,,,Non-standard
AJLH013,"Continuous anesthetic block of the lumbar sympathetic chain, with CT guidance",,,,Non-standard
AJLH005,"Continuous anesthetic block of the lumbar sympathetic chain, with radiological guidance",,,,Non-standard
NZEP001,"Continuous cutaneous traction of the lower limb for a period equal to or greater than 7 days, for non-traumatic injury",,,,Non-standard
NZEP002,"Continuous cutaneous traction of the lower limb lasting less than 7 days, for non-traumatic injury",,,,Non-standard
ECQM001,Continuous Doppler examination of the arteries of the upper limbs with dynamic test [Allen test] and positional maneuvers,,,,Non-standard
AAQP013,"Continuous electrocorticographic surveillance with video recording, per 24 hours",,,,Non-standard
AAQP003,"Continuous electroencephalographic monitoring without video recording, per 24 hours",,,,Non-standard
AAQP012,"Continuous electroencephalographic surveillance with video recording, per 24 hours",,,,Non-standard
EQQJ001,"Continuous hemodynamic monitoring by Doppler esophageal route, every 24 hours",,,,Non-standard
EQQM001,"Continuous hemodynamic monitoring by iterative transthoracic echocardiography, every 24 hours",,,,Non-standard
EQLF005,"Continuous intravenous administration of vasoactive pharmacological agent in neonates for hemodynamic support, per 24 hours",,,,Non-standard
EQLF003,"Continuous intravenous injection of dobutamine or dopamine at a rate greater than 8 micrograms per kilogram per minute [�g / kg / min], epinephrine or norepinephrine outside the neonatal period, per 24 hours",,,,Non-standard
EQLF001,"Continuous intravenous injection of dobutamine or dopamine at a rate of less than 8 micrograms per kilogram per minute [�g / kg / min], or dopexamine outside the neonatal period, per 24 hours",,,,Non-standard
BDJP001,Continuous irrigation of the cornea and / or conjunctiva,,,,Non-standard
GLLD012,"Continuous mechanical ventilation with a face mask for ventilatory support, per 24 hours",,,,Non-standard
EQQP011,"Continuous monitoring of intraarterial pressure and / or central intravenous pressure by invasive methods, per 24 hours",,,,Non-standard
01.01.02.02,Continuous monitoring of intracranial pressure,,,,Non-standard
04.01.02.04,Continuous monitoring of intravascular pressures and flows,,,,Non-standard
GLQP015,"Continuous monitoring of jugular oxygen saturation by intravenous device, per 24 hours",,,,Non-standard
EQQP012,"Continuous monitoring of right heart pressures with measurement of cardiac output or right ventricular ejection fraction, per 24 hours",,,,Non-standard
EQQP014,"Continuous monitoring of right heart pressures with measurement of cardiac output or right ventricular ejection fraction, with continuous monitoring of intraarterial pressure invasively, per 24 hours",,,,Non-standard
04.01.01.02,Continuous monitoring of the electrocardiogram,,,,Non-standard
DEQP004,"Continuous monitoring of the electrocardiogram by oscilloscopy and / or remote monitoring, every 24 hours",,,,Non-standard
DEQP007,"Continuous monitoring of the electrocardiogram by oscilloscopy and / or remote monitoring, with continuous monitoring of intra-arterial pressure and / or arterial oxygen saturation by non-invasive methods, per 24 hours",,,,Non-standard
GLQP005,"Continuous recording of blood oxygen saturation by transcutaneous measurement [SpO2] [Pulse oximetry], for at least 6 hours",,,,Non-standard
06.01.07.05,Continuous respiratory system monitoring,,,,Non-standard
ZZLB004,"Continuous sedation and curarization with monitoring of curarization by spinal nerve stimulator, per 24 hours",,,,Non-standard
HRQP001,"Continuous tonometric monitoring of gastric or colonic intramucosal pH and / or of the gastro-arterial or coloarterial gradient of PCO2, per 24 hours",,,,Non-standard
GLQP004,"Continuous transcutaneous monitoring of partial blood pressure in oxygen [PO2] and / or carbon dioxide [PCO2] in the newborn, per 24 hours",,,,Non-standard
NZEB001,"Continuous transosseous traction of the lower limb, for non-traumatic injury",,,,Non-standard
DBQM001,"Continuous transthoracic doppler ultrasound of the heart with pharmacological stress test, for study of valve disease [valve disease]",,,,Non-standard
DAQM003,"Continuous transthoracic echocardiography with pharmacological stress test, for study of myocardial viability and / or ischemia",,,,Non-standard
DZQM002,Continuous transthoracic echocardiography with stress test on ergometric bed,,,,Non-standard
JKQX015,Control cytopathological examination in liquid phase [monolayer technique] of collection [smear] from the cervix,,,,Non-standard
ZZML001,Control of the centering of the external irradiation fields [Ballistic control] by portal imaging,,,,Non-standard
ZZML003,Control of the centering of the external irradiation fields [Ballistic control] during an external irradiation guided by imaging [IGRT],,,,Non-standard
ZZML002,Control of the external irradiation dose received [In vivo dosimetry],,,,Non-standard
ZZQL020,"Control scintigraphy and / or tomoscintigraphy with quantification, after administration of a radioisotopic pharmacological agent for therapeutic purposes",,,,Non-standard
BEEA001,Corepraxy,,,,Non-standard
BDHA001,Corneal biopsy,,,,Non-standard
02.04.02.04,Corneal lesion excision,,,,Non-standard
BDFA004,Corneal limbus fistula excision,,,,Non-standard
BDFA001,Corneal limbus tumor resection with corneal transplant,,,,Non-standard
BDFL001,Corneal limbus tumor resection with radiation source implantation,,,,Non-standard
BDFA003,Corneal limbus tumor resection without corneal transplant,,,,Non-standard
BDQP003,Corneal pachymetry,,,,Non-standard
02.04.02.02,Corneal suture,,,,Non-standard
04.01.04.01,Coronary arteriography [Coronarography],,,,Non-standard
DDQH011,"Coronary arteriography with angiography of a coronary bypass graft and left ventriculography, by transcutaneous arterial route",,,,Non-standard
DDQH014,"Coronary arteriography with angiography of a coronary bypass without left ventriculography, by transcutaneous arterial route",,,,Non-standard
DDQH015,"Coronary arteriography with angiography of several coronary bypass grafts and left ventriculography, by transcutaneous arterial route",,,,Non-standard
DDQH013,"Coronary arteriography with angiography of several coronary bypass grafts without left ventriculography, by transcutaneous arterial route",,,,Non-standard
DDQH010,"Coronary arteriography with left ventriculography and unilateral or bilateral internal thoracic [mammary] arteriography, via the transcutaneous arterial route",,,,Non-standard
DDQH012,"Coronary arteriography with left ventriculography, via the transcutaneous arterial route",,,,Non-standard
DDQH009,"Coronary arteriography without left ventriculography, via the transcutaneous arterial route",,,,Non-standard
DDFF002,"Coronary artery intraluminal atherectomy, transcutaneous artery",,,,Non-standard
DDPF002,"Coronary artery recanalization with stent grafting, transcutaneous",,,,Non-standard
DDQH006,"Coronary bypass angiography, via the transcutaneous arterial route",,,,Non-standard
DDSA001,"Coronary heart fistula closure, by thoracotomy with CEC",,,,Non-standard
DDSA002,"Coronary heart fistula closure, by thoracotomy without CEC",,,,Non-standard
DDQJ001,"Coronary intraarterial ultrasound and / or doppler ultrasound, during a transcutaneous vascular procedure",,,,Non-standard
HBAA338,Coronary lengthening by gingivectomy on a tooth,,,,Non-standard
DDMA005,"Coronary revascularization by 2 arterial grafts and by venous graft with 3 distal anastomoses, by thoracotomy with CEC",,,,Non-standard
DDMA022,"Coronary revascularization by 2 arterial grafts and by venous graft with 3 distal anastomoses, by thoracotomy without CEC",,,,Non-standard
DDMA009,"Coronary revascularization by 2 arterial grafts and by venous graft with 4 or more distal anastomoses, by thoracotomy with CEC",,,,Non-standard
DDMA034,"Coronary revascularization by 2 arterial grafts and by venous graft with 4 or more distal anastomoses, by thoracotomy without CEC",,,,Non-standard
DDMA020,"Coronary revascularization by 2 arterial grafts with 2 distal anastomoses, by thoracotomy with CEC",,,,Non-standard
DDMA026,"Coronary revascularization by 2 arterial grafts with 2 distal anastomoses, by thoracotomy without CEC",,,,Non-standard
DDMA006,"Coronary revascularization by 2 arterial grafts with 3 distal anastomoses, by thoracotomy with CEC",,,,Non-standard
DDMA031,"Coronary revascularization by 2 arterial grafts with 3 distal anastomoses, by thoracotomy without CEC",,,,Non-standard
DDMA008,"Coronary revascularization by 2 arterial grafts with 4 or more distal anastomoses, by thoracotomy with CEC",,,,Non-standard
DDMA033,"Coronary revascularization by 2 arterial grafts with 4 or more distal anastomoses, by thoracotomy without CEC",,,,Non-standard
DDMA012,"Coronary revascularization by 3 arterial grafts and by venous graft with 4 or more distal anastomoses, by thoracotomy with CEC",,,,Non-standard
DDMA036,"Coronary revascularization by 3 arterial grafts and by venous graft with 4 or more distal anastomoses, by thoracotomy without CEC",,,,Non-standard
DDMA003,"Coronary revascularization by 3 arterial grafts with 3 distal anastomoses, by thoracotomy with CEC",,,,Non-standard
DDMA030,"Coronary revascularization by 3 arterial grafts with 3 distal anastomoses, by thoracotomy without CEC",,,,Non-standard
DDMA013,"Coronary revascularization by 3 arterial grafts with 4 or more distal anastomoses, by thoracotomy with CEC",,,,Non-standard
DDMA035,"Coronary revascularization by 3 arterial grafts with 4 or more distal anastomoses, by thoracotomy without CEC",,,,Non-standard
DDMA011,"Coronary revascularization by an arterial graft and by venous graft with 2 distal anastomoses, by thoracotomy with CEC",,,,Non-standard
DDMA032,"Coronary revascularization by an arterial graft and by venous graft with 2 distal anastomoses, by thoracotomy without CEC",,,,Non-standard
DDMA018,"Coronary revascularization by an arterial graft and by venous graft with 3 distal anastomoses, by thoracotomy with CEC",,,,Non-standard
DDMA029,"Coronary revascularization by an arterial graft and by venous graft with 3 distal anastomoses, by thoracotomy without CEC",,,,Non-standard
DDMA038,"Coronary revascularization by an arterial graft and by venous graft with 4 or more distal anastomoses, by thoracotomy without CEC",,,,Non-standard
DDMA017,"Coronary revascularization by an arterial graft with 2 distal anastomoses, by thoracotomy with CEC",,,,Non-standard
DDMA023,"Coronary revascularization by an arterial graft with 2 distal anastomoses, by thoracotomy without CEC",,,,Non-standard
DDMA015,"Coronary revascularization by an arterial graft with a distal anastomosis, by thoracotomy with CEC",,,,Non-standard
DDMA025,"Coronary revascularization by an arterial graft with a distal anastomosis, by thoracotomy without CEC",,,,Non-standard
DDMA021,"Coronary revascularization by arterial graft and by venous graft with 4 or more distal anastomoses, by thoracotomy with CEC",,,,Non-standard
04.02.04.02,Coronary revascularization by bypass,,,,Non-standard
DDMA019,"Coronary revascularization by venous graft with 2 distal anastomoses, by thoracotomy with CEC",,,,Non-standard
DDMA024,"Coronary revascularization by venous graft with 2 distal anastomoses, by thoracotomy without CEC",,,,Non-standard
DDMA016,"Coronary revascularization by venous graft with 3 distal anastomoses, by thoracotomy with CEC",,,,Non-standard
DDMA027,"Coronary revascularization by venous graft with 3 distal anastomoses, by thoracotomy without CEC",,,,Non-standard
DDMA004,"Coronary revascularization by venous graft with 4 or more distal anastomoses, by thoracotomy with CEC",,,,Non-standard
DDMA037,"Coronary revascularization by venous graft with 4 or more distal anastomoses, by thoracotomy without CEC",,,,Non-standard
DDMA007,"Coronary revascularization by venous graft with a distal anastomosis, by thoracotomy with CEC",,,,Non-standard
DDMA028,"Coronary revascularization by venous graft with a distal anastomosis, by thoracotomy without CEC",,,,Non-standard
DDRH001,Coronary spasm provocation pharmacodynamics in coronary arteriography,,,,Non-standard
HBMD061,Coronoplasty occlusal adjustment session,,,,Non-standard
LFFA008,"Corporectomy of a malformed vertebra, by laparotomy or lumbotomy",,,,Non-standard
LEFA008,"Corporectomy of a malformed vertebra, by thoraco-phreno-laparotomy",,,,Non-standard
LEFA012,"Corporectomy of a malformed vertebra, by thoracotomy",,,,Non-standard
LDPA007,"Corporotomy [Somatotomy] of a vertebra for medullary decompression, with arthrodesis and / or osteosynthesis, by anterior or anterolateral cervicotomy",,,,Non-standard
LDPA006,"Corporotomy [Somatotomy] of a vertebra for spinal cord decompression, by anterior or anterolateral cervicotomy",,,,Non-standard
DAMA005,"Correction of a congenital right or left intraatrial stenosing malformation, by thoracotomy with SCC",,,,Non-standard
EPMA002,"Correction of a systemic venous return anomaly with prosthesis, by thoracotomy with CEC",,,,Non-standard
08.03.02.11,Correction of abnormalities in the position of the testicle,,,,Non-standard
EPMA001,"Correction of an anomaly of the systemic venous return without prosthesis, by thoracotomy with CEC",,,,Non-standard
DGMA010,"Correction of an interruption of the horizontal thoracic aorta with prosthesis, by thoracotomy with CEC",,,,Non-standard
DGMA001,"Correction of an interruption of the horizontal thoracic aorta with prosthesis, by thoracotomy without CEC",,,,Non-standard
DGMA005,"Correction of an interruption of the horizontal thoracic aorta with repair of an associated intracardiac lesion, by thoracotomy with CEC",,,,Non-standard
DGMA012,"Correction of an interruption of the horizontal thoracic aorta without prosthesis, by thoracotomy with CEC",,,,Non-standard
DGMA011,"Correction of an interruption of the horizontal thoracic aorta without prosthesis, by thoracotomy without CEC",,,,Non-standard
DGMA002,"Correction of an interruption of the horizontal thoracic aorta without prosthesis, with repair of the common arterial trunk [truncus arteriosus], by thoracotomy with CEC",,,,Non-standard
12.04.03.07,Correction of birth defects of the abdominal wall,,,,Non-standard
08.02.03.11,Correction of birth defects of the bladder,,,,Non-standard
07.03.06.12,Correction of birth defects of the colon,,,,Non-standard
04.06.03,Correction of complex congenital heart disease with right-left shunt communication,,,,Non-standard
07.03.08.10,Correction of congenital anorectal malformations,,,,Non-standard
12.04.02.06,Correction of congenital diaphragm malformations,,,,Non-standard
14.04.03.09,Correction of congenital foot defects,,,,Non-standard
04.06.05,Correction of congenital malformations of the aorta,,,,Non-standard
04.06.04,Correction of congenital malformations of the coronary vessels,,,,Non-standard
07.03.01.14,Correction of congenital malformations of the esophagus,,,,Non-standard
13.04.03.08,Correction of congenital malformations of the hand,,,,Non-standard
04.06.07,Correction of congenital malformations of the pulmonary artery,,,,Non-standard
04.06.08,Correction of congenital malformations of the pulmonary veins,,,,Non-standard
07.03.07.08,Correction of congenital malformations of the rectum,,,,Non-standard
12.03.08,Correction of congenital malformations of the rib cage,,,,Non-standard
07.03.04.11,Correction of congenital malformations of the small intestine,,,,Non-standard
01.03.01.05,Correction of congenital malformations of the spinal cord,,,,Non-standard
07.03.02.12,Correction of congenital malformations of the stomach and duodenum,,,,Non-standard
08.02.04.14,Correction of congenital malformations of the urethra,,,,Non-standard
08.04.04.05,Correction of congenital malformations of the vagina,,,,Non-standard
04.06.02,Correction of congenital malformations of the valves and walls of the heart,,,,Non-standard
HEME900,"Correction of gastroesophageal reflux, by endoscopy",,,,Non-standard
HAMA025,Correction of labionary sequelae of a bilateral cleft lip-maxillo-palate,,,,Non-standard
HAMA024,"Correction of labionary sequelae of a unilateral cleft lip, maxillo-palate",,,,Non-standard
HAMA028,Correction of lip retraction by local autoplasty,,,,Non-standard
07.02.04.01,Correction of malocclusion and malposition by orthodontic treatment,,,,Non-standard
07.02.02.15,Correction of occlusal disorder,,,,Non-standard
04.06.10,Correction of other congenital vessel defects,,,,Non-standard
08.03.03.09,Correction of penile deformities,,,,Non-standard
02.04.02.06,Correction of refractive disorders,,,,Non-standard
12.02.01.08,Correction of rigid deformity of the spine,,,,Non-standard
08.07.01,Correction of sexual ambiguities,,,,Non-standard
GAMA026,"Correction of the nasal sequelae of a bilateral cleft lip, maxillo-palate",,,,Non-standard
GAMA025,"Correction of the nasal sequelae of a unilateral cleft lip, maxillo-palate",,,,Non-standard
PAFA004,"Cortical or corticospongous bone autograft harvesting away from the operative site, on a site with change of position",,,,Non-standard
PAFA003,"Cortical or corticospongous bone autograft harvesting away from the operative site, on several sites without change of position",,,,Non-standard
PAFA009,"Cortical or corticospongy bone autograft harvesting away from the operative site, on several sites with change of position",,,,Non-standard
JAQL002,Cortical renal scintigraphy,,,,Non-standard
EFLF001,"Covered endoprosthesis placement in a vein of the upper limb, via a transcutaneous vein",,,,Non-standard
DGLF005,"Covered rectilinear stent graft placement in the infra-renal abdominal aorta, via the transcutaneous arterial route",,,,Non-standard
EDLF006,"Covered stent graft placement in a digestive artery, via the transcutaneous arterial route",,,,Non-standard
EELF002,"Covered stent graft placement in an artery of the lower limb, via the transcutaneous arterial route",,,,Non-standard
ECLF003,"Covered stent graft placement in an artery of the upper limb, via the transcutaneous arterial route",,,,Non-standard
ECLF004,"Covered stent graft placement in the brachiocephalic artery trunk or the intrathoracic common carotid artery, via the transcutaneous arterial route",,,,Non-standard
EDLF013,"Covered stent graft placement in the renal artery, via the transcutaneous arterial route",,,,Non-standard
DGLF003,Covered stent graft placement in the thoracic aorta via the transcutaneous arterial route,,,,Non-standard
EDLF004,"Covered stent grafting in the common iliac artery and / or the external iliac artery with embolization of the internal iliac artery, via the transcutaneous arterial route",,,,Non-standard
EDLF007,"Covered stent grafting in the internal iliac artery or an extradigestive branch of the abdominal aorta, via the transcutaneous artery",,,,Non-standard
04.03.12.05,Covered stent placement in digestive arteries,,,,Non-standard
EDLF008,"Covered stent placement in several digestive arteries, via the transcutaneous arterial route",,,,Non-standard
QZMP001,Covering the nail bed by repositioning the tablet or placing a temporary prosthesis,,,,Non-standard
NEDA001,"Coxofemoral arthrodesis, by arthrotomy",,,,Non-standard
14.03.02.06,Coxofemoral arthroplasty,,,,Non-standard
NEMA018,Coxofemoral arthroplasty by femoral cup,,,,Non-standard
NEFC001,"Coxofemoral synovectomy, by arthroscopy",,,,Non-standard
NEFA003,"Coxofemoral synovectomy, by arthrotomy through 2 approaches including a posterior approach",,,,Non-standard
NEFA004,"Coxofemoral synovectomy, by arthrotomy through an approach",,,,Non-standard
LAPA008,Cranial flap size without transposition,,,,Non-standard
01.01.12.02,Cranial nerve infiltration for diagnostic purposes,,,,Non-standard
ADPC900,"Cranial nerve section, by intracranial video surgery",,,,Non-standard
ADPA013,"Cranial nerve section, by retrosigmoid infraoccipital approach",,,,Non-standard
11.02.01.02,Craniectomy,,,,Non-standard
AAJA006,Craniocerebral wound trimming,,,,Non-standard
LAQK006,Craniofacial architectural cephalometric analysis,,,,Non-standard
LACA020,Craniofacial fracture osteosynthesis,,,,Non-standard
11.02.02.01,Craniofacial fracture osteosynthesis,,,,Non-standard
LACA016,Cranioorbital fracture osteosynthesis,,,,Non-standard
ZDMP008,Creation of a dynamic antebrachiometacarpal orthosis with 1 motor element,,,,Non-standard
ZDMP009,Creation of a dynamic antebrachiometacarpal orthosis with 2 motor elements,,,,Non-standard
ZDMP010,Creation of a dynamic antebrachiophalangeal orthosis with 1 motor element,,,,Non-standard
ZDMP011,Creation of a dynamic antebrachiophalangeal orthosis with 2 motor elements,,,,Non-standard
ZDMP006,Creation of a dynamic carpometacarpal and / or metacarpophalangeal orthosis with 1 motor element,,,,Non-standard
ZDMP003,Creation of a dynamic carpometacarpal and / or metacarpophalangeal orthosis with 2 motor elements,,,,Non-standard
MEMA005,"Creation of a glenoid abutment by coracoid harvest, by direct approach",,,,Non-standard
MEMA018,"Creation of a glenoidal bone or osteomuscular abutment, by direct approach",,,,Non-standard
JLMA003,"Creation of a neovagina by intervesicorectal cleavage, by laparoscopy and by perineal approach",,,,Non-standard
JLMA001,"Creation of a neovagina by intervesicorectal cleavage, by laparotomy and by perineal approach",,,,Non-standard
JLMA002,"Creation of a neovagina by intervesicorectal cleavage, by perineal approach",,,,Non-standard
JLMA004,"Creation of a neovagina by intestinal transplantation, by laparotomy",,,,Non-standard
JLMC001,"Creation of a neovagina by placing a progressive traction device, by laparoscopy",,,,Non-standard
JLMA005,"Creation of a neovagina by placing a progressive traction device, by laparotomy",,,,Non-standard
DCMA001,"Creation of a pericardoperitoneal window, by infraxiphoid approach",,,,Non-standard
DCMC001,"Creation of a pericardopleural window, by thoracoscopy",,,,Non-standard
ZZMP015,Creation of a personalized [individualized] restraint system for external radiotherapy,,,,Non-standard
HPMB001,"Creation of a pneumoperitoneum for therapeutic purposes, by the transcutaneous route",,,,Non-standard
LDMP002,Creation of a rigid device for immobilizing the cervical spine with occipitomental or fronto-occipito-mental support,,,,Non-standard
ZDMP007,Creation of a static orthosis for antebrachometacarpal posture,,,,Non-standard
HFMC004,"Creation of a tuberosity valve without release of the greater gastric curvature, by laparoscopy",,,,Non-standard
JCMA004,"Creation of an antireflux ureterovesical assembly without ureterovesical reimplantation, by direct approach",,,,Non-standard
EMMA001,"Creation of an arteriovenous fistula for local increase in flow, during arterial bypass of the lower limbs",,,,Non-standard
EZMA002,"Creation of an arteriovenous fistula for vascular access by direct approach with venous superficialization, in a subject weighing less than 20 kg",,,,Non-standard
EZMA003,"Creation of an arteriovenous fistula for vascular access by direct approach with venous superficialization, in a subject weighing more than 20 kg",,,,Non-standard
EZMA004,"Creation of an arteriovenous fistula for vascular access by direct approach without venous superficialization, in a subject weighing less than 20 kg",,,,Non-standard
EZMA001,"Creation of an arteriovenous fistula for vascular access by direct approach without venous superficialization, in a subject weighing more than 20 kg",,,,Non-standard
HEMA010,"Creation of an esotracheal fistula with voice implant placement, during pharyngolaryngectomy",,,,Non-standard
HEME002,"Creation of an esotracheal fistula with voice implantation, by endoscopy",,,,Non-standard
EHCF002,"Creation of an intrahepatic portosystemic short-circuit [shunt] by stent grafting, via the transcutaneous venous route",,,,Non-standard
MGMA005,"Creation of an ulnar stop on the wrist, by direct approach",,,,Non-standard
04.05.08.02,Creation of arteriovenous vascular access,,,,Non-standard
DAMA003,"Creation of interatrial communication, by thoracotomy",,,,Non-standard
DAMF001,"Creation of interatrial communication, by transcutaneous venous route",,,,Non-standard
JHMB001,"Creation of spongiocavernous fistula, transcutaneously",,,,Non-standard
GEFA002,"Cricotracheal resection-anastomosis, by cervicotomy",,,,Non-standard
ACQL004,Critical cerebral perfusion tomoscintigraphy,,,,Non-standard
YYYY115,CT guidance,,,,Non-standard
ZZQH033,"CT scan of 3 or more anatomical territories, with injection of contrast product",,,,Non-standard
ZZQK024,"CT scan of 3 or more anatomical territories, without injection of contrast product",,,,Non-standard
ZZQH001,CT scan of a fistula,,,,Non-standard
LHQH006,"CT scan of a segment of the spine, with intravenous injection of contrast medium",,,,Non-standard
LHQK001,"CT scan of a segment of the spine, without intravenous injection of contrast medium",,,,Non-standard
EBQH006,CT scan of cervical vessels [Cervical CT angiography],,,,Non-standard
LHQH002,"CT scan of several segments of the spine, with intravenous injection of contrast medium",,,,Non-standard
LHQK005,"CT scan of several segments of the spine, without intravenous injection of contrast medium",,,,Non-standard
16.01.02,CT scan of skin and soft tissue,,,,Non-standard
ZCQH001,"CT scan of the abdomen and small pelvis [pelvis], with intravenous injection of contrast medium",,,,Non-standard
ZCQK004,"CT scan of the abdomen and small pelvis [pelvis], without intravenous injection of contrast medium",,,,Non-standard
ZCQH002,"CT scan of the abdomen or small pelvis (pelvis), with intravenous injection of contrast medium",,,,Non-standard
ZCQK005,"CT scan of the abdomen or small pelvis (pelvis), without intravenous injection of contrast medium",,,,Non-standard
12.01.04,CT scan of the bones and joints of the neck and trunk,,,,Non-standard
QEQH002,"CT scan of the breast, with intravenous injection of contrast medium",,,,Non-standard
QEQK006,"CT scan of the breast, without intravenous injection of contrast medium",,,,Non-standard
EBQH004,CT scan of the cervicocephalic vessels [CT angiography],,,,Non-standard
ZBQH001,"CT scan of the chest, with intravenous injection of contrast medium",,,,Non-standard
ZBQK001,"CT scan of the chest, without intravenous injection of contrast medium",,,,Non-standard
04.01.05,CT scan of the circulatory system,,,,Non-standard
HHQH365,"CT scan of the colon with insufflation [virtual colonoscopy], and intravenous injection of contrast medium",,,,Non-standard
HHQK484,"CT scan of the colon with insufflation [virtual colonoscopy], without intravenous injection of contrast medium",,,,Non-standard
EAQH002,CT scan of the encephalic vessels [Cerebral CT angiography],,,,Non-standard
11.01.04,CT scan of the head,,,,Non-standard
NZQH005,CT scan of the hip and lower limb for integrated computer design of a custom-made osteoarticular prosthesis,,,,Non-standard
05.01.02,CT scan of the immune and hematopoietic systems,,,,Non-standard
ELQH001,CT scan of the liver vessels to study the vascularization at at least 3 different times,,,,Non-standard
14.01.03,CT scan of the lower limb,,,,Non-standard
01.01.05,CT scan of the nervous system,,,,Non-standard
09.01.04,CT scan of the pelvis during pregnancy,,,,Non-standard
06.01.04,CT scan of the respiratory system,,,,Non-standard
ACQK003,CT scan of the skull and its contents and / or of the facial mass for stereotaxic identification,,,,Non-standard
ACQH001,"CT scan of the skull and its contents, with intrathecal injection of contrast product [Cysternoscanner]",,,,Non-standard
ACQH003,"CT scan of the skull and its contents, with intravenous injection of contrast medium",,,,Non-standard
ACQK001,"CT scan of the skull and its contents, without injection of contrast product",,,,Non-standard
ACQH002,"CT scan of the skull, its contents and the chest, with intravenous injection of contrast medium",,,,Non-standard
ACQH004,"CT scan of the skull, its contents and the trunk, with intravenous injection of contrast medium",,,,Non-standard
13.01.02,CT scan of the upper limb,,,,Non-standard
ELQH002,CT scan of the vessels of the abdomen and / or small pelvis [Abdominopelvic CT angiography],,,,Non-standard
EMQH001,CT scan of the vessels of the lower limbs [CT angiography of the lower limbs],,,,Non-standard
ECQH010,CT scan of the vessels of the thorax and / or the heart [Thoracic CT angiography],,,,Non-standard
ECQH011,"CT scan of the vessels of the thorax and / or the heart, with CT scan of the vessels of the abdomen and / or the small pelvis [Thoracic angiography with CT angiography of the abdomen and / or pelvis]",,,,Non-standard
EKQH001,CT scan of the vessels of the upper limbs [CT angiography of the upper limbs],,,,Non-standard
17.01.03,"CT scan, without topographic precision",,,,Non-standard
LLMA002,"Cure of a congenital hiatal hernia with agenesis of the pillars of the diaphragm, by laparotomy",,,,Non-standard
LMMA011,"Cure of a femoral [crural] hernia, by inguinofemoral approach",,,,Non-standard
LLMA010,"Cure of a hiatus hernia with prosthesis, by laparotomy",,,,Non-standard
LLMC004,"Cure of a hiatus hernia without fitting a prosthesis, by laparoscopy",,,,Non-standard
LLMA006,"Cure of a hiatus hernia without fitting a prosthesis, by laparotomy",,,,Non-standard
LLMC001,"Cure of a retrocostoxiphoid hernia, by laparoscopy",,,,Non-standard
LLMA007,"Cure of a retrocostoxiphoid hernia, by laparotomy",,,,Non-standard
LLMC005,"Cure of an acquired hernia of the dome of the diaphragm, by thoracoscopy",,,,Non-standard
LLMA001,"Cure of an acquired hernia of the left dome of the diaphragm, by thoracotomy",,,,Non-standard
LLMA005,"Cure of an acquired hernia of the right dome of the diaphragm, by direct approach",,,,Non-standard
LMMC015,"Cure of postoperative eventration of the anterior abdominal wall with placement of prosthesis, by laparoscopy",,,,Non-standard
JKGD003,Curettage of the uterine cavity for diagnostic purposes,,,,Non-standard
JKGD002,Curettage of the uterine cavity for therapeutic purposes,,,,Non-standard
17.05,CURIETHERAPY,,,,Non-standard
EZFA001,Cutaneous and / or subcutaneous arteriovenous malformation resection,,,,Non-standard
EPFA005,"Cutaneous and / or subcutaneous venous malformation resection, without reconstruction",,,,Non-standard
HMCA009,"Cutaneous cholecystostomy, by laparotomy",,,,Non-standard
JDCA002,"Cutaneous cystostomy, by laparotomy",,,,Non-standard
HGSA001,"Cutaneous enterostomy closure, by direct approach",,,,Non-standard
HGCC026,"Cutaneous enterostomy, by laparoscopy",,,,Non-standard
HGCA008,"Cutaneous enterostomy, by laparotomy",,,,Non-standard
HESA003,"Cutaneous esophagostomy closure, by direct approach",,,,Non-standard
HECA005,"Cutaneous esophagostomy, by cervicotomy",,,,Non-standard
HFSA001,"Cutaneous gastrostomy closure, by direct approach",,,,Non-standard
HFCC002,"Cutaneous gastrostomy, by laparoscopy",,,,Non-standard
QZNP001,"Cutaneous lesion destruction session on less than 30 cm?, with vascular laser or with flash lamp",,,,Non-standard
QZNP017,"Cutaneous lesion destruction session over 700 cm?, with vascular laser or with flash lamp",,,,Non-standard
HDCA001,Cutaneous pharyngostomy,,,,Non-standard
GGCA001,"Cutaneous pleurostomy with rib resection, by thoracotomy [Oven-mouth thoracostomy]",,,,Non-standard
JCCA014,"Cutaneous ureterostomy with crossed ureteroureteral anastomosis, by direct approach",,,,Non-standard
JCCA002,"Cutaneous ureterostomy, by direct approach",,,,Non-standard
JCCC001,"Cutaneous ureterostomy, by laparoscopy or by retroperitoneoscopy",,,,Non-standard
JECA001,Cutaneous urethrostomy,,,,Non-standard
BAFA015,"Cutaneous, muscular and / or fatty resection in the eyelid, by cutaneous approach",,,,Non-standard
HAFA034,"Cyst excision of the floor of the mouth, by intraoral approach",,,,Non-standard
HAFA009,"Cyst excision of the floor of the mouth, by intraoral approach and by facial approach",,,,Non-standard
JDQF002,"Cystomanometry by transcutaneous puncture of the bladder, with urethral profilometry",,,,Non-standard
JDQD008,"Cystomanometry by urethral catheterization, with measurement of intrarectal or intravaginal pressures",,,,Non-standard
JDQD006,"Cystomanometry by urethral catheterization, with measurement of intrarectal or intravaginal pressures and electromyography of the striated sphincter of the urethra by needle electrode",,,,Non-standard
JDQD003,"Cystomanometry by urethral catheterization, with measurement of intrarectal or intravaginal pressures and simultaneous voiding flowmetry [Urinary pressure-flow study]",,,,Non-standard
JDQD004,"Cystomanometry by urethral catheterization, with measurement of intrarectal or intravaginal pressures, voiding flowmetry, electromyography of the muscles of the perineum and study of latency of sacral reflexes",,,,Non-standard
JDQD005,"Cystomanometry by urethral catheterization, with measurement of intrarectal or intravaginal pressures, voiding flowmetry, electromyography of the muscles of the perineum, study of latencies of sacral reflexes and somesthetic evoked potentials",,,,Non-standard
JDQD001,"Cystomanometry by urethral catheterization, with urethral profilometry",,,,Non-standard
JDQD002,"Cystomanometry by urethral catheterization, with urethral profilometry followed by voiding flowmetry, with electromyography of the striated sphincter of the urethra by needle electrode",,,,Non-standard
JDQD009,"Cystomanometry by urethral catheterization, without measurement of intrarectal or intravaginal pressures",,,,Non-standard
JDQF001,"Cystomanometry, by transcutaneous puncture of the bladder",,,,Non-standard
08.02.03.02,Cystostomy,,,,Non-standard
JDCJ001,"Cystostomy, transcutaneously with ultrasound guidance",,,,Non-standard
17.02.01,Cytopathological examination,,,,Non-standard
ZZQX145,"Cytopathological examination in liquid phase [monolayer technique] of 2 differentiated samples of liquid, of anatomical structure",,,,Non-standard
ZZQX172,Cytopathological examination in liquid phase [monolayer technique] of 2 differentiated samples of puncture product of anatomical structure,,,,Non-standard
ZZQX147,"Cytopathological examination in liquid phase [monolayer technique] of 3 differentiated samples of liquid, of anatomical structure",,,,Non-standard
ZZQX158,Cytopathological examination in liquid phase [monolayer technique] of 3 differentiated samples of puncture product of anatomical structure,,,,Non-standard
ZZQX155,"Cytopathological examination in liquid phase [monolayer technique] of 4 or more differentiated samples of liquid, of anatomical structure",,,,Non-standard
ZZQX174,Cytopathological examination in liquid phase [monolayer technique] of 4 or more differentiated samples of puncture product of anatomical structure,,,,Non-standard
ZZQX170,Cytopathological examination in liquid phase [monolayer technique] of a sample or several undifferentiated samples of an anatomically structured puncture product,,,,Non-standard
ZZQX153,"Cytopathological examination in liquid phase [monolayer technique] of a sample or undifferentiated samples of liquid, of anatomical structure",,,,Non-standard
JKQX426,Cytopathological examination in liquid phase [monolayer technique] of collection [smear] from the cervix for organized screening,,,,Non-standard
JKQX147,Cytopathological examination in liquid phase [monolayer technique] of sampling [smear] of the cervix for individual screening,,,,Non-standard
JKQX347,Cytopathological examination of a sample [smear] from the cervix for individual screening,,,,Non-standard
JKQX261,Cytopathological examination of a sample [smear] from the cervix for organized screening,,,,Non-standard
06.01.11.01,Cytopathological examination of a sample of the respiratory system,,,,Non-standard
16.01.06.01,Cytopathological examination of a sample of the skin or mucous membrane,,,,Non-standard
GEQX001,"Cytopathological examination of bronchioloalveolar lavage product, differentiated, with special staining",,,,Non-standard
GEQX002,"Cytopathological examination of bronchioloalveolar lavage product, undifferentiated, with special staining",,,,Non-standard
ZZQX023,"Cytopathological examination of cell pellet of 2 differentiated samples of fluid and / or puncture product of anatomical structure, with paraffin inclusion",,,,Non-standard
ZZQX098,"Cytopathological examination of cell pellet of 3 differentiated samples of fluid and / or puncture product of anatomical structure, with paraffin inclusion",,,,Non-standard
ZZQX054,"Cytopathological examination of cell pellet of 4 differentiated samples of fluid and / or puncture product of anatomical structure, with paraffin inclusion",,,,Non-standard
ZZQX116,"Cytopathological examination of the cell pellet from a sample or several undifferentiated samples of fluid and / or puncture product of anatomical structure, with paraffin inclusion",,,,Non-standard
08.01.09.01,Cytopathological examination of the cervix,,,,Non-standard
17.02.01.01,Cytopathological examination of the sample,,,,Non-standard
ZZQX103,Cytopathological examination of the spread of 2 differentiated samples of fluid of anatomical structure,,,,Non-standard
ZZQX139,Cytopathological examination of the spread of 2 differentiated samples of puncture product of anatomical structure,,,,Non-standard
ZZQX110,Cytopathological examination of the spread of 3 differentiated samples of fluid of anatomical structure,,,,Non-standard
ZZQX141,Cytopathological examination of the spread of 3 differentiated samples of puncture product of anatomical structure,,,,Non-standard
ZZQX117,Cytopathological examination of the spread of 4 or more differentiated samples of fluid of anatomical structure,,,,Non-standard
ZZQX133,Cytopathological examination of the spread of 4 or more differentiated samples of puncture product of anatomical structure,,,,Non-standard
ZZQX128,Cytopathological examination of the spread of a sample or of several undifferentiated samples of fluid of anatomical structure,,,,Non-standard
ZZQX151,Cytopathological examination of the spread of a sample or of several undifferentiated samples of puncture product of anatomical structure,,,,Non-standard
ZZQX107,"Cytopathological examination of the spread of product from brushing, scraping or swabbing the skin or mucous membrane",,,,Non-standard
JKQX027,Cytopathological examination to control the sample [smear] of the cervix,,,,Non-standard
ZZQX016,"Cytopathological or anatomopathological examination of a frozen cell or tissue sample, with immunocytochemical, immunohistochemical and / or immunofluorescence examination with 1 to 4 antibodies",,,,Non-standard
ZZQX073,"Cytopathological or anatomopathological examination of a frozen cell or tissue sample, with immunocytochemical, immunohistochemical and / or immunofluorescence examination with 5 or more antibodies",,,,Non-standard
ZZQX058,"Cytopathological or histopathological examination by in situ hybridization, with signal quantification",,,,Non-standard
ZZQX029,"Cytopathological or histopathological examination by in situ hybridization, without quantification of the signal",,,,Non-standard
BBCA003,"Dacryo-cysto-rhinostomy [DCR], by facial approach",,,,Non-standard
BBCE001,"Dacryocysto-rhinostomy [DCR], by nasal endoscopy",,,,Non-standard
BGQP012,Dark Adaptation Electroretinography [ERG],,,,Non-standard
CDRP002,Deafness screening tests before the age of 3,,,,Non-standard
11.02.03.04,Decompression and enlargement of the orbit,,,,Non-standard
ADPA011,"Decompression of the facial nerve, by suprapetrous approach",,,,Non-standard
ADPA008,"Decompression of the facial nerve, by transmastoid approach",,,,Non-standard
ADPA021,"Decompression of the facial nerve, by transmastoid approach and by suprapetrous approach",,,,Non-standard
EGPA001,"Decompression of the iliac vein, by laparotomy",,,,Non-standard
ADPA004,"Decompression of the inferior alveolar nerve [inferior dental], by intraoral approach",,,,Non-standard
ADPA016,"Decompression of the infraorbital nerve, by direct approach",,,,Non-standard
EBPA003,"Decompression of the intratransversal vertebral artery, by cervicotomy",,,,Non-standard
ADPA001,"Decompression of the optic nerve, by craniotomy",,,,Non-standard
ADPA020,"Decompression of the optic nerve, by orbital approach",,,,Non-standard
ADPA023,"Decompression of the optic nerve, by transsinus approach [transethmoid]",,,,Non-standard
LAPA012,"Decompression of the orbit by collapse of the inferior wall and / or the medial wall, by direct approach",,,,Non-standard
LAPA003,"Decompression of the orbit by collapse of three walls, by direct approach",,,,Non-standard
12.02.01.09,Decompression of the spinal cord at the occipitocervical junction,,,,Non-standard
CCPA003,Decompression or bypass of the endolymphatic sac,,,,Non-standard
LAFA900,Decompressive craniectomy,,,,Non-standard
MCPA014,Decortication of a forearm bone for pseudarthrosis,,,,Non-standard
MCPA013,Decortication of a forearm bone with osteosynthesis for pseudarthrosis,,,,Non-standard
MCPA012,Decortication of the 2 bones of the forearm for pseudarthrosis,,,,Non-standard
MCPA011,Decortication of the 2 bones of the forearm with osteosynthesis for pseudarthrosis,,,,Non-standard
NCPA008,"Decortication of the diaphysis of the tibia and / or fibula with osteosynthesis, for pseudarthrosis",,,,Non-standard
NBPA016,Decortication of the femur for pseudarthrosis,,,,Non-standard
NBPA005,Decortication of the femur with osteosynthesis for pseudarthrosis,,,,Non-standard
MBPA006,Decortication of the humerus for pseudarthrosis,,,,Non-standard
MBPA001,Decortication of the humerus with osteosynthesis for pseudarthrosis,,,,Non-standard
LBPA003,"Decortication of the mandible, by intraoral approach",,,,Non-standard
NCPA010,Decortication of the tibial shaft and / or fibula for pseudarthrosis,,,,Non-standard
AHFA010,Deep cervical nerve tumor resection by cervicotomy,,,,Non-standard
AHFA011,Deep cervical nerve tumor resection by cervicotomy and thoracotomy,,,,Non-standard
QZJA011,"Deep collection evacuation of the skin and soft tissues, by direct approach",,,,Non-standard
QANP004,"Deep dermoepidermal exfoliation of the entire face, by chemical agent",,,,Non-standard
17.05.05,Deep interstitial brachytherapy,,,,Non-standard
ZZNL018,"Deep interstitial brachytherapy with pulsed dose rate, with three-dimensional dosimetry after acquisition of anatomical data by CT scan and / or remnography [MRI]",,,,Non-standard
BDMA002,Deep lamellar keratoplasty [Lamellar corneal transplantation],,,,Non-standard
AHLH020,"Deep nerve trunk anesthetic infiltration with diagnostic and prognostic evaluation, with CT guidance",,,,Non-standard
AHLH009,"Deep nerve trunk anesthetic infiltration with diagnostic and prognostic evaluation, with radiological guidance",,,,Non-standard
AHLB005,"Deep nerve trunk anesthetic infiltration with diagnostic and prognostic evaluation, without guidance",,,,Non-standard
ZZHH010,"Deep organ biopsy on multiple targets, transcutaneously with CT guidance",,,,Non-standard
ZZHH012,"Deep organ biopsy on multiple targets, transcutaneously with radiological guidance",,,,Non-standard
ZZHJ017,"Deep organ biopsy on multiple targets, transcutaneously with remnographic guidance [MRI]",,,,Non-standard
ZZHJ010,"Deep organ biopsy, intracavitary with ultrasound guidance",,,,Non-standard
ZZHJ020,"Deep organ puncture or needle aspiration on multiple targets, intracavitary with ultrasound guidance",,,,Non-standard
ZZHH009,"Deep organ puncture or needle aspiration on multiple targets, transcutaneously with CT guidance",,,,Non-standard
ZZHJ021,"Deep organ puncture or needle aspiration on multiple targets, transcutaneously with ultrasound guidance",,,,Non-standard
ZZHH011,"Deep organ puncture or needle aspiration on several targets, transcutaneously with radiological guidance",,,,Non-standard
ZZHJ018,"Deep organ puncture or needle aspiration on several targets, transcutaneously with remnographic guidance [MRI]",,,,Non-standard
AHPA003,"Deep spinal nerve section with diversion, by direct approach",,,,Non-standard
EJMA900,"Deep vein valvuloplasty of the lower limb, by direct approach",,,,Non-standard
HAAA003,Deepening of the floor of the mouth by muscle section,,,,Non-standard
HAAA002,Deepening of the oral vestibule [gingivojugal groove] by mucoperiosteal section,,,,Non-standard
HAAA001,Deepening of the oral vestibule [gingivojugal groove] by mucoperiosteal section with skin or mucous graft,,,,Non-standard
NBGA015,Deepiphysiodesis in the femur or tibia,,,,Non-standard
PAGA007,"Deepiphysiodesis of a long bone, by direct approach",,,,Non-standard
HTQH002,Defecography [Dynamic rectography],,,,Non-standard
JHCA002,"Deferentodeferential anastomosis, by scrotal approach",,,,Non-standard
JGQH001,"Deferentovesiculography, by transcutaneous puncture of the vas deferens with ultrasound guidance",,,,Non-standard
JGQH004,"Deferentovesiculography, by transcutaneous puncture of the vas deferens without guidance",,,,Non-standard
JVRP005,Deferoxamine test,,,,Non-standard
BGQP140,"Delayed reading of a color retinography, without the presence of the patient",,,,Non-standard
JQGA002,"Delivery by scheduled cesarean section, by laparotomy",,,,Non-standard
DEN,Dental act,,,,Non-standard
SDE,Dental care,,,,Non-standard
07.02.02.13,Dental cosmetology,,,,Non-standard
07.02.03.07,Dental prosthesis repair,,,,Non-standard
HBGB006,Dental root planing on a sextant,,,,Non-standard
HBGB001,Dental socket curettage,,,,Non-standard
07.02.04,Dentofacial orthopedic appliances,,,,Non-standard
ALQP003,Depression assessment test,,,,Non-standard
AFCA001,"Derivation of an intraspinal [syringomyelic] or perispinal fluid cavity in the spinal subarachnoid space, by direct approach",,,,Non-standard
AFCA003,"Derivation of an intraspinal [syringomyelic] or perispinal fluid cavity outside the spinal subarachnoid space, by direct approach",,,,Non-standard
HGCA006,"Derivation of duodenal and biliopancreatic secretions by repair of the assembly after gastrectomy [Diversion of the duodenum], by laparotomy",,,,Non-standard
HCCA001,Derivation of the parotid duct [of St?non] for lacrimal replacement,,,,Non-standard
16.03.06.01,Dermabrasion [Mechanical destruction of superficial skin lesions],,,,Non-standard
QZNP006,Dermabrasion outside the face,,,,Non-standard
19.02.04,Dermatology,,,,Non-standard
QZQP001,Dermatoscopy [dermoscopy] for monitoring high risk lesions,,,,Non-standard
QZHA001,"Dermoepidermal biopsy, by direct approach",,,,Non-standard
16.03.13,Dermolipectomy,,,,Non-standard
QZFA014,Dermolipectomy of the limbs,,,,Non-standard
NBPA009,"Derotation osteotomy of the distal end of the femur or the proximal end of the tibia, with prior vascular or nervous approach",,,,Non-standard
JBQH003,"Descending ureteropyelography, by a nephrostomy already in place",,,,Non-standard
JBQH001,"Descending ureteropyelography, transcutaneously with ultrasound and / or radiological guidance",,,,Non-standard
JHPA002,Descent of the penis by fixing the fascia,,,,Non-standard
HPNC001,"Destruction and / or resection of a superficial endometriotic lesion of the peritoneum, by laparoscopy",,,,Non-standard
HPNA001,"Destruction and / or resection of a superficial endometriotic lesion of the peritoneum, by laparotomy",,,,Non-standard
HKFA001,Destruction and / or resection of benign anal canal tumor,,,,Non-standard
HKFA008,Destruction and / or resection of non-tumor superficial lesion of the anus,,,,Non-standard
07.02.06.04,Destruction and excision of lesions of the mouth and oropharynx,,,,Non-standard
07.03.08.08,Destruction and excision of other lesions of the anus,,,,Non-standard
08.04.03.01,Destruction and removal of lesion of the body of the uterus,,,,Non-standard
04.02.03.10,Destruction and resection of arrhythmogenic focus,,,,Non-standard
07.06.08,Destruction and resection of lesion of the peritoneum,,,,Non-standard
07.02.08.05,Destruction and resection of lesion of the pharynx,,,,Non-standard
07.03.07.01,Destruction and resection of lesion of the rectum,,,,Non-standard
08.04.04.02,Destruction and resection of lesion of the vagina,,,,Non-standard
07.02.01.02,Destruction and resection of lip lesions,,,,Non-standard
QZNP018,"Destruction of 10 or more skin lesions, with continuous CO2 laser",,,,Non-standard
JZNP001,Destruction of 10 to 50 perineal lesions,,,,Non-standard
QCNP002,"Destruction of 2 to 5 palmar, plantar and / or periungual warts, with continuous CO2 laser",,,,Non-standard
JZNP003,"Destruction of 51 or more perineal lesions, or perineal lesion greater than 30 cm?",,,,Non-standard
QCNP001,"Destruction of 6 or more palmar, plantar and / or periungual warts, with continuous CO2 laser",,,,Non-standard
PANH001,"Destruction of a benign bone tumor by physical agent transcutaneously, with CT guidance",,,,Non-standard
DENF015,"Destruction of a focus or interruption of a ventricular arrhythmogenic circuit with radiofrequency current, by the transcutaneous vascular route",,,,Non-standard
QCNP003,"Destruction of a palmar, plantar or periungual wart, with continuous CO2 laser",,,,Non-standard
QZNP022,"Destruction of a skin lesion, by contact cryode [cryosurgery]",,,,Non-standard
JCNE001,"Destruction of a stump of the ureter, by retrograde ureteroscopy",,,,Non-standard
DENF014,"Destruction of an atrial arrhythmogenic focus with radiofrequency current, transcutaneous venous and transseptal",,,,Non-standard
DENF017,"Destruction of an atrial arrhythmogenic focus with radiofrequency current, via the transcutaneous venous route",,,,Non-standard
JGNE171,"Destruction of an enlarged prostate by laser [photovaporisation], by urethrocystoscopy",,,,Non-standard
JGNE003,"Destruction of an enlarged prostate by radiofrequency, urethrocystoscopy with ultrasound guidance",,,,Non-standard
BANP003,Destruction of an eyelid lesion with laser,,,,Non-standard
AANB001,"Destruction of an intracerebral target for functional purposes, by stereotaxic route",,,,Non-standard
01.02.01.01,Destruction of brain tissue,,,,Non-standard
JBNE004,"Destruction of callus and / or pyelic tumor with laser, by ureteronephroscopy",,,,Non-standard
BGNA001,"Destruction of chorioretinal lesion by physical agent, by sclerotomy",,,,Non-standard
BGNP006,Destruction of chorioretinal lesion by transscleral photocoagulation,,,,Non-standard
02.04.02.01,Destruction of corneal injury,,,,Non-standard
HKND001,Destruction of extensive papillomatosis of the anus,,,,Non-standard
02.02.02,Destruction of eyelid lesion,,,,Non-standard
07.04.12,Destruction of hepatic tumor,,,,Non-standard
HLNK001,"Destruction of hepatic tumor by radiofrequency, transcutaneously with CT guidance",,,,Non-standard
HLNC003,"Destruction of hepatic tumor with radiofrequency current, by laparoscopy",,,,Non-standard
HLNA007,"Destruction of hepatic tumor with radiofrequency current, by laparotomy",,,,Non-standard
HANP001,Destruction of lesion of labial vermilion with CO2 laser,,,,Non-standard
02.04.03.01,Destruction of lesion of the anterior segment of the eye,,,,Non-standard
JDNE001,"Destruction of lesion of the bladder, by endoscopy",,,,Non-standard
08.04.03.02,Destruction of lesion of the cervix,,,,Non-standard
JKND003,"Destruction of lesion of the cervix by colposcopy, with laser",,,,Non-standard
JKND004,"Destruction of lesion of the cervix by colposcopy, without laser",,,,Non-standard
JKND002,"Destruction of lesion of the cervix, vagina, vulva, perineum and perianal area, with laser",,,,Non-standard
02.04.01.02,Destruction of lesion of the conjunctiva,,,,Non-standard
BCNP001,Destruction of lesion of the conjunctiva by physical agent,,,,Non-standard
JHNP001,Destruction of lesion of the glans penis and / or foreskin,,,,Non-standard
HDNE001,"Destruction of lesion of the hypopharynx with laser, by endoscopy",,,,Non-standard
HDNE002,"Destruction of lesion of the hypopharynx without laser, by endoscopy",,,,Non-standard
BENA001,Destruction of lesion of the iris or ciliary body,,,,Non-standard
GDNE003,"Destruction of lesion of the larynx, by direct laryngoscopy with laser",,,,Non-standard
GDNE002,"Destruction of lesion of the larynx, by direct laryngoscopy without laser",,,,Non-standard
HAND001,"Destruction of lesion of the mucous membrane of the mouth or oropharynx from 2 cm to 4 cm long axis, by oral route without laser",,,,Non-standard
HAND006,"Destruction of lesion of the mucous membrane of the mouth or oropharynx from 2 cm to 4 cm long axis, orally with laser",,,,Non-standard
HAND004,"Destruction of lesion of the mucous membrane of the mouth or oropharynx of less than 2 cm of long axis, by oral route with laser",,,,Non-standard
HAND002,"Destruction of lesion of the mucous membrane of the mouth or oropharynx of less than 2 cm of long axis, by oral route without laser",,,,Non-standard
HAND005,"Destruction of lesion of the mucous membrane of the mouth or oropharynx of more than 4 cm long axis, by oral route with laser",,,,Non-standard
HAND003,"Destruction of lesion of the mucous membrane of the mouth or oropharynx of more than 4 cm long axis, by oral route without laser",,,,Non-standard
08.03.03.02,Destruction of lesion of the penis,,,,Non-standard
08.03.01.01,Destruction of lesion of the prostate,,,,Non-standard
JGNJ900,"Destruction of lesion of the prostate by high intensity focused ultrasound, rectally",,,,Non-standard
HJND001,"Destruction of lesion of the rectum, by anal route",,,,Non-standard
06.02.06.06,Destruction of lesion of the tracheobronchial tree,,,,Non-standard
GENE005,"Destruction of lesion of the tracheobronchial tree by cryotherapy or thermocoagulation, by fibroscopy",,,,Non-standard
GENE006,"Destruction of lesion of the tracheobronchial tree by cryotherapy or thermocoagulation, by rigid tube bronchoscopy",,,,Non-standard
GENE002,"Destruction of lesion of the tracheobronchial tree with laser, by fibroscopy",,,,Non-standard
GENE004,"Destruction of lesion of the tracheobronchial tree with laser, by rigid tube bronchoscopy",,,,Non-standard
08.02.04.07,Destruction of lesion of the urethra,,,,Non-standard
JENE001,"Destruction of lesion of the urethra, by endoscopy",,,,Non-standard
JLND002,"Destruction of lesion of the vagina, with laser",,,,Non-standard
JLND001,"Destruction of lesion of the vagina, without laser",,,,Non-standard
JZNP002,Destruction of less than 10 perineal lesions,,,,Non-standard
QZNP026,"Destruction of less than 10 skin lesions, with continuous CO2 laser",,,,Non-standard
BANP001,Destruction of multiple unilateral or bilateral eyelid lesions with laser,,,,Non-standard
JANH798,"Destruction of renal tumor by radiofrequency, transcutaneously with CT guidance",,,,Non-standard
DENF018,"Destruction of several atrial arrhythmogenic foci with radiofrequency current, by the transcutaneous venous route and the transseptal route",,,,Non-standard
DENF021,"Destruction of several atrial arrhythmogenic foci with radiofrequency current, via the transcutaneous venous route",,,,Non-standard
DENF035,"Destruction of several foci and / or interruption of several ventricular arrhythmogenic circuits with radiofrequency current, by the transcutaneous vascular route",,,,Non-standard
QZNP014,"Destruction of several skin lesions, by contact cryode [cryosurgery]",,,,Non-standard
16.03.06,Destruction of skin and soft tissue damage,,,,Non-standard
16.03.06.05,Destruction of skin lesions by dynamic phototherapy after topical application of photosensitizing product,,,,Non-standard
QZNP086,"Destruction of skin lesions by dynamic phototherapy after topical application of photosensitizing product, on less than 10 cm?",,,,Non-standard
QZNP259,"Destruction of skin lesions by dynamic phototherapy after topical application of photosensitizing product, over 10 cm? or more",,,,Non-standard
QZNP020,"Destruction of skin lesions on less than 5 cm?, with pulsed or scanned CO2 laser, or with erbium Yag laser",,,,Non-standard
QZNP007,"Destruction of skin lesions over 100 cm?, with pulsed CO2 laser",,,,Non-standard
QZNP011,"Destruction of skin lesions over 20 cm? to 100 cm?, with pulsed or scanned CO2 laser, or with erbium Yag laser",,,,Non-standard
QZNP003,"Destruction of skin lesions over 5 cm? to 20 cm?, with pulsed or scanned CO2 laser, or with erbium Yag laser",,,,Non-standard
16.03.06.03,Destruction of skin lesions with laser [Laserbrasion],,,,Non-standard
01.03.01.01,Destruction of spinal [medullary] tissue,,,,Non-standard
BDNP001,Destruction of superficial lesion of the cornea by physical means,,,,Non-standard
01.05.07.02,Destruction of the dorsal branch of a spinal nerve,,,,Non-standard
AHNH002,"Destruction of the dorsal branch of a spinal nerve, transcutaneously with CT guidance",,,,Non-standard
AHNH001,"Destruction of the dorsal branch of a spinal nerve, transcutaneously with radiological guidance",,,,Non-standard
CCNB001,"Destruction of the labyrinth by injection of pharmacological agent, transtympanic route",,,,Non-standard
10.02.03.03,Destruction of the thyroid gland,,,,Non-standard
JKND001,"Destruction of the uterine lining by thermal contact, vaginally",,,,Non-standard
JCND001,"Destruction of tumor of the lumbar ureter, by a nephrostomy already in place",,,,Non-standard
JCNE004,"Destruction of tumor of the lumbar ureter, by retrograde ureteroscopy",,,,Non-standard
08.02.02.11,Destruction of upper urinary tract injury,,,,Non-standard
QZNP004,"Destruction session of 1 to 10 superficial skin lesions by chemical agent or by contact cryotherapy, outside the face",,,,Non-standard
QANP007,"Destruction session of 1 to 10 superficial skin lesions of the face, by chemical agent or by contact cryotherapy",,,,Non-standard
QZNP013,"Destruction session of 1 to 5 superficial skin lesions, by electrocoagulation",,,,Non-standard
QANP005,"Destruction session of 11 or more superficial skin lesions of the face, by chemical agent or by contact cryotherapy",,,,Non-standard
QZNP012,"Destruction session of 11 to 50 superficial skin lesions by chemical agent or by contact cryotherapy, outside the face",,,,Non-standard
QZNP005,"Destruction session of 51 or more superficial skin lesions, by chemical agent or by contact cryotherapy, outside the face",,,,Non-standard
QZNP025,"Destruction session of 6 or more superficial skin lesions, by electrocoagulation",,,,Non-standard
HHNE002,"Destruction session of lesion of the colon and / or rectum with laser, by total colonoscopy",,,,Non-standard
08.02.03.05,"Destruction, resection and excision of bladder injury",,,,Non-standard
03.02.06,Detached ear plasty,,,,Non-standard
BEPA002,Detachment of the ciliary body [Cyclodialysis],,,,Non-standard
HHEE001,"Detorsion of a colon volvulus, by endoscopy",,,,Non-standard
08.04.01.07,Detorsion of the appendages of the uterus,,,,Non-standard
JJEC001,"Detorsion of the appendix, by laparoscopy",,,,Non-standard
JJEA001,"Detorsion of the appendix, by laparotomy",,,,Non-standard
JHEA009,"Detorsion of the spermatic cord or excision of the appendages of the testis, by direct approach",,,,Non-standard
JHEA010,"Detorsion of the spermatic cord with unilateral or bilateral orchidopexy, by direct approach",,,,Non-standard
09.01,DIAGNOSTIC ACTS IN MOTHER AND FETUS,,,,Non-standard
12.01,"DIAGNOSTIC ACTS ON BONES, JOINTS AND SOFT TISSUES OF NECK AND TRUNK",,,,Non-standard
10.01,DIAGNOSTIC ACTS ON ENDOCRINE GLANDS AND METABOLISM,,,,Non-standard
11.01,"DIAGNOSTIC ACTS ON THE BONES, JOINTS AND SOFT TISSUES OF THE HEAD",,,,Non-standard
14.01,"DIAGNOSTIC ACTS ON THE BONES, JOINTS AND SOFT TISSUES OF THE LOWER LIMB",,,,Non-standard
13.01,"DIAGNOSTIC ACTS ON THE BONES, JOINTS AND SOFT TISSUES OF THE UPPER LIMB",,,,Non-standard
16.02,DIAGNOSTIC ACTS ON THE BREAST,,,,Non-standard
04.01,DIAGNOSTIC ACTS ON THE CIRCULATORY SYSTEM,,,,Non-standard
07.01,DIAGNOSTIC ACTS ON THE DIGESTIVE SYSTEM,,,,Non-standard
03.01,DIAGNOSTIC ACTS ON THE EAR,,,,Non-standard
02.01,DIAGNOSTIC ACTS ON THE EYE AND ITS ANNEXES,,,,Non-standard
05.01,DIAGNOSTIC ACTS ON THE IMMUNE SYSTEM AND THE HEMATOPOIETIC SYSTEM,,,,Non-standard
01.01,DIAGNOSTIC ACTS ON THE NERVOUS SYSTEM,,,,Non-standard
15.01,"DIAGNOSTIC ACTS ON THE OSTEOARTICULAR AND MUSCULAR SYSTEM, WITHOUT TOPOGRAPHIC PRECISION",,,,Non-standard
06.01,DIAGNOSTIC ACTS ON THE RESPIRATORY SYSTEM,,,,Non-standard
16.01,DIAGNOSTIC ACTS ON THE SKIN AND SOFT TISSUES,,,,Non-standard
08.01,DIAGNOSTIC ACTS ON THE URINARY AND GENITAL SYSTEM,,,,Non-standard
17.01,"DIAGNOSTIC ACTS, WITHOUT TOPOGRAPHIC PRECISION",,,,Non-standard
12.01.07,Diagnostic infiltration of the neck and trunk joints,,,,Non-standard
BEQP007,Diagnostic photographs of the anterior segment of the eye,,,,Non-standard
BEQP002,Diagnostic photographs of the anterior segment of the eye after instillation of vital dyes,,,,Non-standard
BEQP004,Diagnostic photographs of the anterior segment of the eye in biomicroscopy,,,,Non-standard
BJQP001,Diagnostic photographs of the gaze in its different positions and during duction tests,,,,Non-standard
BCHP001,Diagnostic prints on the ocular conjunctiva,,,,Non-standard
HCQE427,Diagnostic sialendoscopy,,,,Non-standard
JLFA001,Diaphragm excision of the vagina,,,,Non-standard
12.04.02.03,Diaphragm plasty for eventration,,,,Non-standard
12.04.02.02,Diaphragm suture,,,,Non-standard
7,DIGESTIVE,,,,Non-standard
EDFA002,"Digestive artery thrombectomy, by laparotomy",,,,Non-standard
EDCC015,"Digestive artery wound suture, by laparoscopy",,,,Non-standard
07.01.07,Digestive system scan,,,,Non-standard
07.01.03,Digestive system ultrasound,,,,Non-standard
MZEA005,Digital and / or carpo-metacarpo-digital translocation of a ray of the hand,,,,Non-standard
MZEA009,Digital and / or carpo-metacarpo-digital translocation of two rays of the hand,,,,Non-standard
ZZMP017,Digitized recording and verification of the parameters of an external irradiation treatment [Record and verify system],,,,Non-standard
GDFE016,"Dilation and / or resection of stenosis of the larynx, by endoscopy with laser",,,,Non-standard
GDFE012,"Dilation and / or resection of stenosis of the larynx, by endoscopy without laser",,,,Non-standard
HHAE001,"Dilation of a stenosis of the colon and / or rectum, by endoscopy",,,,Non-standard
HGAE001,"Dilation of ileal stenosis, by ileoscopy",,,,Non-standard
HCAE201,Dilation of stenosis of the duct of a salivary gland by endoscopy [sialendoscopy],,,,Non-standard
HMAH001,"Dilation of the bile duct, by a transcutaneous drain already in place with ultrasound and / or radiological guidance",,,,Non-standard
07.04.02,Dilation of the bile ducts,,,,Non-standard
07.03.01.01,Dilation of the esophagus,,,,Non-standard
HEAH001,"Dilation of the esophagus, with radiological guidance",,,,Non-standard
04.02.01.01,Dilation of the heart's ejection path,,,,Non-standard
HMAE001,"Dilation of the hepatopancreatic ampulla [of the sphincter of Oddi], by eso-gastro-duodenoscopy",,,,Non-standard
04.02.02.01,Dilation of the openings of the heart,,,,Non-standard
07.05.01,Dilation of the pancreatic duct and placement of stent,,,,Non-standard
HNAE001,"Dilation of the pancreatic duct, by eso-gastro-duodenoscopy",,,,Non-standard
HFAE001,"Dilation of the pylorus, by eso-gastro-duodenoscopy",,,,Non-standard
HFAH001,"Dilation of the pylorus, with radiological guidance",,,,Non-standard
HFAD001,"Dilation of the route of a cutaneous gastrostomy, with insertion of a gastrostomy button",,,,Non-standard
07.03.04.01,Dilation of the small intestine,,,,Non-standard
07.03.02.01,Dilation of the stomach and duodenum,,,,Non-standard
08.02.02.16,Dilation of the ureter,,,,Non-standard
JCAD001,"Dilation of the ureter, by a nephrostomy already in place",,,,Non-standard
JCAE001,"Dilation of the ureter, by retrograde ureteroscopy",,,,Non-standard
JCAH001,"Dilation of the ureter, by urethrocystoscopy with radiological guidance",,,,Non-standard
JCAF001,"Dilation of the ureter, transcutaneously",,,,Non-standard
JEAH001,"Dilation of urethral stricture, with radiological control",,,,Non-standard
HJAD001,Dilation or incision of anorectal stenosis,,,,Non-standard
JDDA004,"Direct cervicocystopexy by infraurethral fascia band, by laparotomy",,,,Non-standard
JDDA005,"Direct cervicocystopexy by infraurethral prosthetic sling, by laparotomy",,,,Non-standard
JDDA006,"Direct cervicocystopexy by infraurethral sling, by laparotomy and by transvaginal approach",,,,Non-standard
GDQE005,Direct laryngoscopy [Suspension laryngoscopy],,,,Non-standard
PDQB001,"Direct measurement of the tissue pressure in the muscle compartments of the limbs, by the transcutaneous route",,,,Non-standard
EQQF007,Direct unilateral or bilateral measurement of intravenous pressure by transcutaneous puncture of a vein in the foot,,,,Non-standard
JCCA013,"Direct ureterocolic or ureterorectal anastomosis, by direct approach",,,,Non-standard
LBMP002,Directorial assembly on study molding of dental arches,,,,Non-standard
NZFA006,"Disarticulation or amputation of the lower limb through the hip bone, sacroiliac joint, or sacrum",,,,Non-standard
16.05.03,Discharge escarrotomy,,,,Non-standard
AAPA900,"Disconnection of an epileptogenic area, by craniotomy",,,,Non-standard
EQQP008,Discontinuous ambulatory recording of intra-arterial pressure by non-invasive method for at least 24 hours [ABPM] [Blood pressure holter],,,,Non-standard
GLLD002,"Discontinuous mechanical ventilation with face mask or mouthpiece for physiotherapy, per 24 hours",,,,Non-standard
BCPA003,"Disinsertion of the ocular conjunctiva at the limbus [Peritomy], with mucosal autograft",,,,Non-standard
BCPA005,"Disinsertion of the ocular conjunctiva at the limbus [Peritomy], without autograft",,,,Non-standard
MJPA004,Disinsertion of the subscapularis muscle with muscle transfer,,,,Non-standard
MJPA006,Disinsertion of the subscapularis muscle without muscle transfer,,,,Non-standard
MJPA012,"Disinsertion or lengthening of the lateral epicondylar muscles at the elbow, by direct approach",,,,Non-standard
BGPA002,Dissection of the epiretinal membrane and / or the vitreous [hyaloid] membrane,,,,Non-standard
MCPA008,Dissociation of the two bones of the forearm to create a prehensile clamp after amputation of the hand,,,,Non-standard
EBCA005,"Distal carotidovertebral or distal subclaviovertebral bypass, by cervicotomy",,,,Non-standard
04.03.08.04,Distal embolization of the internal carotid artery,,,,Non-standard
GEHD001,"Distal intrabronchial sample protected on an intubation tube or on a tracheostomy, without fibroscopy",,,,Non-standard
MGFC001,"Distal radio-ulnar synovectomy, by arthroscopy",,,,Non-standard
MGFA002,"Distal radio-ulnar synovectomy, by arthrotomy",,,,Non-standard
LGFA003,"Distal resection of the sacrum [Sacrectomy respecting S1 and S2], by anterior approach and by posterior approach",,,,Non-standard
LGFA001,"Distal resection of the sacrum [Sacrectomy respecting S1 and S2], by posterior approach",,,,Non-standard
AMQP009,Diurnal assessment of vigilance or sleepiness by iterative tests,,,,Non-standard
ADCA003,"Diversion and suture of the facial nerve, by suprapetrous approach",,,,Non-standard
ADCA007,"Diversion and suture of the facial nerve, by translabyrinthine approach",,,,Non-standard
ADCA001,"Diversion and suture of the facial nerve, by transmastoid approach",,,,Non-standard
ADCA004,"Diversion of the inferior alveolar nerve [inferior dental], by intraoral approach",,,,Non-standard
HEDA001,"Diverticulopexy of the esophagus, by cervicotomy",,,,Non-standard
JQQM008,Doppler ultrasound and hemodynamics of the heart and intrathoracic vessels of the fetus,,,,Non-standard
EZQM002,Doppler ultrasound for preoperative location of the vascular pedicle of a repair flap,,,,Non-standard
EZQM001,Doppler ultrasound of an arteriovenous fistula for extracorporeal circulation,,,,Non-standard
ELQM001,Doppler ultrasound of digestive vessels,,,,Non-standard
DGQM002,"Doppler ultrasound of the abdominal aorta, its visceral branches and iliac arteries",,,,Non-standard
DGQM001,"Doppler ultrasound of the abdominal aorta, its visceral branches, iliac arteries and arteries of the lower limbs",,,,Non-standard
ECQM002,Doppler ultrasound of the arteries of the upper limbs,,,,Non-standard
EBQM002,"Doppler ultrasound of the extracranial cervicocephalic arteries, with Doppler ultrasound of the lower limb arteries",,,,Non-standard
EBQM900,"Doppler ultrasound of the extracranial cervicocephalic arteries, with measurement of the thickness of the intima-media",,,,Non-standard
EBQM001,"Doppler ultrasound of the extracranial cervicocephalic arteries, without measurement of the thickness of the intima-media",,,,Non-standard
EBQM003,Doppler ultrasound of the extracranial cervicocephalic vessels with transcranial doppler ultrasound of the intracranial vessels,,,,Non-standard
ZCQJ002,"Doppler ultrasound of the female small pelvis [pelvis], rectally and / or vaginally [cavitary]",,,,Non-standard
ZCQM009,Doppler ultrasound of the female small pelvis for ovulation monitoring,,,,Non-standard
DZQJ012,"Doppler ultrasound of the heart and intrathoracic vessels by the esophageal route, during an intracavitary cardiac therapeutic act by the transcutaneous vascular route",,,,Non-standard
DZQJ006,"Doppler ultrasound of the heart and intrathoracic vessels via the esophagus, at bedside",,,,Non-standard
DZQJ011,"Doppler ultrasound of the heart and intrathoracic vessels via the esophagus, with intravenous injection of ultrasound contrast product that does not cross the lung",,,,Non-standard
DZQJ001,"Doppler ultrasound of the heart and intrathoracic vessels, by the esophageal route [Transesophageal Doppler echocardiography]",,,,Non-standard
EDQM001,Doppler ultrasound of the iliac arteries and arteries of the lower limbs,,,,Non-standard
DHQM002,Doppler ultrasound of the inferior vena cava and its tributaries,,,,Non-standard
ELQJ002,"Doppler ultrasound of the pelvic and penile vessels, with pharmacodynamic testing by intracavernous transcutaneous injection",,,,Non-standard
EJQM003,"Doppler ultrasound of the veins of the lower limbs and iliac veins, to search for deep vein thrombosis",,,,Non-standard
EJQM004,"Doppler ultrasound of the veins of the lower limbs and iliac veins, without skin marking",,,,Non-standard
EJQM001,"Doppler ultrasound of the veins of the lower limbs, with skin marking or hemodynamic mapping",,,,Non-standard
EFQM001,Doppler ultrasound of the veins of the upper limbs,,,,Non-standard
AEQH001,Dorsal and / or lumbar myelography,,,,Non-standard
ZZJJ008,"Drainage of a collection of a deep organ, by the transcutaneous route with ultrasound guidance",,,,Non-standard
ZZJH003,"Drainage of a collection of a deep organ, by transcutaneous route with CT guidance",,,,Non-standard
ZZJH007,"Drainage of a collection of a deep organ, by transcutaneous route with radiological guidance",,,,Non-standard
ZZJJ007,"Drainage of a collection of a superficial organ, transcutaneously with ultrasound guidance",,,,Non-standard
DCJA001,"Drainage of a collection of the pericardium, by thoracotomy or by infraxiphoid approach",,,,Non-standard
DCJB001,"Drainage of a collection of the pericardium, via the skin",,,,Non-standard
JLJD001,Drainage of a hematocolpos or hydrocolpos,,,,Non-standard
HJJA001,Drainage of an acquired rectovaginal fistula,,,,Non-standard
GGJB001,"Drainage of an effusion from the pleural cavity, transcutaneously without guidance",,,,Non-standard
BEJB004,Drainage of aqueous humor from the eye,,,,Non-standard
ZZJH006,"Drainage of several collections from a deep organ, transcutaneously with radiological guidance",,,,Non-standard
ZZJH005,"Drainage of several collections of a deep organ, by the transcutaneous route with CT guidance",,,,Non-standard
ZZJJ004,"Drainage of several collections of a deep organ, transcutaneously with ultrasound guidance",,,,Non-standard
ZZJJ010,"Drainage of several collections of a superficial organ, transcutaneously with ultrasound guidance",,,,Non-standard
07.04.03,Drainage of the bile ducts,,,,Non-standard
HMJE001,"Drainage of the bile or pancreatic duct via the nasal route, during a ? so-gastro-duodenal endoscopy",,,,Non-standard
07.05.02,Drainage of the pancreatic duct,,,,Non-standard
HCGA002,"Ductal stone removal from a salivary gland, by cervicofacial approach without endoscopic guidance",,,,Non-standard
HCGE188,Ductal stone removal of a salivary gland by endoscopy [sialendoscopy],,,,Non-standard
HCGA001,"Ductal stone removal of a salivary gland, by intraoral approach without endoscopic guidance",,,,Non-standard
HCGA130,Ductal stone removal of the parotid gland by cervicofacial or intraoral approach with endoscopic guidance,,,,Non-standard
HGQJ001,Duodenal endoscopy with guided transduodenal biopsy,,,,Non-standard
HGHD001,"Duodenal fluid collection by tubing, without pharmacological test",,,,Non-standard
HGNE001,"Duodenal lesion destruction session, by eso-gastro-duodenoscopy",,,,Non-standard
HGQJ002,Duodenal ultrasound without biopsy,,,,Non-standard
HGCA003,"Duodenoduodenal anastomosis for congenital atresia or stenosis of the duodenum, by laparotomy",,,,Non-standard
HGQD001,Duodenojejunal manometry,,,,Non-standard
HGQE002,Duodenoscopy by lateral vision device,,,,Non-standard
HGPA001,"Duodenotomy for therapeutic purposes or partial duodenectomy, by laparotomy",,,,Non-standard
HGFA011,"Duplicating resection of the small intestine with intestinal resection, by laparotomy",,,,Non-standard
HGFA010,"Duplication of the small intestine without intestinal resection, by laparotomy",,,,Non-standard
JLQH002,Dynamic colpo-cysto-rectography,,,,Non-standard
BGRF001,Dynamic phototherapy session of the macular region with injection of photosensitizing product,,,,Non-standard
MGQK002,Dynamic radiographic assessment of the wrist for non-dissociative sprain according to 7 specific views,,,,Non-standard
ZBQK003,"Dynamic radiological examination of the thorax, to study respiratory and / or cardiac function",,,,Non-standard
HQQH002,"Dynamic radiological study of swallowing, with recording [Dynamic pharyngography]",,,,Non-standard
EQQM003,"Dynamic study of the digital microcirculation, by plethysmography, laser-doppler, thermometry or transcutaneous measurement of the partial pressure of oxygen [TcPO2]",,,,Non-standard
03.01.02,Ear endoscopy,,,,Non-standard
03.01.03,"Ear puncture, biopsy and sample",,,,Non-standard
07.01.10,Echoendoscopy of the digestive system,,,,Non-standard
KZFC001,"Ectopic intraabdominal endocrine tumor resection, by laparoscopy",,,,Non-standard
JJFC011,"Egg collection from one or two ovaries, by laparoscopy",,,,Non-standard
MFDA001,"Elbow arthrodesis, by arthrotomy",,,,Non-standard
MFQH001,Elbow arthrography,,,,Non-standard
13.03.03.06,Elbow arthroplasty,,,,Non-standard
MFMA005,"Elbow arthroplasty without prosthesis, by direct approach",,,,Non-standard
MFMA001,"Elbow bone reconstruction with arthrodesis, after segmental resection",,,,Non-standard
MZFA011,Elbow disarticulation,,,,Non-standard
MJFA005,"Elbow hygroma excision, by direct approach",,,,Non-standard
13.03.03.04,Elbow joint cleaning [Debridement],,,,Non-standard
13.03.03.08,Elbow joint resection,,,,Non-standard
13.03.03.11,Elbow joint synovectomy,,,,Non-standard
13.03.03.01,Elbow mobilization,,,,Non-standard
13.03.03.07,Elbow removal and replacement,,,,Non-standard
MFFA003,"Elbow synovial cyst excision, by direct approach",,,,Non-standard
QZNP027,Electric skin hair removal session,,,,Non-standard
01.01.01.05,Electro-corticographic and electroencephalographic surveillance,,,,Non-standard
04.01.01.01,Electrocardiography [ECG],,,,Non-standard
DEQP003,Electrocardiography on at least 12 leads,,,,Non-standard
DEQP005,"Electrocardiography on at least 2 leads, with continuous recording for at least 24 hours",,,,Non-standard
DEQA001,Electrocardiography with subcutaneous implantation of a continuous recording device,,,,Non-standard
DEQP001,"Electrocardiography, with triggered event recording and remote transmission",,,,Non-standard
CEQP006,Electrocochleography under general anesthesia,,,,Non-standard
CEQP001,Electrocochleography without general anesthesia,,,,Non-standard
AZRP001,Electroconvulsive therapy session [seismotherapy],,,,Non-standard
AHKA002,Electrode change of an electrical stimulator to restore upper limb motor skills,,,,Non-standard
01.01.01.04,Electroencephalography [EEG],,,,Non-standard
AAQP350,"Electroencephalography on 14 or more leads with recording lasting at least 20 minutes, with scanning in a patient 6 years of age or older",,,,Non-standard
AAQP011,"Electroencephalography on 8 leads or more with recording of a minimum duration of 20 minutes, at bedside",,,,Non-standard
AAQP900,"Electroencephalography with modeling of sources, on 32 leads or more",,,,Non-standard
AAQP009,Electroencephalography with quantification on 32 or more leads,,,,Non-standard
01.01.01.01,Electromyography [EMG],,,,Non-standard
12.01.01,Electromyography [EMG] of the neck and trunk,,,,Non-standard
AHQP006,Electromyography for detection of laryngeal muscles by external electrode,,,,Non-standard
AHQE002,"Electromyography for detection of laryngeal muscles by needle electrode, by laryngoscopy",,,,Non-standard
AHQB025,"Electromyography of 1 or 2 striated muscles at rest and during exercise with stimulodetection, by needle electrode",,,,Non-standard
AHQB027,"Electromyography of 1 or 2 striated muscles at rest and during exercise without stimulodetection, by needle electrode",,,,Non-standard
AHQB026,"Electromyography of 3 to 6 striated muscles at rest and during exercise with stimulodetection, by needle electrode",,,,Non-standard
AHQB024,"Electromyography of 3 to 6 striated muscles at rest and during exercise without stimulodetection, by needle electrode",,,,Non-standard
AHQB032,"Electromyography of 3 to 6 striated muscles at rest and under stress by needle electrode, with measurement of motor conduction speeds and the amplitude of muscle responses of 2 to 4 nerves without study of proximal conduction by surface electrode, and...",,,,Non-standard
AHQB013,"Electromyography of 7 or more striated muscles at rest and during exercise, by needle electrode",,,,Non-standard
AHQB033,"Electromyography of 7 or more striated muscles at rest and under stress by needle electrode, with measurement of motor conduction velocities and the amplitude of muscle responses of 5 or more nerves with study of proximal conduction by surface electrod...",,,,Non-standard
AHQB031,"Electromyography of the diaphragm by needle electrodes, with phrenic nerve stimulation test",,,,Non-standard
AHQB030,"Electromyography of the diaphragm by needle electrodes, without phrenic nerve stimulation test",,,,Non-standard
AHQP007,"Electromyography of the diaphragm by surface electrodes, with phrenic nerve stimulation test",,,,Non-standard
ADQB001,"Electromyography to detect the lateral pterygoid muscle, by needle electrode",,,,Non-standard
AHQB001,"Electromyography, in bed",,,,Non-standard
JNQD001,"Electronic monitoring of contractions of the pregnant uterus and / or fetal heart rate, through the uterine route",,,,Non-standard
LBQP002,Electronic recording of mandible movements,,,,Non-standard
11.01.01,Electrophysiological and functional investigations of the head,,,,Non-standard
DEQD001,"Electrophysiological exploration of the atrium, via the esophagus",,,,Non-standard
04.01.01,Electrophysiological investigations of the circulatory system,,,,Non-standard
07.01.01,Electrophysiological investigations of the digestive system,,,,Non-standard
02.01.01,Electrophysiological investigations of the eye,,,,Non-standard
09.01.01,Electrophysiological investigations of the fetus,,,,Non-standard
01.01.01,Electrophysiological investigations of the nervous system,,,,Non-standard
06.01.01,Electrophysiological investigations of the respiratory system,,,,Non-standard
08.01.01,Electrophysiological investigations of the urinary and genital tract,,,,Non-standard
ADQP007,"Electroretinography [ERG] by light flash, with measurement of amplitudes and latencies of responses, and study of visual evoked potentials [PEV]",,,,Non-standard
BGQP011,Electroretinography [ERG] with recording of visual evoked potentials [PEV] and electrooculography [EOG],,,,Non-standard
CCRA001,Electrostimulation of the inner ear with detachment of the tympanomeatal flap,,,,Non-standard
JHMA005,Elephantiasis scrotum plasty,,,,Non-standard
MDEA001,Embedded corticospongiosis autograft of the scaphoid bone,,,,Non-standard
EAFA001,"Embolectomy or thromboendarterectomy of intracranial vessel, by craniotomi",,,,Non-standard
04.05.02.03,Embolization and intraluminal occlusion of intracranial vessel,,,,Non-standard
EASF005,"Embolization of a dural cranioencephalic multi-pedicular arteriovenous fistula, by the arterial and transcutaneous venous routes",,,,Non-standard
EASF015,"Embolization of a dural cranioencephalic multi-pedicular arteriovenous fistula, via the arterial or transcutaneous venous route",,,,Non-standard
EASF009,"Embolization of a dural cranioencephalic unipedicular arteriovenous fistula, by the arterial and transcutaneous venous routes",,,,Non-standard
EASF006,"Embolization of a unipedicular cranioencephalic dural arteriovenous fistula, via the arterial or transcutaneous venous route",,,,Non-standard
ENSF001,"Embolization of a vascular malformation or spinal lesion, transcutaneously vascular",,,,Non-standard
EHSF001,"Embolization of esogastric varices or intrahepatic branches of the portal vein, by the transcutaneous or transparietohepatic venous route",,,,Non-standard
ENSF002,"Embolization of intraparenchymal arteriovenous malformation of the spinal cord, by transcutaneous vascular route",,,,Non-standard
DFSF002,"Embolization of intrathoracic arteriovenous fistula, by the transcutaneous arterial route",,,,Non-standard
ELSF001,"Embolization of renal arteriovenous fistula, transcutaneous vascular route",,,,Non-standard
EGSF003,"Embolization of the drainage veins of the penis, by intravenous transcutaneous injection",,,,Non-standard
EDSF011,"Embolization of the internal iliac [hypogastric] arteries and / or its branches for postpartum hemorrhage, by the transcutaneous arterial route",,,,Non-standard
DDSF001,"Embolization or closure of a coronary fistula or aneurysm, via the transcutaneous vascular route",,,,Non-standard
19.03.01,Emergency,,,,Non-standard
EQLA002,"Emergency cardiopulmonary bypass surgery for circulatory assistance, by peripheral vascular approach",,,,Non-standard
JQGA004,"Emergency cesarean delivery outside of labor, by laparotomy",,,,Non-standard
19.02.09,Emergency medicine,,,,Non-standard
19.01.06,Emergency medicine,,,,Non-standard
LBFA032,Eminencectomy [temporal condyloplasty] or creation of temporomandibular stop,,,,Non-standard
QZPA008,Empowerment of a flap,,,,Non-standard
MDFA005,"En bloc"""" resection of carpal and / or metacarpal bones",,,,Non-standard
NCFA009,"En bloc"""" resection of one end and / or diaphysis of the fibula",,,,Non-standard
MCFA006,"En bloc"""" resection of one end and / or shaft of a forearm bone",,,,Non-standard
NBFA007,"En bloc"""" resection of one end and / or shaft of the femur",,,,Non-standard
MBFA001,"En bloc"""" resection of one end and / or shaft of the humerus",,,,Non-standard
NCFA008,"En bloc"""" resection of one end and / or shaft of the tibia",,,,Non-standard
NDFA006,"En bloc"""" resection of one or more bones of the tarsus and / or metatarsus",,,,Non-standard
NGFA001,"En bloc"""" resection of the ankle joint [Monoblock ankle arthrectomy]",,,,Non-standard
MFFA001,"En bloc"""" resection of the elbow [Monoblock elbow arthrectomy]",,,,Non-standard
NAFA001,"En bloc"""" resection of the hip bone or femur with monobloc hip arthrectomy",,,,Non-standard
NCFA001,"En bloc"""" resection of the proximal end of the 2 bones of the leg",,,,Non-standard
MGFA001,"En bloc"""" resection of the wrist [Monoblock wrist arthrectomy]",,,,Non-standard
DAHF001,"Endocardial and myocardial biopsy, transcutaneous vascular route",,,,Non-standard
ZZNL066,Endocavity contact irradiation session,,,,Non-standard
10.01.04,"Endocrine gland puncture, biopsy and harvest",,,,Non-standard
10.01.02,Endocrine gland scintigraphy,,,,Non-standard
10,ENDOCRINE GLANDS AND METABOLISM,,,,Non-standard
10.01.01,Endocrine glands ultrasound,,,,Non-standard
07.02.02.07,Endodontic obturation,,,,Non-standard
HBGD233,Endodontic obturation of a maxillary first premolar,,,,Non-standard
HBGD033,Endodontic obturation of a molar,,,,Non-standard
HBGD001,Endodontic obturation of a premolar other than the maxillary first premolar,,,,Non-standard
HBGD030,Endodontic obturation of an incisor or canine,,,,Non-standard
END,endodontic procedures,,,,Non-standard
JKHA001,"Endometrial biopsy or smear, without hysteroscopy",,,,Non-standard
07.03.06.03,Endoscopic destruction of colon injury,,,,Non-standard
07.03.03.01,Endoscopic destruction of lesions in the upper part of the digestive tract,,,,Non-standard
JZQE001,Endoscopic exploration of a cloacal malformation,,,,Non-standard
JDQE002,Endoscopic exploration of an intestinal neobladder,,,,Non-standard
07.03.03.03,Endoscopic hemostasis of lesion of the upper part of the digestive tract,,,,Non-standard
07.03.04.03,Endoscopic hemostasis of small intestine injury,,,,Non-standard
07.03.06.04,Endoscopic resection of colon lesions,,,,Non-standard
07.03.03.02,Endoscopic resection of lesions in the upper part of the digestive tract,,,,Non-standard
07.03.04.02,Endoscopic resection of lesions of the small intestine,,,,Non-standard
JEPH001,"Endoscopic urethral valve incision, with radiological control",,,,Non-standard
06.01.08,Endoscopy and endoscopy of the respiratory system,,,,Non-standard
07.01.09.02,Endoscopy of the bile and pancreatic ducts,,,,Non-standard
07.01.09,Endoscopy of the digestive system,,,,Non-standard
07.01.09.01,Endoscopy of the digestive tract,,,,Non-standard
08.01.06.02,Endoscopy of the female reproductive system,,,,Non-standard
06.01.08.03,Endoscopy of the larynx,,,,Non-standard
06.01.08.01,Endoscopy of the nasal cavity,,,,Non-standard
GAQE001,"Endoscopy of the nasal cavity and nasopharynx [cavum], via the nasal route",,,,Non-standard
GAQE003,"Endoscopy of the nasal cavity, via the nasal route",,,,Non-standard
GCQE002,"Endoscopy of the nasopharynx [cavum], orally under general anesthesia",,,,Non-standard
01.01.10,Endoscopy of the nervous system,,,,Non-standard
09.01.05,Endoscopy of the pregnant uterus,,,,Non-standard
BBQE900,Endoscopy of the tear ducts,,,,Non-standard
02.01.07,Endoscopy of the tear ducts,,,,Non-standard
06.01.08.04,Endoscopy of the trachea and bronchi,,,,Non-standard
08.01.06,Endoscopy of the urinary and genital tract,,,,Non-standard
08.01.06.01,Endoscopy of the urinary tract and male reproductive system,,,,Non-standard
CAFA004,Enlarged outer ear resection to the middle ear,,,,Non-standard
HLFA004,"Enlarged right hepatectomy to the caudate lobe [Spigel's] [segment I], by laparotomy",,,,Non-standard
JHFA008,"Enlarged spermatic cord orchiectomy [Orchi?pididymectomy], by inguinal approach",,,,Non-standard
QEFA013,Enlarged surface total mastectomy with a pedicled latissimus dorsi muscle flap or parascapularis flap,,,,Non-standard
QEFA015,Enlarged surface total mastectomy with free musculocutaneous flap,,,,Non-standard
QEFA012,"Enlarged surface total mastectomy, with skin autograft",,,,Non-standard
16.06.04,Enlarged total mastectomy,,,,Non-standard
08.02.01.04,Enlarged total nephrectomy,,,,Non-standard
JAFA029,"Enlarged total nephrectomy in the renal compartment with adrenalectomy, by laparotomy or by lumboabdominal approach",,,,Non-standard
JAFA005,"Enlarged total nephrectomy in the renal compartment with lateral resection of the inferior vena cava, by direct approach",,,,Non-standard
JAFA011,"Enlarged total nephrectomy in the renal compartment with thrombectomy by cavotomy and intraatrial cardiac control, by thoraco-phreno-laparotomy",,,,Non-standard
JAFA022,"Enlarged total nephrectomy in the renal compartment with thrombectomy by cavotomy, by thoraco-phreno-laparotomy",,,,Non-standard
JAFA028,"Enlarged total nephrectomy to the renal compartment with adrenalectomy and thrombectomy by cavotomy, laparotomy or lumboabdominal approach",,,,Non-standard
JAFA021,"Enlarged total nephrectomy to the renal compartment with adrenalectomy, by thoraco-phreno-laparotomy",,,,Non-standard
JAFA014,"Enlarged total nephrectomy to the renal compartment with thrombectomy by cavotomy, laparotomy or lumboabdominal approach",,,,Non-standard
HCFA006,Enlarged total parotidectomy to the external acoustic meatus [external auditory canal] and / or to the mandible,,,,Non-standard
DGAA002,"Enlargement angioplasty or resection-anastomosis of a stenosis of the horizontal thoracic aorta and aortic isthmus with repair of an intracardiac lesion, by thoracotomy with CEC",,,,Non-standard
DGAA004,"Enlargement angioplasty or resection-anastomosis of a stenosis of the horizontal thoracic aorta and aortic isthmus, by thoracotomy with SCC",,,,Non-standard
DGAA005,"Enlargement angioplasty or resection-anastomosis of a stenosis of the horizontal thoracic aorta and the aortic isthmus, by thoracotomy without CEC",,,,Non-standard
JDMA001,"Enlargement enterocystoplasty by detubulated loop, by laparotomy",,,,Non-standard
JDMA002,"Enlargement enterocystoplasty with bilateral ureterovesical reimplantation, by laparotomy",,,,Non-standard
GEMA001,"Enlargement of a tracheostomy or tracheostomy opening, by direct approach",,,,Non-standard
DAAA001,"Enlargement of an interventricular communication or bulboventricular foramen, by thoracotomy with SCC",,,,Non-standard
DAAF003,"Enlargement of interatrial communication, by transcutaneous venous route",,,,Non-standard
HSLF001,"Enteral and parenteral nutrition, with intake of more than 35 kilocalories per kilogram per day [kcal / kg / day], per 24 hours",,,,Non-standard
HSLD001,"Enteral feeding by tube with an intake of 20 to 35 kilocalories per kilogram per day [kcal / kg / day], per 24 hours",,,,Non-standard
HSLD002,"Enteral feeding by tube with an intake of more than 35 kilocalories per kilogram per day [kcal / kg / day], per 24 hours",,,,Non-standard
07.03.04.05,Enterostomy,,,,Non-standard
07.03.04.07,Enterotomy,,,,Non-standard
HGPC006,"Enterotomy for therapeutic purposes, by laparoscopy",,,,Non-standard
HGPA002,"Enterotomy for therapeutic purposes, by laparotomy",,,,Non-standard
KCGA001,"Enucleation of nodule of the thyroid gland, by cervicotomy",,,,Non-standard
02.04.06.03,Enucleation of the eye bulb [eyeball],,,,Non-standard
BHGA004,Enucleation of the eye bulb [globe] without mobilization [no touch],,,,Non-standard
BHGA005,"Enucleation of the eye bulb [globe], with insertion of a bare implant into the bulb sheath [Tenon's capsule]",,,,Non-standard
BHGA001,"Enucleation of the eye bulb [globe], without implant insertion or autograft",,,,Non-standard
BHGA007,"Enucleation of the ocular bulb [globe], with insertion of a biocolonisable implant in the bulb sheath [Tenon's capsule]",,,,Non-standard
BHGA003,"Enucleation of the ocular bulb [globe], with insertion of a dressed implant in the bulb sheath [Tenon's capsule]",,,,Non-standard
FGRP003,Epicutaneous allergological test in a closed room [Patch test] by oriented tests,,,,Non-standard
FGRP007,Epicutaneous allergological test in a closed room [Patch test] by standard battery and / or additional battery,,,,Non-standard
FGRP005,Epicutaneous allergological test in a closed room [Patch test] by standard battery and directed tests,,,,Non-standard
QANP003,"Epidermal exfoliation [Peeling] of the entire face, by chemical agent",,,,Non-standard
JHFA014,"Epididymectomy, by scrotal approach",,,,Non-standard
JHCA005,"Epididymodeferential anastomosis, by scrotal approach",,,,Non-standard
AFLB001,Epidural [epidural] injection of autologous blood [Blood patch],,,,Non-standard
AGLB001,"Epidural [epidural] injection of pharmacological agent for analgesia, with diagnostic and prognostic evaluation",,,,Non-standard
AFLH001,"Epidural [epidural] therapeutic injection of pharmacological agent, transcutaneously with radiological guidance",,,,Non-standard
AFLB007,"Epidural [epidural] therapeutic injection of pharmacological agent, without guidance",,,,Non-standard
BDEA002,Epikeratophakia,,,,Non-standard
14.02.02.06,Epiphysiodesis and deepiphysiodesis of the femur and tibia,,,,Non-standard
NBDA004,"Epiphysiodesis at the knee, by a direct approach",,,,Non-standard
NBDA013,"Epiphysiodesis at the knee, by several direct approaches",,,,Non-standard
PADB002,"Epiphysiodesis of growth cartilage, transcutaneously",,,,Non-standard
PADB001,"Epiphysiodesis of several growth cartilages, transcutaneously",,,,Non-standard
PADA001,"Epiphysiodesis on growth cartilage, by direct approach",,,,Non-standard
JMPA006,Episiotomy,,,,Non-standard
HBED024,"Epithelioconjunctive or conjunctive graft on the gum, on a sextant",,,,Non-standard
HBED023,"Epithelioconjunctive or conjunctive graft on the gum, on an area of ??1 to 3 teeth",,,,Non-standard
HEQE002,Eso-gastro-duodenal endoscopy,,,,Non-standard
HEQE005,"Eso-gastro-duodenal endoscopy with urease test, after 6 years of age",,,,Non-standard
HEQE003,"Eso-gastro-duodenal endoscopy with urease test, before the age of 6",,,,Non-standard
HEQH002,Eso-gastro-duodenal radiography with opacification by contrast product [Eso-gastro-duodenal transit],,,,Non-standard
HEQJ002,Esogastric endoscopy with guided transesogastric biopsy,,,,Non-standard
HEQJ001,Esogastric endoscopy without biopsy,,,,Non-standard
HENE002,"Esophageal and / or stomach lesion destruction session with laser, by eso-gastro-duodenoscopy",,,,Non-standard
HENE004,"Esophageal and / or stomach lesion destruction session without laser, by eso-gastro-duodenoscopy",,,,Non-standard
HEQE263,Esophageal endoscopy with biopsy guided by confocal laser endomicroscopy [ECL],,,,Non-standard
07.03.01.05,Esophageal fistula closure,,,,Non-standard
HEQD003,Esophageal manometry,,,,Non-standard
07.03.01.12,Esophageal plasty,,,,Non-standard
07.03.01.09,Esophageal tumor excision,,,,Non-standard
07.03.01.04,Esophageal wound suture,,,,Non-standard
HEFA007,"Esophagectomy with esophagocoloplasty, by cervicotomy, thoracotomy and laparotomy",,,,Non-standard
HEFA016,"Esophagectomy with esophagocoloplasty, by thoraco-phreno-laparotomy",,,,Non-standard
HEFA009,"Esophagectomy with esophagocoloplasty, thoracotomy and laparotomy",,,,Non-standard
HEFA018,"Esophagectomy with esophagogastroplasty, by cervicotomy, thoracotomy and laparoscopy",,,,Non-standard
HEFA002,"Esophagectomy with esophagogastroplasty, by cervicotomy, thoracotomy and laparotomy",,,,Non-standard
HEFA001,"Esophagectomy with esophagogastroplasty, by left thoracophrenotomy",,,,Non-standard
HEFA013,"Esophagectomy with esophagogastroplasty, by thoraco-phreno-laparotomy",,,,Non-standard
HEFA003,"Esophagectomy with esophagogastroplasty, thoracotomy and laparoscopy",,,,Non-standard
HEFA012,"Esophagectomy with esophagogastroplasty, thoracotomy and laparotomy",,,,Non-standard
HEFA005,"Esophagectomy with esophagojejunostomy, by thoraco-phreno-laparotomy",,,,Non-standard
HEFA011,"Esophagectomy with esophagojejunostomy, thoracotomy and laparotomy",,,,Non-standard
07.03.01.10,Esophagectomy without thoracotomy,,,,Non-standard
07.03.01.06,Esophagostomy,,,,Non-standard
GKGE002,"Esotracheal voice implant or intralaryngeal calibration tube removal, by endoscopy",,,,Non-standard
ANMP001,Establishment and monitoring of patient-controlled analgesia [PCA] [PAC],,,,Non-standard
11.02.05.01,Evacuation and drainage of collection of the skull and face,,,,Non-standard
07.05.04,Evacuation and drainage of pancreatic collection,,,,Non-standard
02.04.05.01,Evacuation and injection in the posterior segment of the eye,,,,Non-standard
02.04.03.02,Evacuation and injection of the anterior chamber of the eye,,,,Non-standard
ABJA006,Evacuation of a bilateral chronic subdural hematoma by craniotomy,,,,Non-standard
ABJA003,Evacuation of a chronic unilateral subdural hematoma by craniotomy,,,,Non-standard
ZZJH001,"Evacuation of a collection of a deep organ, by the transcutaneous route with CT guidance",,,,Non-standard
ZZJH002,"Evacuation of a collection of a deep organ, by the transcutaneous route with radiological guidance",,,,Non-standard
ZZJJ013,"Evacuation of a collection of a deep organ, by the transcutaneous route with ultrasound guidance",,,,Non-standard
ZZJJ003,"Evacuation of a collection of a superficial organ, by the transcutaneous route with ultrasound guidance",,,,Non-standard
DCJB002,"Evacuation of a collection of the pericardium, by the transcutaneous route",,,,Non-standard
ZZJJ011,"Evacuation of a deep organ collection, intracavitary with ultrasound guidance",,,,Non-standard
GGJC002,"Evacuation of a hemothorax, by thoracoscopy",,,,Non-standard
ABJC900,"Evacuation of a non-traumatic cerebral intraventricular hemorrhage, by video surgery",,,,Non-standard
MJJA004,"Evacuation of a phlegmon of digital or digitocarpal synovial sheath extended to the hand and / or forearm, by direct approach",,,,Non-standard
JNJP001,"Evacuation of a pregnant uterus by medication, in the 1st trimester of pregnancy",,,,Non-standard
JNJD002,"Evacuation of a pregnant uterus by suction and / or curettage, in the 1st trimester of pregnancy",,,,Non-standard
JNJD001,"Evacuation of a pregnant uterus, in the 2nd trimester of pregnancy before the 22nd week of amenorrhea",,,,Non-standard
ABJA007,"Evacuation of a supratentorial and / or infratentorial plurifocal extradural hematoma, by craniotomy",,,,Non-standard
ABJA005,"Evacuation of a supratentorial extradural hematoma, by craniotomy",,,,Non-standard
QZJB004,"Evacuation of acne cysts and / or comedones, by micro-incisions",,,,Non-standard
JPJB001,"Evacuation of amniotic fluid for hydramnios, transcutaneously",,,,Non-standard
ABJA002,Evacuation of an acute subdural hematoma by craniotomy,,,,Non-standard
GGJB002,"Evacuation of an effusion from the pleural cavity, transcutaneously without guidance",,,,Non-standard
ABJA008,"Evacuation of an extracerebral intracranial empyema, by craniotomy",,,,Non-standard
ABJA004,"Evacuation of an infratentorial extradural hematoma, by craniotomy",,,,Non-standard
QZJB001,"Evacuation of an infraungual hematoma, via the transungual route",,,,Non-standard
ZCJA002,"Evacuation of an intra-abdominal collection, by laparotomy",,,,Non-standard
PBJH001,"Evacuation of articular calcification of a limb, by transcutaneous route with radiological guidance",,,,Non-standard
ABJB002,"Evacuation of cerebrospinal fluid or intracranial collection, by transfontanellar route",,,,Non-standard
AFJB002,"Evacuation of cerebrospinal fluid, transcutaneously lumbar",,,,Non-standard
ZZJJ001,"Evacuation of collection from a deep organ, transcutaneously with remnographic guidance [MRI]",,,,Non-standard
QAJH001,"Evacuation of collection from the face, transcutaneously with CT guidance",,,,Non-standard
QAJH004,"Evacuation of collection from the face, transcutaneously with radiological guidance",,,,Non-standard
JGJB001,"Evacuation of collection from the prostate, transrectal or transperineal with finger guidance",,,,Non-standard
LCJA004,"Evacuation of collection from the region of the masticatory muscles, by intraoral approach",,,,Non-standard
FFJC001,"Evacuation of collection from the spleen, by laparoscopy",,,,Non-standard
FFJA001,"Evacuation of collection from the spleen, by laparotomy",,,,Non-standard
KCJB001,"Evacuation of collection from the thyroid gland and / or its compartment, by the transcutaneous route",,,,Non-standard
NGJC002,"Evacuation of collection from the tibiotalar joint or a joint of the foot, by arthroscopy",,,,Non-standard
NGJA002,"Evacuation of collection from the tibiotalar joint or a joint of the foot, by arthrotomy",,,,Non-standard
JLJB001,"Evacuation of collection from the wall of the vagina or vulva, transvaginal or transcutaneous",,,,Non-standard
MJJA003,"Evacuation of deep suppuration from the hand and / or forearm not reaching the synovial sheaths, by direct approach",,,,Non-standard
QAJA003,"Evacuation of diffuse cervicofacial and mediastinal phlegmon, by cervicotomy",,,,Non-standard
AFJA001,"Evacuation of epidural [epidural] spinal hematoma, by direct approach",,,,Non-standard
EGJA001,Evacuation of external hemorrhoidal thrombosis,,,,Non-standard
01.02.04.06,Evacuation of extraencephalic intracranial collection,,,,Non-standard
JLJA001,"Evacuation of hematoma or thrombus from the vagina, vulva and / or perineum of obstetric origin, by direct approach",,,,Non-standard
07.04.06,Evacuation of hepatic collection,,,,Non-standard
HLJC001,"Evacuation of hepatic collection, by laparoscopy",,,,Non-standard
HLJA001,"Evacuation of hepatic collection, by laparotomy",,,,Non-standard
JHJB001,"Evacuation of hydrocele with injection of sclerosing product, via the skin",,,,Non-standard
JHJB003,"Evacuation of hydrocele without injection of sclerosing product, via the skin",,,,Non-standard
ZCJC001,"Evacuation of intra-abdominal collection, by laparoscopy or by retroperitoneoscopy",,,,Non-standard
ZCJA001,"Evacuation of intra-abdominal collection, by rectotomy",,,,Non-standard
ZCJA005,"Evacuation of intra-abdominal collection, by thoracotomy",,,,Non-standard
ZCJA003,"Evacuation of intraabdominal collection, by colpotomy",,,,Non-standard
AAJA003,"Evacuation of intracerebellar hematoma, by craniotomy",,,,Non-standard
01.02.01.04,Evacuation of intracerebral collection,,,,Non-standard
AAJA001,"Evacuation of intracerebral collection, by craniotomy",,,,Non-standard
AAJH001,"Evacuation of intracerebral collection, by transcranial route with CT guidance",,,,Non-standard
AAJH003,"Evacuation of intracerebral collection, by transcranial route with radiological guidance",,,,Non-standard
EAJF341,Evacuation of intracranial artery thrombus via the transcutaneous arterial route,,,,Non-standard
01.02.04.01,Evacuation of intracranial cerebrospinal fluid [CSL],,,,Non-standard
AFJA003,"Evacuation of intradural spinal hematoma, by direct approach",,,,Non-standard
HPJB001,"Evacuation of intraperitoneal effusion, transcutaneously",,,,Non-standard
AEJA003,Evacuation of intraspinal hematoma [hematomyelia],,,,Non-standard
ABJA001,Evacuation of intraventricular cerebral hemorrhage by craniotomy,,,,Non-standard
MHJA001,"Evacuation of joint collection from the hand, by arthrotomy",,,,Non-standard
NZJB001,"Evacuation of joint collection from the lower limb, transcutaneously without guidance",,,,Non-standard
14.03.01.01,Evacuation of joint collection from the pelvic girdle [pelvis],,,,Non-standard
MZJB001,"Evacuation of joint collection from the upper limb, transcutaneously without guidance",,,,Non-standard
AAJA004,Evacuation of non-traumatic intracerebral hematoma by craniotomy,,,,Non-standard
AAJH002,Evacuation of non-traumatic intracerebral hematoma by transcranial approach with CT guidance,,,,Non-standard
AAJH004,Evacuation of non-traumatic intracerebral hematoma by transcranial route with radiological guidance,,,,Non-standard
NEJA004,"Evacuation of periprosthetic collection from the coxofemoral joint, by arthrotomy",,,,Non-standard
JFJA001,"Evacuation of perirenal collection, by direct approach",,,,Non-standard
JFJC001,"Evacuation of perirenal collection, by laparoscopy or by retroperitoneoscopy",,,,Non-standard
HDJA001,"Evacuation of peritonsillar [peritoneal] and / or retropharyngeal collection, by intraoral approach",,,,Non-standard
HDJD002,"Evacuation of peritonsillar [peritoneum] and / or retropharyngeal collection, by oral route",,,,Non-standard
MJJA002,"Evacuation of phlegmon from the digital or digitocarpal synovial sheath with tenosynovectomy, by direct approach",,,,Non-standard
MJJA001,"Evacuation of phlegmon from the digital or digitocarpal synovial sheath, by direct approach",,,,Non-standard
AFJA004,"Evacuation of postoperative spinal epidural [epidural] hematoma, by direct approach",,,,Non-standard
08.03.01.02,Evacuation of prostate collection,,,,Non-standard
HDJD001,"Evacuation of retrostylar collection, by mouth",,,,Non-standard
07.02.07.03,Evacuation of saliva collection,,,,Non-standard
HCJA001,"Evacuation of salivary collection, by direct approach",,,,Non-standard
GGJC001,"Evacuation of septic collection from the pleural cavity with debridement, by thoracoscopy",,,,Non-standard
GGJA001,"Evacuation of septic collection from the pleural cavity with debridement, by thoracotomy",,,,Non-standard
ZZJJ009,"Evacuation of several collections from a deep organ, intracavitary with ultrasound guidance",,,,Non-standard
ZZJH008,"Evacuation of several collections of a deep organ, by the transcutaneous route with CT guidance",,,,Non-standard
ZZJH004,"Evacuation of several collections of a deep organ, by the transcutaneous route with radiological guidance",,,,Non-standard
ZZJJ012,"Evacuation of several collections of a deep organ, by the transcutaneous route with ultrasound guidance",,,,Non-standard
ZZJJ002,"Evacuation of several collections of a superficial organ, by the transcutaneous route with ultrasound guidance",,,,Non-standard
ZCJA004,"Evacuation of several intra-abdominal collections, by laparotomy",,,,Non-standard
BGJA002,"Evacuation of subretinal collection, by retinotomy",,,,Non-standard
QZJA009,"Evacuation of superficial collection from the skin, by direct approach",,,,Non-standard
EPJB015,"Evacuation of superficial vein thrombi from the limbs or neck, transcutaneously",,,,Non-standard
LJJA002,Evacuation of suppurative collection from the chest wall extended to the mediastinum,,,,Non-standard
LJJA001,"Evacuation of suppurative collection from the chest wall, by direct approach",,,,Non-standard
JDJD001,Evacuation of the bladder by transient catheterization [Evacuating bladder catheterization],,,,Non-standard
AAJA002,"Evacuation of traumatic intracerebral hematoma [contusion], by craniotomy",,,,Non-standard
08.03.02.08,Evacuation of vaginal hydrocele,,,,Non-standard
ABJB001,"Evacuation of ventricular cerebrospinal fluid with injection for therapeutic purposes, via the transcranial route",,,,Non-standard
JHJA001,"Evacuation or flattening of a scrotal abscess, by direct approach",,,,Non-standard
ALQP004,Evaluation test for psychopathological aspects of the personality,,,,Non-standard
02.04.06.02,Evisceration of the eye bulb [eyeball],,,,Non-standard
BHGA006,"Evisceration of the eye bulb [globe], with filling of the scleral cavity",,,,Non-standard
BHGA002,"Evisceration of the eye bulb [globe], without filling the scleral cavity",,,,Non-standard
JAFA006,"Ex situ partial nephrectomy with autotransplantation of the kidney, by direct approach",,,,Non-standard
BGQP004,"Examination of the fundus by indirect ophthalmoscopy with reversed image, in premature or newborn babies",,,,Non-standard
HJQD001,"Examination of the rectum under general anesthesia, by anal route",,,,Non-standard
HGFE004,"Excision of 1 to 3 polyps less than 1cm in diameter from the small intestine, by jejunoscopy",,,,Non-standard
QZFA013,"Excision of 1 to 5 skin lesions, by curettage",,,,Non-standard
QZFA001,Excision of 2 to 5 subcutaneous sub-fascial lesions less than 3 cm long,,,,Non-standard
QCFA003,"Excision of a burn in one hand, over 1.25% of the body surface",,,,Non-standard
JHFA001,"Excision of a cyst of the spermatic cord in adults, by inguinal approach",,,,Non-standard
KCFA011,Excision of a cyst of the thyroglossal tract,,,,Non-standard
MJFA003,Excision of a deep panaris of the pulp of the fingers [phlegmon pulpaire],,,,Non-standard
QZFA027,Excision of a diffuse infectious lesion of the skin and soft tissues over more than 200 cm?,,,,Non-standard
DAFA001,"Excision of a diverticulum of the heart, by thoracotomy without CEC",,,,Non-standard
GAFA010,"Excision of a fistula or congenital cyst of the back of the nose with intracranial extension, by coronal approach",,,,Non-standard
LCFA005,"Excision of a fistula or cyst of the first gill slit, with dissection of the facial nerve",,,,Non-standard
LCFA003,"Excision of a fistula or cyst of the first gill slit, without dissection of the facial nerve",,,,Non-standard
LCFA008,Excision of a fistula or cyst of the second branchial slit,,,,Non-standard
DZFA004,"Excision of a heart transplant graft with installation of internal biventricular mechanical circulatory support, by thoracotomy with CEC",,,,Non-standard
DAFA005,"Excision of a heart tumor, by thoracotomy without CEC",,,,Non-standard
LFFA010,"Excision of a herniated disc of the spine with osteosynthesis and / or arthrodesis, by laparotomy or by lumbotomy",,,,Non-standard
LEFA011,"Excision of a herniated disc of the spine with osteosynthesis and / or arthrodesis, by thoracotomy",,,,Non-standard
LDFA011,"Excision of a herniated disc of the spine, by anterior or anterolateral cervicotomy",,,,Non-standard
LFFA011,"Excision of a herniated disc of the spine, by laparotomy or by lumbotomy",,,,Non-standard
LEFC002,"Excision of a herniated disc of the spine, by thoracoscopy",,,,Non-standard
LEFA013,"Excision of a herniated disc of the spine, by thoracotomy",,,,Non-standard
NJFA008,"Excision of a hygroma of the knee, by direct approach",,,,Non-standard
AHFA007,"Excision of a lesion of the cauda equina on a vertebral floor, by posterior approach",,,,Non-standard
HAFA031,Excision of a lip protruding into one or more adjacent units,,,,Non-standard
LBFA014,"Excision of a palatal hemivute, by direct approach",,,,Non-standard
JKFD001,"Excision of a pedicled lesion of the uterus delivered through the cervix, by the vaginal route",,,,Non-standard
QBFA007,Excision of a perineofuteal pilonidal sinus,,,,Non-standard
QZFA002,Excision of a subcutaneous sub-fascial lesion less than 3 cm long,,,,Non-standard
QZFA024,Excision of a subcutaneous sub-fascial lesion of more than 10 cm long axis,,,,Non-standard
GDFE014,"Excision of a submucosal lesion of the glottic plane, by direct laryngoscopy",,,,Non-standard
QZFA031,Excision of a superficial lesion of the skin by excision of 2 to 5 skin areas of less than 5 cm?,,,,Non-standard
QZFA003,Excision of a superficial lesion of the skin by excision of 6 or more skin areas of less than 5 cm?,,,,Non-standard
QZFA011,Excision of a superficial lesion of the skin by excision of a skin area of ??10 cm? to 50 cm?,,,,Non-standard
QZFA004,Excision of a superficial lesion of the skin by excision of a skin area of ??5 cm? to 10 cm?,,,,Non-standard
QZFA035,Excision of a superficial lesion of the skin by excision of a skin area of ??50 cm? to 200 cm?,,,,Non-standard
QZFA036,Excision of a superficial lesion of the skin by excision of a skin area of ??less than 5 cm?,,,,Non-standard
QZFA008,"Excision of a superficial lesion of the skin by excision of a skin area of ??less than 5 cm?, by chemosurgical technique [Mohs technique]",,,,Non-standard
QZFA026,"Excision of a superficial lesion of the skin by excision of a skin area of ??more than 10 cm?, by chemosurgical technique [Mohs technique]",,,,Non-standard
QZFA030,Excision of a superficial lesion of the skin by excision of a skin area of ??more than 200 cm?,,,,Non-standard
JEFA005,Excision of a supernumerary urethra,,,,Non-standard
QBFA004,Excision of a suppurative perineofesseal hidradenitis [Verneuil disease] over less than 30 cm?,,,,Non-standard
QBFA002,Excision of a suppurative perineofessial hidradenitis [Verneuil disease] over more than 30 cm?,,,,Non-standard
EBFA001,"Excision of a tumor of the carotid glomus [corpuscle] with preservation of the carotid axis, by cervicotomy",,,,Non-standard
EBFA011,"Excision of a tumor of the carotid glomus [corpuscle] with reconstruction of the carotid axis, by cervicotomy",,,,Non-standard
DAFA009,"Excision of a tumor of the heart, by thoracotomy with CEC",,,,Non-standard
EBFA007,"Excision of a vascular malformation of the parotid region with dissection of the facial nerve, by direct approach",,,,Non-standard
LCFA007,Excision of an acquired facial skin fistula,,,,Non-standard
HKFA004,Excision of an anal fissure [Anal fissurectomy],,,,Non-standard
HKFA005,"Excision of an anal fissure and / or stenosis, with mucosal anoplasty",,,,Non-standard
HKFA006,"Excision of an anal fissure, with mucosal anoplasty and resection of an isolated hemorrhoidal bundle",,,,Non-standard
AAFA007,"Excision of an epileptogenic area, by craniotomy",,,,Non-standard
ADFA002,Excision of an extracranial lesion of a cranial nerve with immediate repair by autograft,,,,Non-standard
ADFA005,Excision of an extracranial lesion of a cranial nerve without immediate repair,,,,Non-standard
LHPH907,"Excision of an intervertebral disc, by the transcutaneous route with radiological guidance [Transcutaneous nucleotomy]",,,,Non-standard
QCFA001,"Excision of burns of both hands, on less than 1.25% of the body surface",,,,Non-standard
QCFA006,"Excision of burns of both hands, over 1.25% to 2.5% of the body surface",,,,Non-standard
QCFA005,"Excision of burns of both hands, over 3.75% of the body surface",,,,Non-standard
16.05.04.02,Excision of burns of the cephalic extremity and hands,,,,Non-standard
QAFA004,"Excision of burns of the cephalic extremity, on 2% to 3% of the body surface",,,,Non-standard
QAFA006,"Excision of burns of the cephalic extremity, on less than 1% of the body surface",,,,Non-standard
QAFA002,"Excision of burns of the cephalic extremity, over 1% to 2% of the body surface",,,,Non-standard
QAFA010,"Excision of burns of the cephalic extremity, over 10% to 12.5% ??of the body surface",,,,Non-standard
QAFA009,"Excision of burns of the cephalic extremity, over 12.5% ??of the body surface",,,,Non-standard
QAFA008,"Excision of burns of the cephalic extremity, over 3% to 4% of the body surface",,,,Non-standard
QAFA005,"Excision of burns of the cephalic extremity, over 4% to 5% of the body surface",,,,Non-standard
QAFA003,"Excision of burns of the cephalic extremity, over 5% to 7.5% of the body surface",,,,Non-standard
QAFA007,"Excision of burns of the cephalic extremity, over 7.5% to 10% of the body surface",,,,Non-standard
QZFA019,"Excision of burns outside the cephalic extremity and hands, on less than 2.5% of the body surface",,,,Non-standard
QZFA012,"Excision of burns outside the cephalic extremity and hands, over 10% to 12.5% ??of the body surface",,,,Non-standard
QZFA018,"Excision of burns outside the cephalic extremity and hands, over 12.5% ??to 15% of the body surface",,,,Non-standard
QZFA034,"Excision of burns outside the cephalic extremity and hands, over 15% to 17.5% of the body surface",,,,Non-standard
QZFA025,"Excision of burns outside the cephalic extremity and hands, over 17.5% to 20% of the body surface",,,,Non-standard
QZFA006,"Excision of burns outside the cephalic extremity and hands, over 2.5% to 5% of the body surface",,,,Non-standard
QZFA017,"Excision of burns outside the cephalic extremity and hands, over 5% to 7.5% of the body surface",,,,Non-standard
QZFA016,"Excision of burns outside the cephalic extremity and hands, over 7.5% to 10% of the body surface",,,,Non-standard
QZFA037,"Excision of burns outside the cephalic extremity and hands, over more than 20% of the body surface",,,,Non-standard
13.02.05.03,Excision of carpal bones,,,,Non-standard
16.03.07.02,Excision of deep lesions of the skin and soft tissues,,,,Non-standard
16.03.02,Excision of diffuse infectious lesion of the skin and soft tissues,,,,Non-standard
QZFA023,Excision of diffuse infectious lesion of the skin and soft tissues over 50 cm? to 200 cm?,,,,Non-standard
QZFA038,Excision of diffuse infectious lesion of the skin and soft tissues over less than 50 cm?,,,,Non-standard
JEFA002,"Excision of diverticulum of the urethra, by direct approach",,,,Non-standard
HEFC002,"Excision of esophageal tumor without interruption of continuity, by thoracoscopy",,,,Non-standard
HEFA019,"Excision of esophageal tumor without interruption of continuity, by thoracotomy",,,,Non-standard
ACFA028,"Excision of extraparenchymal tumor of the convexity of the brain invading a dural venous sinus, by craniotomy",,,,Non-standard
ACFA018,"Excision of extraparenchymal tumor of the convexity of the cerebellum invading a dural venous sinus, by craniotomy",,,,Non-standard
ACFA008,"Excision of extraparenchymal tumor of the convexity of the cerebellum without involvement of dural venous sinus, by craniotomy",,,,Non-standard
ADFA006,Excision of extrapetrous facial nerve injury with immediate repair,,,,Non-standard
ADFA003,Excision of extrapetrous facial nerve injury without immediate repair,,,,Non-standard
HBFA012,Excision of gingival hypertrophy or floating ridge on a complete maxillary or mandibular arch,,,,Non-standard
HBFA013,Excision of gingival hypertrophy or localized floating ridge,,,,Non-standard
LCFA002,Excision of healthy contralateral frontal muscle for palliative treatment of facial paralysis,,,,Non-standard
EGFA007,Excision of hemorrhoidal thrombosis,,,,Non-standard
EAFA005,"Excision of infratentorial arteriovenous encephalic malformation, by craniotomy",,,,Non-standard
AAFA002,"Excision of intraparenchymal tumor of the brain, by craniotomy",,,,Non-standard
AAFA001,"Excision of intraparenchymal tumor of the cerebellum, by craniotomy",,,,Non-standard
14.02.04.04,Excision of leg bones,,,,Non-standard
ABFC002,"Excision of lesion of a cerebral lateral ventricle, by intracranial video surgery",,,,Non-standard
ZCFA001,"Excision of lesion of an infradiaphragmatic organ by phrenotomy, during excision of an intrathoracic lesion by thoracotomy",,,,Non-standard
JHFA007,Excision of lesion of the cavernous bodies of the penis,,,,Non-standard
JHFA018,"Excision of lesion of the skin of the penis, glans and / or balanopreputial sulcus, under general or locoregional anesthesia",,,,Non-standard
LBFA002,"Excision of lesions of the jawbone and / or the body of the mandible with a long axis of more than 4 cm, by intraoral approach",,,,Non-standard
HAFA015,"Excision of lesions of the mucous membrane of the mouth or oropharynx of less than 2 cm long axis, by intraoral approach",,,,Non-standard
HAFA019,"Excision of lesions of the mucous membrane of the mouth or oropharynx of more than 4 cm long axis, by intraoral approach",,,,Non-standard
08.04.05.02,Excision of lesions of the vulva and perineum,,,,Non-standard
MJFA009,Excision of necrotizing fasciitis of the forearm and / or hand,,,,Non-standard
QBFA014,Excision of perineofuteal necrotizing fasciitis,,,,Non-standard
KDFA003,Excision of previously transplanted parathyroid tissue,,,,Non-standard
NCFA003,"Excision of proximal intertibiofibular exostosis, by direct approach",,,,Non-standard
JBFA001,"Excision of pyelic and / or caliceal tumor, with transcutaneous nephrostomy",,,,Non-standard
HCFA012,Excision of recurrent parotid gland tumor with dissection and preservation of the facial nerve,,,,Non-standard
LFFA003,"Excision of several herniated discs of the lumbar spine, by posterior or posterolateral approach",,,,Non-standard
LDFA007,"Excision of several herniated discs of the spine with osteosynthesis and / or arthrodesis, by anterior or anterolateral cervicotomy",,,,Non-standard
LDFA006,"Excision of several herniated discs of the spine, by anterior or anterolateral cervicotomy",,,,Non-standard
BAFA010,Excision of subcutaneous lesion of the eyebrow,,,,Non-standard
16.03.07.01,Excision of superficial lesions of the skin and subcutaneous cellular tissue,,,,Non-standard
EAFA009,"Excision of superficial supratentorial cerebral arteriovenous malformation with a diameter greater than 30 mm, by craniotomy",,,,Non-standard
EJFA007,"Excision of the arch of the great saphenous vein, by direct approach",,,,Non-standard
13.02.04.04,Excision of the bones of the forearm,,,,Non-standard
14.02.02.04,Excision of the femur,,,,Non-standard
EJFA008,"Excision of the great saphenous vein without excision of the arch, by multiple direct accesses under local anesthesia",,,,Non-standard
14.02.01.04,Excision of the hip bone,,,,Non-standard
13.02.03.04,Excision of the humerus,,,,Non-standard
CAFA010,Excision of the outer ear enlarged to the parotid gland and the infratemporal fossa,,,,Non-standard
07.02.02.06,Excision of the pulp and root canal contents of the tooth,,,,Non-standard
13.02.01.04,Excision of the scapula,,,,Non-standard
ACFA024,"Excision of tumor of the foramen magnum without diversion of the vertebral artery, by craniotomy",,,,Non-standard
GAFA001,"Excision or decortication of a rhinophyma, with laser",,,,Non-standard
GAFA003,"Excision or decortication of a rhinophyma, without laser",,,,Non-standard
EACA007,"Exclusion of a supratentorial arterial aneurysm with a diameter less than or equal to 20 mm, by craniotomy",,,,Non-standard
EACA004,"Exclusion of a vertebrobasilar arterial aneurysm with a diameter less than or equal to 20 mm, by craniotomy",,,,Non-standard
EACA003,"Exclusion of an intracranial arterial aneurysm greater than 20 mm in diameter, by craniotomy",,,,Non-standard
EACA005,"Exclusion of arteriovenous fistula of a dural venous sinus [osteodural fistula], by craniotomy",,,,Non-standard
EACA001,"Exclusion of arteriovenous fistula of the false brain or tent of the cerebellum, by craniotomy",,,,Non-standard
EZCA002,"Exclusion of arteriovenous vascular access with bypass, by direct approach",,,,Non-standard
EACA006,"Exclusion of dural arteriovenous fistula of convexity, by craniotomy",,,,Non-standard
04.05.02.04,Exclusion of intracranial arteriovenous fistula,,,,Non-standard
EACA002,Exclusion of multiple intracranial arterial aneurysms by single craniotomy,,,,Non-standard
ENCA001,"Exclusion of spinal dural arteriovenous malformation, by direct approach",,,,Non-standard
HGCA007,"Exclusion of the duodenum, by laparotomy",,,,Non-standard
GDCA002,Exclusion of the larynx,,,,Non-standard
BKGA004,"Exenteration of the orbit extended to adjacent muscle structures and / or bone walls, with filling by skin autograft and temporal muscle flap",,,,Non-standard
BKGA006,"Exenteration of the orbit extended to adjacent muscle structures and / or bone walls, without filling",,,,Non-standard
EQRP002,"Exercise test on a treadmill or ergometric bicycle, with discontinuous electrocardiography and measurement of the flow of oxygen consumed [VO2]",,,,Non-standard
GLRP001,"Exercise training session for an asthmatic child, on a machine",,,,Non-standard
GLRP002,"Exercise training session for chronic respiratory failure, on a machine",,,,Non-standard
ABFA003,Exeresis and / or closure of meningoencephalocele of the cranial vault,,,,Non-standard
LDFA001,"Exeresis of a herniated disc of the cervical spine, by posterior or posterolateral approach",,,,Non-standard
LFFA002,"Exeresis of a herniated disc of the lumbar spine, by posterior or posterolateral approach",,,,Non-standard
LEFA003,"Exeresis of a herniated disc of the thoracic spine with osteosynthesis and / or arthrodesis, by posterior or posterolateral approach",,,,Non-standard
LEFA002,"Exeresis of a herniated disc of the thoracic spine, by posterior or posterolateral approach",,,,Non-standard
JKFA003,"Exeresis of a malformed hemiuterus [Hemihysterectomy], by laparotomy",,,,Non-standard
LCFA010,Exeresis of a mentosternal fistula,,,,Non-standard
LBFA028,"Exeresis of a quadrant of the palate, by direct approach",,,,Non-standard
JFFA020,"Exeresis of a sacrococcygeal teratoma less than 10 cm in diameter, by transsacrococcygeal approach [Kraske's]",,,,Non-standard
JFFA017,"Exeresis of a sacrococcygeal teratoma of more than 10 cm in diameter, by transsacrococcygeal approach [Kraske's]",,,,Non-standard
JFFA015,"Exeresis of a sacrococcygeal teratoma, by laparotomy and by transsacrococcygeal approach [Kraske's]",,,,Non-standard
EAFA002,"Exeresis of a tumor of the glomus [corpuscle] tympanojugulaire by transpetrous approach, with diversion of the facial nerve",,,,Non-standard
EAFA006,"Exeresis of a tumor of the glomus [corpuscle] tympanojugulaire by transpetrous approach, without diversion of the facial nerve",,,,Non-standard
EAFA007,"Exeresis of a tumor of the glomus [corpuscle] tympanojugulaire extended to the cervical structures, by craniocervicotomy",,,,Non-standard
EAFA004,"Exeresis of a tumor of the glomus [corpuscle] tympanojugulaire extended to the posterior fossa, by craniotomy",,,,Non-standard
JCFA007,"Exeresis of a ureterocele with ipsilateral ureterovesical reimplantation, by direct approach",,,,Non-standard
EPFA001,"Exeresis of an extensive venous malformation, with tissue reconstruction by graft or flap",,,,Non-standard
LCFA011,Exeresis of cervical lipomatosis [from Launois-Bensaude],,,,Non-standard
EAFA008,"Exeresis of deep supratentorial cerebral arteriovenous malformation, by craniotomy",,,,Non-standard
01.02.05,Exeresis of extraencephalic intracranial tumor,,,,Non-standard
ACFA002,"Exeresis of extraparenchymal tumor of the convexity of the brain without involvement of dural venous sinus, by craniotomy",,,,Non-standard
PDFA002,"Exeresis of fascial and / or subfascial lesion of soft tissues, with dissection of large vascular and / or nerve trunk",,,,Non-standard
PDFA003,"Exeresis of fascial and / or subfascial lesion of the soft tissues of the root of a limb, elbow crease or popliteal fossa",,,,Non-standard
NJFA002,Exeresis of fascial and / or subfascial lesion of the soft tissues of the sole of the foot,,,,Non-standard
ENFA007,"Exeresis of intraparenchymal arteriovenous malformation of the spinal cord, by direct approach",,,,Non-standard
HPFC001,"Exeresis of lesion of a peritoneal [meso] fold without intestinal resection, by laparoscopy",,,,Non-standard
HPFA003,"Exeresis of lesion of a peritoneal [meso] fold without intestinal resection, by laparotomy",,,,Non-standard
BCFA004,"Exeresis of lesion of the conjunctiva, with autograft of mucosa",,,,Non-standard
01.02.06,Exeresis of lesion of the encephalic ventricles,,,,Non-standard
03.02.02,Exeresis of lesion of the external acoustic meatus,,,,Non-standard
02.02.03,Exeresis of lesion of the eyebrow and eyelid,,,,Non-standard
GBFA001,"Exeresis of lesion of the frontal sinus, by frontosourcilar approach",,,,Non-standard
HDFE002,"Exeresis of lesion of the hypopharynx, by endoscopy",,,,Non-standard
HAFA032,"Exeresis of lesion of the mucous membrane of the mouth or oropharynx from 2 cm to 4 cm long axis, by intraoral approach",,,,Non-standard
KAFA002,"Exeresis of lesion of the pituitary compartment, by craniotomy",,,,Non-standard
KAFA001,"Exeresis of lesion of the pituitary compartment, by transsphenoidal approach",,,,Non-standard
KAFE900,"Exeresis of lesion of the pituitary compartment, by transsphenoidal video surgery",,,,Non-standard
AHFA003,"Exeresis of lesion of the ponytail extended over several vertebral stages [giant lesion of the ponytail], by posterior approach",,,,Non-standard
LBFA015,"Exeresis of lesion of the ramus of the mandible, by intraoral approach",,,,Non-standard
JFFA021,"Exeresis of lesion of the retroperitoneal space with dissection of the great vessels, by direct approach",,,,Non-standard
JFFA010,"Exeresis of lesion of the retroperitoneal space without dissection of the large vessels, by laparotomy or by lumbotomy",,,,Non-standard
JHFA015,"Exeresis of lesion of the skin of the penis, glans and / or balanopreputial sulcus, without general or locoregional anesthesia",,,,Non-standard
GBFA007,"Exeresis of lesion of the sphenoid sinus, by endoscopy",,,,Non-standard
AEFA002,"Exeresis of lesion of the spinal cord on several vertebral floors, by posterior approach",,,,Non-standard
JHFA012,"Exeresis of lesion of the testicle, by scrotal approach",,,,Non-standard
JEFA003,"Exeresis of lesion of the urethral meatus in women, by direct approach",,,,Non-standard
GDFE002,"Exeresis of lesion or peeling of the mucous membrane of the glottic plane, by direct laryngoscopy with laser",,,,Non-standard
LBFA030,"Exeresis of lesions of the jawbone and / or the body of the mandible from 2 cm to 4 cm long axis, by intraoral approach",,,,Non-standard
LBFA023,"Exeresis of lesions of the jawbone and / or the body of the mandible of less than 2 cm of long axis, by intraoral approach",,,,Non-standard
JGFC045,"Exeresis of seminal vesicles, by laparoscopy",,,,Non-standard
JGFA008,"Exeresis of seminal vesicles, by laparotomy",,,,Non-standard
QZFA007,Exeresis of subcutaneous sub-fascial lesion 3 cm to 10 cm long axis,,,,Non-standard
EJFA004,"Exeresis of the arch of the small saphenous vein, by direct approach",,,,Non-standard
CAFA008,"Exeresis of the outer ear enlarged to the rock, the parotid gland and the infratemporal fossa",,,,Non-standard
JDFA013,"Exeresis of the plaque of a bladder exstrophy with urinary diversion and unilateral or bilateral repair of hernia in the groin, without osteotomy of the pelvis",,,,Non-standard
JDFA010,"Exeresis of the plaque of a bladder exstrophy with urinary diversion, with osteotomy of the pelvis",,,,Non-standard
JDFA012,"Exeresis of the plaque of an exstrophy of the bladder with urinary diversion, without osteotomy of the pelvis",,,,Non-standard
08.03.01.03,Exeresis of the prostate and seminal vesicles,,,,Non-standard
EJFA009,"Exeresis of the small saphenous vein without excision of the arch, by multiple direct approaches under local anesthesia",,,,Non-standard
GDFE010,"Exeresis of the vestibule of the larynx, by direct laryngoscopy with laser",,,,Non-standard
FBFA900,"Exeresis of the vestigial thymus, by thoracotomy with thoracoscopic preparation",,,,Non-standard
DEFA001,"Exeresis or destruction of an arrhythmogenic focus for ventricular tachycardia, by thoracotomy with CEC",,,,Non-standard
JKFA020,"Expanded total colpohysterectomy to parameters, by laparoscopy and by vaginal approach",,,,Non-standard
JKFA023,"Expanded total colpohysterectomy to parameters, by vaginal approach",,,,Non-standard
LHMH027,"Expansive spondyloplasty [kyphoplasty] of 1 vertebra, transcutaneously, with CT guidance",,,,Non-standard
LHMH228,"Expansive spondyloplasty [kyphoplasty] of 1 vertebra, transcutaneously, with radiological guidance",,,,Non-standard
LHMH454,Expansive spondyloplasty [kyphoplasty] of 2 or 3 vertebrae transcutaneously with CT guidance,,,,Non-standard
LHMH140,Expansive spondyloplasty [kyphoplasty] of 2 or 3 vertebrae transcutaneously with radiological guidance,,,,Non-standard
EZQA001,"Exploration of a vasculonervous axis of the limbs or the neck, by direct approach",,,,Non-standard
KDQA003,"Exploration of cervical and mediastinal parathyroid sites, by cervicothoracotomy",,,,Non-standard
KDQC900,"Exploration of cervical parathyroid sites, by cervicoscopy",,,,Non-standard
KDQA001,"Exploration of cervical parathyroid sites, by cervicotomy",,,,Non-standard
KDQA002,"Exploration of mediastinal parathyroid sites, by thoracotomy",,,,Non-standard
KDQC002,"Exploration of mediastinal parathyroid sites, by video surgery",,,,Non-standard
10.02.04.01,Exploration of parathyroid sites,,,,Non-standard
ZCQC001,"Exploration of the abdominal cavity by laparoscopy, with hysteroscopy",,,,Non-standard
ZCQA002,"Exploration of the abdominal cavity by phrenotomy, during a thoracotomy procedure",,,,Non-standard
ZCQC002,"Exploration of the abdominal cavity, by laparoscopy [Exploratory laparoscopy]",,,,Non-standard
ZCQA001,"Exploration of the abdominal cavity, by laparotomy [Exploratory laparotomy]",,,,Non-standard
NGQC001,"Exploration of the ankle joint, by arthroscopy",,,,Non-standard
HDQP002,"Exploration of the bucco-nasopharyngeal air flow by flowmetry, to study the velopalatine function",,,,Non-standard
BLQP007,Exploration of the chromatic sense [color vision] by assortment,,,,Non-standard
BLQP008,Exploration of the chromatic sense [color vision] by pseudo-isochromatic prints,,,,Non-standard
MFQC001,"Exploration of the elbow joint, by arthroscopy",,,,Non-standard
HPQC001,"Exploration of the female small pelvis [pelvis], by pelycoscopy [culdoscopy] [transvaginal laparoscopy]",,,,Non-standard
NEQC001,"Exploration of the hip joint, by arthroscopy",,,,Non-standard
NFQC001,"Exploration of the knee joint, by arthroscopy",,,,Non-standard
HHQD445,Exploration of the lumen of the colon by ingested videocapsule [colonic capsule],,,,Non-standard
HGQD002,Exploration of the lumen of the small intestine by ingested videocapsule,,,,Non-standard
GHQA001,"Exploration of the mediastinum, by cervicotomy",,,,Non-standard
GHQC001,"Exploration of the mediastinum, by mediastinoscopy",,,,Non-standard
JFQA001,"Exploration of the retroperitoneal space and its contents, by lumbotomy [Exploratory lumbotomy]",,,,Non-standard
JFQC001,"Exploration of the retroperitoneal space and its contents, by retroperitoneoscopy [Exploratory retroperitoneoscopy]",,,,Non-standard
JHQA003,"Exploration of the scrotal contents with biopsy, by scrotal approach",,,,Non-standard
JHQA002,"Exploration of the scrotal contents without biopsy, by scrotal approach",,,,Non-standard
JHQA001,"Exploration of the scrotal contents, by inguinal approach",,,,Non-standard
MEQC002,"Exploration of the shoulder joint, by arthroscopy",,,,Non-standard
QZQA001,"Exploration of the skin and soft tissues without dissection of a large vascular or nerve trunk, by direct approach",,,,Non-standard
MEQC001,"Exploration of the subacromial bursa, by arthroscopy [Subacromial bursoscopy]",,,,Non-standard
ZBQC002,"Exploration of the thorax with lung biopsy, by thoracoscopy",,,,Non-standard
ZBQC001,"Exploration of the thorax without lung biopsy, by thoracoscopy",,,,Non-standard
ZBQA002,"Exploration of the thorax without lung biopsy, by thoracotomy",,,,Non-standard
CBQA001,"Exploration of the tympanic cavum [tympanic cavity], with detachment of the tympanomeatal flap",,,,Non-standard
MGQC001,"Exploration of the wrist joint, by arthroscopy",,,,Non-standard
GDQE007,"Exploration of vocal folds [vocal cord], by direct laryngoscopy [Endoscopic exploratory cordotomy]",,,,Non-standard
HHPC001,"Exploratory colotomy, by laparoscopy",,,,Non-standard
HHPA002,"Exploratory colotomy, by laparotomy",,,,Non-standard
HGPA005,"Exploratory duodenotomy, by laparotomy",,,,Non-standard
HGPA003,"Exploratory enterotomy, by laparotomy",,,,Non-standard
HFPA003,"Exploratory gastrotomy, by laparotomy",,,,Non-standard
JJPC002,"Exploratory ovariotomy, by laparoscopy",,,,Non-standard
JJPA002,"Exploratory ovariotomy, by laparotomy",,,,Non-standard
JQLF002,"Exsanguinotransfusion in the fetus, by puncture of the umbilical cord",,,,Non-standard
FELF005,"Exsanguinotransfusion purification or substitution, in the newborn",,,,Non-standard
07.03.06.01,Exsufflation and detorsion of the colon,,,,Non-standard
17.02.02.03,Extemporaneous anatomopathological examination,,,,Non-standard
MDAA001,"Extemporaneous bone extension by hand, with autograft bone",,,,Non-standard
NDAA001,"Extemporaneous bone extension in the forefoot, with bone autograft",,,,Non-standard
NBAA006,"Extemporaneous bone extension of the femur, with autograft bone",,,,Non-standard
17.02.03,Extemporaneous cytopathological and / or histopathological examination,,,,Non-standard
ZZQX118,"Extemporaneous cytopathological and / or histopathological examination of 2 to 4 differentiated samples of anatomical structure, at the site of the sample",,,,Non-standard
ZZQX175,"Extemporaneous cytopathological and / or histopathological examination of 2 to 4 differentiated samples of anatomical structure, outside the place of the sample",,,,Non-standard
ZZQX104,"Extemporaneous cytopathological and / or histopathological examination of 5 or more differentiated samples of anatomical structure, at the site of the sample",,,,Non-standard
ZZQX146,"Extemporaneous cytopathological and / or histopathological examination of 5 or more differentiated samples of anatomical structure, outside the place of the sample",,,,Non-standard
ZZQX119,"Extemporaneous cytopathological and / or histopathological examination of a sample of anatomical structure, at the site of the sample",,,,Non-standard
ZZQX149,"Extemporaneous cytopathological and / or histopathological examination of a sample of anatomical structure, away from the place of the sample",,,,Non-standard
MCAA001,"Extemporaneous lengthening of the diaphysis of a forearm bone, with bone autograft",,,,Non-standard
MBEP001,Extemporaneous orthopedic reduction of epiphyseal fracture or detachment of the proximal end of the humerus or of a fracture of the shaft of the humerus,,,,Non-standard
NAEP002,Extemporaneous orthopedic reduction of fracture and / or dislocation of the pelvic girdle [pelvis],,,,Non-standard
NCEP002,Extemporaneous orthopedic reduction of fracture of one extremity and / or the shaft of the tibia or both bones of the leg,,,,Non-standard
MBEP002,Extemporaneous orthopedic reduction of fracture of the distal end of the humerus,,,,Non-standard
NBEP002,Extemporaneous orthopedic reduction of fracture-detachment of the distal epiphysis of the femur,,,,Non-standard
LHEP002,"Extemporaneous orthopedic reduction of scoliosis or kyphosis by external maneuvers, with preparation of a rigid corset",,,,Non-standard
LDEP002,Extemporaneous orthopedic reduction of traumatic cervical spine injury by traction,,,,Non-standard
LHEP003,Extemporaneous orthopedic reduction of traumatic injury to the spine by external maneuvers,,,,Non-standard
HGPC015,"Extended release of the small intestine [Extended enterolysis] for acute occlusion, by laparoscopy",,,,Non-standard
HGPA004,"Extended release of the small intestine [Extended enterolysis] for acute occlusion, by laparotomy",,,,Non-standard
GDFA008,Extended supraglottic laryngectomy at the base of the tongue,,,,Non-standard
MJPA001,Extensive musculo-tendino-cutaneous disinsertion for congenital elevation of the scapula,,,,Non-standard
NEFA002,Extensive resection of the sacroiliac joint,,,,Non-standard
08.02.02.04,External bypass on the upper urinary tract,,,,Non-standard
EBCA002,"External carotid artery bypass, by cervicotomy",,,,Non-standard
EBCA006,"External carotid artery wound suture, by cervicotomy",,,,Non-standard
ABCB001,"External diversion of ventricular or subdural cerebrospinal fluid, transcranial",,,,Non-standard
HMJH005,"External drainage of a bile duct with placement of a stent, transcutaneously with ultrasound and / or radiological guidance",,,,Non-standard
HMJH006,"External drainage of a bile duct, transcutaneously with ultrasound and / or radiological guidance",,,,Non-standard
HNJC001,"External drainage of pancreatic collection, by laparoscopy",,,,Non-standard
HNJA001,"External drainage of pancreatic collection, by laparotomy",,,,Non-standard
HMJH001,"External drainage of several bile ducts with stent placement, transcutaneously with ultrasound and / or radiological guidance",,,,Non-standard
HMJH003,"External drainage of several bile ducts, transcutaneously with ultrasound and / or radiological guidance",,,,Non-standard
HMJH004,"External drainage of the bile duct, transcutaneously with CT guidance",,,,Non-standard
CASA002,External ear and middle ear closure with external acoustic pore suturing,,,,Non-standard
03.02.04,External ear resection,,,,Non-standard
JZMA001,External genital surgery for male transsexualism,,,,Non-standard
ZANL001,"External intracranial irradiation under stereotaxic conditions with an invasive frame, in a single dose",,,,Non-standard
17.04.02,External irradiation,,,,Non-standard
ZZNL051,External irradiation session by dedicated machine producing photons with modulation of intensity and control of the position of the target by imaging [IGRT],,,,Non-standard
ZZNL048,"External irradiation session by linear accelerator with a power equal to or greater than 5 megavolts [MV], equipped with a multi-blade collimator",,,,Non-standard
ZZNL065,"External irradiation session by linear accelerator with a power equal to or greater than 5 megavolts [MV], equipped with a multi-blade collimator and portal imaging",,,,Non-standard
ZZNL062,"External irradiation session by linear accelerator with a power equal to or greater than 5 megavolts [MV], equipped with a repositioning system",,,,Non-standard
ZZNL063,"External irradiation session by linear accelerator with a power equal to or greater than 5 megavolts [MV], equipped with an imaging-guided repositioning system [IGRT]",,,,Non-standard
ZZNL064,"External irradiation session by linear accelerator with a power equal to or greater than 5 megavolts [MV], equipped with portal imaging",,,,Non-standard
ZZNL053,"External irradiation session by linear accelerator with a power equal to or greater than 5 megavolts [MV], without a positioning control system",,,,Non-standard
ZZNL054,"External irradiation session by linear accelerator with intensity modulation, with control of the position of the target",,,,Non-standard
ZZNL050,"External irradiation session by linear accelerator with intensity modulation, without control of the position of the target",,,,Non-standard
ZZNL061,External irradiation session by machine with a power of less than 5 megavolts [MV],,,,Non-standard
AZNL001,External irradiation session of the neuraxis [craniospinal irradiation],,,,Non-standard
ZZNL060,"External irradiation session under stereotaxic conditions by a dedicated machine producing photons with guidance by imagery, with synchronization with respiration",,,,Non-standard
ZZNL059,"External irradiation session under stereotaxic conditions by a dedicated machine producing photons with imaging guidance, without synchronization with respiration",,,,Non-standard
ZZNL052,"External irradiation session under stereotaxic conditions by machine producing photons with guidance by imagery, with synchronization with respiration",,,,Non-standard
ZZNL058,"External irradiation session under stereotaxic conditions by machine producing photons with guidance by imagery, without synchronization with respiration",,,,Non-standard
17.04.02.01,External irradiation sessions,,,,Non-standard
17.04.02.02,External irradiation sessions with intensity modulation,,,,Non-standard
17.04.02.03,External irradiation under stereotaxic conditions,,,,Non-standard
ZZNL055,"External irradiation under stereotaxic conditions by a dedicated machine producing photons with guidance by imagery, without synchronization with respiration, in a single dose",,,,Non-standard
ZZNL049,"External irradiation under stereotaxic conditions by machine producing photons with imaging guidance, without synchronization with respiration, in single dose",,,,Non-standard
ZZNL046,External neutron irradiation session,,,,Non-standard
ZZNL045,External proton irradiation session,,,,Non-standard
17.04,EXTERNAL RADIOTHERAPY,,,,Non-standard
AFCA004,External shunt of spinal subarachnoid cerebrospinal fluid,,,,Non-standard
EBCA011,"Extra-intracranial arterial bypass with autograft, craniotomy and cervicotomy",,,,Non-standard
EBCA010,"Extra-intracranial arterial bypass without autograft, by craniotomy and cervicotomy",,,,Non-standard
MBPA005,Extraarticular osteotomy of the proximal end of the humerus,,,,Non-standard
AFFA008,"Extracanal and intracanal hourglass tumor resection without vertebral reconstruction, by anterior or anterolateral approach",,,,Non-standard
BFGA368,"Extracapsular lens extraction by phakoemulsification, with implantation of an artificial lens in the posterior chamber of the eye, with implantation of an ab interno trabecular drainage device",,,,Non-standard
BFGA427,"Extracapsular lens extraction by phakoemulsification, with implantation of artificial lens in the posterior chamber of the eye, without implantation of trabecular drainage device",,,,Non-standard
BFGA008,"Extracapsular lens extraction by phakoemulsification, without implantation of artificial lens",,,,Non-standard
NAPA007,Extracetabular osteotomy of the hip bone by several sections,,,,Non-standard
NAPA002,"Extracetabular osteotomy of the hip bone by several sections, with capsuloplasty",,,,Non-standard
NAPA008,"Extracetabular osteotomy of the hip bone by several sections, with osteotomy of the femur",,,,Non-standard
JDNM001,Extracorporeal bladder lithotripsy,,,,Non-standard
08.02.02.06,Extracorporeal calculus fragmentation of the upper urinary tract [Extracorporeal lithotripsy],,,,Non-standard
HMNM001,Extracorporeal lithotripsy of the bile ducts,,,,Non-standard
JANM001,"Extracorporeal lithotripsy of the kidney, with radiological guidance",,,,Non-standard
JANM002,"Extracorporeal lithotripsy of the kidney, with ultrasound guidance",,,,Non-standard
HNNM001,Extracorporeal lithotripsy of the pancreas,,,,Non-standard
JCNM002,"Extracorporeal lithotripsy of the ureter, with radiological guidance",,,,Non-standard
JCNM001,"Extracorporeal lithotripsy of the ureter, with ultrasound guidance",,,,Non-standard
FERP001,Extracorporeal photochemotherapy of mononuclear blood cells,,,,Non-standard
GLJF010,"Extracorporeal purification of carbon dioxide [CO2], per 24 hours",,,,Non-standard
ADCA005,Extracranial anastomosis between two cranial nerves,,,,Non-standard
04.03.06.03,Extracranial carotid artery bypass,,,,Non-standard
04.03.06.01,Extracranial carotid artery wound suture,,,,Non-standard
LAPA014,"Extracranial craniofacial osteotomy type Le Fort III with facial bipartition, by intraoral approach and coronal approach",,,,Non-standard
LAPA009,"Extracranial craniofacial osteotomy type Le Fort III, by intraoral approach and coronal approach",,,,Non-standard
LANC001,"Extracranial grinding of the vault of the skull, by video surgery",,,,Non-standard
EJGA003,"Extraction [Stripping] of the great saphenous vein and the small saphenous vein, by direct approach",,,,Non-standard
EJGA002,"Extraction [Stripping] of the great saphenous vein, by direct approach",,,,Non-standard
EJGA001,"Extraction [Stripping] of the small saphenous vein, by direct approach",,,,Non-standard
07.02.07.04,Extraction and destruction of salivary calculus,,,,Non-standard
PAFA010,"Extraction of cortical or corticospongous bone autograft, or periosteal autograft away from the operative site, on a site without change of position",,,,Non-standard
BFGA001,Extraction of dislocated lens,,,,Non-standard
02.04.02.03,Extraction of foreign body from the cornea,,,,Non-standard
02.05.02.03,Extraction of foreign body from the orbit,,,,Non-standard
07.02.08.02,Extraction of foreign body from the oropharynx,,,,Non-standard
08.04.03.12,Extraction of intrauterine foreign body,,,,Non-standard
BFGA007,Extraction of subluxed or ectopic lens,,,,Non-standard
BFGA010,Extraction of the lens by posterior sclerotomy [pars plana] [Phakophagy],,,,Non-standard
02.04.03.04,"Extraction, ablation, resection, resection of the anterior segment of the eye",,,,Non-standard
GFFC003,"Extralobar sequestration excision, by thoracoscopy",,,,Non-standard
GFFA035,"Extralobar sequestration excision, by thoracotomy",,,,Non-standard
HEPA002,"Extramucosal oeso-cardio-myotomy with anti-reflux procedure, by laparotomy",,,,Non-standard
HEPC003,"Extramucosal oeso-cardio-myotomy with antireflux procedure, by laparoscopy",,,,Non-standard
HEPA003,"Extramucosal oeso-cardio-myotomy with antireflux procedure, by thoracotomy",,,,Non-standard
HEPA001,"Extramucosal oeso-cardio-myotomy without performing an antireflux procedure, by thoracotomy",,,,Non-standard
HEPC004,"Extramucosal oo-cardio-myotomy with antireflux procedure, by thoracoscopy",,,,Non-standard
HEPC002,"Extramucosal oo-cardio-myotomy without performing an anti-reflux procedure, by laparoscopy",,,,Non-standard
HEPC001,"Extramucosal oo-cardio-myotomy without performing an antireflux procedure, by thoracoscopy",,,,Non-standard
HEPA006,"Extramucosal oos-cardio-myotomy without performing an anti-reflux procedure, by laparotomy",,,,Non-standard
HFPC001,"Extramucosal pylorotomy [Extramucosal pyloromyotomy], by laparoscopy",,,,Non-standard
HFPA002,"Extramucosal pylorotomy [Extramucosal pyloromyotomy], by laparotomy",,,,Non-standard
07.03.01.07,Extramucous oeso-cardio-myotomy,,,,Non-standard
ADEA002,Extrapetrous facial nerve autograft,,,,Non-standard
08.08,EXTRARENAL CLEANSING,,,,Non-standard
JVJF007,"Extrarenal purification by hemodialysis or continuous hemofiltration for acute renal failure in newborns, per 24 hours",,,,Non-standard
JVJF006,"Extrarenal purification by hemodialysis or discontinuous hemofiltration for acute renal failure in newborns, per 24 hours",,,,Non-standard
JVJF005,"Extrarenal purification by hemodialysis, hemodiafiltration or continuous hemofiltration for acute renal failure, per 24 hours",,,,Non-standard
JVJF002,"Extrarenal purification by hemodialysis, hemodiafiltration or discontinuous hemofiltration for acute renal failure, per 24 hours",,,,Non-standard
JVJB002,"Extrarenal purification by peritoneal dialysis for acute renal failure, per 24 hours",,,,Non-standard
JVJF008,"Extrarenal purification session by hemodiafiltration, hemofiltration or biofiltration without acetate for chronic renal failure",,,,Non-standard
JVJF003,Extrarenal purification session by hemoperfusion,,,,Non-standard
JVJB001,Extrarenal purification session by peritoneal dialysis for chronic renal failure,,,,Non-standard
JVJF004,Extrarenal treatment by hemodialysis for chronic renal failure,,,,Non-standard
01.03.03,Extraspinal [extramedullary] tumor resection of the spinal canal,,,,Non-standard
AFFA009,"Extraspinal intradural tumor excision with vertebral reconstruction, by anterior or anterolateral approach",,,,Non-standard
AFFA001,"Extraspinal intradural tumor excision without vertebral reconstruction, by anterior or anterolateral approach",,,,Non-standard
AFFA007,"Extraspinal intradural tumor excision, by posterior or posterolateral approach",,,,Non-standard
PAMH001,"Extraspinal intraosseous cementoplasty, transcutaneously with radiological guidance",,,,Non-standard
2,EYE AND APPENDICES,,,,Non-standard
02.01.09,Eye and orbit biopsy,,,,Non-standard
02.01.04,Eye photography,,,,Non-standard
02.02.01,Eyebrow and eyelid wound suture,,,,Non-standard
BAFA012,Eyebrow skin lesion excision,,,,Non-standard
BACA008,Eyebrow wound suture,,,,Non-standard
BASA001,Eyelid coloboma closure,,,,Non-standard
02.02.04,Eyelid resection,,,,Non-standard
ZAQP001,Face photographs,,,,Non-standard
LAQK009,Facial CT scan with soft tissue scan of the neck,,,,Non-standard
QANP008,Facial dermabrasion on 5 cm? to 20 cm?,,,,Non-standard
QANP006,Facial dermabrasion on less than 5 cm?,,,,Non-standard
16.03.06.04,Facial exfoliation,,,,Non-standard
PCPA004,"Fasciomyotomy for compartment decompression of a limb, by direct approach",,,,Non-standard
PCPB001,"Fasciomyotomy for compartment decompression of a limb, transcutaneously",,,,Non-standard
EJCA003,"Femorofemoral or femoro-iliac cross venous bypass, by direct approach",,,,Non-standard
EGFA004,"Femoroiliac venous thrombectomy, by femoral approach",,,,Non-standard
EECA001,"Femoropopliteal arterial bypass above the joint space of the knee, by direct approach",,,,Non-standard
EECA003,"Femoropopliteal arterial bypass below the joint space of the knee, by direct approach",,,,Non-standard
NFDA002,"Femorotibial arthrodesis, by arthrotomy",,,,Non-standard
EECA010,"Femorotibial or femoroperonial arterial bypass with venous collar, by direct approach",,,,Non-standard
EECA008,"Femorotibial or femoroperonial arterial bypass without a venous collar, by direct approach",,,,Non-standard
HLCC001,"Fenestration of hepatic biliary cysts, by laparoscopy",,,,Non-standard
HLCA002,"Fenestration of hepatic biliary cysts, by laparotomy",,,,Non-standard
JQQM001,Fetal growth monitoring ultrasound,,,,Non-standard
JQQM003,Fetal growth monitoring ultrasound with doppler ultrasound of the uterine arteries of the mother and the vessels of the fetus,,,,Non-standard
DHNF006,"Fibrinolysis in situ femoro-ilio-vena cava with partial obliteration of the inferior vena cava [installation of a vena cava filter], via the transcutaneous venous route",,,,Non-standard
DHNF002,"Fibrinolysis in situ femoro-ilio-vena cava, via the transcutaneous venous route",,,,Non-standard
GDQE004,Fibroscopy of the larynx and trachea,,,,Non-standard
GCQE003,"Fibroscopy of the pharynx and larynx via the nasal route, with stroboscopic examination of the larynx",,,,Non-standard
GCQE001,"Fibroscopy of the pharynx and larynx, via the nasal route",,,,Non-standard
LAMA012,"Filling of a depression in the orbitofacial region, without exenteration of the orbit, by inert material or autograft",,,,Non-standard
BKBA001,Filling of exenteration cavity of the orbit by skin autograft and temporal muscle flap,,,,Non-standard
LBBA004,"Filling of loss of lateral segmental interrupter mandibular substance respecting the articular region, by intraoral or facial approach",,,,Non-standard
LBBA006,"Filling of loss of mandibular anterior segmental interrupter limited to the body, by intraoral or facial approach",,,,Non-standard
11.02.04.03,Filling of loss of substance in the mandible,,,,Non-standard
04.04.04.06,Filter removal of the inferior vena cava,,,,Non-standard
DEGA002,"Final epicardial electrode ablation, by thoracotomy",,,,Non-standard
DHSF002,"Final partial obliteration of the inferior vena cava, via the transcutaneous venous route",,,,Non-standard
13.04.03.07,Finger reconstruction and translocation,,,,Non-standard
MDFA004,First row carpal resection,,,,Non-standard
YYYY010,"First-aid treatment of cases requiring technical procedures (installation of an infusion, administration of oxygen, cardiopulmonary resuscitation, etc.) and the prolonged presence of the doctor (outside a healthcare establishment) in following situatio...",,,,Non-standard
DFSA002,"Fistula closure or exclusion of pulmonary arteriovenous aneurysm, by thoracotomy without CEC",,,,Non-standard
FCSC001,"Fistula closure or ligation of the thoracic duct, by thoracoscopy",,,,Non-standard
FCSA001,"Fistula closure or ligation of the thoracic duct, by thoracotomy",,,,Non-standard
LBLD014,Fitting of a metal orthosis completely or partially covering a dental arch,,,,Non-standard
08.02.03.08,Fixation and support of the bladder,,,,Non-standard
08.03.02.06,Fixation and transposition of the testis,,,,Non-standard
NFDC001,"Fixation of intraarticular osteochondral fragment of the knee, by arthroscopy",,,,Non-standard
NFDA009,"Fixation of intraarticular osteochondral fragment of the knee, by arthrotomy",,,,Non-standard
NDDC001,"Fixation of osteochondral fragment of the talus trochlea, by arthroscopy",,,,Non-standard
NDDA001,"Fixation of osteochondral fragment of the trochlea of ??the talus, by arthrotomy",,,,Non-standard
BADA007,Fixation of the eyebrow to the supraorbital rim,,,,Non-standard
PADA003,"Fixation or excision of accessory ossification nucleus, by direct approach",,,,Non-standard
PFC,Fixed ceramic prosthesis Free price,,,,Non-standard
19.01.10.01,Fixed fields of less than 300 cm?,,,,Non-standard
PFM,Fixed metal prosthesis Free price,,,,Non-standard
EQBP001,"Fixed venous retention taking at least 2 limb segments, by placing a sticky or cohesive band",,,,Non-standard
JEMA017,"Flapless urethral meatoplasty or meatotomy, in adults",,,,Non-standard
BGQP010,"Flash electroretinography [ERG], with measurement of amplitudes and latencies of responses",,,,Non-standard
QBPA001,Flat lay of an infected perineofuteal pilonidal sinus,,,,Non-standard
JEPA006,Flat lay of anterior urethral stricture,,,,Non-standard
LAPA001,Flat lay of infectious lesion of the vault of the skull [calvaria],,,,Non-standard
QAPA002,Flat lay of infectious scalp lesion,,,,Non-standard
HKPA002,Flat lay of low [inferior transsphincter] fistula of the anus with resection of an isolated hemorrhoidal bundle,,,,Non-standard
JEPA001,Flat lay of posterior urethral stenosis,,,,Non-standard
FCPA001,"Flattening of a lymphocele of a limb with lymphostasis, by direct approach",,,,Non-standard
DGPA018,"Flattening of a ruptured infrenal or aortobisilic aortic aneurysm with prosthetic replacement, by laparotomy",,,,Non-standard
HKPA008,"Flattening of abscess and / or fistula at the top of the anus [upper transsphincter] or with a complex multi-branched path, with advancement flap",,,,Non-standard
HKPA007,"Flattening of abscess and / or fistula at the top of the anus [upper transsphincter] or with a multi-branched complex path, with drainage by flexible loop",,,,Non-standard
HKPA005,Flattening of abscess and / or intersphincteric fistula high [intramural] of the anus,,,,Non-standard
HKPA004,"Flattening of abscess and / or lower anus [inferior transsphincter] in one step, by fistulotomy or fistulectomy",,,,Non-standard
HJPA001,"Flattening of an acquired rectovaginal fistula, by perineotomy",,,,Non-standard
DGPA016,"Flattening of an aortoiliofemoral aneurysm with aortoiliofemoral bifurcated prosthetic replacement, by laparotomy with infrenal clamping",,,,Non-standard
DGPA001,"Flattening of an aortoiliofemoral aneurysm with bifurcated aortoiliofemoral prosthetic replacement, by laparotomy with suprarenal clamping",,,,Non-standard
EDPA001,"Flattening of an iliac aneurysm with ilioiliac or unilateral iliofemoral prosthetic replacement, by laparotomy",,,,Non-standard
EDPA005,"Flattening of an iliac aneurysm with unilateral aortoiliac or aortofemoral prosthetic replacement, by laparotomy",,,,Non-standard
LHPA004,"Flattening of an infectious or ossifluent vertebral lesion, by posterior approach",,,,Non-standard
DGPA013,"Flattening of an unruptured infra-renal or aortobisilic aortic aneurysm with aortobifemoral prosthetic replacement, by laparotomy with suprarenal clamping",,,,Non-standard
DGPA012,"Flattening of an unruptured infra-renal or aortobisilic aortic aneurysm with aortobisiliac prosthetic replacement, by laparotomy with infrenal clamping",,,,Non-standard
DGPA008,"Flattening of an unruptured infra-renal or aortobisilic aortic aneurysm with aortobisiliac prosthetic replacement, by laparotomy with suprarenal clamping",,,,Non-standard
DGPA005,"Flattening of an unruptured infrenal aortic aneurysm with infrenal aortoaortic prosthetic replacement, by laparotomy with infrenal clamping",,,,Non-standard
DGPA017,"Flattening of an unruptured infrenal aortic aneurysm with infrenal aortoaortic prosthetic replacement, by laparotomy with suprarenal clamping",,,,Non-standard
DGPA010,"Flattening of an unruptured infrenal or aortobisilic aortic aneurysm with aortobifemoral prosthetic replacement, by laparotomy with infrenal clamping",,,,Non-standard
AFPA001,"Flattening of infectious epidural spinal and / or paravertebral lesion postoperatively [sepsis], by direct approach",,,,Non-standard
HKPA001,Flattening of low [inferior transsphincter] fistula of the anus with pedicle hemorrhoidectomy by submucosal resection,,,,Non-standard
LAPA015,"Flattening of postoperative infectious lesion of the vault of the skull [calvaria], by resuming the previous approach",,,,Non-standard
04.05.08.07,Flow reduction and closure of arteriovenous vascular access,,,,Non-standard
HTRD003,Fluid anorectal continence test,,,,Non-standard
BEQP001,Fluorometry of the anterior chamber of the eye,,,,Non-standard
BGQP008,Fluorometry of the vitreous body and the posterior segment of the eye,,,,Non-standard
HJBA001,"Folding of the anterior wall of the rectum, by perineal approach",,,,Non-standard
14.03.05.03,Foot arthroplasty,,,,Non-standard
NZEA007,Foot reimplantation,,,,Non-standard
MCPA001,Forearm reorientation osteotomy for congenital radioulnar synostosis,,,,Non-standard
NHFA001,Forefoot joint synovectomy,,,,Non-standard
14.02.06.02,Forefoot osteosynthesis,,,,Non-standard
14.02.06.03,Forefoot osteotomy,,,,Non-standard
06.02.06.04,Foreign body ablation,,,,Non-standard
13.04.01.04,Foreign body excision of the soft tissues of the shoulder girdle and arm,,,,Non-standard
HEGE001,Foreign body removal from the esophagus by rigid endoscopy,,,,Non-standard
GDGE001,"Foreign body removal from the larynx, by direct laryngoscopy",,,,Non-standard
BKGA002,"Foreign body removal from the orbit with electromagnet, with bone orbitotomy",,,,Non-standard
BKGA008,"Foreign body removal from the orbit with electromagnet, without bone orbitotomy",,,,Non-standard
BKGA003,"Foreign body removal from the orbit without electromagnet, with bone orbitotomy",,,,Non-standard
BKGA005,"Foreign body removal from the orbit without electromagnet, without bone orbitotomy",,,,Non-standard
HDGE001,"Foreign body removal from the oropharynx, by rigid endoscopy",,,,Non-standard
BBGA001,"Foreign body removal from the tear ducts, by direct approach",,,,Non-standard
08.02.04.05,Foreign body removal from the urethra,,,,Non-standard
MCCB001,"Fracture osteosynthesis of the proximal end of a forearm bone, closed focus",,,,Non-standard
MCCB005,"Fracture osteosynthesis of the proximal end of the 2 bones of the forearm, closed focus",,,,Non-standard
JHLA001,Frame of a neopenis,,,,Non-standard
QZEA028,Free transfer of nail complex with vascular anastomoses,,,,Non-standard
GBJE001,Frontal sinus collection evacuation by nasal endoscopy,,,,Non-standard
GBJB001,"Frontal sinus collection evacuation, transcutaneously",,,,Non-standard
GBQE002,Frontal sinusoscopy,,,,Non-standard
LAFA006,"Fronto-ethmoido-sphenoid-maxillary resection with resection of the riddled blade and meninges, by paralateronasal approach",,,,Non-standard
LAFA001,"Fronto-ethmoido-sphenoid-maxillary resection, by paralateronasal approach",,,,Non-standard
LAFA003,"Fronto-ethmoido-sphenoid-maxillary resection, by paralateronasal approach and by infrafrontal approach",,,,Non-standard
11.02.02.03,Frontofacial osteotomy,,,,Non-standard
LACA006,"Frontonasal open fracture osteosynthesis, by coronal approach",,,,Non-standard
14.01.05,Functional assessment of a lower limb joint,,,,Non-standard
13.01.04,Functional assessment of an upper limb joint,,,,Non-standard
HQQE001,"Functional assessment of swallowing with fibroscopy of the pharynx and larynx via the nasal route, food test and video recording",,,,Non-standard
NGQP001,"Functional assessment of the ankle joint, under general or locoregional anesthesia",,,,Non-standard
NEQP002,"Functional assessment of the coxofemoral joint, under general or locoregional anesthesia",,,,Non-standard
MHQP001,"Functional assessment of the joints of the hand, under general or locoregional anesthesia",,,,Non-standard
NFQP002,"Functional assessment of the knee joint with preparation of a rigid device for external immobilization, under general or locoregional anesthesia",,,,Non-standard
NFQP001,"Functional assessment of the knee joint, under general or locoregional anesthesia",,,,Non-standard
MZQP001,"Functional assessment of the shoulder, elbow and / or wrist joint, under general or locoregional anesthesia",,,,Non-standard
NEQH001,"Functional assessment of unstable non-traumatic hip with arthrography and construction of a rigid device for external immobilization, under general anesthesia",,,,Non-standard
NEQP001,"Functional assessment of unstable non-traumatic hip with construction of a rigid device for external immobilization, under general anesthesia",,,,Non-standard
BJQP002,Functional examination of ocular motor skills,,,,Non-standard
BAQP001,Functional examination of palpebral motility with pharmacological tests,,,,Non-standard
BBQP001,Functional exploration of tear flow,,,,Non-standard
06.01.07.04,Functional explorations of breathing,,,,Non-standard
15.01.05,"Functional explorations of the osteoarticular and muscular apparatus, without topographic precision",,,,Non-standard
AAFA004,"Functional hemispherectomy, by craniotomy",,,,Non-standard
KANB001,"Functional hypophysiolysis, by transsphenoidal route",,,,Non-standard
10.01.03,Functional investigations of the endocrine glands and metabolism,,,,Non-standard
AAQN004,Functional remnography [MRI] of the brain to study motor functions,,,,Non-standard
AAQN901,Functional remnography [MRI] of the brain to study phasic functions,,,,Non-standard
AAQN900,Functional remnography [MRI] of the brain to study visual functions,,,,Non-standard
DZQM008,"Functional remnography [MRI] of the heart, with pharmacological stress test",,,,Non-standard
DZQN002,"Functional remnography [MRI] of the heart, without pharmacological stress test",,,,Non-standard
07.01.08.02,Functional tests in the digestive tract,,,,Non-standard
07.01.08.01,Functional tests in the oral cavity,,,,Non-standard
04.01.08,Functional tests of the circulatory system,,,,Non-standard
07.01.08,Functional tests of the digestive system,,,,Non-standard
05.01.05,Functional tests of the immune and hematopoietic systems,,,,Non-standard
08.01.05.03,Functional tests of the male reproductive system,,,,Non-standard
01.01.09,Functional tests of the nervous system,,,,Non-standard
06.01.07,Functional tests of the respiratory system,,,,Non-standard
08.01.05,Functional tests of the urinary and genital tract,,,,Non-standard
16.01.04,Functional tests on skin and soft tissues,,,,Non-standard
03.01.01,Functional tests on the ear,,,,Non-standard
02.01.06,Functional tests on the eye,,,,Non-standard
06.01.07.02,Functional tests on the larynx,,,,Non-standard
06.01.07.01,Functional tests on the nose,,,,Non-standard
DFCA008,"Functionally terminal cavopulmonary anastomosis, by thoracotomy with SCC",,,,Non-standard
DFCA002,"Functionally terminal cavopulmonary anastomosis, by thoracotomy without CEC",,,,Non-standard
BGQP003,"Fundus examination, in bed",,,,Non-standard
QEQH001,Galactography,,,,Non-standard
BGLB002,Gas injection into the vitreous body,,,,Non-standard
07.03.02.11,Gastrectomy,,,,Non-standard
HFFC004,"Gastrectomy with biliopancreatic or intestinal bypass for morbid obesity, by laparoscopy",,,,Non-standard
HFFA001,"Gastrectomy with biliopancreatic or intestinal bypass for morbid obesity, by laparotomy",,,,Non-standard
HFCA001,"Gastric bypass with loop mounted in Y [gastric bypass in Y] for morbid obesity, by laparotomy",,,,Non-standard
HFHD001,"Gastric fluid collection by tubing, without pharmacological test",,,,Non-standard
HFCC003,"Gastric short-circuit with loop mounted in Y [gastric bypass in Y] for morbid obesity, by laparoscopy",,,,Non-standard
HFQD001,Gastro-duodeno-jejunal manometry with recording of antro-pyloro-duodenal activity,,,,Non-standard
07.03.02.10,Gastropexy,,,,Non-standard
HFDC001,"Gastropexy in children, by laparoscopy",,,,Non-standard
HFDA001,"Gastropexy in children, by laparotomy",,,,Non-standard
HFMC007,"Gastroplasty by placing an adjustable perigastric ring for morbid obesity, by laparoscopy",,,,Non-standard
HFMA009,"Gastroplasty by placing an adjustable perigastric ring for morbid obesity, by laparotomy",,,,Non-standard
07.03.02.04,Gastrostomy,,,,Non-standard
HFCB001,"Gastrostomy, transcutaneously with endoscopic guidance",,,,Non-standard
HFCH001,"Gastrostomy, transcutaneously with ultrasound and / or radiological guidance",,,,Non-standard
07.03.02.07,Gastrotomy and duodenotomy,,,,Non-standard
HFPA001,"Gastrotomy for therapeutic purposes, by laparotomy",,,,Non-standard
18.01,"GENERAL OR LOCOREGIONAL ANESTHESIA, COMPLEMENTARY TO A DIAGNOSTIC OR THERAPEUTIC ACT;�SPINAL ANESTHESIA FOR CHILDBIRTH",,,,Non-standard
QZRP004,Generalized balneopuvatherapy session,,,,Non-standard
04.04.05.01,Genital vein anastomosis,,,,Non-standard
04.04.05.03,Genital vein embolization,,,,Non-standard
04.04.05.02,Genital vein resection and ligation,,,,Non-standard
LJFA001,"Gibbectomy, by direct approach",,,,Non-standard
HBFA007,Gingivectomy on a sector of 4 to 6 teeth,,,,Non-standard
HBFA006,Gingivectomy on an area of ??1 to 3 teeth,,,,Non-standard
HBFA008,Gingivectomy on an area of ??7 or more teeth,,,,Non-standard
HBSD001,Gingivo-alveolar hemostasis secondary to dental avulsion,,,,Non-standard
BHRP001,Glaucoma challenge test,,,,Non-standard
DGQH001,"Global arteriography of the abdominal aorta and lower limbs, via the transcutaneous arterial route",,,,Non-standard
DGQH002,"Global arteriography of the abdominal aorta, via the transcutaneous arterial route",,,,Non-standard
DGQH007,"Global arteriography of the arch of the aorta and its cervicocephalic branches [Aortic bundle], by the transcutaneous arterial route",,,,Non-standard
EEQH005,"Global arteriography of the lower limb, via the transcutaneous arterial route",,,,Non-standard
DGQH005,"Global arteriography of the thoracic and abdominal aorta, via the transcutaneous arterial route",,,,Non-standard
DGQH006,"Global arteriography of the thoracic aorta, via the transcutaneous arterial route",,,,Non-standard
EBQH001,"Global phlebography of a cervicocephalic axis, by transcutaneous venous route",,,,Non-standard
DHQH006,"Global venography of the superior vena cava [Superior cavography], via the transcutaneous venous route",,,,Non-standard
JAQL003,Glomerular or tubular renal scintigraphy [Isotope nephrography] with pharmacological test,,,,Non-standard
JAQL001,Glomerular or tubular renal scintigraphy [Isotope nephrography] without pharmacological test,,,,Non-standard
JAQL005,"Glomerular or tubular renal scintigraphy [Isotope nephrography] without pharmacological test, with anterograde bladder scintigraphy",,,,Non-standard
JAQL007,Glomerular or tubular renal scintigraphy [Isotopic nephrography] with pharmacological test and reinjection of radioisotopic product,,,,Non-standard
JAQL006,Glomerular or tubular renal scintigraphy with measurement of plasma and urine radioisotopic clearances,,,,Non-standard
JAQL004,Glomerular or tubular renal scintigraphy with measurement of plasma radioisotope clearance,,,,Non-standard
LMSA003,Gradual closure of an omphalocele or laparoschisis,,,,Non-standard
NBCA008,Greater trochanter fracture osteosynthesis,,,,Non-standard
12.04.03.02,Groin hernia cure,,,,Non-standard
04.04.08.05,Haemostasis of esogastric varices,,,,Non-standard
HESE001,"Haemostasis of lesion of the esophagus, stomach and / or duodenum with laser, by eso-gastro-duodenoscopy",,,,Non-standard
JASA001,"Haemostasis of wound or fracture of the kidney by placement of perirenal mesh, by direct approach",,,,Non-standard
JEGE003,"Hair removal of the urethra, by endoscopy",,,,Non-standard
13.03.05.01,Hand articular collection evacuation,,,,Non-standard
13.03.05.06,Hand joint reconstruction,,,,Non-standard
13.02.06.02,Hand osteosynthesis,,,,Non-standard
13.02.06.03,Hand osteotomy,,,,Non-standard
DAQM901,"Harmonic ultrasound with transcutaneous intravenous injection of an ultrasound contrast medium for the study of myocardial perfusion, during an ultrasound of the heart and intrathoracic vessels",,,,Non-standard
11.01.02,Head photographs,,,,Non-standard
11.01.05,Head remnography [MRI],,,,Non-standard
3,HEAR,,,,Non-standard
DAQL004,Heart chamber scintigraphy during a stress test or pharmacological test,,,,Non-standard
04.02.06.01,Heart sampling,,,,Non-standard
04.02.06,Heart transplant,,,,Non-standard
04.02.06.02,Heart transplant,,,,Non-standard
DACA001,"Heart wound suture, by thoracotomy without CEC",,,,Non-standard
LBPA022,"Hemi-Le Fort I maxillary osteotomy, by intraoral approach",,,,Non-standard
GDFA013,Hemilaryngopharyngectomy,,,,Non-standard
JAFA026,"Heminephrectomy for renal fusion, by direct approach",,,,Non-standard
JAFA001,"Heminephrectomy with partial ureterectomy, by direct approach",,,,Non-standard
JAFC002,"Heminephrectomy with partial ureterectomy, by laparoscopy or by retroperitoneoscopy",,,,Non-standard
JAFA003,"Heminephrectomy with total ureterectomy, by direct approach",,,,Non-standard
JAFC007,"Heminephrectomy with total ureterectomy, by laparoscopy or by retroperitoneoscopy",,,,Non-standard
JVRP004,Hemodialysis workout,,,,Non-standard
EQMF003,"Hemodynamic and ventilatory replacement of a patient in a state of encephalic death, with a view to organ harvesting",,,,Non-standard
EQMP001,"Hemodynamic replacement by intraaortic diastolic counterpulse device, per 24 hours",,,,Non-standard
EQQP013,"Hemodynamic replacement by mechanical ventricular circulatory assistance, per 24 hours",,,,Non-standard
EQQP004,"Hemodynamic supplementation by extracorporeal circulation, per 24 hours",,,,Non-standard
04.04.07.01,Hemorrhoidectomy,,,,Non-standard
EGLF002,Hemorrhoids sclerosing injection session,,,,Non-standard
EZSA002,"Hemostasis of arteriovenous vascular access, by direct approach",,,,Non-standard
HGSE004,"Hemostasis of intestinal lesion with laser, by ileoscopy",,,,Non-standard
HGSE002,"Hemostasis of intestinal lesion with laser, by jejunoscopy",,,,Non-standard
HGSE003,"Hemostasis of intestinal lesion without laser, by ileoscopy",,,,Non-standard
HGSE001,"Hemostasis of intestinal lesion without laser, by jejunoscopy",,,,Non-standard
HESE002,"Hemostasis of lesion of the esophagus, stomach and / or duodenum without laser, by eso-gastro-duodenoscopy",,,,Non-standard
HLSC012,"Hemostasis of liver injury, by laparoscopy",,,,Non-standard
HLSA001,"Hemostasis of liver injury, by laparotomy",,,,Non-standard
06.02.02.03,Hemostasis of the nasal cavity,,,,Non-standard
DGSA005,"Hemostasis secondary to an act on the abdominal aorta or its branches, by laparotomy",,,,Non-standard
HKSD001,Hemostasis secondary to an act on the anus,,,,Non-standard
EBSA012,"Hemostasis secondary to an act on the cervicocephalic vessels, by cervicotomy",,,,Non-standard
DZSA002,"Hemostasis secondary to an act on the heart and / or intrathoracic vessels, by thoracotomy",,,,Non-standard
CASA001,Hemostasis secondary to an act on the outer or middle ear,,,,Non-standard
HJSD001,Hemostasis secondary to an act on the rectum,,,,Non-standard
EZSA004,"Hemostasis secondary to an act on the vessels of the limbs, by direct approach",,,,Non-standard
ZBSA001,"Hemostasis secondary to an intrathoracic procedure, by thoracotomy",,,,Non-standard
HASD003,Hemostasis secondary to intraoral electrocoagulation,,,,Non-standard
FASD001,Hemostasis secondary to tonsillectomy or adenoidectomy,,,,Non-standard
07.04.13,Hepatectomy and liver resection,,,,Non-standard
HLFC027,"Hepatic bisgmentectomy, by laparoscopy",,,,Non-standard
HLFA009,"Hepatic bisgmentectomy, by laparotomy",,,,Non-standard
HLFA012,"Hepatic cystectomy or pericystectomy, by laparotomy",,,,Non-standard
04.03.12.07,Hepatic intraarterial anticancer chemotherapy,,,,Non-standard
HLFA014,"Hepatic sequestrectomy, by laparotomy",,,,Non-standard
HLFC032,"Hepatic trisegmentectomy, by laparoscopy",,,,Non-standard
HLFA006,"Hepatic trisegmentectomy, by laparotomy",,,,Non-standard
HLFC004,"Hepatic unisegmentectomy, by laparoscopy",,,,Non-standard
HLFA020,"Hepatic unisegmentectomy, by laparotomy",,,,Non-standard
HLCA001,"Hepato-porto-cholecystostomy or hepato-portoenterostomy for atresia of the extrahepatic bile ducts, by laparotomy",,,,Non-standard
LMMA006,"Hernia repair of the anterior abdominal wall after the age of 16 with prosthesis, by direct approach",,,,Non-standard
LMMC020,"Hernia repair of the anterior abdominal wall after the age of 16 with prosthesis, by laparoscopy",,,,Non-standard
12.04.03.03,Hernia treatment of the anterior abdominal wall,,,,Non-standard
LMMA009,"Hernia treatment of the anterior abdominal wall after the age of 16 without fitting a prosthesis, by direct approach",,,,Non-standard
LMMA014,"Hernia treatment of the anterior abdominal wall before the age of 16, by direct approach",,,,Non-standard
12.02.02.03,Herniated disc excision of the spine by anterior approach,,,,Non-standard
12.02.02.02,Herniated disc excision of the spine by posterior approach,,,,Non-standard
DZEA003,"Heterotopic transplantation of the heart, by thoracotomy with CEC",,,,Non-standard
12.04.02.04,Hiatus hernia cure,,,,Non-standard
DEQP002,High amplification electrocardiography,,,,Non-standard
ZZNL019,High dose rate intraluminal brachytherapy,,,,Non-standard
JLNL008,High dose rate vaginal intracavitary brachytherapy with dosimetry in one plane,,,,Non-standard
JLNL002,High dose rate vaginal intracavitary brachytherapy with two-dimensional dosimetry,,,,Non-standard
DERF002,"High energy cardiac electric shock, transcutaneous vascular route",,,,Non-standard
CDQP005,High frequency audiometry,,,,Non-standard
GLLD009,"High frequency oscillation ventilation, per 24 hours",,,,Non-standard
NEQH002,Hip arthrography,,,,Non-standard
NEMA013,"Hip bone reconstruction after """"en bloc"""" resection of the hip bone [hemibassin], with fixation of the femur to the hip bone",,,,Non-standard
NZFA001,Hip disarticulation,,,,Non-standard
17.02.02,Histopathological examination,,,,Non-standard
QEQX016,Histopathological examination of a breast macrobiopsy,,,,Non-standard
17.02.04,Histopathological examination of a fragment of an anatomical structure,,,,Non-standard
ZZQX123,"Histopathological examination of a fragment of endoscopic resection or curettage of anatomical structure, not differentiated by the sampler",,,,Non-standard
ENQX011,Histopathological examination of artery biopsy with special staining,,,,Non-standard
ZZQX217,Histopathological examination of biopsies of an anatomical structure with mapping,,,,Non-standard
ZZQX012,Histopathological examination of biopsies of several anatomical structures with mapping of each anatomical structure,,,,Non-standard
ZZQX163,Histopathological examination of biopsy of 2 anatomical structures,,,,Non-standard
ZZQX132,Histopathological examination of biopsy of 3 anatomical structures,,,,Non-standard
ZZQX197,Histopathological examination of biopsy of 4 anatomical structures,,,,Non-standard
ZZQX035,Histopathological examination of biopsy of 5 or more anatomical structures,,,,Non-standard
ZZQX162,Histopathological examination of biopsy of an anatomical structure,,,,Non-standard
05.01.08.01,Histopathological examination of biopsy of anatomical structure of the immune and hematopoietic systems,,,,Non-standard
07.01.13.01,Histopathological examination of biopsy of the digestive system,,,,Non-standard
FDQX007,Histopathological examination of bone marrow biopsy with special staining,,,,Non-standard
16.02.06.01,Histopathological examination of breast biopsy,,,,Non-standard
JGQX001,Histopathological examination of fragments of endoscopic excision of the prostate,,,,Non-standard
JDQX002,Histopathological examination of fragments of endoscopic resection of the bladder,,,,Non-standard
ZZQX159,"Histopathological examination of fragments of endoscopic resection or curettage of an anatomical structure, differentiated by the sampler",,,,Non-standard
ZZQX177,"Histopathological examination of fragments of endoscopic resection or curettage of several anatomical structures, differentiated by the sampler on each structure",,,,Non-standard
JAQX006,Histopathological examination of kidney biopsy with special staining for diagnosis of non-carcinological disease,,,,Non-standard
HLQX013,Histopathological examination of liver biopsy with special staining for diagnosis of non-carcinological disease,,,,Non-standard
GFQX020,Histopathological examination of lung biopsy with special staining for diagnosis of non-carcinological disease,,,,Non-standard
QZQX014,Histopathological examination of nail biopsy with special staining,,,,Non-standard
QEQX037,Histopathological examination of several breast macrobiopsies,,,,Non-standard
16.01.06.02,Histopathological examination of skin and soft tissue biopsy,,,,Non-standard
QZQX021,Histopathological examination of skin biopsy with special staining for diagnosis of non-carcinological disease,,,,Non-standard
ZZQX200,Histopathological examination of staged biopsies of 2 anatomical structures,,,,Non-standard
ZZQX068,Histopathological examination of staged biopsies of 3 anatomical structures,,,,Non-standard
ZZQX047,Histopathological examination of staged biopsies of 4 or more anatomical structures,,,,Non-standard
ZZQX077,Histopathological examination of staged biopsies of an anatomical structure,,,,Non-standard
08.01.09.02,Histopathological examination of the urinary and genital tract,,,,Non-standard
EBCA008,"Homolateral carotidosubclavier or carotidoaxillary bypass, by cervicotomy",,,,Non-standard
EGCA003,"Homolateral femoro-iliac venous bypass, femorocave or femororenal, by direct approach",,,,Non-standard
EECA002,"Homolateral femorofemoral arterial bypass, by direct approach",,,,Non-standard
EDCA005,"Homolateral iliofemoral arterial bypass, by direct approach",,,,Non-standard
ECCA007,"Homolateral subclavioaxillary bypass, by direct approach",,,,Non-standard
GDFA003,Horizontal glottectomy,,,,Non-standard
DGAA003,"Horizontal thoracic aortic enlargement angioplasty with reimplantation of the supraaortic trunks, by thoracotomy with CEC",,,,Non-standard
DGAA006,"Horizontal thoracic aortic enlargement angioplasty without reimplantation of the supraaortic trunks, by thoracotomy with CEC",,,,Non-standard
MEFA004,Humeroscapulectomy [Monoblock arthrectomy of the shoulder],,,,Non-standard
13.02.03.03,Humerus osteotomy,,,,Non-standard
JDAD001,Hydrostatic distension of the bladder,,,,Non-standard
JLMD001,Hymen repair,,,,Non-standard
JLFD001,Hymenectomy or hymenotomy,,,,Non-standard
GDFA001,Hyo-thyro-epiglottectomy,,,,Non-standard
HADA002,Hyomandibulopexy,,,,Non-standard
19.01.05,Hyperbaric medicine,,,,Non-standard
06.04.03,Hyperbaric oxygen therapy,,,,Non-standard
GLQP017,Hyperbaric oxygen therapy test [OHB] with transcutaneous measurement of partial oxygen pressure [PtcO2],,,,Non-standard
GLLP006,"Hyperbaric oxygen therapy with inhalation of pure oxygen for a minimum of 60 minutes at a pressure of 200 to 280 kilopascals [kPa] in a patient in spontaneous ventilation, for ailment outside the acute phase",,,,Non-standard
GLLP007,Hyperbaric oxygen therapy with inhalation of pure oxygen lasting at least 60 minutes at a pressure of 200 to 280 kilopascals [kPa] in a spontaneously ventilated patient for acute disease,,,,Non-standard
GLLD021,"Hyperbaric oxygen therapy with inhalation of pure oxygen lasting at least 60 minutes at a pressure of 200 to 280 kilopascals [kPa], in a patient on mechanical ventilation",,,,Non-standard
DFQH002,"Hyperselective arteriography of the pulmonary arteries, via the transcutaneous venous route",,,,Non-standard
EBQH005,"Hyperselective cervicocephalic arteriography, by the transcutaneous arterial route",,,,Non-standard
EESF004,"Hyperselective embolization of several arteries of the lower limb, via the transcutaneous arterial route",,,,Non-standard
DHQH007,"Hyperselective venography of a branch of the common iliac vein or the inferior vena cava, by the transcutaneous venous route",,,,Non-standard
EFQH007,"Hyperselective venography of the brachiocephalic vein or the superior vena cava, by the transcutaneous venous route",,,,Non-standard
ANRP001,Hypnosis session for analgesia,,,,Non-standard
HDAA003,Hypopharyngeal enlargement plasty,,,,Non-standard
JNFA001,"Hysterectomy for obstetric complications, by laparotomy",,,,Non-standard
JKCA001,"Hysterorrhaphy, by laparotomy",,,,Non-standard
JKQH001,Hysterosalpingography,,,,Non-standard
JKQE002,Hysteroscopy,,,,Non-standard
JKQE001,Hysteroscopy with curettage of the uterine cavity,,,,Non-standard
JKQJ001,Hysterosonography,,,,Non-standard
08.04.03.10,Hystopexy [Fixation of the uterus],,,,Non-standard
JKMA001,"Hystoplasty, by laparotomy",,,,Non-standard
HGQE005,Ileal enteroscopy [Ileoscopy],,,,Non-standard
FCFC001,"Iliac lymphonodal [lymph node] dissection, by laparoscopy or by retroperitoneoscopy",,,,Non-standard
EDFA006,"Iliac thromboendarterectomy, by laparotomy",,,,Non-standard
JCNE003,Iliac ureteral tumor destruction by retrograde ureteroscopy,,,,Non-standard
JCFE003,Iliac ureteral tumor resection by retrograde ureteroscopy,,,,Non-standard
EDCA003,"Ilio-iliac, iliofemoral or femorofemoral arterial bypass surgery, by direct approach",,,,Non-standard
EDCA004,"Iliofemoral arterial bypass for anastomotic complication on prosthesis of the femoral bifurcation, by direct approach",,,,Non-standard
EDFA007,"Iliofemoral thromboendarterectomy, by inguinofemoral approach",,,,Non-standard
EDFA003,"Iliofemoral thromboendarterectomy, by laparotomy",,,,Non-standard
DHCA004,"Ilioiliac or iliocave venous bypass, by laparotomy",,,,Non-standard
ADI,Imaging act,,,,Non-standard
YYYY105,"Imaging for interventional radiology or interventional cardiology level 1, performed in the imaging room",,,,Non-standard
YYYY190,"Imaging for interventional radiology or interventional cardiology level 10, performed in the imaging room",,,,Non-standard
YYYY200,"Imaging for interventional radiology or interventional cardiology level 11, performed in the imaging room",,,,Non-standard
YYYY210,"Imaging for interventional radiology or interventional cardiology level 12, performed in the imaging room",,,,Non-standard
YYYY220,"Imaging for interventional radiology or interventional cardiology level 13, performed in the imaging room",,,,Non-standard
YYYY034,"Imaging for interventional radiology or interventional cardiology level 14, performed in the imaging room",,,,Non-standard
YYYY230,"Imaging for interventional radiology or interventional cardiology level 15, performed in the imaging room",,,,Non-standard
YYYY240,"Imaging for interventional radiology or interventional cardiology level 16, performed in the imaging room",,,,Non-standard
YYYY245,"Imaging for interventional radiology or interventional cardiology level 17, performed in the imaging room",,,,Non-standard
YYYY250,"Imaging for interventional radiology or interventional cardiology level 18, performed in the imaging room",,,,Non-standard
YYYY260,"Imaging for interventional radiology or interventional cardiology level 19, performed in the imaging room",,,,Non-standard
YYYY110,"Imaging for interventional radiology or interventional cardiology level 2, performed in the imaging room",,,,Non-standard
YYYY270,"Imaging for interventional radiology or interventional cardiology level 20, performed in the imaging room",,,,Non-standard
YYYY280,"Imaging for interventional radiology or interventional cardiology level 21, performed in the imaging room",,,,Non-standard
YYYY290,"Imaging for interventional radiology or interventional cardiology level 22, performed in the imaging room",,,,Non-standard
YYYY120,"Imaging for interventional radiology or interventional cardiology level 3, performed in the imaging room",,,,Non-standard
YYYY140,"Imaging for interventional radiology or interventional cardiology level 4, performed in the imaging room",,,,Non-standard
YYYY150,"Imaging for interventional radiology or interventional cardiology level 5, performed in the imaging room",,,,Non-standard
YYYY160,"Imaging for interventional radiology or interventional cardiology level 6, performed in the imaging room",,,,Non-standard
YYYY170,"Imaging for interventional radiology or interventional cardiology level 7, performed in the imaging room",,,,Non-standard
YYYY180,"Imaging for interventional radiology or interventional cardiology level 8, performed in the imaging room",,,,Non-standard
YYYY130,"Imaging for interventional radiology or interventional cardiology level 9, performed in the imaging room",,,,Non-standard
YYYY154,"Immediate or delayed resuscitation of the neonate in vital distress, including any ventilation technique, with or without intubation, and associated procedures, with preparation of a report",,,,Non-standard
JNCA001,Immediate suture of an obstetric tear of the cervix,,,,Non-standard
JMCA002,"Immediate suture of an obstetric tear of the vagina, vulva and / or perineum [simple perineum]",,,,Non-standard
09.03.04.01,Immediate suture of maternal obstetric lesions,,,,Non-standard
JMCA004,Immediate suture of obstetric perineum tear with bladder or urethral injury,,,,Non-standard
JMCA001,Immediate suture of obstetric perineum tear with lesion of the rectum [complicated complete perineum],,,,Non-standard
JMCA003,Immediate suture of obstetric tear of the perineum with injury to the external sphincter muscle of the anus [full perineum],,,,Non-standard
05.01.04,Immune and hematopoietic systems scintigraphy,,,,Non-standard
5,IMMUNE SYSTEM AND HEMATOPOIETIC SYSTEM,,,,Non-standard
ZZQX081,"Immunocytochemical or immunohistochemical examination of cell or tissue samples fixed with 1 to 2 antibodies, with quantification of the signal for each antibody",,,,Non-standard
ZZQX069,"Immunocytochemical or immunohistochemical examination of cell or tissue samples fixed with 1 to 2 antibodies, without quantification of the signal",,,,Non-standard
ZZQX045,"Immunocytochemical or immunohistochemical examination of cell or tissue samples fixed with 3 to 5 antibodies, with quantification of the signal for each antibody",,,,Non-standard
ZZQX027,"Immunocytochemical or immunohistochemical examination of cell or tissue samples fixed with 3 to 5 antibodies, without quantification of the signal",,,,Non-standard
ZZQX122,"Immunocytochemical or immunohistochemical examination of cell or tissue samples fixed with 6 to 9 antibodies, with quantification of the signal for each antibody",,,,Non-standard
ZZQX034,"Immunocytochemical or immunohistochemical examination of cell or tissue samples fixed with 6 to 9 antibodies, without quantification of the signal",,,,Non-standard
ZZQX092,"Immunocytochemical or immunohistochemical examination of fixed cell or tissue specimen, with 10 or more antibodies, without signal quantification",,,,Non-standard
17.02.04.01,Immunohistochemical examination of tissue samples,,,,Non-standard
17.02.06.01,Immunological examination of cell or tissue samples,,,,Non-standard
FEJF007,Immunological purification session of plasma substance [immunoadsorption],,,,Non-standard
AHLA003,"Implantation of a permanent electrode on a sacral nerve root by direct approach, with subcutaneous implantation of a neuromodulation generator",,,,Non-standard
DELF223,Implantation of a permanent pacemaker in the right ventricle via the transcutaneous venous route,,,,Non-standard
AHLB018,"Implantation of a test electrode on a sacral nerve root for neuromodulation, transcutaneously",,,,Non-standard
AELA001,"Implantation of a therapeutic spinal cord stimulation electrode, by direct approach",,,,Non-standard
ADLA001,"Implantation of a vagus nerve stimulator, by direct approach",,,,Non-standard
AHLA001,Implantation of an electrical stimulator to restore motor skills of the upper limb,,,,Non-standard
HKLA001,Implantation of an electrostimulator of the external sphincter muscle of the anus or of a plastic flap of this muscle,,,,Non-standard
02.04.04.02,Implantation of artificial lens,,,,Non-standard
AALB002,"Implantation of intracerebral electrode for electroencephalographic recording, stereotaxically",,,,Non-standard
AALB001,"Implantation of intracerebral stimulation electrode for therapeutic purposes, by stereotaxic route",,,,Non-standard
04.02.03.07,"Implantation, ablation and change of pacemaker or cardiac defibrillation generator, pacemaker ablation",,,,Non-standard
ZZQL900,Implementation of an attenuation correction by tomoscintigraphic transmission,,,,Non-standard
EDNF003,"In situ fibrinolysis of a digestive artery, via the transcutaneous arterial route",,,,Non-standard
ENNF001,"In situ fibrinolysis of a non-anatomical arterial bypass of the limbs, via the transcutaneous arterial route",,,,Non-standard
EJNF001,"In situ fibrinolysis of a vein in the lower limb, by transcutaneous injection into a vein in the back of the foot",,,,Non-standard
EZNF002,"In situ fibrinolysis of an arteriovenous vascular access of a limb with intraluminal dilation and stenting, by the transcutaneous vascular route",,,,Non-standard
EZNF001,"In situ fibrinolysis of an arteriovenous vascular access of a limb with intraluminal dilation without stenting, by the transcutaneous vascular route",,,,Non-standard
EZNF004,"In situ fibrinolysis of arteriovenous vascular access of the limbs, by transcutaneous intravascular injection",,,,Non-standard
EGNF002,"In situ fibrinolysis of the external iliac vein and / or the common iliac vein, via the transcutaneous venous route",,,,Non-standard
DHNF004,"In situ fibrinolysis of the inferior vena cava, via the transcutaneous venous route",,,,Non-standard
EHNF001,"In situ fibrinolysis of the portal vein and / or its tributaries or of a portosystemic vascular shunt, via the transcutaneous venous route",,,,Non-standard
DFNF001,"In situ fibrinolysis of the pulmonary artery, via the transcutaneous venous route",,,,Non-standard
EGNF001,"In situ fibrinolysis of the renal vein, via the transcutaneous venous route",,,,Non-standard
EFNF001,"In situ fibrinolysis of the subclavian vein and / or the brachiocephalic vein, by the transcutaneous venous route",,,,Non-standard
DHNF005,"In situ fibrinolysis of the superior vena cava, via the transcutaneous venous route",,,,Non-standard
DDLF001,"In situ injection of pharmacological agent into a branch of coronary artery for reduction of the thickness of the interventricular septum, by the transcutaneous arterial route",,,,Non-standard
EBLF003,"In situ supraselective intraarterial cervicocephalic injection of anticancer pharmacological agent, by the transcutaneous arterial route",,,,Non-standard
EANF002,"In situ supraselective intracranial artery fibrinolysis, via the transcutaneous arterial route",,,,Non-standard
03.02.01,Incision and extraction of the outer ear,,,,Non-standard
02.04.01.03,Incision and suture of the conjunctiva,,,,Non-standard
JCPE001,"Incision of a ureterocele, by endoscopy",,,,Non-standard
HKPA006,Incision of abscess in the anal area,,,,Non-standard
BBPA002,Incision of tear stitches and / or canaliculi,,,,Non-standard
02.04.03.03,Incision of the anterior segment of the eye,,,,Non-standard
BCPA001,Incision of the conjunctiva,,,,Non-standard
02.03.04,Incision of the lacrimal apparatus,,,,Non-standard
JMPA001,Incision of the major vestibular gland [Bartholin's],,,,Non-standard
JEPE001,"Incision of the striated sphincter of the urethra, by endoscopy",,,,Non-standard
JCPE002,"Incision of the ureteral meatus, by endoscopy",,,,Non-standard
08.02.04.06,Incision of the urethra,,,,Non-standard
08.04.05.01,Incision of the vulva and perineum,,,,Non-standard
MJPA010,Incision or excision of a superficial whitlow,,,,Non-standard
BBPA001,Incision or partial resection of the lacrimal gland,,,,Non-standard
JDDA007,"Indirect cervicocystopexy by pedicled vaginal strip, by laparotomy and by vaginal approach",,,,Non-standard
JDDA008,"Indirect cervicocystopexy by vaginal and abdominal approach, with endoscopic guidance",,,,Non-standard
JDDC002,"Indirect cervicocystopexy to the pectineal ligament [Cooper's], by laparoscopy",,,,Non-standard
JDDA002,"Indirect cervicocystopexy to the pectineal ligament [Cooper's], by laparotomy",,,,Non-standard
GDQE003,Indirect laryngoscopy with a rigid laryngoscope,,,,Non-standard
GDQE002,"Indirect laryngoscopy with a rigid laryngoscope, with stroboscopic examination of the larynx",,,,Non-standard
YYYY032,Induction of ovulation by gonadotropins followed by artificial insemination or in vitro fertilization,,,,Non-standard
EHCA006,"Inferior mesentericocave anastomosis, by laparotomy",,,,Non-standard
04.04.04.01,Inferior vena cava wound suture,,,,Non-standard
LBLB001,"Infiltration and / or lavage of the temporomandibular joint, by the transcutaneous route",,,,Non-standard
12.03.01,Infiltration of the chest wall,,,,Non-standard
PCLB001,"Infiltration of the click zone [trigger point] by the transcutaneous route, for myofascial syndrome",,,,Non-standard
11.03.01,Infiltration of the temporomandibular joint,,,,Non-standard
QAJB001,Inframental liposuction,,,,Non-standard
JMBA001,"Infraurethral plication, by vaginal approach",,,,Non-standard
DGCA007,"Infrenal aortoaortic bypass by laparotomy, with infrenal clamping",,,,Non-standard
DGCA012,"Infrenal aortoaortic bypass by laparotomy, with suprarenal clamping",,,,Non-standard
FCFA011,"Inguinal lymphonodal [lymph node] dissection, by direct approach",,,,Non-standard
16.05.01,Initial burn surgical dressing,,,,Non-standard
14.02.07.04,Initial immobilization of lower limb fracture without reduction,,,,Non-standard
13.02.07.03,Initial immobilization of upper limb fracture without reduction,,,,Non-standard
QCJA005,Initial surgical dressing for burns on both hands,,,,Non-standard
16.05.01.02,Initial surgical dressing of burn of the head end and hands,,,,Non-standard
QAJA014,Initial surgical dressing of burn on the cephalic end,,,,Non-standard
QAJA008,Initial surgical dressing of burns on the cephalic end and 1 hand,,,,Non-standard
QAJA007,Initial surgical dressing of burns on the head end and both hands,,,,Non-standard
QZJA020,"Initial surgical dressing of burns outside the head end and hands, on less than 1% of the body surface",,,,Non-standard
QZJA005,"Initial surgical dressing of burns outside the head end and hands, over 1% to 10% of the body surface area",,,,Non-standard
QZJA004,"Initial surgical dressing of burns outside the head end and hands, over 10% to 30% of the body surface area",,,,Non-standard
QZJA019,"Initial surgical dressing of burns outside the head end and hands, over 30% to 60% of the body surface",,,,Non-standard
QZJA014,"Initial surgical dressing of burns outside the head end and hands, over 60% of the body surface",,,,Non-standard
16.05.01.01,"Initial surgical dressing of burns, apart from the head end and hands",,,,Non-standard
QAJA009,Initial trimming of sagging soft tissue on the face,,,,Non-standard
01.02.04.02,Injection into intracranial cerebrospinal fluid [CSL],,,,Non-standard
15.03.01,"Injection into soft tissues, without topographic precision",,,,Non-standard
07.03.08.01,Injection into the anus,,,,Non-standard
01.01.12.01,Injection into the central nervous system for diagnostic purposes,,,,Non-standard
02.04.01.01,Injection into the conjunctiva,,,,Non-standard
08.03.03.04,Injection into the penis,,,,Non-standard
GDLB001,"Injection into the vocal fold [vocal cord], transcutaneously",,,,Non-standard
JDLE332,Injection of botulinum toxin into the muscular bladder by urethrocystoscopy,,,,Non-standard
GDLE003,"Injection of fat into the vocal fold [vocal cord], by direct laryngoscopy",,,,Non-standard
GDLE004,"Injection of heterologous substance into the vocal fold [vocal cord], by direct laryngoscopy",,,,Non-standard
BELB001,"Injection of inert or organic substance into the anterior chamber of the eye, by transcorneal route [Reformation of the anterior chamber]",,,,Non-standard
ZZLJ001,"Injection of pharmacological agent into a deep organ, transcutaneously with ultrasound guidance",,,,Non-standard
ZZLJ002,"Injection of pharmacological agent into a superficial organ, by the transcutaneous route with ultrasound guidance",,,,Non-standard
PBLB001,"Injection of pharmacological agent into the capsuloligamentous apparatus of a joint, by the transcutaneous route without guidance",,,,Non-standard
JQLF003,Injection of pharmacological agent into the fetus by puncture of the umbilical cord,,,,Non-standard
BGLB001,Injection of pharmacological agent into the vitreous body,,,,Non-standard
17.03.03,"Injection of pharmacological agent, transcutaneously with guidance",,,,Non-standard
FGLB001,"Injection session of allergenic extract at a given concentration for specific desensitization, by subcutaneous route",,,,Non-standard
IC0,Inlay core RAC 0,,,,Non-standard
ICO,Inlay-core Free price,,,,Non-standard
INO,Inlay-Onlay acts Free price,,,,Non-standard
03.01.01.03,Inner ear electrostimulation tests,,,,Non-standard
08.04.03.11,Insertion and removal of intrauterine device [IUD] [IUD],,,,Non-standard
07.02.02.01,Insertion and removal of restraint in the maxilla or mandible,,,,Non-standard
ABLB001,"Insertion of a cerebral ventricular catheter via the transcranial route, with instantaneous measurement of intracranial pressure and dynamic tests",,,,Non-standard
HHLE005,"Insertion of a colon stent graft, by colonoscopy",,,,Non-standard
DGLF012,"Insertion of a fenestrated or multi-branch stent in the abdominal aorta for complex aneurysms, by the transcutaneous arterial route",,,,Non-standard
HGLA001,"Insertion of a jejunostomy tube for enteral feeding, by laparotomy",,,,Non-standard
DELF011,"Insertion of a right intraventricular lead for temporary cardiac stimulation, via the transcutaneous venous route",,,,Non-standard
BFLA900,"Insertion of a second intraocular optical system, during lens extraction",,,,Non-standard
AFLB004,"Insertion of a spinal intrathecal catheter via the lumbar transcutaneous route, with instantaneous measurement of cerebrospinal fluid pressure and dynamic tests",,,,Non-standard
04.02.03.06,Insertion of additional cardiac pacing or defibrillation lead,,,,Non-standard
DELF018,"Insertion of an additional cardiac defibrillation lead, via the transcutaneous venous route",,,,Non-standard
DELF017,"Insertion of an additional cardiac stimulation probe, via the transcutaneous venous route",,,,Non-standard
ENLF001,Insertion of an intra-arterial pressure monitoring device,,,,Non-standard
BALA001,Insertion of an intraalpebral device for correction of lagophthalmos,,,,Non-standard
DGLA002,"Insertion of an intraaortic diastolic balloon, by peripheral arterial approach",,,,Non-standard
DGLF006,"Insertion of an intraaortic diastolic balloon, by the transcutaneous arterial route",,,,Non-standard
HPLA002,"Insertion of an intraperitoneal balloon before pelvic irradiation, by laparotomy",,,,Non-standard
HPLA004,"Insertion of an intraperitoneal catheter by the transcutaneous route, with installation of a subcutaneous implantable diffuser system",,,,Non-standard
HPLB004,"Insertion of an intraperitoneal catheter for peritoneal dialysis, by the transcutaneous route",,,,Non-standard
GGLA001,"Insertion of an intrapleural catheter by the transcutaneous route, with installation of a diffuser system or a subcutaneous implantable pump",,,,Non-standard
BFLA002,Insertion of an intrasaccular retainer ring during lens extraction,,,,Non-standard
LBLD012,Insertion of intraoral tissue expansion device for alveolar ridge enhancement,,,,Non-standard
02.05.02.06,"Insertion, ablation and change of intraorbital implant",,,,Non-standard
01.01.02.01,Installation and removal of a device for measuring the pressures of the nervous system,,,,Non-standard
HBLD403,Installation of a ceramic tooth-supported dental crown,,,,Non-standard
HBMD048,"Installation of a ceramic veneer, in mineral or composite equivalents on a tooth of an incisivocanine or premolar sector",,,,Non-standard
LBLD034,Installation of a connecting bar between 2 intraoral implants,,,,Non-standard
HBLD245,Installation of a coronoradicular infrastructure [Inlay core] under a crown or a tooth-supported bridge abutment at free price,,,,Non-standard
HBLD745,Installation of a coronoradicular infrastructure [Inlay core] under a crown or an abutment of a tooth-supported bridge with limited direct agreement,,,,Non-standard
EQLF004,"Installation of a device for measuring the pressures of the right heart and cardiac output, via the transcutaneous venous route",,,,Non-standard
04.04.08.06,Installation of a diffuser system connected to the portal vein,,,,Non-standard
EMLA001,"Installation of a femoral arteriovenous bypass, by direct approach",,,,Non-standard
ZZEP003,"Installation of a newborn in an incubator at birth, with spontaneous ventilation with a face mask with positive expiratory pressure [VS-PEP] or mechanical ventilation",,,,Non-standard
ZZEP002,"Installation of a newborn in an incubator at birth, with spontaneous ventilation with oxygen therapy",,,,Non-standard
ZZEP004,"Installation of a newborn in an incubator at birth, with spontaneous ventilation without oxygen therapy",,,,Non-standard
HBLD038,Installation of a non-precious alloy tooth-supported dental crown,,,,Non-standard
HBLD002,Installation of a passive removable interdental space maintainer,,,,Non-standard
HBLD370,"Installation of a permanent removable prosthesis with a resin base plate, comprising 12 teeth",,,,Non-standard
HBLD349,"Installation of a permanent removable prosthesis with a resin base plate, comprising 13 teeth",,,,Non-standard
HBLD236,Installation of a removable supra-implant prosthesis with a metal frame comprising 9 to 13 teeth,,,,Non-standard
HBLD364,"Installation of a removable transitional prosthesis with a resin base plate, comprising 1 to 3 teeth",,,,Non-standard
HBLD231,"Installation of a removable transitional prosthesis with a resin base plate, comprising 10 teeth",,,,Non-standard
HBLD262,"Installation of a removable transitional prosthesis with a resin base plate, comprising 12 teeth",,,,Non-standard
HBLD232,"Installation of a removable transitional prosthesis with a resin base plate, comprising 13 teeth",,,,Non-standard
HBLD476,"Installation of a removable transitional prosthesis with a resin base plate, comprising 4 teeth",,,,Non-standard
HBLD224,"Installation of a removable transitional prosthesis with a resin base plate, comprising 5 teeth",,,,Non-standard
HBLD371,"Installation of a removable transitional prosthesis with a resin base plate, comprising 6 teeth",,,,Non-standard
HBLD270,"Installation of a removable transitional prosthesis with a resin base plate, comprising 8 teeth",,,,Non-standard
HBLD148,"Installation of a removable transitional prosthesis with a resin base plate, comprising 9 teeth",,,,Non-standard
HBLD123,"Installation of a removable transitional prosthesis with a resin-based plate, comprising 7 teeth",,,,Non-standard
HBLD078,Installation of a resin base plate for preimplant dental radiological guide for 2 arches,,,,Non-standard
BGLA002,Installation of a system for locating a chorioretinal lesion prior to its destruction by external radiotherapy or proton therapy,,,,Non-standard
HBLD158,Installation of a tooth-supported ceramic-monolithic dental crown other than zirconia on a second premolar or molar,,,,Non-standard
HBLD318,Installation of a tooth-supported dental crown in precious alloy,,,,Non-standard
HBLD724,Installation of a transitional dental crown for a limited direct-agreement tooth-supported crown,,,,Non-standard
HBLD486,Installation of a transitional dental crown for a tooth-supported crown at free price,,,,Non-standard
HALD002,Installation of an anti-bite device,,,,Non-standard
LBLD011,"Installation of an appliance by mandibular guide, buccal or lingual, on 1 arch",,,,Non-standard
LBLD009,"Installation of an appliance by mandibular guide, buccal or lingual, on 2 arches",,,,Non-standard
LBLD018,Installation of an appliance using a sagittal mandibular guide,,,,Non-standard
EQLA005,"Installation of an external biventricular mechanical circulatory support, by thoracotomy without CEC",,,,Non-standard
ANLP002,Installation of an external electrical stimulator for analgesia,,,,Non-standard
EQLA004,"Installation of an external monoventricular mechanical circulatory support, by thoracotomy with CEC",,,,Non-standard
EQLA003,"Installation of an external monoventricular mechanical circulatory support, by thoracotomy without CEC",,,,Non-standard
CBLA002,"Installation of an osseointegrated hearing aid in the middle ear, in one step",,,,Non-standard
EQLA006,"Installation of external biventricular mechanical circulatory support, by thoracotomy with CEC",,,,Non-standard
07.02.03.04,Installation of fixed tooth-supported or implant-supported dentures,,,,Non-standard
07.06.03,Installation of implantable diffuser system for intraperitoneal insulin therapy,,,,Non-standard
EQLA009,"Installation of internal biventricular mechanical circulatory support, by thoracotomy without CEC",,,,Non-standard
EQLA008,"Installation of internal monoventricular mechanical circulatory support, by thoracotomy with CEC",,,,Non-standard
EQLA007,"Installation of internal monoventricular mechanical circulatory support, by thoracotomy without CEC",,,,Non-standard
GELD001,Instillation of exogenous surfactant in a mechanically ventilated neonate,,,,Non-standard
NKQP001,Instrumental analysis of the kinematics of walking,,,,Non-standard
GKQP010,"Instrumental assessment of phonation with videoscopic and / or photographic recording, and stroboscopic examination of the larynx",,,,Non-standard
LHMA003,"Instrumental correction of a flexible deformation of the spine with arthrodesis of 6 to 9 vertebrae, by posterior approach",,,,Non-standard
LHMA011,"Instrumental correction of a flexible deformation of the spine without arthrodesis, by posterior approach",,,,Non-standard
LHMA014,"Instrumental correction of a flexible deformity of the spine with arthrodesis of 10 or more vertebrae by posterior approach, with resection of 3 or more ribs",,,,Non-standard
LHMA015,"Instrumental correction of a flexible deformity of the spine with arthrodesis of 10 or more vertebrae, by posterior approach",,,,Non-standard
LFMA001,"Instrumental correction of a flexible deformity of the spine with arthrodesis of 3 to 5 vertebrae, by lumbotomy",,,,Non-standard
LHMA006,"Instrumental correction of a flexible deformity of the spine with arthrodesis of 3 to 5 vertebrae, by posterior approach",,,,Non-standard
LEMA003,"Instrumental correction of a flexible deformity of the spine with arthrodesis of 3 to 5 vertebrae, by thoraco-phreno-laparotomy",,,,Non-standard
LEMA002,"Instrumental correction of a flexible deformity of the spine with arthrodesis of 3 to 5 vertebrae, by thoracotomy",,,,Non-standard
LEMA001,"Instrumental correction of a flexible deformity of the spine with arthrodesis of 6 or more vertebrae, by thoraco-phreno-laparotomy",,,,Non-standard
LEMA004,"Instrumental correction of a flexible deformity of the spine with arthrodesis of 6 or more vertebrae, by thoracotomy",,,,Non-standard
LHMA013,"Instrumental correction of a flexible deformity of the spine with arthrodesis of 6 to 9 vertebrae by posterior approach, with resection of 3 or more ribs",,,,Non-standard
LHMA004,"Instrumental correction of a flexible deformity of the spine with arthrodesis of 6 to 9 vertebrae, by posterolateral approach",,,,Non-standard
12.02.01.07,Instrumental correction of flexible deformity of the spine,,,,Non-standard
JQGD006,Instrumental extraction in the lower strait on cephalic presentation,,,,Non-standard
JQGD009,Instrumental extraction in the middle strait on cephalic presentation,,,,Non-standard
JQGD011,"Instrumental extraction on the last head, during a breech birth",,,,Non-standard
EGNP001,Instrumental treatment session for hemorrhoids by physical method,,,,Non-standard
03.01.01.06,Instrumental vestibular examination,,,,Non-standard
19.01.11,Intensive care,,,,Non-standard
EBCA004,"Intercarotid cross bypass, by cervicotomy",,,,Non-standard
LFDA002,"Intercorporeal arthrodesis of a large displacement lumbar spondylolisthesis with reduction, with osteosynthesis, by posterior translombosacral approach",,,,Non-standard
LFDA014,"Intercorporeal arthrodesis of a large displacement lumbar spondylolisthesis without reduction, with osteosynthesis, by posterior translombosacral approach",,,,Non-standard
LFDA009,"Intercorporeal arthrodesis of a lumbar spondylolisthesis with reduction, with osteosynthesis, by posterior approach",,,,Non-standard
LFDA004,"Intercorporeal arthrodesis of the lumbar or lumbosacral spine with posterolateral arthrodesis, by posterior approach",,,,Non-standard
LHDA002,"Intercorporeal arthrodesis of the spine with posterior arthrodesis, by posterolateral approach",,,,Non-standard
LFDA012,"Intercorporeal arthrodesis or epiphysiodesis of the lumbar or lumbosacral spine, by posterior approach",,,,Non-standard
07.02.02.14,Interdental space maintainer placement,,,,Non-standard
NZFA008,Interilioabdominal disarticulation or amputation,,,,Non-standard
LDCA010,"Interlaminar osteosynthesis between two vertebrae of the cervical column from C2 to C7, by posterior approach",,,,Non-standard
LDCA005,"Interlaminar osteosynthesis of the atlas and the axis, by posterior approach",,,,Non-standard
LBPA043,"Intermaxillary sagittal osteotomy with installation of a fixed circuit breaker, by intraoral approach",,,,Non-standard
LBPA032,"Intermaxillary sagittal osteotomy without installation of a fixed circuit breaker, by intraoral approach",,,,Non-standard
MHDA002,"Intermetacarpal arthrodesis of the first interosseous space, by arthrotomy",,,,Non-standard
CAM,Internal Code,,,,Non-standard
08.02.02.05,Internal diversion and reimplantation of the ureter,,,,Non-standard
04.03.14.04,Internal iliac artery branch anastomosis,,,,Non-standard
04.03.14.02,Internal iliac artery disobstruction,,,,Non-standard
04.03.14.03,Internal iliac artery occlusion,,,,Non-standard
ZZNL016,Internal irradiation by intravenous transcutaneous injection of a radioisotopic pharmacological agent,,,,Non-standard
FENL001,"Internal irradiation for polycythemia, by intravenous injection of phosphorus 32",,,,Non-standard
PANL001,Internal irradiation of a bone lesion by intravenous injection of a radioisotopic pharmacological agent,,,,Non-standard
KCNL004,Internal irradiation of the thyroid gland by administration of iodine-131 at a dose greater than 1 gigabecquerel [GBq],,,,Non-standard
KCNL003,Internal irradiation of the thyroid gland by administration of iodine-131 at a dose of 1 gigabecquerel or less [GBq],,,,Non-standard
BGBA001,"Internal tamponade of the posterior segment of the eye by colobomatous dimple or macular hole, for retinal detachment",,,,Non-standard
JAMB001,"Internalization of a nephrostomy already in place, by transcutaneous and retrograde routes",,,,Non-standard
HMJH002,"Internalized drainage of a bile duct, transcutaneously with ultrasound and / or radiological guidance",,,,Non-standard
HMJH007,"Internalized drainage of several bile ducts, transcutaneously with ultrasound and / or radiological guidance",,,,Non-standard
EJBA001,"Interposition of a venous segment with valve on the popliteal vein or the femoral vein, by direct approach",,,,Non-standard
LLBA002,"Interposition or apposition of a diaphragmatic or intercostal flap, during an intrathoracic intervention",,,,Non-standard
LMBA001,"Interposition or apposition of a flap of thoracic or abdominal muscle on a mediastinal organ, during an intrathoracic procedure",,,,Non-standard
GGBA001,"Interposition or apposition of a pleural or pericardial flap, during an intrathoracic procedure",,,,Non-standard
HPBA002,"Interposition or apposition of the greater omentum [greater omentum], during an intrathoracic intervention",,,,Non-standard
LBPA014,"Interrupting osteotomy of the body of the mandible, behind the mental foramen, by intraoral approach",,,,Non-standard
LBPA005,"Interrupting osteotomy of the body of the mandible, in front of the mental foramen, by intraoral approach",,,,Non-standard
LBPA037,"Interrupting osteotomy of the mandibular symphysis, by intraoral approach",,,,Non-standard
HAFA017,"Interrupting pelvi-glosso-mandibulectomy, by cervicofacial approach",,,,Non-standard
HAFA004,"Interrupting pelvimandibulectomy, by cervicofacial approach",,,,Non-standard
LBFA038,"Interrupting resection of the condylar process of the mandible by direct approach, with filling by chondrocostal autograft",,,,Non-standard
LBFA022,"Interrupting resection of the condylar process of the mandible by direct approach, with installation of terminal device, without filling",,,,Non-standard
LBFA026,"Interrupting resection of the condylar process of the mandible by direct approach, without fitting of terminal device or filling",,,,Non-standard
04.02.03.09,Interruption of cardionectomy pathway,,,,Non-standard
04.06.06,Interruption of the arterial duct [duct],,,,Non-standard
DAPC001,"Interruption of the arterial duct, by thoracoscopy without CEC",,,,Non-standard
DAPA001,"Interruption of the arterial duct, by thoracotomy without CEC",,,,Non-standard
EGSA001,"Interruption of the drainage veins of the penis, by direct approach",,,,Non-standard
DEPF010,"Interruption of the slow path or the fast path of the atrioventricular junction with radiofrequency current or cryotherapy, via the transcutaneous venous route",,,,Non-standard
MZFA009,Interscapulothoracic disarticulation,,,,Non-standard
LHDA003,"Interspinous ligamentoplasty of the spine, by posterior approach",,,,Non-standard
ECCA009,"Intersubclavier, interaxillary or intersubclavioaxillary cross bypass, by cervicotomy",,,,Non-standard
NCEA001,"Intertibiofibular bone graft, by direct approach",,,,Non-standard
NBPA020,Intertrochanteric or infratrochanteric osteotomy of the femur,,,,Non-standard
DASF003,"Interventricular communication closure, by transcutaneous venous route",,,,Non-standard
HHMC005,"Intestinal cutaneous stoma repair, by laparoscopy",,,,Non-standard
HHMA002,"Intestinal cutaneous stoma repair, by laparotomy",,,,Non-standard
HGEC001,"Intestinal detorsion or section of peritoneal flange for defective rotation of the primary intestinal loop [mesenterium commune], by laparoscopy",,,,Non-standard
HGEA001,"Intestinal detorsion or section of peritoneal flange for defective rotation of the primary intestinal loop [mesenterium commune], by laparotomy",,,,Non-standard
HHAA002,Intestinal skin stoma enlargement plasty,,,,Non-standard
07.06.05,Intra-abdominal collection evacuation,,,,Non-standard
07.06.06,Intra-abdominal cyst and tumor sclerosis,,,,Non-standard
HPMA001,"Intra-abdominal epiploplasty by release of the greater gastric curvature with pediculization on a gastroepiploic pedicle, during a laparotomy procedure",,,,Non-standard
NDPA010,Intra-articular tibiotalar osteotomy,,,,Non-standard
17.03.05,Intra-hospital transport,,,,Non-standard
JCLE004,"Intra-ureteral submucosal injection of heterologous material, by endoscopy",,,,Non-standard
JELE001,"Intra-urethral submucosal injection of heterologous material, by endoscopy",,,,Non-standard
ZCNH003,"Intraabdominal cyst sclerosis by injection of pharmacological agent, transcutaneously with CT guidance",,,,Non-standard
ZCNH002,"Intraabdominal tumor sclerosis by intralesional injection of pharmacological agent, transcutaneously with CT guidance",,,,Non-standard
ZCNH005,"Intraabdominal tumor sclerosis by intralesional injection of pharmacological agent, transcutaneously with ultrasound and / or radiological guidance",,,,Non-standard
JQCB001,"Intraamniotic bypass of urine collection in the fetus, by catheter placement through the skin",,,,Non-standard
04.07.02.01,Intraaortic diastolic counterrepulsion [Intraaortic balloon placement],,,,Non-standard
EDQJ900,"Intraarterial aortic or renal ultrasound and / or doppler ultrasound, during a transcutaneous vascular procedure",,,,Non-standard
04.03.15.07,Intraarterial cancer chemotherapy in the lower limb,,,,Non-standard
04.03.09.08,Intraarterial cancer chemotherapy in the upper limb,,,,Non-standard
EBLF002,"Intraarterial cervicocephalic injection in situ selective or hyperselective of anticancer pharmacological agent, by the transcutaneous arterial route",,,,Non-standard
EDLL001,"Intraarterial hepatic in situ injection of radioisotopic pharmacological agent with particle embolization, by the transcutaneous arterial route",,,,Non-standard
EDLL002,"Intraarterial hepatic in situ injection of radioisotopic pharmacological agent without particle embolization, by the transcutaneous arterial route",,,,Non-standard
EDLF017,"Intraarterial hepatic in situ selective or hyperselective injection of a nonradio-isotopic anticancer pharmacological agent with particle embolization, by the transcutaneous arterial route",,,,Non-standard
EDLF014,"Intraarterial hepatic in situ selective or hyperselective injection of a nonradio-isotopic anticancer pharmacological agent without particle embolization, by the transcutaneous arterial route",,,,Non-standard
MAPA001,"Intraarticular or extraarticular osteotomy of the scapular glenoid, by direct approach",,,,Non-standard
NBPA019,Intraarticular osteotomy of the neck of the femur,,,,Non-standard
MBPA002,Intraarticular osteotomy of the proximal end of the humerus,,,,Non-standard
GEJE003,"Intrabronchial aspiration for therapeutic purposes in an intubated or tracheostomized patient, by fibroscopy",,,,Non-standard
GEJE001,"Intrabronchial aspiration for therapeutic purposes, by fibroscopy [Bronchial fibroaspiration]",,,,Non-standard
GEGA001,"Intrabronchial foreign body ablation, by thoracotomy",,,,Non-standard
GELE009,"Intrabronchial guidewire placement for brachytherapy [endobrachytherapy], by endobroscopy",,,,Non-standard
GELE005,"Intrabronchial instillation of pharmacological agent for therapeutic purposes, by fibroscopy",,,,Non-standard
GELE002,"Intrabronchial instillation of pharmacological agent for therapeutic purposes, by rigid tube bronchoscopy",,,,Non-standard
GELE003,"Intrabronchial placement of hemostatic material, by fibroscopy",,,,Non-standard
GELE007,"Intrabronchial placement of hemostatic material, by rigid tube bronchoscopy",,,,Non-standard
GELE308,Intrabronchial valve placement by endoscopy,,,,Non-standard
HCNE083,Intracanal calculus fragmentation of the salivary glands during sialendoscopy,,,,Non-standard
BFGA009,"Intracapsular lens extraction, without artificial lens implantation",,,,Non-standard
BFGA006,"Intracapsular or extracapsular lens extraction, with implantation of an artificial lens in the anterior chamber of the eye if implantation in the posterior chamber is not possible",,,,Non-standard
DAGF001,"Intracardiac or intravascular foreign body ablation, by transcutaneous vascular route",,,,Non-standard
DAGA002,"Intracardiac stimulation or defibrillation electrode ablation, by thoracotomy without CEC",,,,Non-standard
MGDA001,"Intracarpal arthrodesis, by arthrotomy",,,,Non-standard
01.02.02.02,Intracerebellar collection evacuation,,,,Non-standard
AAGB001,Intracerebral electrode ablation,,,,Non-standard
JSLD002,Intracervical artificial insemination,,,,Non-standard
04.03.08.03,Intracranial artery disobstruction,,,,Non-standard
01.02.04.03,Intracranial cerebrospinal fluid [CSL] bypass,,,,Non-standard
ACQC001,"Intracranial exploration, by video surgery",,,,Non-standard
QZLB002,Intradermal or hypodermic injection of skin depression filler,,,,Non-standard
AGQC001,Intradural intraoperative endoscopy,,,,Non-standard
AHPA007,"Intrafascicular or extrafascicular neurotomy or neurectomy of the motor trunks and / or branches of the upper limb, for hyponeurotization",,,,Non-standard
AHPA015,"Intrafascicular or extrafascicular neurotomy or neurectomy of the motor trunks or branches in the lower limb, for hyponeurotization",,,,Non-standard
HMCA005,"Intrahepatic biliodigestive anastomosis involving a segmental bile duct, by laparotomy",,,,Non-standard
CCPA002,"Intralabyrinthine decompression through windows, with laser",,,,Non-standard
CCPA001,"Intralabyrinthine decompression through windows, without laser",,,,Non-standard
17.05.03,Intraluminal brachytherapy,,,,Non-standard
EAAF900,"Intraluminal branch dilation of the internal carotid artery with stent grafting, via the transcutaneous arterial route",,,,Non-standard
EAAF901,"Intraluminal branch dilation of the internal carotid artery without stent grafting, via the transcutaneous arterial route",,,,Non-standard
DDFF001,"Intraluminal coronary artery atherectomy by rotary method [rotational], by transcutaneous artery route",,,,Non-standard
DDAF006,"Intraluminal dilatation of a coronary vessel with stent grafting, via the transcutaneous arterial route",,,,Non-standard
DGAF003,"Intraluminal dilatation of coarctation of the abdominal aorta, via the transcutaneous arterial route",,,,Non-standard
EEAF006,"Intraluminal dilatation of several arteries of the lower limb with stent grafting, via the transcutaneous arterial route",,,,Non-standard
DBAF001,"Intraluminal dilatation of the aortic orifice, via the transcutaneous arterial route",,,,Non-standard
EDAF003,"Intraluminal dilatation of the common iliac artery and / or the external iliac artery with stent grafting, by the transcutaneous arterial route",,,,Non-standard
DBAF004,"Intraluminal dilatation of the left atrioventricular orifice, via the transcutaneous venous route with perforation of the interatrial septum",,,,Non-standard
DBAF005,"Intraluminal dilatation of the pulmonary orifice with perforation of the aresic valve, by the transcutaneous venous route",,,,Non-standard
DBAF002,"Intraluminal dilatation of the pulmonary orifice without perforation of the aresic valve, by the transcutaneous venous route",,,,Non-standard
EGAF004,"Intraluminal dilatation of the renal vein with stent grafting, via the transcutaneous venous route",,,,Non-standard
04.03.15.02,Intraluminal dilation and placement of lower limb artery prosthesis,,,,Non-standard
04.03.09.02,Intraluminal dilation and placement of upper limb artery prosthesis,,,,Non-standard
04.03.03.02,Intraluminal dilation and prosthesis of the brachiocephalic arterial trunk,,,,Non-standard
04.03.01.02,Intraluminal dilation and prosthesis of the thoracic aorta,,,,Non-standard
DDAF007,"Intraluminal dilation of 2 coronary vessels with coronary arteriography, with stent grafting, by transcutaneous arterial route",,,,Non-standard
DDAF004,"Intraluminal dilation of 2 coronary vessels with stent grafting, via the transcutaneous arterial route",,,,Non-standard
DDAF009,"Intraluminal dilation of 3 or more coronary vessels with coronary arteriography, with stent grafting, by transcutaneous arterial route",,,,Non-standard
DDAF003,"Intraluminal dilation of 3 or more coronary vessels with stent grafting, via the transcutaneous arterial route",,,,Non-standard
DFAF003,"Intraluminal dilation of a branch of the pulmonary artery with stent grafting, via the transcutaneous venous route",,,,Non-standard
DFAF002,"Intraluminal dilation of a branch of the pulmonary artery without stent placement, via the transcutaneous venous route",,,,Non-standard
DGAF004,"Intraluminal dilation of a coarctation of the thoracic aorta with stent grafting, by the transcutaneous arterial route",,,,Non-standard
DGAF006,"Intraluminal dilation of a coarctation of the thoracic aorta without stenting, by the transcutaneous arterial route",,,,Non-standard
DDAF008,"Intraluminal dilation of a coronary vessel with coronary arteriography, with stent grafting, by the transcutaneous arterial route",,,,Non-standard
DDAF010,"Intraluminal dilation of a coronary vessel with coronary arteriography, without stent grafting, by transcutaneous arterial route",,,,Non-standard
DDAF001,"Intraluminal dilation of a coronary vessel without stent placement, via the transcutaneous arterial route",,,,Non-standard
EDAF005,"Intraluminal dilation of a digestive artery with stent placement, via the transcutaneous arterial route",,,,Non-standard
EDAF008,"Intraluminal dilation of a digestive artery without stent insertion, via the transcutaneous arterial route",,,,Non-standard
ENAF002,"Intraluminal dilation of a non-anatomical arterial bypass of limbs without stent grafting, via the transcutaneous arterial route",,,,Non-standard
ENAF001,"Intraluminal dilation of a non-anatomical arterial bypass of the limbs with stent grafting, via the transcutaneous arterial route",,,,Non-standard
EFAF001,"Intraluminal dilation of a vein in the upper limb with stent grafting, via the transcutaneous venous route",,,,Non-standard
EZAF002,"Intraluminal dilation of an arteriovenous vascular access of a limb with stent grafting, by the transcutaneous vascular route",,,,Non-standard
EZAF001,"Intraluminal dilation of an arteriovenous vascular access of a limb without stent insertion, by the transcutaneous vascular route",,,,Non-standard
EEAF002,"Intraluminal dilation of an artery of the lower limb with intraluminal dilation of the common iliac artery and / or the ipsilateral external iliac artery with stent grafting, by the transcutaneous arterial route",,,,Non-standard
EEAF005,"Intraluminal dilation of an artery of the lower limb with intraluminal dilation of the common iliac artery and / or the ipsilateral external iliac artery without stenting, by the transcutaneous arterial route",,,,Non-standard
EEAF004,"Intraluminal dilation of an artery of the lower limb with stent grafting, via the transcutaneous arterial route",,,,Non-standard
EEAF003,"Intraluminal dilation of an artery of the lower limb without stent grafting, via the transcutaneous arterial route",,,,Non-standard
ECAF001,"Intraluminal dilation of an artery of the upper limb with stent grafting, by transcutaneous arterial route",,,,Non-standard
ECAF002,"Intraluminal dilation of an artery of the upper limb without stenting, by the transcutaneous arterial route",,,,Non-standard
EHAF004,"Intraluminal dilation of an intrahepatic stent for portosystemic vascular shunt, by the transcutaneous venous route",,,,Non-standard
EFAF002,"Intraluminal dilation of an upper limb vein without stent grafting, by the transcutaneous venous route",,,,Non-standard
04.03.16.01,Intraluminal dilation of arterial bypass limb,,,,Non-standard
04.05.08.03,Intraluminal dilation of arteriovenous vascular access,,,,Non-standard
04.04.01.02,Intraluminal dilation of cervicocephalic vein and upper limb vein,,,,Non-standard
04.02.04.01,Intraluminal dilation of coronary vessels,,,,Non-standard
04.03.12.02,Intraluminal dilation of digestive arteries,,,,Non-standard
EHAF003,"Intraluminal dilation of hepatic vein [sushepatic vein] without stenting, by transcutaneous venous route",,,,Non-standard
04.03.08.02,Intraluminal dilation of intracranial artery,,,,Non-standard
04.04.03.02,Intraluminal dilation of lower limb vein,,,,Non-standard
EEAF001,"Intraluminal dilation of several arteries of the lower limb without stent grafting, via the transcutaneous arterial route",,,,Non-standard
DFAF001,"Intraluminal dilation of several branches of the pulmonary artery with stent grafting, via the transcutaneous venous route",,,,Non-standard
DFAF004,"Intraluminal dilation of several branches of the pulmonary artery without stent placement, via the transcutaneous venous route",,,,Non-standard
04.03.11.02,Intraluminal dilation of the abdominal aorta and the common iliac and external iliac arteries,,,,Non-standard
DGAF005,"Intraluminal dilation of the abdominal aorta with stent grafting, by transcutaneous arterial route",,,,Non-standard
DGAF008,"Intraluminal dilation of the abdominal aorta without stent grafting, via the transcutaneous arterial route",,,,Non-standard
ECAF004,"Intraluminal dilation of the brachiocephalic arterial trunk or the intrathoracic common carotid artery with stent grafting, by the transcutaneous arterial route",,,,Non-standard
ECAF003,"Intraluminal dilation of the brachiocephalic arterial trunk or the intrathoracic common carotid artery without stent insertion, by the transcutaneous arterial route",,,,Non-standard
04.03.05.01,Intraluminal dilation of the carotid bifurcation,,,,Non-standard
EBAF011,"Intraluminal dilation of the carotid bifurcation with stent grafting, by the transcutaneous arterial route",,,,Non-standard
EBAF009,"Intraluminal dilation of the carotid bifurcation without stent grafting, by the transcutaneous arterial route",,,,Non-standard
EBAF010,"Intraluminal dilation of the cervical common carotid artery with stent grafting, via the transcutaneous arterial route",,,,Non-standard
EBAF004,"Intraluminal dilation of the cervical common carotid artery without stent grafting, via the transcutaneous arterial route",,,,Non-standard
04.03.04.02,Intraluminal dilation of the common carotid artery,,,,Non-standard
EDAF002,"Intraluminal dilation of the common iliac artery and / or the external iliac artery without stent grafting, by the transcutaneous arterial route",,,,Non-standard
EBAF006,"Intraluminal dilation of the external carotid artery with stent grafting, via the transcutaneous arterial route",,,,Non-standard
EBAF005,"Intraluminal dilation of the external carotid artery without stent grafting, via the transcutaneous arterial route",,,,Non-standard
EGAF002,"Intraluminal dilation of the external iliac vein and / or the common iliac vein with stent grafting, by the transcutaneous venous route",,,,Non-standard
EGAF003,"Intraluminal dilation of the external iliac vein and / or the common iliac vein without stent insertion, by the transcutaneous venous route",,,,Non-standard
04.03.06.02,Intraluminal dilation of the extracranial carotid artery,,,,Non-standard
EBAF001,"Intraluminal dilation of the extracranial internal carotid artery with stent grafting, by the transcutaneous arterial route",,,,Non-standard
EBAF003,"Intraluminal dilation of the extracranial internal carotid artery without stent grafting, by the transcutaneous arterial route",,,,Non-standard
EBAF014,"Intraluminal dilation of the extracranial vertebral artery with stent grafting, by the transcutaneous arterial route",,,,Non-standard
EBAF013,"Intraluminal dilation of the extracranial vertebral artery without stenting, by the transcutaneous arterial route",,,,Non-standard
EDAA003,"Intraluminal dilation of the iliac artery and / or the femoral artery, during a restorative procedure of the aorta, the iliac artery or the femoral artery",,,,Non-standard
04.04.04.02,Intraluminal dilation of the inferior vena cava,,,,Non-standard
DHAF004,"Intraluminal dilation of the inferior vena cava with stent grafting, via the transcutaneous venous route",,,,Non-standard
DHAF002,"Intraluminal dilation of the inferior vena cava without stent insertion, by the transcutaneous venous route",,,,Non-standard
DAAF002,"Intraluminal dilation of the infraaortic ejection tract, via the transcutaneous arterial route",,,,Non-standard
04.03.14.01,Intraluminal dilation of the internal iliac artery,,,,Non-standard
EDAF006,"Intraluminal dilation of the internal iliac artery with stent grafting, via the transcutaneous arterial route",,,,Non-standard
EDAF004,"Intraluminal dilation of the internal iliac artery without stent grafting, via the transcutaneous arterial route",,,,Non-standard
EAAF002,"Intraluminal dilation of the internal intracranial carotid artery trunk with stent grafting, via the transcutaneous arterial route",,,,Non-standard
EAAF004,"Intraluminal dilation of the internal intracranial carotid artery trunk without stent grafting, by the transcutaneous arterial route",,,,Non-standard
EAAF903,"Intraluminal dilation of the intracranial vertebral artery or basilar artery without stent grafting, via the transcutaneous arterial route",,,,Non-standard
EAAF902,"Intraluminal dilation of the intracranial vertebral artery or of the basilar artery with stent grafting, by the transcutaneous artery route",,,,Non-standard
DAAF001,"Intraluminal dilation of the outflow tract of the right ventricle and the pulmonary artery trunk, via the transcutaneous venous route",,,,Non-standard
04.04.08.02,Intraluminal dilation of the portal vein,,,,Non-standard
EHAF001,"Intraluminal dilation of the portal vein or of a portocave anastomosis with stent grafting, by the transcutaneous venous route",,,,Non-standard
EHAF002,"Intraluminal dilation of the portal vein or of a portocave anastomosis without stent grafting, by the transcutaneous venous route",,,,Non-standard
04.03.02.01,Intraluminal dilation of the pulmonary artery,,,,Non-standard
04.03.13.02,Intraluminal dilation of the renal artery,,,,Non-standard
04.04.06.01,Intraluminal dilation of the renal vein,,,,Non-standard
EGAF001,"Intraluminal dilation of the renal vein without stent insertion, by the transcutaneous venous route",,,,Non-standard
DBAF003,"Intraluminal dilation of the right atrioventricular orifice, via the transcutaneous venous route",,,,Non-standard
04.04.02.01,Intraluminal dilation of the superior vena cava,,,,Non-standard
DHAF001,"Intraluminal dilation of the superior vena cava with stent grafting, via the transcutaneous venous route",,,,Non-standard
DHAF003,"Intraluminal dilation of the superior vena cava without stent placement, via the transcutaneous venous route",,,,Non-standard
DGAF007,"Intraluminal dilation of the thoracic aorta with stent grafting, via the transcutaneous arterial route",,,,Non-standard
DGAF001,"Intraluminal dilation of the thoracic aorta without stent grafting, via the transcutaneous arterial route",,,,Non-standard
04.03.07.02,Intraluminal dilation of the vertebral and basilar arteries,,,,Non-standard
EASF007,"Intraluminal obliteration of an intracranial artery carrying an aneurysm in acute hemorrhagic period, by the transcutaneous arterial route",,,,Non-standard
EASF008,"Intraluminal obliteration of an intracranial artery carrying an aneurysm outside an acute hemorrhagic period, via the transcutaneous arterial route",,,,Non-standard
EASF002,"Intraluminal occlusion of a tumor-related intracranial vessel, transcutaneously vascular",,,,Non-standard
EASF012,"Intraluminal occlusion of an intracranial vessel, transcutaneously vascular",,,,Non-standard
EASF003,"Intraluminal occlusion of several tumor-related intracranial vessels, transcutaneously vascular",,,,Non-standard
PCPA002,Intramuscular fasciotomy for lengthening,,,,Non-standard
NJPA014,"Intramuscular fasciotomy for lengthening of the triceps sural muscle, by direct approach",,,,Non-standard
GASE001,"Intranasal hemostasis by cauterization or electrocoagulation, by endoscopy",,,,Non-standard
GASE002,"Intranasal hemostasis by unilateral or bilateral transmucosal injection of pharmacological agent, by endoscopy",,,,Non-standard
GAFD002,Intranasal polypectomy,,,,Non-standard
BHQP001,Intraocular pressure [tension] measurement with daylight curve comprising at least 6 measurements,,,,Non-standard
EZQH004,Intraoperative angiography,,,,Non-standard
ENFA003,Intraoperative arterial autograft harvesting for vascular bypass,,,,Non-standard
HMQH008,Intraoperative cholangiography and / or pancreaticography [wirsungography],,,,Non-standard
18.02.04.04,Intraoperative circulatory assistance,,,,Non-standard
HHQE001,Intraoperative colonoscopy,,,,Non-standard
ZZQA003,Intraoperative Doppler ultrasound,,,,Non-standard
DZQJ007,"Intraoperative Doppler ultrasound of the heart and intrathoracic vessels via the esophagus, for monitoring of cardiocirculatory failure following CPB",,,,Non-standard
DZQJ002,"Intraoperative Doppler ultrasound of the heart and intrathoracic vessels via the esophagus, to check for surgical correction of a congenital heart disease or valve disease [valvular disease]",,,,Non-standard
AAQP005,Intraoperative electrocorticographic monitoring of spontaneous and / or induced encephalic activity,,,,Non-standard
18.02.01.01,Intraoperative electroencephalographic and electrocorticographic monitoring,,,,Non-standard
AAQP008,"Intraoperative electroencephalographic monitoring on at least 8 leads, for 4 hours or more",,,,Non-standard
AAQP004,"Intraoperative electroencephalographic monitoring on at least 8 leads, for less than 4 hours",,,,Non-standard
HMQA001,"Intraoperative endoscopy of the bile ducts, by transcystic approach or by choledochotomy",,,,Non-standard
18.02.07.02,Intraoperative endoscopy of the digestive system,,,,Non-standard
DELA002,Intraoperative epicardial electrode placement without generator placement,,,,Non-standard
HEQE004,Intraoperative eso-gastro-duodenal endoscopy,,,,Non-standard
18.02.01.02,Intraoperative evoked potentials,,,,Non-standard
18.02.07.04,Intraoperative exploration of the abdominal cavity,,,,Non-standard
HGQE004,Intraoperative jejunal and / or ileal enteroscopy,,,,Non-standard
ZZQL010,Intraoperative lesion detection after injection of radioisotopic product,,,,Non-standard
AGQP005,"Intraoperative monitoring of motor, sensory or somesthetic evoked potentials for 2 to 4 hours",,,,Non-standard
AGQP006,"Intraoperative monitoring of motor, sensory or somesthetic evoked potentials, for less than 2 hours",,,,Non-standard
AGQP004,"Intraoperative monitoring of motor, sensory or somesthetic evoked potentials, for more than 4 hours",,,,Non-standard
AHFA009,Intraoperative nerve graft harvesting from a different limb from the operated limb,,,,Non-standard
AALF002,"Intraoperative protective infusion of the encephalic parenchyma, during a procedure with SCC",,,,Non-standard
18.02.04.05,Intraoperative recovery of circulation,,,,Non-standard
HBDD007,Intraoperative restraint of dental arches by means other than a continuous vestibular arch,,,,Non-standard
HBDD008,Intraoperative retention of dental arches by continuous vestibular arch,,,,Non-standard
HBDD014,"Intraoperative retention of the dental arches by a continuous vestibular arch on one, by other means on the other",,,,Non-standard
ZZHA001,Intraoperative sample for extemporaneous cytological and / or anatomopathological examination,,,,Non-standard
ZZQA002,Intraoperative ultrasound,,,,Non-standard
18.02.04.01,Intraoperative ultrasound of the heart and intrathoracic vessels,,,,Non-standard
18.02.04.03,Intraoperative vascular autograft harvesting,,,,Non-standard
EPFA006,Intraoperative venous autograft harvesting for vascular bypass,,,,Non-standard
18.02.04.06,Intraoperative vessel occlusion and resection,,,,Non-standard
18.02.07.01,Intraoperative x-ray of the mouth or digestive system,,,,Non-standard
LBFA031,Intraoral bone hypertrophy resection,,,,Non-standard
07.02.06.02,Intraoral collection evacuation,,,,Non-standard
HAJD003,"Intraoral dressing under general anesthesia, following an act on the oral cavity",,,,Non-standard
HBQK061,"Intraoral retroalveolar and / or retrocoronary x-ray of a sector of 1 to 3 contiguous final teeth for endodontic or intra-interventional and / or final therapeutic act, apart from an endodontic therapeutic act",,,,Non-standard
HBLD004,Intraoral topical application of fluorides,,,,Non-standard
07.02.06.01,Intraoral wound treatment,,,,Non-standard
BKLA003,Intraorbital autografting for enophthalmos correction,,,,Non-standard
02.05.02.01,Intraorbital injection,,,,Non-standard
BKLB001,"Intraorbital, retrobulbar or laterobulbar therapeutic injection of pharmacological agent",,,,Non-standard
PALB900,Intraosseous marrow injection,,,,Non-standard
JJLJ001,"Intraovular injection of pharmacological agent for ectopic pregnancy, transvaginal with ultrasound guidance",,,,Non-standard
HPLB003,"Intraperitoneal administration of anticancer pharmacological agent with hyperthermia [Intraperitoneal anticancer chemohyperthermia], under general anesthesia",,,,Non-standard
07.06.04,Intraperitoneal balloon placement,,,,Non-standard
07.06.01,Intraperitoneal injection,,,,Non-standard
HPLB002,"Intraperitoneal injection of anticancer pharmacological agent, by transcutaneous route",,,,Non-standard
JJFC003,"Intraperitoneal ovarian cystectomy, by laparoscopy",,,,Non-standard
GGLB008,"Intrapleural administration session of anticancer pharmacological agent, by an implanted device",,,,Non-standard
06.03.07,Intrapleural injection,,,,Non-standard
GGLB001,"Intrapleural injection of anticancer pharmacological agent, by transcutaneous route",,,,Non-standard
GGLB002,"Intrapleural injection of pharmacological agent, via the skin",,,,Non-standard
GGLC001,"Intrapleural instillation of irritant, by thoracoscopy",,,,Non-standard
JANE002,"Intrarenal fragmentation of inferior calcic calculus with shock waves or laser [Intrarenal lithotripsy], by ureteronephroscopy",,,,Non-standard
ZZLF900,"Intrarterial locoregional administration session of anticancer pharmacological agent by an implanted device, without CEC, without hyperthermia",,,,Non-standard
AFLB013,"Intrathecal administration session of anticancer pharmacological agent, by an implanted device",,,,Non-standard
AFLB003,"Intrathecal injection of anticancer pharmacological agent, by the transcutaneous route",,,,Non-standard
ANLB004,"Intrathecal injection of pharmacological agent for analgesia, with diagnostic and prognostic evaluation",,,,Non-standard
AFLH002,"Intrathecal therapeutic injection of pharmacological agent, by the transcutaneous route with radiological guidance",,,,Non-standard
AFLB006,"Intrathecal therapeutic injection of pharmacological agent, by the transcutaneous route without guidance",,,,Non-standard
18.02.06.02,Intrathoracic flap during intrathoracic surgery,,,,Non-standard
GEGE003,"Intratracheal and / or intrabronchial foreign body ablation, by endoscopy",,,,Non-standard
GEGE001,Intratracheal and / or intrabronchial foreign body removal by rigid tube bronchoscopy,,,,Non-standard
GEJD001,"Intratracheal aspiration of a newborn at birth, in the presence of meconium amniotic fluid",,,,Non-standard
06.02.06.08,Intratracheobronchial injection and aspiration,,,,Non-standard
JSEC001,"Intratubary embryo transfer, by laparoscopy",,,,Non-standard
JSLD001,Intrauterine artificial insemination,,,,Non-standard
JSED001,"Intrauterine embryo transfer, vaginally",,,,Non-standard
JNBD002,"Intrauterine or intravaginal tamponade, for obstetric hemorrhage",,,,Non-standard
EZNF900,"Intravascular irradiation, in the course of a dilation of the vessel by the transcutaneous vascular route",,,,Non-standard
HDMA010,Intravellar secondary veloplasty,,,,Non-standard
EPLF001,Intravenous administration of pharmacological agent and / or fluid in the newborn at birth,,,,Non-standard
EQLF002,"Intravenous infusion of filler at a rate greater than 50 milliliters per kilogram [ml / kg] in less than 24 hours, in adults",,,,Non-standard
FELF009,Intravenous injection of a cell therapy product for allogeneic transplantation,,,,Non-standard
FELF010,Intravenous injection of a cell therapy product for autograft,,,,Non-standard
JZQH003,Intravenous urography with permictional urethrocystography,,,,Non-standard
JZQH002,Intravenous urography without permictional urethrocystography,,,,Non-standard
DAFA007,"Intraventricular cardiac muscle resection, by thoracotomy with CEC",,,,Non-standard
ABLB006,"Intraventricular or intracystic cerebral administration of an anticancer pharmacological agent, by an implanted device",,,,Non-standard
JEAA001,Intravesical lengthening of the urethra,,,,Non-standard
BGGA005,Intravitreal silicone oil ablation,,,,Non-standard
06.02.06.03,Intubation and placement of a tracheobronchial medical device,,,,Non-standard
ZZQL003,Iodine-131 whole body scan,,,,Non-standard
QZLP001,Iontophoresis session [iontophoresis] for hyperhidrosis,,,,Non-standard
BENP001,Iridocorneal angle photocoagulation session with laser,,,,Non-standard
BEFA009,Iridocyclectomy for ciliary body tumor,,,,Non-standard
BEPP002,Iridotomy with laser,,,,Non-standard
BEFA001,Iris lesion resection,,,,Non-standard
YYYY599,Irradiation by accelerator cyclotherapy by fraction of 0.9 Grays for beams of 25 MeV or more,,,,Non-standard
YYYY267,Irradiation by accelerator cyclotherapy by fraction of 12 centiGrays for beams from 17 to 24.9 MeV,,,,Non-standard
YYYY256,Irradiation by accelerator cyclotherapy by fraction of 14 Grays for beams from 8 to 16.9 MeV,,,,Non-standard
YYYY122,Irradiation by telecobalt cyclotherapy by fraction of 2.8 Grays for the beams from 0.5 to 4.9 MeV,,,,Non-standard
YYYY566,Irradiation in cyclotherapy by accelerator by fraction of 1.2 Grays for beams from 17 to 24.9 MeV,,,,Non-standard
YYYY223,Irradiation in cyclotherapy by accelerator by fraction of 1.4 Grays for beams from 8 to 16.9 MeV,,,,Non-standard
YYYY577,Irradiation in cyclotherapy by accelerator by fraction of 12 Grays for beams from 17 to 24.9 MeV,,,,Non-standard
YYYY175,Irradiation in cyclotherapy by accelerator by fraction of 14 centiGrays for beams from 8 to 16.9 MeV,,,,Non-standard
YYYY056,Irradiation in cyclotherapy by accelerator by fraction of 2 Grays for beams from 5 to 7.9 MeV,,,,Non-standard
YYYY053,Irradiation in cyclotherapy by accelerator by fraction of 2.5 Grays for the beams from 0.5 to 4.9 MeV,,,,Non-standard
YYYY055,Irradiation in cyclotherapy by accelerator by fraction of 20 centiGrays for beams from 5 to 7.9 MeV,,,,Non-standard
YYYY141,Irradiation in cyclotherapy by accelerator by fraction of 20 Grays for beams from 5 to 7.9 MeV,,,,Non-standard
YYYY052,Irradiation in cyclotherapy by accelerator by fraction of 25 centiGrays for the beams from 0.5 to 4.9 MeV,,,,Non-standard
YYYY054,Irradiation in cyclotherapy by accelerator by fraction of 25 Grays for beams from 0.5 to 4.9 MeV,,,,Non-standard
YYYY051,Irradiation in telecobalt cyclotherapy by fraction of 28 centiGrays for beams from 0.5 to 4.9 MeV,,,,Non-standard
YYYY555,Irradiation in telecobalt cyclotherapy by fraction of 28 Grays for beams from 0.5 to 4.9 MeV,,,,Non-standard
YYYY493,Irradiation of 300 cm? and more in fixed fields by accelerator by fraction of 1.2 Grays for beams from 17 to 24.9 MeV,,,,Non-standard
YYYY492,"Irradiation of 300 cm? and more in fixed fields by accelerator by fraction of 1.2 Grays for beams from 17 to 24.9 MeV, including 2 volumes",,,,Non-standard
YYYY305,"Irradiation of 300 cm? and more in fixed fields by accelerator by fraction of 1.2 Grays for beams from 17 to 24.9 MeV, including 3 volumes",,,,Non-standard
YYYY316,"Irradiation of 300 cm? and more in fixed fields by accelerator by fraction of 1.2 Grays for beams from 17 to 24.9 MeV, including 4 volumes",,,,Non-standard
YYYY331,Irradiation of 300 cm? and more in fixed fields by accelerator by fraction of 1.4 Grays for beams from 8 to 16.9 MeV,,,,Non-standard
YYYY337,"Irradiation of 300 cm? and more in fixed fields by accelerator by fraction of 1.4 Grays for beams from 8 to 16.9 MeV, including 2 volumes",,,,Non-standard
YYYY348,"Irradiation of 300 cm? and more in fixed fields by accelerator by fraction of 1.4 Grays for beams from 8 to 16.9 MeV, including 3 volumes",,,,Non-standard
YYYY359,"Irradiation of 300 cm? and more in fixed fields by accelerator by fraction of 1.4 Grays for beams from 8 to 16.9 MeV, including 4 volumes",,,,Non-standard
YYYY450,Irradiation of 300 cm? and more in fixed fields by accelerator by fraction of 12 centiGrays for beams from 17 to 24.9 MeV,,,,Non-standard
YYYY459,"Irradiation of 300 cm? and more in fixed fields by accelerator by fraction of 12 centiGrays for beams from 17 to 24.9 MeV, including 2 volumes",,,,Non-standard
YYYY470,"Irradiation of 300 cm? and more in fixed fields by accelerator by fraction of 12 centiGrays for beams from 17 to 24.9 MeV, including 3 volumes",,,,Non-standard
YYYY481,"Irradiation of 300 cm? and more in fixed fields by accelerator by fraction of 12 centiGrays for beams from 17 to 24.9 MeV, including 4 volumes",,,,Non-standard
YYYY320,Irradiation of 300 cm? and more in fixed fields by accelerator by fraction of 12 Grays for beams from 17 to 24.9 MeV,,,,Non-standard
YYYY327,"Irradiation of 300 cm? and more in fixed fields by accelerator by fraction of 12 Grays for beams from 17 to 24.9 MeV, including 2 volumes",,,,Non-standard
YYYY338,"Irradiation of 300 cm? and more in fixed fields by accelerator by fraction of 12 Grays for beams from 17 to 24.9 MeV, including 3 volumes",,,,Non-standard
YYYY349,"Irradiation of 300 cm? and more in fixed fields by accelerator by fraction of 12 Grays for beams from 17 to 24.9 MeV, including 4 volumes",,,,Non-standard
YYYY299,Irradiation of 300 cm? and more in fixed fields by accelerator by fraction of 14 centiGrays for beams from 8 to 16.9 MeV,,,,Non-standard
YYYY304,"Irradiation of 300 cm? and more in fixed fields by accelerator by fraction of 14 centiGrays for beams from 8 to 16.9 MeV, including 2 volumes",,,,Non-standard
YYYY315,"Irradiation of 300 cm? and more in fixed fields by accelerator by fraction of 14 centiGrays for beams from 8 to 16.9 MeV, including 3 volumes",,,,Non-standard
YYYY326,"Irradiation of 300 cm? and more in fixed fields by accelerator by fraction of 14 centiGrays for beams from 8 to 16.9 MeV, including 4 volumes",,,,Non-standard
YYYY370,Irradiation of 300 cm? and more in fixed fields by accelerator by fraction of 14 Grays for beams from 8 to 16.9 MeV,,,,Non-standard
YYYY377,"Irradiation of 300 cm? and more in fixed fields by accelerator by fraction of 14 Grays for beams from 8 to 16.9 MeV, including 2 volumes",,,,Non-standard
YYYY381,"Irradiation of 300 cm? and more in fixed fields by accelerator by fraction of 14 Grays for beams from 8 to 16.9 MeV, including 3 volumes",,,,Non-standard
YYYY398,"Irradiation of 300 cm? and more in fixed fields by accelerator by fraction of 14 Grays for beams from 8 to 16.9 MeV, including 4 volumes",,,,Non-standard
YYYY380,Irradiation of 300 cm? and more in fixed fields by accelerator by fraction of 2 Grays for beams from 5 to 7.9 MeV,,,,Non-standard
YYYY387,"Irradiation of 300 cm? and more in fixed fields by accelerator by fraction of 2 Grays for beams from 5 to 7.9 MeV, including 2 volumes",,,,Non-standard
YYYY391,"Irradiation of 300 cm? and more in fixed fields by accelerator by fraction of 2 Grays for beams from 5 to 7.9 MeV, including 3 volumes",,,,Non-standard
YYYY458,"Irradiation of 300 cm? and more in fixed fields by accelerator by fraction of 2 Grays for beams from 5 to 7.9 MeV, including 4 volumes",,,,Non-standard
YYYY471,Irradiation of 300 cm? and more in fixed fields by accelerator by fraction of 2.5 Grays for beams from 0.5 to 4.9 MeV,,,,Non-standard
YYYY479,"Irradiation of 300 cm? and more in fixed fields by accelerator by fraction of 2.5 Grays for beams from 0.5 to 4.9 MeV, including 2 volumes",,,,Non-standard
YYYY497,"Irradiation of 300 cm? and more in fixed fields by accelerator by fraction of 2.5 Grays for beams from 0.5 to 4.9 MeV, including 3 volumes",,,,Non-standard
YYYY303,"Irradiation of 300 cm? and more in fixed fields by accelerator by fraction of 2.5 Grays for beams from 0.5 to 4.9 MeV, including 4 volumes",,,,Non-standard
YYYY307,Irradiation of 300 cm? and more in fixed fields by accelerator by fraction of 20 centiGrays for beams from 5 to 7.9 MeV,,,,Non-standard
YYYY347,"Irradiation of 300 cm? and more in fixed fields by accelerator by fraction of 20 centiGrays for beams from 5 to 7.9 MeV, including 2 volumes",,,,Non-standard
YYYY358,"Irradiation of 300 cm? and more in fixed fields by accelerator by fraction of 20 centiGrays for beams from 5 to 7.9 MeV, including 3 volumes",,,,Non-standard
YYYY369,"Irradiation of 300 cm? and more in fixed fields by accelerator by fraction of 20 centiGrays for beams from 5 to 7.9 MeV, including 4 volumes",,,,Non-standard
YYYY460,Irradiation of 300 cm? and more in fixed fields by accelerator by fraction of 20 Grays for beams from 5 to 7.9 MeV,,,,Non-standard
YYYY469,"Irradiation of 300 cm? and more in fixed fields by accelerator by fraction of 20 Grays for beams from 5 to 7.9 MeV, including 2 volumes",,,,Non-standard
YYYY480,"Irradiation of 300 cm? and more in fixed fields by accelerator by fraction of 20 Grays for beams from 5 to 7.9 MeV, including 3 volumes",,,,Non-standard
YYYY491,"Irradiation of 300 cm? and more in fixed fields by accelerator by fraction of 20 Grays for beams from 5 to 7.9 MeV, including 4 volumes",,,,Non-standard
YYYY390,Irradiation of 300 cm? and more in fixed fields by accelerator by fraction of 25 centiGrays for beams from 0.5 to 4.9 MeV,,,,Non-standard
YYYY392,"Irradiation of 300 cm? and more in fixed fields by accelerator by fraction of 25 centiGrays for beams from 0.5 to 4.9 MeV, including 2 volumes",,,,Non-standard
YYYY457,"Irradiation of 300 cm? and more in fixed fields by accelerator by fraction of 25 centiGrays for beams from 0.5 to 4.9 MeV, including 3 volumes",,,,Non-standard
YYYY468,"Irradiation of 300 cm? and more in fixed fields by accelerator by fraction of 25 centiGrays for beams from 0.5 to 4.9 MeV, including 4 volumes",,,,Non-standard
YYYY314,"Irradiation of 300 cm? and more in fixed fields by accelerator by fraction of 25 Grays for beams from 0.5 to 4.9 MeV, including 2 volumes",,,,Non-standard
YYYY325,"Irradiation of 300 cm? and more in fixed fields by accelerator by fraction of 25 Grays for beams from 0.5 to 4.9 MeV, including 3 volumes",,,,Non-standard
YYYY336,"Irradiation of 300 cm? and more in fixed fields by accelerator by fraction of 25 Grays for beams from 0.5 to 4.9 MeV, including 4 volumes",,,,Non-standard
YYYY310,Irradiation of 300 cm? and more in fixed fields by accelerator per fraction of 25 Grays for beams from 0.5 to 4.9 MeV,,,,Non-standard
YYYY343,Irradiation of 300 cm? and more in fixed fields by telecobalt by fraction of 2.8 Grays for beams from 0.5 to 4.9 MeV,,,,Non-standard
YYYY335,"Irradiation of 300 cm? and more in fixed fields by telecobalt by fraction of 2.8 Grays for beams from 0.5 to 4.9 MeV, including 2 volumes",,,,Non-standard
YYYY346,"Irradiation of 300 cm? and more in fixed fields by telecobalt by fraction of 2.8 Grays for beams from 0.5 to 4.9 MeV, including 3 volumes",,,,Non-standard
YYYY357,"Irradiation of 300 cm? and more in fixed fields by telecobalt by fraction of 2.8 Grays for beams from 0.5 to 4.9 MeV, including 4 volumes",,,,Non-standard
YYYY301,Irradiation of 300 cm? and more in fixed fields by telecobalt by fraction of 28 centiGrays for beams from 0.5 to 4.9 MeV,,,,Non-standard
YYYY302,"Irradiation of 300 cm? and more in fixed fields by telecobalt by fraction of 28 centiGrays for beams from 0.5 to 4.9 MeV, including 2 volumes",,,,Non-standard
YYYY313,"Irradiation of 300 cm? and more in fixed fields by telecobalt by fraction of 28 centiGrays for beams from 0.5 to 4.9 MeV, including 3 volumes",,,,Non-standard
YYYY324,"Irradiation of 300 cm? and more in fixed fields by telecobalt by fraction of 28 centiGrays for beams from 0.5 to 4.9 MeV, including 4 volumes",,,,Non-standard
YYYY367,Irradiation of 300 cm? and more in fixed fields by telecobalt by fraction of 28 Grays for beams from 0.5 to 4.9 MeV,,,,Non-standard
YYYY368,"Irradiation of 300 cm? and more in fixed fields by telecobalt by fraction of 28 Grays for beams from 0.5 to 4.9 MeV, including 2 volumes",,,,Non-standard
YYYY379,"Irradiation of 300 cm? and more in fixed fields by telecobalt by fraction of 28 Grays for beams from 0.5 to 4.9 MeV, including 3 volumes",,,,Non-standard
YYYY383,"Irradiation of 300 cm? and more in fixed fields by telecobalt by fraction of 28 Grays for beams from 0.5 to 4.9 MeV, including 4 volumes",,,,Non-standard
YYYY451,Irradiation of 300 cm? or more in fixed fields by accelerator by fraction of 0.9 Grays for beams of 25 MeV or more,,,,Non-standard
YYYY393,"Irradiation of 300 cm? or more in fixed fields by accelerator by fraction of 0.9 Grays for beams of 25 MeV or more, including 2 volumes",,,,Non-standard
YYYY500,"Irradiation of 300 cm? or more in fixed fields by accelerator by fraction of 0.9 Grays for beams of 25 MeV or more, including 3 volumes",,,,Non-standard
YYYY511,"Irradiation of 300 cm? or more in fixed fields by accelerator by fraction of 0.9 Grays for beams of 25 MeV or more, including 4 volumes",,,,Non-standard
YYYY360,Irradiation of 300 cm? or more in fixed fields by accelerator by fraction of 9 centiGrays for beams of 25 MeV or more,,,,Non-standard
YYYY365,"Irradiation of 300 cm? or more in fixed fields by accelerator by fraction of 9 centiGrays for beams of 25 MeV or more, including 2 volumes",,,,Non-standard
YYYY371,"Irradiation of 300 cm? or more in fixed fields by accelerator by fraction of 9 centiGrays for beams of 25 MeV or more, including 3 volumes",,,,Non-standard
YYYY382,"Irradiation of 300 cm? or more in fixed fields by accelerator by fraction of 9 centiGrays for beams of 25 MeV or more, including 4 volumes",,,,Non-standard
YYYY520,Irradiation of 300 cm? or more in fixed fields by accelerator by fraction of 9 Grays for beams of 25 MeV or more,,,,Non-standard
YYYY522,"Irradiation of 300 cm? or more in fixed fields by accelerator by fraction of 9 Grays for beams of 25 MeV or more, including 2 volumes",,,,Non-standard
YYYY533,"Irradiation of 300 cm? or more in fixed fields by accelerator by fraction of 9 Grays for beams of 25 MeV or more, including 3 volumes",,,,Non-standard
YYYY544,"Irradiation of 300 cm? or more in fixed fields by accelerator by fraction of 9 Grays for beams of 25 MeV or more, including 4 volumes",,,,Non-standard
YYYY244,Irradiation of less than 300 cm? in fixed fields by accelerator by fraction of 0.9 Grays for beams of 25 MeV or more,,,,Non-standard
YYYY211,Irradiation of less than 300 cm? in fixed fields by accelerator by fraction of 1.4 Grays for beams from 8 to 16.9 MeV,,,,Non-standard
YYYY049,Irradiation of less than 300 cm? in fixed fields by accelerator by fraction of 12 centiGrays for beams from 17 to 24.9 MeV,,,,Non-standard
YYYY345,Irradiation of less than 300 cm? in fixed fields by accelerator by fraction of 12 Grays for beams from 17 to 24.9 MeV,,,,Non-standard
YYYY048,Irradiation of less than 300 cm? in fixed fields by accelerator by fraction of 14 centiGrays for beams from 8 to 16.9 MeV,,,,Non-standard
YYYY334,Irradiation of less than 300 cm? in fixed fields by accelerator by fraction of 14 Grays for beams from 8 to 16.9 MeV,,,,Non-standard
YYYY152,Irradiation of less than 300 cm? in fixed fields by accelerator by fraction of 2 Grays for beams from 5 to 7.9 MeV,,,,Non-standard
YYYY047,Irradiation of less than 300 cm? in fixed fields by accelerator by fraction of 20 centiGrays for beams from 5 to 7.9 MeV,,,,Non-standard
YYYY323,Irradiation of less than 300 cm? in fixed fields by accelerator by fraction of 20 Grays for beams from 5 to 7.9 MeV,,,,Non-standard
YYYY046,Irradiation of less than 300 cm? in fixed fields by accelerator by fraction of 25 centiGrays for beams from 0.5 to 4.9 MeV,,,,Non-standard
YYYY050,Irradiation of less than 300 cm? in fixed fields by accelerator by fraction of 9 centiGrays for beams of 25 MeV or more,,,,Non-standard
YYYY356,Irradiation of less than 300 cm? in fixed fields by accelerator by fraction of 9 Grays for beams of 25 MeV or more,,,,Non-standard
YYYY197,Irradiation of less than 300 cm? in fixed fields by accelerator per fraction of 1.2 Grays for beams from 17 to 24.9 MeV,,,,Non-standard
YYYY136,Irradiation of less than 300 cm? in fixed fields by accelerator per fraction of 2.5 Grays for beams from 0.5 to 4.9 MeV,,,,Non-standard
YYYY312,Irradiation of less than 300 cm? in fixed fields by accelerator per fraction of 25 Grays for beams from 0.5 to 4.9 MeV,,,,Non-standard
YYYY099,Irradiation of less than 300 cm? in fixed fields by telecobalt by fraction of 2.8 Grays for beams from 0.5 to 4.9 MeV,,,,Non-standard
YYYY045,Irradiation of less than 300 cm? in fixed fields by telecobalt by fraction of 28 centiGrays for beams from 0.5 to 4.9 MeV,,,,Non-standard
YYYY101,Irradiation of less than 300 cm? in fixed fields by telecobalt by fraction of 28 Grays for beams from 0.5 to 4.9 MeV,,,,Non-standard
ZCJD001,"Irrigation-drainage of an abdominal viscera fistula, per 24 hours",,,,Non-standard
PBLL001,Isotopic synoviorthesis of a limb,,,,Non-standard
KCFA004,"Isthmectomy of the thyroid gland, by cervicotomy",,,,Non-standard
DGCA030,"Iterative aortobifemoral bifurcated bypass [redux] without prosthesis removal, by laparotomy",,,,Non-standard
DZEA001,"Iterative heart transplantation, by thoracotomy with CEC",,,,Non-standard
PAPA002,Iterative osteotomy for premature callus during progressive lengthening of a long bone,,,,Non-standard
NFMC005,"Iterative reconstruction of the posterior cruciate ligament of the knee by synthetic ligament, by arthroscopy",,,,Non-standard
NFMA008,"Iterative reconstruction of the posterior cruciate ligament of the knee by synthetic ligament, by arthrotomy",,,,Non-standard
19.03.03,Iterative surgery,,,,Non-standard
HGQE003,Jejunal enteroscopy [Jejunoscopy],,,,Non-standard
HGQE001,Jejunal enteroscopy with ileal enteroscopy,,,,Non-standard
HGCH001,"Jejunostomy, transcutaneously with ultrasound and / or radiological guidance",,,,Non-standard
14.03.03.04,Joint cleaning [Debridement] of the knee,,,,Non-standard
13.03.05.08,Joint synovectomy of the hand,,,,Non-standard
ACFA023,Jugular foramen tumor resection by craniotomy,,,,Non-standard
HLHH005,"Jugular liver biopsy with ultrasound and / or radiological guidance, with intravenous pressure measurement",,,,Non-standard
HLHH001,"Jugular liver biopsy with ultrasound and / or radiological guidance, without intravenous pressure measurement",,,,Non-standard
EBCA012,"Juguloaxillary venous bypass, by cervicotomy",,,,Non-standard
16.05.07,Keratinocyte culture graft for burns,,,,Non-standard
BDFP003,Keratomileusis in situ with excimer laser,,,,Non-standard
02.04.02.05,Keratoplasty and keratoprosthesis,,,,Non-standard
JAHJ006,"Kidney biopsy on a target, transcutaneously with ultrasound guidance",,,,Non-standard
JAHJ007,"Kidney biopsy on multiple targets, transcutaneously with ultrasound guidance",,,,Non-standard
JAHA001,"Kidney biopsy, direct approach",,,,Non-standard
JAHH002,"Kidney biopsy, transcutaneous jugular route with radiological guidance",,,,Non-standard
JAHB001,"Kidney biopsy, transcutaneously without guidance",,,,Non-standard
JAHH001,"Kidney cyst puncture, transcutaneously with radiological guidance",,,,Non-standard
JAHJ002,"Kidney cyst puncture, transcutaneously with ultrasound guidance",,,,Non-standard
JAQH003,"Kidney cystography, transcutaneously with ultrasound and / or radiological guidance",,,,Non-standard
08.02.01.06,Kidney removal and transplantation,,,,Non-standard
08.02.02.07,Kidney stone removal,,,,Non-standard
JAGD001,"Kidney stone removal, by a nephrostomy already in place",,,,Non-standard
JAEA003,Kidney transplant,,,,Non-standard
08.02.01.05,Kidney trauma repair,,,,Non-standard
14.03.03.05,Knee arthrodesis and arthritis,,,,Non-standard
NFQH001,Knee arthrography,,,,Non-standard
14.03.03.06,Knee arthroplasty,,,,Non-standard
NZFA003,Knee disarticulation,,,,Non-standard
14.03.03.02,Knee joint collection evacuation,,,,Non-standard
NFJC002,Knee joint collection evacuation by arthroscopy,,,,Non-standard
NFJA002,Knee joint collection evacuation by arthrotomy,,,,Non-standard
14.04.02.02,Knee lengthening and tendon transfer,,,,Non-standard
14.03.03.01,Knee mobilization,,,,Non-standard
14.04.02.04,Knee tendon shortening,,,,Non-standard
NFQK004,Knee x-ray based on 5 or more views,,,,Non-standard
HACA002,"Labial adhesion for bilateral cleft lip, maxillo-palate",,,,Non-standard
HACA001,"Labial adhesion for unilateral cleft lip, maxillo-palate",,,,Non-standard
HADA001,Labioglossopexy,,,,Non-standard
CERP002,Labyrinthine vestibular function rehabilitation session,,,,Non-standard
BBCA001,Laco-dacryo-cysto-rhinostomy without laser,,,,Non-standard
BBHA001,Lacrimal gland biopsy,,,,Non-standard
BBPA003,Lacrimal sac incision,,,,Non-standard
BBFA003,Lacrimal sac resection,,,,Non-standard
QEFA016,Lactiferous duct resection [Milk duct resection] [Breast pyramidectomy],,,,Non-standard
BDFA002,Lamellar keratectomy,,,,Non-standard
BDMA900,Lamellar keratoplasty with conjunctivoplasty [Corneoconjunctival transplantation],,,,Non-standard
QELH001,"Landmark placement in the breast, transcutaneously with mammographic guidance",,,,Non-standard
QELJ001,"Landmark placement in the breast, transcutaneously with ultrasound guidance",,,,Non-standard
HMFA006,"Laparoscopic cholecystectomy, with choledochoduodenostomy by laparotomy",,,,Non-standard
HMFA005,"Laparoscopic cholecystectomy, with choledochojejunostomy by laparotomy",,,,Non-standard
HMFA003,"Laparoscopic cholecystectomy, with stone removal of the main bile duct by choledochotomy, by laparotomy",,,,Non-standard
GELF001,"Laryngeal catheter or tracheal catheter placement, transcutaneously",,,,Non-standard
GDFE003,"Laryngeal cordectomy, by direct laryngoscopy with laser",,,,Non-standard
GDFE007,"Laryngeal cordectomy, by direct laryngoscopy without laser",,,,Non-standard
GDMA003,Laryngeal crash repair,,,,Non-standard
GDFE015,Laryngeal vestibular resection by direct laryngoscopy without laser,,,,Non-standard
GDCA001,Laryngeal wound suture,,,,Non-standard
GDMA001,"Laryngoplasty, by cervicotomy",,,,Non-standard
GDMA002,"Laryngotracheoplasty, by cervicotomy",,,,Non-standard
CCCA002,Laser-free opening and occlusion of the posterior semicircular duct,,,,Non-standard
HDMA004,Laser-less uvulopharyngoplasty with septoplasty,,,,Non-standard
HDMA001,Laser-less uvulopharyngoplasty with turbinectomy,,,,Non-standard
ZZQL019,"Late scintigraphic planar images without reinjection, complementary to a standard examination",,,,Non-standard
ZZQL018,"Late tomoscintigraphic images without reinjection, complementary to a standard examination",,,,Non-standard
NFFC003,"Lateral and medial meniscectomies of the knee, by arthroscopy",,,,Non-standard
NFFA001,"Lateral and medial meniscectomies of the knee, by arthrotomy",,,,Non-standard
BADA003,Lateral canthopexy,,,,Non-standard
BAMA009,Lateral canthoplasty,,,,Non-standard
BAPA004,Lateral canthotomy,,,,Non-standard
HHSA001,"Lateral cutaneous colostomy closure, by direct approach",,,,Non-standard
NFMA002,"Lateral extraarticular ligament plasty of the knee with the fascia lata, by direct approach",,,,Non-standard
HKPA003,Lateral internal sphincterotomy [Leiomyotomy] of the anus,,,,Non-standard
NFFC004,"Lateral or medial meniscectomy of the knee, by arthroscopy",,,,Non-standard
NFFA003,"Lateral or medial meniscectomy of the knee, by arthrotomy",,,,Non-standard
HDFA002,"Lateral oropharyngectomy with tonsillectomy, by intraoral approach",,,,Non-standard
HDFA008,"Lateral oropharyngectomy, by cervicotomy",,,,Non-standard
HDFA016,"Lateral pharyngectomy, by cervicotomy",,,,Non-standard
LBFA036,"Lateral segmental extracondylar interrupter resection of the mandible by direct approach, without insertion of an intrafocal retainer or filling",,,,Non-standard
LBFA017,"Lateral segmental extracondylar interrupter resection of the mandible with filling, by direct approach",,,,Non-standard
LBFA027,"Lateral segmental extracondylar interrupting resection of the mandible by direct approach, with placement of an intrafocal retainer, without filling",,,,Non-standard
DGCA017,"Lateral thoracic aortic wound suture, by thoracotomy with CPB",,,,Non-standard
DGCA025,"Lateral thoracic aortic wound suture, by thoracotomy without CEC",,,,Non-standard
QZHA004,Laterolongitudinal biopsy of the nail apparatus,,,,Non-standard
LBFA034,"Lateroterminal interrupter resection of the mandible by direct approach, without insertion of a lateroterminal device or filling",,,,Non-standard
LBFA039,"Lateroterminal interrupting resection of the mandible by direct approach, with filling by chondrocostal autograft",,,,Non-standard
LBFA037,"Lateroterminal interruptor resection of the mandible by direct approach, with placement of a lateroterminal restraint device, without filling",,,,Non-standard
HBLD090,Laying of a coronoradicular infrastructure [Inlay core] under a crown or a tooth-supported bridge abutment with no remaining load,,,,Non-standard
DBMA003,"Left atrioventricular annuloplasty, by thoracotomy with CEC",,,,Non-standard
DBPA006,"Left atrioventricular valve commissurotomy, by thoracotomy with CEC",,,,Non-standard
DBPA005,"Left atrioventricular valve commissurotomy, by thoracotomy without CEC",,,,Non-standard
DBMA002,"Left atrioventricular valvoplasty, by thoracotomy with CEC",,,,Non-standard
HHFA002,"Left colectomy with liberation of the left colonic angle, with restoration of continuity, by laparoscopy or by laparotomy with preparation by laparoscopy",,,,Non-standard
HHFA006,"Left colectomy with liberation of the left colonic angle, with restoration of continuity, by laparotomi",,,,Non-standard
HHFA024,"Left colectomy with release of the left colonic angle, without restoration of continuity, by laparotomi",,,,Non-standard
HHFA010,"Left colectomy without liberation of the left colonic angle, with restoration of continuity, by laparoscopy or by laparotomy with preparation by laparoscopy",,,,Non-standard
HHFA017,"Left colectomy without liberation of the left colonic angle, with restoration of continuity, by laparotomi",,,,Non-standard
HHFC040,"Left colectomy without liberation of the left colonic angle, without restoration of continuity, by laparoscopy",,,,Non-standard
HHFA014,"Left colectomy without liberation of the left colonic angle, without restoration of continuity, by laparotomi",,,,Non-standard
HLFA007,"Left hepatectomy enlarged to the caudate lobe [Spigel's] [segment I], by laparotomy",,,,Non-standard
HLFC037,"Left hepatectomy, by laparoscopy",,,,Non-standard
HLFA018,"Left hepatectomy, by laparotomy",,,,Non-standard
HLFC002,"Left hepatic lobectomy, by laparoscopy",,,,Non-standard
HLFA011,"Left hepatic lobectomy, by laparotomy",,,,Non-standard
HNFC028,"Left pancreatectomy with preservation of the spleen, by laparoscopy",,,,Non-standard
HNFA008,"Left pancreatectomy with preservation of the spleen, by laparotomy",,,,Non-standard
HNFA002,"Left pancreatectomy with preservation of the spleen, with pancreatojejunal or pancreaticojejunal anastomosis, by laparotomy",,,,Non-standard
HNFA010,"Left pancreatectomy with splenectomy [Left splenopancreatectomy] with pancreatojejunal or pancreatojejunal anastomosis, by laparotomy",,,,Non-standard
HNFC002,"Left pancreatectomy with splenectomy [Left splenopancreatectomy], by laparoscopy",,,,Non-standard
HNFA013,"Left pancreatectomy with splenectomy [Left splenopancreatectomy], by laparotomy",,,,Non-standard
NJAA004,"Lengthening and / or transfer of several tendons with capsulotomy for correction of defective knee posture, by direct approach",,,,Non-standard
NJAA002,"Lengthening and / or transfer of tendon without capsulotomy for correction of defective knee posture, by direct approach",,,,Non-standard
NJAA003,"Lengthening of a tendon in the hindfoot, by direct approach",,,,Non-standard
NJAA001,"Lengthening of several tendons of the hindfoot, by direct approach",,,,Non-standard
BAAA001,"Lengthening of the levator muscle of the upper eyelid and / or section of its deep lamina [M?ller's muscle], with the interposition of inert material or autograft",,,,Non-standard
BAAA002,"Lengthening of the levator muscle of the upper eyelid and / or section of its deep lamina [M?llerian muscle], without interposition of inert material or autograft",,,,Non-standard
JHAA005,Lengthening of the penis by corpora cavernosa plasty,,,,Non-standard
JHAA004,Lengthening of the penis by sectioning the suspensory ligament,,,,Non-standard
MJAA002,"Lengthening of the tendons and / or disinsertion of the flexor muscles of the hand or fingers, by direct approach",,,,Non-standard
MJAA001,"Lengthening of the tendons and / or extensor muscles of the hand or fingers, by direct approach",,,,Non-standard
HDAA002,Lengthening veloplasty with palatal flap,,,,Non-standard
02.04.04.01,Lens extraction,,,,Non-standard
YYYY002,Level 2 cardiology package,,,,Non-standard
YYYY015,Level A resuscitation package,,,,Non-standard
EDPA002,"Liberation of a digestive artery, by laparotomy",,,,Non-standard
AHPA028,"Liberation of digital nerve by direct approach, on a ray of the hand",,,,Non-standard
AHPA005,"Liberation of the brachial plexus with scalenotomy and cervical rib removal, by supraclavicular approach",,,,Non-standard
AHPA004,"Liberation of the brachial plexus with scalenotomy, by supraclavicular approach",,,,Non-standard
AHPA020,"Liberation of the brachial plexus, by infraclavicular approach",,,,Non-standard
AHPA006,"Liberation of the brachial plexus, by supraclavicular approach and by infraclavicular approach",,,,Non-standard
AHPA023,"Liberation of the radial nerve at the elbow, by direct approach",,,,Non-standard
AHPA027,"Liberation of the radial nerve in the arm, by direct approach",,,,Non-standard
QZEA034,"Lifting 1 to 5 scars, by direct approach",,,,Non-standard
QZEA009,"Lifting of 6 or more scars, by direct approach",,,,Non-standard
EJSA003,"Ligation of a deep vein of the lower limb, by direct approach",,,,Non-standard
EDSA001,"Ligation of a digestive artery, by laparotomy",,,,Non-standard
EESA001,"Ligation of an artery in the thigh or leg, by direct approach",,,,Non-standard
ECSA003,"Ligation of an artery of the upper limb, by direct approach",,,,Non-standard
EASA002,"Ligation of infratentorial intracranial vessel, by craniotomy",,,,Non-standard
EDSA002,"Ligation of internal iliac [hypogastric] arteries for postpartum hemorrhage, by laparotomy",,,,Non-standard
EDSA003,"Ligation of internal iliac arteries, by laparotomy",,,,Non-standard
EJSA001,"Ligation of several perforating leg veins, by direct approach",,,,Non-standard
ECSA002,"Ligation of the brachiocephalic arterial trunk, by thoracotomy",,,,Non-standard
EBSA003,"Ligation of the common carotid artery, by cervicotomy",,,,Non-standard
EBSA002,Ligation of the distal vertebral artery by cervicotomy,,,,Non-standard
DHSA002,"Ligation of the inferior vena cava and / or one of its visceral branches, by laparotomy",,,,Non-standard
EBSA006,"Ligation of the internal carotid artery, by cervicotomy",,,,Non-standard
EGSA002,"Ligation of the pampiniform plexus or testicular vein, by scrotal approach",,,,Non-standard
EJSC001,"Ligation of the perforating vein of the lower limb, by video surgery",,,,Non-standard
EBSA007,"Ligation of the proximal vertebral artery, by cervicotomy",,,,Non-standard
EBSA009,Ligation of the sphenopalatine artery and ethmoidal artery,,,,Non-standard
EBSA001,"Ligation of the sphenopalatine artery or the maxillary artery, by transnasal or transantral approach",,,,Non-standard
ECSA001,"Ligation of the subclavian artery, by cervicotomy",,,,Non-standard
EBSA010,"Ligation of the trunk or branch of the external carotid artery, by cervicotomy",,,,Non-standard
HPSA001,"Ligation of the vaginal process of the peritoneum [peritoneovaginal canal], by inguinal approach",,,,Non-standard
HPSC001,"Ligation of the vaginal process of the peritoneum [peritoneovaginal canal], by laparoscopy",,,,Non-standard
ELSA002,"Ligation of the vascular pedicles of the uterus for postpartum hemorrhage, by laparotomy",,,,Non-standard
ELSC001,"Ligation or section of the testicular [spermatic] pedicle for cryptorchidism, by laparoscopy",,,,Non-standard
08.04.01.02,Ligature and section of the fallopian tube,,,,Non-standard
FCSA002,"Ligature of the thoracic duct, by cervicotomy",,,,Non-standard
08.03.02.07,Ligature of the vas deferens,,,,Non-standard
ELSA001,"Ligature or section of the testicular [spermatic] pedicle for cryptorchidism, by laparotomy",,,,Non-standard
BDRP027,Light curing of the cornea [crosslinking],,,,Non-standard
HBMD001,Lightening of depulpated tooth,,,,Non-standard
HBMD005,Lightening of pulped teeth,,,,Non-standard
15.03.07,Limb amputation stump repair,,,,Non-standard
HABA001,"Lip binding by tendon or fascia graft and / or suspension of the lip commissure, for palliative treatment of facial paralysis",,,,Non-standard
HAHA002,Lip biopsy,,,,Non-standard
HAMA030,Lip commissuroplasty,,,,Non-standard
HAFA011,Lip cyst removal,,,,Non-standard
HAFA030,"Lip resection, for palliative treatment of facial paralysis",,,,Non-standard
HAFA028,Lip scar resection,,,,Non-standard
HAMA012,"Lip symmetrization mucocutaneous plasty for sequelae of a cleft lip, maxillo-palate",,,,Non-standard
07.02.01.01,Lip wound trimming and suturing,,,,Non-standard
16.03.14,Liposuction,,,,Non-standard
QDJB001,Liposuction of infratrochanteric regions,,,,Non-standard
QBJB001,Liposuction of the abdomen,,,,Non-standard
QDJB002,Liposuction of the medial aspect of the knees,,,,Non-standard
QZJB003,"Liposuction outside the inframental, abdominal or infratrochanteric regions or knees",,,,Non-standard
17.02.01.02,Liquid phase cytopathological examination [monolayer technique],,,,Non-standard
HMNJ002,"Lithotripsy of the bile ducts by shock waves, by cholangioscopy through a transcutaneous drain already in place",,,,Non-standard
HMNE002,"Lithotripsy of the bile ducts by shock waves, by retrograde cholangioscopy",,,,Non-standard
HMNJ003,"Lithotripsy of the bile ducts by shock waves, by transcutaneous cholangioscopy",,,,Non-standard
HCNM900,Lithotripsy of the parotid gland,,,,Non-standard
HLHJ005,"Liver biopsy on multiple targets, transcutaneously with ultrasound guidance",,,,Non-standard
07.01.11.01,Liver puncture and biopsy,,,,Non-standard
07.04.14,Liver removal and transplantation,,,,Non-standard
EPPP003,Local clearing of a venous catheter for extracorporeal circulation,,,,Non-standard
EZPP002,Local clearing of an arteriovenous limb bypass device,,,,Non-standard
QZRP005,Localized balneopuvatherapy session,,,,Non-standard
AAQN002,Localized Brain Proton Magnetic Resonance Spectroscopy,,,,Non-standard
HENE494,"Localized destruction of the esophageal mucosa by radiofrequency, by eso-gastro-duodenoscopy",,,,Non-standard
ZZLF004,"Locoregional administration of anticancer pharmacological agent by arterial route, with SCC, with hyperthermia",,,,Non-standard
AAQP006,"Long duration electroencephalography of 1 to 4 hours in 8 leads or more, with video recording",,,,Non-standard
AAQP010,"Long duration electroencephalography of more than 4 hours in 8 leads or more, with video recording",,,,Non-standard
AZQP001,Long-term actimetry,,,,Non-standard
AFLB017,Long-term epidural [epidural] administration of pharmacological agent,,,,Non-standard
GGLB009,Long-term intrapleural administration of pharmacological agent,,,,Non-standard
AFLB016,Long-term intrathecal or spinal intrathecal administration of pharmacological agent,,,,Non-standard
HFFC018,"Longitudinal gastrectomy [Sleeve gastrectomy] for morbid obesity, by laparoscopy",,,,Non-standard
HFFA011,"Longitudinal gastrectomy [Sleeve gastrectomy] for morbid obesity, by laparotomy",,,,Non-standard
JLFD002,Longitudinal septum resection of the vagina,,,,Non-standard
JCFA005,"Longitudinal shaping resection of a mega-ureter with ureterovesical reimplantation and antireflux mounting, by direct approach",,,,Non-standard
ZZNL009,"Low dose rate deep interstitial brachytherapy without a source projector, with three-dimensional dosimetry after acquisition of anatomical data by computed tomography and / or remnography [MRI]",,,,Non-standard
ZZNL005,"Low dose rate deep interstitial brachytherapy without a source projector, with two-dimensional dosimetry after acquisition of anatomical data by radiographic radiographic images of spatial identification",,,,Non-standard
ZZNL012,"Low dose rate interstitial brachytherapy without a source projector after vector delivery during surgery, with in-plane dosimetry",,,,Non-standard
ZZNL013,"Low dose rate interstitial brachytherapy without a source projector after vector placement during surgery, with two-dimensional dosimetry after acquisition of anatomical data by radiographic spatial identification images",,,,Non-standard
ZZNL017,"Low dose rate interstitial brachytherapy without source projector after vector placement during surgery, with three-dimensional dosimetry after acquisition of anatomical data by CT scan and / or remnography [MRI]",,,,Non-standard
ZZNL010,Low Dose Rate Intraluminal Brachytherapy with Source Projector,,,,Non-standard
ZZNL007,Low dose rate intraluminal brachytherapy without a source projector,,,,Non-standard
JKNL004,"Low dose rate uterovaginal intracavitary brachytherapy with source projector, with two-dimensional dosimetry after acquisition of anatomical data by radiographic radiographic images of spatial identification",,,,Non-standard
JKNL005,"Low dose rate uterovaginal intracavitary brachytherapy without source projector, with three-dimensional dosimetry after acquisition of anatomical data by CT scan and / or remnography [MRI]",,,,Non-standard
JLNL003,"Low dose rate vaginal intracavitary brachytherapy with source projector, with two-dimensional dosimetry after acquisition of anatomical data by radiographic images for spatial identification",,,,Non-standard
JLNL005,"Low dose rate vaginal intracavitary brachytherapy without source projector, with two-dimensional dosimetry after acquisition of anatomical data by radiographic radiographic images of spatial identification",,,,Non-standard
ZZNL001,"Low dose superficial interstitial brachytherapy without source projector, with in-plane dosimetry",,,,Non-standard
JKNL001,"Low dose uterovaginal intracavitary brachytherapy with source projector, with three-dimensional dosimetry after acquisition of anatomical data by CT scan and / or remnography [MRI]",,,,Non-standard
JLNL004,"Low dose vaginal intracavitary brachytherapy with source projector, with dosimetry in one plane",,,,Non-standard
JLNL001,"Low dose vaginal intracavitary brachytherapy without source projector, with dosimetry in one plane",,,,Non-standard
DERF001,"Low energy cardiac electric shock, transcutaneously vascular",,,,Non-standard
04.03.15.05,Lower limb arterial prosthesis removal,,,,Non-standard
04.03.15.04,Lower limb artery bypass,,,,Non-standard
04.03.15.03,Lower limb artery clearing,,,,Non-standard
04.03.15.06,Lower limb artery occlusion,,,,Non-standard
EEFA004,"Lower limb artery thrombectomy, by inguinofemoral approach",,,,Non-standard
EEFA002,"Lower limb artery thrombectomy, by popliteal approach",,,,Non-standard
04.03.15.01,Lower limb artery wound suture,,,,Non-standard
EECA009,"Lower limb artery wound suture, by direct approach",,,,Non-standard
04.04.03.04,Lower limb vein bypass,,,,Non-standard
04.04.03.03,Lower limb vein disobstruction,,,,Non-standard
04.04.03.08,Lower limb vein occlusion,,,,Non-standard
EJNF002,"Lower limb vein occlusion session, by intravenous transcutaneous injection of sclerosing product without guidance",,,,Non-standard
04.04.03.01,Lower limb vein suture,,,,Non-standard
LBFA024,Lower maxillectomy,,,,Non-standard
HFFC012,"Lower partial gastrectomy with gastroduodenal anastomosis, by laparoscopy",,,,Non-standard
HFFA002,"Lower partial gastrectomy with gastroduodenal anastomosis, by laparotomy",,,,Non-standard
HFFC002,"Lower partial gastrectomy with gastrojejunal anastomosis, by laparoscopy",,,,Non-standard
HFFA006,"Lower partial gastrectomy with gastrojejunal anastomosis, by laparotomy",,,,Non-standard
LBPA027,"Lower total maxillary preimplant or preprosthetic osteotomy with interposition, by intraoral approach",,,,Non-standard
JHEA001,"Lowering and fixation of a non-palpable ectopic testicle, by inguinal approach and scrotal approach",,,,Non-standard
JHEA004,"Lowering and fixation of a non-palpable ectopic testis, by laparoscopy and inguinoscrotal approach",,,,Non-standard
JHEA002,"Lowering and fixation of a palpable ectopic testis, by inguinal approach and scrotal approach",,,,Non-standard
HJEA003,"Lowering of the rectum for high anorectal malformation, by laparotomy and perineal approach",,,,Non-standard
HJEA004,"Lowering of the rectum for high or intermediate anorectal malformation, by median perineal approach",,,,Non-standard
HJEA002,"Lowering of the rectum for high or intermediate anorectal malformation, by transsacrococcygeal approach [of Kraske] and by perineal approach",,,,Non-standard
HJEA001,"Lowering of the rectum with cervicocystoplasty, urethroplasty and vaginoplasty for upper anorectal malformation, by laparotomy and perineal approach",,,,Non-standard
LFEP002,Lumbar spine stretching session by traction on table,,,,Non-standard
12.02.01.06,Lumbar spondylolisthesis arthrodesis,,,,Non-standard
AJFC001,"Lumbar sympathectomy, by laparoscopy or by retroperitoneoscopy",,,,Non-standard
AJFA001,"Lumbar sympathectomy, by laparotomy",,,,Non-standard
JCGE006,"Lumbar ureter stone removal and / or fragmentation, by retrograde ureteroscopy",,,,Non-standard
JCGA002,"Lumbar ureter stone removal, by direct approach",,,,Non-standard
JCGC003,"Lumbar ureter stone removal, by laparoscopy or retroperitoneoscopy",,,,Non-standard
JCNF001,"Lumbar ureter tumor destruction, transcutaneously",,,,Non-standard
JCFE001,Lumbar ureteral tumor resection by retrograde ureteroscopy,,,,Non-standard
JCFD001,"Lumbar ureteral tumor resection, by a nephrostomy already in place",,,,Non-standard
JCFF001,"Lumbar ureteral tumor resection, transcutaneously",,,,Non-standard
FCFA022,Lumboaortic lymphonodal [lymph node] dissection with unilateral or bilateral iliac dissection by laparotomy,,,,Non-standard
FCFC004,"Lumboaortic lymphonodal [lymph node] dissection with unilateral or bilateral iliac dissection, by laparoscopy or by retroperitoneoscopy",,,,Non-standard
JCFA002,"Lumboiliac segmental ureterectomy with restoration of ureteral continuity, by direct approach",,,,Non-standard
FCFC005,"Lumboortic lymphonodal [lymph node] dissection, by laparoscopy or retroperitoneoscopy",,,,Non-standard
FCFA010,"Lumboortic lymphonodal [lymph node] dissection, by laparotomy",,,,Non-standard
AFCA002,"Lumboperitoneal shunt of spinal subarachnoid cerebrospinal fluid, by direct approach",,,,Non-standard
01.05.06.04,Lumbosacral plexus and lower extremity nerve release,,,,Non-standard
AHLH016,"Lumbosacral plexus anesthetic infiltration with diagnostic and prognostic evaluation, with radiological guidance",,,,Non-standard
AHLH019,"Lumbosacral plexus continuous anesthetic block, with CT guidance",,,,Non-standard
AHLB013,"Lumbosacral plexus continuous anesthetic block, without guidance",,,,Non-standard
DFGA001,"Lung cerclage removal, by thoracotomy with CEC",,,,Non-standard
DFGA003,"Lung cerclage removal, by thoracotomy without CEC",,,,Non-standard
DAAA002,"Lung infundibulum enlargement plasty with section of the pulmonary ring, by thoracotomy with CEC",,,,Non-standard
DAAA003,"Lung infundibulum enlargement plasty, by thoracotomy with CEC",,,,Non-standard
GFEA002,"Lung lobe transplantation, by thoracotomy with CEC",,,,Non-standard
GFEA005,"Lung lobe transplantation, by thoracotomy without CEC",,,,Non-standard
GGPA002,Lung release [Pneumolysis] for pleural symphysis,,,,Non-standard
GFFA020,"Lung sampling during a multiorgan sample, on a subject in a state of brain death",,,,Non-standard
06.03.05,Lung transplant,,,,Non-standard
GFEA003,"Lung transplantation, by thoracotomy without CEC",,,,Non-standard
GFBA004,"Lung volume reduction, by thoracoscopy or by thoracotomy with thoracoscopic preparation",,,,Non-standard
FCFA012,"Lymph node [lymph node] excision for diagnostic purposes, by cervicotomy",,,,Non-standard
FCFA021,"Lymph node [lymph node] excision of the limbs for diagnostic purposes, by direct approach",,,,Non-standard
FCFC002,"Lymph node [lymph node] excision of the mediastinum, by thoracoscopy or mediastinoscopy",,,,Non-standard
FCQX028,Lymph node biopsy histopathologic examination,,,,Non-standard
05.01.06.01,Lymph node puncture,,,,Non-standard
FCHB001,"Lymph node puncture or fine needle aspiration, transcutaneously without guidance",,,,Non-standard
FCNH001,"Lymphatic malformation sclerosis, by intralesional transcutaneous injection of pharmacological agent with ultrasound and / or radiological guidance",,,,Non-standard
FCFA018,"Lymphatic node [lymph node] excision for therapeutic purposes, by direct approach",,,,Non-standard
FCQH002,Lymphography of the lower limbs,,,,Non-standard
FCQH001,Lymphography of the upper limb,,,,Non-standard
FCCA001,"Lympholymphatic or lymphovenous bypass of a limb, by direct approach",,,,Non-standard
FCFA017,"Lymphonodal dissection of the hilum of the lung and mediastinum, during pleuropulmonary surgery",,,,Non-standard
FCQL001,Lymphoscintigraphy,,,,Non-standard
HZHE005,"Macrobiopsy of the lining of the digestive tract, during diagnostic endoscopy",,,,Non-standard
QEHH002,"Macrobiopsy under vacuum of lesion of the mammary gland on a dedicated table, by the transcutaneous route with mammographic guidance",,,,Non-standard
QEHH015,"Macrobiopsy under vacuum of lesion of the mammary gland on accessory system, by the transcutaneous route with mammographic guidance",,,,Non-standard
AHQB006,"Macroelectromyography, by needle electrode",,,,Non-standard
01.01.07,Magnetic resonance spectroscopy of the nervous system [MRS],,,,Non-standard
HMGE002,"Main bile duct stone ablation, by eso-gastro-duodenoscopy",,,,Non-standard
HMGH001,"Main bile duct stone ablation, by eso-gastro-duodenoscopy and transcutaneously with ultrasound and / or radiological guidance",,,,Non-standard
HGFA014,Major duodenal papilla resection by laparotomy,,,,Non-standard
HGFE005,"Major duodenal papilla resection, by eso-gastro-duodenoscopy",,,,Non-standard
HCHA001,Major salivary gland biopsy [main],,,,Non-standard
JMFA001,Major vestibular gland excision [Bartholin's],,,,Non-standard
MHMP002,Making a 2-finger static orthosis,,,,Non-standard
ZDMP004,Making a brachioantibrachial articulated orthosis,,,,Non-standard
MHMP004,Making a dynamic orthosis of a finger with a motor element,,,,Non-standard
ZAMP001,Making a face cast,,,,Non-standard
NGMP001,"Making a flexible ankle and / or foot restraint, or making a plaster sole",,,,Non-standard
MZMP001,Making a flexible compression of an upper limb joint,,,,Non-standard
NFMP001,Making a flexible knee restraint,,,,Non-standard
NFMP002,Making a knee posture or mobilization splint,,,,Non-standard
ZDMP002,Making a non-articulated brachioantibrachial orthosis,,,,Non-standard
ZEMP007,Making a non-articulated femorocrural orthosis [femoro-leg],,,,Non-standard
ZEMP004,Making a plantar orthosis,,,,Non-standard
NGMP002,Making a posture or ankle mobilization splint,,,,Non-standard
MFMP001,Making a posture or elbow mobilization splint,,,,Non-standard
MGMP001,Making a posture or mobilization splint for the wrist and / or hand,,,,Non-standard
MEMP001,Making a posture or shoulder mobilization splint,,,,Non-standard
QZMP002,Making a pressotherapy conformator for a vicious scar and / or keloid,,,,Non-standard
MZMP006,"Making a rigid device for immobilizing the forearm, wrist and / or hand that does not take the elbow",,,,Non-standard
NZMP003,"Making a rigid device for immobilizing the leg, ankle and / or foot that does not take the knee",,,,Non-standard
LEMP001,Making a rigid device for immobilizing the thoracic and lumbar spine,,,,Non-standard
MZMP011,Making a rigid device for immobilizing the upper limb taking the elbow,,,,Non-standard
JHMA006,Making a spermatocele,,,,Non-standard
ZDMP001,Making a static antebrachiophalangeal orthosis,,,,Non-standard
ZDMP016,Making a static carpometacarpal and / or metacarpophalangeal orthosis,,,,Non-standard
MHMP007,Making a static finger orthosis,,,,Non-standard
MHMP003,Making a static orthosis of 3 or more fingers,,,,Non-standard
13.05.02,Making an orthosis for the upper limb,,,,Non-standard
ZEMP008,Making an orthosis to correct a deformity and / or protect the toes,,,,Non-standard
ZEMP006,Making of a cruropedious articulated orthosis [leg],,,,Non-standard
ZEMP009,Making of a rigid bifemorocrural [bifemorojam] or bifemoropedial rigid immobilization device,,,,Non-standard
NZMP014,"Making of a rigid cruropedial [leg] apparatus for initial immobilization of a fracture of the lower limb, without reduction",,,,Non-standard
ZEMP002,"Making of a rigid pelvibifemoral, pelvibicrural [pelvibijambier] or pelvibipedal immobilization device",,,,Non-standard
NZMP012,Making of a rigid pelvicrural [pelvic leg] or pelvipedal apparatus for immobilization of the lower limb,,,,Non-standard
NZMP008,"Making of a rigid pelvicrural [pelvic leg] or pelvipedal apparatus for initial immobilization of fracture of the lower limb, without reduction",,,,Non-standard
MZMP015,Making of a rigid thoracobrachial device for immobilizing the upper limb,,,,Non-standard
12.02.03.02,Making of a spinal column restraint,,,,Non-standard
ZEMP001,Making of an articulated femorocrural orthosis [femoro-leg],,,,Non-standard
HKFA007,Malignant tumor resection of the anal canal and / or anus,,,,Non-standard
QEHB002,"Mammary gland lesion biopsy, transcutaneously without guidance",,,,Non-standard
11.02.04.04,Mandible osteotomy,,,,Non-standard
LBPA025,"Mandible osteotomy for callus, by direct approach",,,,Non-standard
LBMA006,"Mandibular condyloplasty, by arthrotomy",,,,Non-standard
LBFA025,"Mandibular coronoidectomy, by intraoral approach",,,,Non-standard
HDFA019,Mandibulotomy oropharyngectomy,,,,Non-standard
HDFA007,Mandibulotomy oropharyngectomy with total pharyngolaryngectomy,,,,Non-standard
NHRP003,"Manipulation of equine varus club foot or convex foot, with construction of a rigid external progressive reduction device",,,,Non-standard
NHRP001,"Manipulation of the foot for congenital deformity, with construction of a rigid external progressive reduction device",,,,Non-standard
BFGA002,"Manual extracapsular lens extraction, with artificial lens implantation in the posterior chamber of the eye",,,,Non-standard
BFGA003,"Manual extracapsular lens extraction, without artificial lens implantation",,,,Non-standard
JPGD001,Manual extraction of the complete placenta,,,,Non-standard
BLQP004,"Manual or automated campimetry or perimetry, with specific threshold measurement programs",,,,Non-standard
BLQP002,"Manual or automated campimetry or perimetry, without specific threshold measurement program",,,,Non-standard
JHEP001,Manual reduction of paraphimosis,,,,Non-standard
JNED001,Manual reduction of uterine inversion,,,,Non-standard
LHRP001,Manual spine medicine session,,,,Non-standard
JHEP002,Manual untwisting of the spermatic cord,,,,Non-standard
GLLD016,"Manual ventilation of a newborn at birth, using a face mask, with intravenous administration of pharmacological agent and / or solution",,,,Non-standard
GLLD018,"Manual ventilation of a newborn at birth, with a face mask",,,,Non-standard
ZZMP004,Manufacture of a custom applicator for brachytherapy,,,,Non-standard
ZEMP003,Manufacture of a non-articulated cruropedial orthosis [leg],,,,Non-standard
MZMP002,"Manufacture of a rigid thoracobrachial device for initial immobilization of upper limb fracture, without reduction",,,,Non-standard
14.05.02,Manufacture of orthosis for the lower limb,,,,Non-standard
ZZMP003,Manufacture of personalized lead protection for brachytherapy,,,,Non-standard
HAPA004,Marsupialization of a cyst in the floor of the mouth,,,,Non-standard
GBPE002,"Marsupialization of mucocele of ethmoid sinus and / or frontal sinus, by endoscopy",,,,Non-standard
LAFA014,Mastoidectomy or total atticomastoidectomy,,,,Non-standard
16.06.06,Mastopexy,,,,Non-standard
LBPA017,"Maxillary elevation osteotomy without mobilization of the palate, by intraoral approach",,,,Non-standard
LBPA028,"Maxillary Le Fort I osteotomy for sequelae of an orofacial cleft, by intraoral approach",,,,Non-standard
11.02.03.05,Maxillary osteotomy,,,,Non-standard
LBPA035,"Maxillary osteotomy type Le Fort I segmented into 2 fragments, by intraoral approach",,,,Non-standard
LBPA006,"Maxillary osteotomy type Le Fort I segmented into 3 or more fragments, by intraoral approach",,,,Non-standard
LBPA029,"Maxillary osteotomy type Le Fort I unsegmented with projection, by intraoral approach",,,,Non-standard
LBPA015,"Maxillary osteotomy type Le Fort I unsegmented with recoil or vertical displacement, by intraoral approach",,,,Non-standard
GBQA002,"Maxillary sinusoscopy, via the inferior meatus and / or the canine fossa approach [vestibular approach]",,,,Non-standard
GBPA001,"Maxillary sinusotomy by approach to the canine fossa [vestibular approach], with ethmoidal and / or sphenoidal sinusotomy",,,,Non-standard
GBPA004,"Maxillary sinusotomy, by approaching the canine fossa [vestibular approach]",,,,Non-standard
GBPA002,"Maxillary sinusotomy, via the canine fossa [vestibular approach] and via the middle meatus",,,,Non-standard
11.02.03.07,Maxillectomy,,,,Non-standard
11.05.01,Maxillofacial orthopedic devices,,,,Non-standard
LBDD001,"Maxillomandibular blockage with removal of osteosynthesis material, for treatment of mandibular pseudarthrosis",,,,Non-standard
LACB001,"Maxillonasal fracture osteosynthesis, closed focus",,,,Non-standard
LBPA038,"Maxillonasal osteotomy type Le Fort II, by direct approach",,,,Non-standard
LBPA010,"Maxillozygomatic osteotomy without mobilization of the nasal pyramid, by direct approach",,,,Non-standard
JVQP005,Maximum glucose transfer [Tm] study,,,,Non-standard
EQQF003,"Measurement and recording of pulmonary and systemic intravascular pressures and arteriovenous differences in arterial oxygen content, at baseline and after administration of a vasodilator pharmacological agent, by the transcutaneous vascular route",,,,Non-standard
EQQH002,"Measurement and recording of the pressures of the left heart and of the aorta, with injection of contrast product, by the transcutaneous arterial route",,,,Non-standard
EQQF002,"Measurement and recording of the pressures of the left heart and the aorta, without injection of contrast product, by the transcutaneous arterial route",,,,Non-standard
EQQH001,"Measurement and recording of the pressures of the right heart and the pulmonary artery, with injection of contrast product, by the transcutaneous venous route",,,,Non-standard
EQQF006,"Measurement and recording of the pressures of the right heart and the pulmonary artery, without injection of contrast product, by the transcutaneous venous route",,,,Non-standard
EQQH006,"Measurement and recording of the pressures of the right heart, pulmonary artery and left heart, with injection of contrast product, by the transcutaneous venous route and by the transcutaneous arterial route or catheterization of the foramen ovale, at...",,,,Non-standard
EQQH005,"Measurement and recording of the pressures of the right heart, the pulmonary artery and the left heart, with injection of contrast product, by the transcutaneous venous route and by the transcutaneous arterial route or catheterization of the foramen ov...",,,,Non-standard
EQQH004,"Measurement and recording of the pressures of the right heart, the pulmonary artery and the left heart, with injection of contrast product, by the transcutaneous venous route with perforation of the interatrial septum",,,,Non-standard
EQQF001,"Measurement and recording of the pressures of the right heart, the pulmonary artery and the left heart, without injection of contrast product, by the transcutaneous venous route and by the transcutaneous arterial route or catheterization of the foramen...",,,,Non-standard
EQQF004,"Measurement and recording of the pressures of the right heart, the pulmonary artery and the left heart, without injection of contrast product, by the transcutaneous venous route with perforation of the interatrial septum",,,,Non-standard
GLQP016,Measurement of airway or respiratory system resistance by interrupting flow rates or forced oscillations,,,,Non-standard
EQQP009,Measurement of arterial pulsatility by electromagnetic flowmetry or by impedance [irrigraphy],,,,Non-standard
EZQL002,Measurement of capillary permeability by radioisotope method,,,,Non-standard
YYYY076,"Measurement of carbon monoxide transfer, in steady state, apnea, single inspiration or rebreathing",,,,Non-standard
YYYY089,"Measurement of carbon monoxide transfer, in steady state, in apnea, in single inspiration or in rebreathing, with exercise test",,,,Non-standard
BLQP015,Measurement of central visual function and scotometry by laser scanning ophthalmoscope,,,,Non-standard
DDQF202,Measurement of coronary reserve flow [FFR] during coronary arteriography,,,,Non-standard
EQQP007,Measurement of digital intra-arterial pressure by hand and / or foot,,,,Non-standard
AHQD003,"Measurement of distal latencies of the pudendal nerve [shameful nerve], by intrarectal stimulation",,,,Non-standard
GLQP003,Measurement of forced exhalation [Flow-volume curve] with recording,,,,Non-standard
AHQP016,Measurement of H and / or T reflexes,,,,Non-standard
KGQP003,Measurement of insulin secretion with intravenous administration of glucose,,,,Non-standard
KGQP002,"Measurement of insulin sensitivity with intravenous administration of glucose and insulin, with measurement of hepatic glucose production",,,,Non-standard
KGQP005,"Measurement of insulin sensitivity with intravenous administration of glucose and insulin, without measurement of hepatic glucose production",,,,Non-standard
BHQB001,"Measurement of intraocular pressure [tension] [Intraocular tonometry], under general anesthesia",,,,Non-standard
JVQP009,Measurement of intraperitoneal pressure through the extension of the peritoneal dialysis catheter,,,,Non-standard
AHQB019,Measurement of latencies of sacral reflexes,,,,Non-standard
HLQM002,Measurement of liver elasticity by ultrasonic pulse elastography,,,,Non-standard
GLQD007,Measurement of lung capillary volume by measurements of lung transfer capacity,,,,Non-standard
GLQD003,"Measurement of lung volumes that cannot be mobilized by dilution or rinsing of an indicator gas, during a functional respiratory test",,,,Non-standard
GLQP014,Measurement of maximum expiratory flow by compression technique,,,,Non-standard
GLQP011,Measurement of mobilizable and non-mobilizable lung volumes by plethysmography,,,,Non-standard
AHQP003,"Measurement of motor conduction speeds and amplitude of muscle responses of 2 to 4 nerves, without study of proximal conduction",,,,Non-standard
AHQP008,"Measurement of motor conduction speeds and the amplitude of muscle responses of 2 to 4 nerves, with study of proximal conduction on at least 2 nerves",,,,Non-standard
AHQP009,"Measurement of motor conduction velocities and amplitude of muscle responses of 5 or more nerves, with study of proximal conduction on at least 4 nerves",,,,Non-standard
AHQP010,"Measurement of motor conduction velocities and amplitude of muscle responses of 5 or more nerves, without studying proximal conduction",,,,Non-standard
04.01.02.02,Measurement of peripheral intravascular pressures by non-invasive method,,,,Non-standard
04.01.02.03,Measurement of peripheral intravascular pressures by vascular route,,,,Non-standard
JVQP002,Measurement of peritoneal clearances by collecting dialysate over 24 hours,,,,Non-standard
KGQL004,Measurement of plasma radioisotope clearance,,,,Non-standard
BLQP011,Measurement of potential visual acuity by laser interferometry,,,,Non-standard
GFQP001,Measurement of pulmonary compliance [elasticity],,,,Non-standard
KGQL001,Measurement of radioisotopic clearance in plasma and urine,,,,Non-standard
KGQP001,Measurement of respiratory hydrogen production [Breath test],,,,Non-standard
ZZQL008,Measurement of respiratory stable isotope production,,,,Non-standard
AHQP013,Measurement of sensory conduction speeds of the dorsal nerve of the penis,,,,Non-standard
AHQP011,Measurement of sensory conduction velocities and sensory potential amplitude of 2 to 4 nerves,,,,Non-standard
AHQP012,Measurement of sensory conduction velocities and sensory potential amplitude of 5 or more nerves,,,,Non-standard
GLQP008,"Measurement of slow vital capacity and forced expiration, with arterial blood gas measurement [Standard spirometry with blood gas]",,,,Non-standard
GLQP002,"Measurement of slow vital capacity and forced expiration, with measurement of lung volumes that can be mobilized and not mobilized by plethysmography",,,,Non-standard
GLQP012,"Measurement of slow vital capacity and forced expiration, with recording [Standard spirometry]",,,,Non-standard
PEQP003,"Measurement of strength, work and muscle power of 1 or 2 joints, by computerized and motorized dynamometer",,,,Non-standard
AJQP001,Measurement of sympathetic skin responses by surface electrode,,,,Non-standard
GLQD004,Measurement of the alveolar arterial difference of partial oxygen pressures by analysis of expired gases and blood gases,,,,Non-standard
EQQM006,"Measurement of the intra-arterial pressure of a limb at at least 3 points, by transcutaneous Doppler or plethysmography",,,,Non-standard
JQQJ037,"Measurement of the length of the cervical canal of the cervix, by vaginal ultrasound",,,,Non-standard
AHQP900,Measurement of the nociceptive reflex R III,,,,Non-standard
GAQD003,Measurement of the potential difference of the nasal mucous membranes,,,,Non-standard
04.01.02.01,Measurement of the pressures and flows of the heart and supracardiac vessels,,,,Non-standard
GLQD001,"Measurement of the pulmonary transfer capacity of carbon monoxide [TLCO] or another gas in apnea or in a stable state, during a respiratory function test",,,,Non-standard
GLQP006,Measurement of the response to carbon dioxide [CO2] by establishing a ventilatory response / CO2 concentration curve,,,,Non-standard
JHQB001,Measurement of the rigidity of the penis with injection of vasoactive product,,,,Non-standard
ADQP014,Measurement of the trigeminopalpebral reflex [blink reflex] and / or the masseter reflex,,,,Non-standard
NJQP001,Measurement of the volume of the foot and / or the leg by water displacement or optoelectronic method,,,,Non-standard
GLQD002,"Measurement of thoracopulmonary [elasticity] compliances with measurement of esophageal pressure, before the age of 3",,,,Non-standard
LLQD001,"Measurement of transdiaphragmatic pressure by double balloon, by esophageal route",,,,Non-standard
BLQP003,"Measurement of visual acuity, by study of contrast sensitivity",,,,Non-standard
BLQP005,Measurement of visual adaptation to darkness with adaptation curve,,,,Non-standard
GLQP009,Measurement of vital capacity and tidal volume by inductance plethysmography,,,,Non-standard
EQQP001,Measurement of walking distance on a treadmill or by electromagnetic recording,,,,Non-standard
EQQM004,"Measurement of walking distance on a treadmill or by electromagnetic recording, with measurements of residual ankle systolic pressure and recovery time [Strandness test] by continuous transcutaneous Doppler or plethysmography",,,,Non-standard
EQQP003,"Measurement of walking distance on flat ground in 6 minutes, with monitoring of oxygen saturation by transcutaneous measurement",,,,Non-standard
EQQP002,"Measurement of walking distance on flat ground in 6 minutes, with monitoring of oxygen saturation by transcutaneous measurement and measurement of useful oxygen flow",,,,Non-standard
JEMA011,"Meatoplasty of the urethra by direct approach, in boys",,,,Non-standard
JEMA013,"Meatoplasty of the urethra by direct approach, in girls",,,,Non-standard
JEMA016,"Meatoplasty of the urethra with preputial or skin flap, in adults",,,,Non-standard
BDNP003,Mechanical abrasion of the corneal epithelium with laser,,,,Non-standard
BDNP002,Mechanical abrasion of the corneal epithelium without laser,,,,Non-standard
04.07.02,Mechanical circulatory assistance,,,,Non-standard
EZPF003,"Mechanical clearing of arteriovenous vascular access with intraluminal dilation and stent grafting, by transcutaneous vascular route",,,,Non-standard
16.03.05,Mechanical debridement of trophic ulceration of the skin and soft tissues,,,,Non-standard
QZJP003,"Mechanical debridement session of trophic ulceration of the skin and soft tissues over 30 cm? to 200 cm?, under general or locoregional anesthesia",,,,Non-standard
QZJP001,"Mechanical debridement session of trophic ulceration of the skin and soft tissues over less than 30 cm?, under general or locoregional anesthesia",,,,Non-standard
QZJP002,"Mechanical debridement session of trophic ulceration of the skin and soft tissues over more than 200 cm?, under general or locoregional anesthesia",,,,Non-standard
GENE008,"Mechanical destruction of lesion of the tracheobronchial tree, by fibroscopy",,,,Non-standard
GENE001,"Mechanical destruction of lesion of the tracheobronchial tree, by rigid tube bronchoscopy",,,,Non-standard
EZPF004,"Mechanical disobstruction of arteriovenous vascular access with intraluminal dilation without stent placement, by transcutaneous vascular route",,,,Non-standard
GLLD008,"Mechanical intratracheal ventilation with positive expiratory pressure [PEEP] greater than 6 and / or FiO2 greater than 60%, per 24 hours",,,,Non-standard
GLLD015,"Mechanical intratracheal ventilation with positive expiratory pressure [PEEP] less than or equal to 6 and FiO2 less than or equal to 60%, per 24 hours",,,,Non-standard
GLLD004,"Mechanical intratracheal ventilation with positive expiratory pressure [PEP] greater than 6 and / or FiO2 greater than 60%, with prone decubitus technique alternated by 24 hours",,,,Non-standard
HMNE001,"Mechanical lithotripsy of the bile ducts, by eso-gastro-duodenoscopy",,,,Non-standard
DHNF003,"Mechanical thrombolysis or thromboaspiration of the inferior vena cava, via the transcutaneous venous route",,,,Non-standard
DFNF002,"Mechanical thrombolysis or thromboaspiration of the pulmonary artery, via the transcutaneous venous route",,,,Non-standard
DHNF001,"Mechanical thrombolysis or thromboaspiration of the superior vena cava, via the transcutaneous venous route",,,,Non-standard
GLLD007,"Mechanical ventilation with separate lungs, per 24 hours",,,,Non-standard
BADA005,Medial canthopexy for congenital dystopia,,,,Non-standard
BADA001,Medial canthopexy for traumatic dystopia,,,,Non-standard
BAMA002,Medial canthoplasty with restoration of continuity of the tear ducts,,,,Non-standard
BAMA020,Medial canthoplasty without reestablishing the continuity of the tear ducts,,,,Non-standard
GDEA001,"Medialization of the vocal fold [vocal cord], by cervicotomy",,,,Non-standard
JMPA004,Median perineotomy with perineal skin flap,,,,Non-standard
JMPA002,"Median perineotomy without perineal skin flap, to widen the opening of the vagina",,,,Non-standard
GHFA003,"Mediastinal tumor resection with resection of nearby organ and / or structure, by thoracotomy",,,,Non-standard
GHFA001,"Mediastinal tumor resection, by cervicotomy",,,,Non-standard
GHFA004,"Mediastinal tumor resection, by thoracotomy",,,,Non-standard
GHFA002,"Mediastinal tumor resection, by thoracotomy with thoracoscopic preparation",,,,Non-standard
09.02,MEDICAL ASSISTANCE FOR PROCREATION,,,,Non-standard
JQQX002,Medical autopsy of 2 fetuses,,,,Non-standard
JQQX004,Medical autopsy of 3 or more fetuses,,,,Non-standard
JQQX003,"Medical autopsy of a fetus or newborn baby less than 4 days old, with examination of the brain",,,,Non-standard
JQQX005,"Medical autopsy of a fetus or newborn baby less than 4 days old, without examining the brain",,,,Non-standard
YYYY117,"Medical conditioning and monitoring of a newborn for medical transfer to a specialized center, with preparation of a report",,,,Non-standard
ZZQP001,Medical monitoring of intra-hospital transport of an unventilated patient,,,,Non-standard
ZZQP003,Medical monitoring of the intra-hospital transport of a ventilated patient,,,,Non-standard
ATM,Medical technical act,,,,Non-standard
19.01.12,Medically assisted procreation (AMP),,,,Non-standard
QANP002,"Medium dermoepidermal exfoliation of the entire face, by chemical agent",,,,Non-standard
14.03.03.12,Meniscectomy of the knee,,,,Non-standard
FCBP001,Mercurial compression [pressotherapy] session of a limb,,,,Non-standard
EHCA009,"Mesenteric-ilio-caval anastomosis, by laparotomy",,,,Non-standard
EHCA001,"Mesentericoatrial venous bypass, thoracotomy and laparotomy",,,,Non-standard
MHQH001,Metacarpophalangeal or interphalangeal arthrography of the finger,,,,Non-standard
CM0,Metal fixed prosthesis RAC 0,,,,Non-standard
NHMA007,"Metatarsophalangeal arthroplasty by resection of a side of the joint, on the first ray of the foot",,,,Non-standard
NHMA006,"Metatarsophalangeal arthroplasty by resection of both sides of the joint with resection of osteophytes, on the first ray of the foot",,,,Non-standard
NHMA003,Metatarsophalangeal arthroplasty by resection of the metatarsal head on a lateral radius of the foot,,,,Non-standard
NHMA001,Metatarsophalangeal arthroplasty by resection of the metatarsal head on several lateral rays of the foot,,,,Non-standard
PEQP004,"Metrological analysis of posture, locomotion and / or body movements in a monodeficient patient",,,,Non-standard
PEQP002,"Metrological analysis of posture, locomotion and / or body movements in a patient with multiple deficiencies",,,,Non-standard
JHCA003,"Micro-removal of the epididymis, by direct approach",,,,Non-standard
JHCF001,"Microprotection of the epididymis, transcutaneously",,,,Non-standard
JHCB001,"Micropuncture of the testis, transcutaneously",,,,Non-standard
03.03.02.01,Middle ear care,,,,Non-standard
03.03.02.02,Middle ear cholesteatoma resection,,,,Non-standard
CBQE900,"Middle ear fibroendoscopy, by tubal approach",,,,Non-standard
CBGA001,Middle ear foreign body removal with tympanomeatal flap detachment,,,,Non-standard
03.03.02.05,"Middle ear implant placement, removal and change",,,,Non-standard
GBPE001,"Middle nasal meatotomy, by endoscopy",,,,Non-standard
HAFA006,"Mobile tongue pelviglossectomy, by intraoral approach",,,,Non-standard
14.03.05.01,Mobilization and manipulation of the foot,,,,Non-standard
NGRP001,"Mobilization of the ankle joint for therapeutic purposes, under general or locoregional anesthesia",,,,Non-standard
MFRP001,"Mobilization of the elbow joint for therapeutic purposes, under general or locoregional anesthesia",,,,Non-standard
NHRP002,"Mobilization of the foot joint for therapeutic purposes, under general or locoregional anesthesia",,,,Non-standard
NFRP001,"Mobilization of the knee joint for therapeutic purposes, under general or locoregional anesthesia",,,,Non-standard
13.03.02.01,Mobilization of the scapulohumeral joint,,,,Non-standard
MERP001,"Mobilization of the scapulohumeral joint for therapeutic purposes, under general or locoregional anesthesia",,,,Non-standard
MGRP001,"Mobilization of wrist and / or hand joints for therapeutic purposes, under general or regional anesthesia",,,,Non-standard
ZZGP001,"Mobilization or removal of a drainage device, under general or locoregional anesthesia",,,,Non-standard
13.03.05.07,Mobilizing joint release [Arthrolysis] of the hand,,,,Non-standard
NHPA005,Mobilizing liberation of the tarsometatarsal joints with talocalcaneal arthritis,,,,Non-standard
NGPA003,"Mobilizing liberation of the tibiotalar joint and / or tibiotalar synovectomy with elongation of the calcaneal tendon [Achilles], by direct approach",,,,Non-standard
MHPA004,"Mobilizing release of a hand joint with tendon release, by direct approach",,,,Non-standard
MHPA002,"Mobilizing release of a hand joint, by direct approach",,,,Non-standard
NHPA001,"Mobilizing release of a metatarsophalangeal joint, on a lateral radius of the foot",,,,Non-standard
MHPA003,"Mobilizing release of several joints of the hand with tendon release, by direct approach",,,,Non-standard
MHPA001,"Mobilizing release of several joints of the hand, by direct approach",,,,Non-standard
14.03.04.11,Mobilizing release of the ankle joint [Arthrolysis],,,,Non-standard
14.03.02.10,Mobilizing release of the coxofemoral joint [Arthrolysis],,,,Non-standard
NEPA001,"Mobilizing release of the coxofemoral joint, by arthrotomy",,,,Non-standard
13.03.03.10,Mobilizing release of the elbow joint [Arthrolysis],,,,Non-standard
MFPA003,"Mobilizing release of the elbow joint with release of the ulnar nerve, by direct approach",,,,Non-standard
MFPA001,"Mobilizing release of the elbow joint with resection of synostotic osteoma, by direct approach",,,,Non-standard
MFPC001,"Mobilizing release of the elbow joint, by arthroscopy",,,,Non-standard
MFPA002,"Mobilizing release of the elbow joint, by direct approach",,,,Non-standard
NHPA006,"Mobilizing release of the fifth ray metatarsophalangeal joint, with tendon transfer and / or lengthening, metatarsal osteotomy and / or syndactylization",,,,Non-standard
14.03.05.04,Mobilizing release of the joints [Arthrolysis] of the foot,,,,Non-standard
14.03.03.09,Mobilizing release of the knee joint [Arthrolysis],,,,Non-standard
NFPA003,"Mobilizing release of the knee joint by arthroscopy or arthrotomy, with complete release of the quadriceps",,,,Non-standard
NFPC002,"Mobilizing release of the knee joint, by arthroscopy",,,,Non-standard
NFPA001,"Mobilizing release of the knee joint, by arthrotomy",,,,Non-standard
NHPA003,Mobilizing release of the metatarsophalangeal joint of the first toe for correction of hallux varus,,,,Non-standard
NHPA002,Mobilizing release of the metatarsophalangeal joint of the first toe with tendon transfer or syndesmopexy,,,,Non-standard
MEPC001,"Mobilizing release of the scapulohumeral and / or subacromial joint, by arthroscopy",,,,Non-standard
MEPA001,"Mobilizing release of the scapulohumeral and / or subacromial joint, by arthrotomy",,,,Non-standard
13.03.02.10,Mobilizing release of the scapulohumeral joint [Arthrolysis],,,,Non-standard
NHPA004,Mobilizing release of the tarsometatarsal joints on 5 spokes of the foot,,,,Non-standard
NGPA001,"Mobilizing release of the tibiotalar joint and / or tibiotalar synovectomy with lengthening and / or transfer of several tendons, by direct approach",,,,Non-standard
NGPC001,"Mobilizing release of the tibiotalar joint and / or tibiotalar synovectomy, by arthroscopy",,,,Non-standard
NGPA002,"Mobilizing release of the tibiotalar joint and / or tibiotalar synovectomy, by arthrotomy",,,,Non-standard
13.03.04.09,Mobilizing release of the wrist joint [Arthrolysis],,,,Non-standard
MGPA001,"Mobilizing release of the wrist joints, by direct approach",,,,Non-standard
11.02.03.09,Modeling and bone filling of the middle level of the face,,,,Non-standard
LABA003,"Modeling application of the upper level of the face, by facial approach",,,,Non-standard
LBBA005,"Modeling apposition of the chin, by intraoral approach",,,,Non-standard
LBBA003,"Modeling apposition of the mandible, by intraoral or facial approach",,,,Non-standard
LABA004,"Modeling apposition of the middle level of the face, by direct approach",,,,Non-standard
LABA001,"Modeling apposition of the upper level of the face, by coronal approach",,,,Non-standard
LBFA010,"Modeling resection of the chin, by intraoral approach",,,,Non-standard
LBFA018,"Modeling resection of the mandible, by intraoral approach",,,,Non-standard
LAFA012,"Modeling resection of the middle level of the face, by intraoral approach",,,,Non-standard
BR1,Moderate RAC bridge,,,,Non-standard
PF1,Moderate RAC fixed prosthesis,,,,Non-standard
IC1,Moderate RAC inlay core,,,,Non-standard
SU1,Moderate RAC metal prosthesis supplement,,,,Non-standard
IN1,Moderate RAC onlay inlay,,,,Non-standard
RE1,Moderate RAC prosthesis repair,,,,Non-standard
PA1,Moderate RAC removable prosthesis,,,,Non-standard
CT1,Moderate RAC transient crown,,,,Non-standard
CZ1,Moderate RAC zirconia crown,,,,Non-standard
PZMP001,Modification of a restraint device or a limb or spine orthosis,,,,Non-standard
08.07,MODIFICATION OF SEXUAL MORPHOLOGY,,,,Non-standard
19.03,MODIFIERS,,,,Non-standard
BKMP001,"Molding of the orbit cavity for fabrication of a shaping device or orbital expansion prosthesis, under general or locoregional anesthesia",,,,Non-standard
YYYY123,Monitoring in an obstetric unit of a child whose condition requires placement in an incubator or short-term care,,,,Non-standard
EAQM002,Monitoring of intracranial arterial circulation by transcranial pulsed Doppler,,,,Non-standard
DZQN001,Morphological remnography [MRI] of the heart,,,,Non-standard
ADQP003,Motor electrooculography [motor EOG],,,,Non-standard
GLQD006,Mouth occlusion pressure measurement at 0.1 second inspiration [P 0.1],,,,Non-standard
HAFA027,"Movable tongue pelviglossectomy, by cervicofacial approach",,,,Non-standard
HBMA001,"Mucogingival plasty by flap displaced laterally, coronally or apically",,,,Non-standard
HEFE003,"Mucosectomy session of the esophagus, stomach or duodenum, by eso-gastro-duodenoscopy",,,,Non-standard
PAQL002,Multi-stage whole body bone scan,,,,Non-standard
ZZHJ019,"Multi-target deep organ biopsy, transcutaneously with ultrasound guidance",,,,Non-standard
ZZQL021,Multimodal digital fusion of images acquired by sectional imaging techniques or functional imaging,,,,Non-standard
PAPA003,"Multiple alignment osteotomies with approach to both ends of a long bone, by direct approach",,,,Non-standard
PAPA001,"Multiple alignment osteotomies with approach to both ends of several ipsilateral long bones, by direct approach",,,,Non-standard
DGCA011,"Multiple bypasses between the aorta and supraaortic trunks, by thoracotomy with CEC",,,,Non-standard
DGCA013,"Multiple bypasses between the aorta and supraaortic trunks, by thoracotomy without CEC",,,,Non-standard
JQGD007,"Multiple delivery by natural route, in a multiparous",,,,Non-standard
JQGD002,"Multiple delivery by natural route, in a primipara",,,,Non-standard
EJFA002,"Multiple excision of branches of the great saphenous vein and / or the small saphenous vein under general or locoregional anesthesia, by direct approach",,,,Non-standard
LHQH004,"Multiple intervertebral discography, transcutaneously",,,,Non-standard
JKFA022,"Multiple myomectomy of the uterus, by laparotomy",,,,Non-standard
GFFA021,"Multiple non-anatomical partial resections of the lung, by thoracotomy",,,,Non-standard
HGFC016,"Multiple segmental resection of the small intestine, by laparoscopy",,,,Non-standard
HGFA004,"Multiple segmental resection of the small intestine, by laparotomy",,,,Non-standard
EECA012,"Multiple stepped [sequential] or bifurcated bypass arteries of the lower limbs, by direct approach",,,,Non-standard
PCQM001,Muscle and / or tendon ultrasound,,,,Non-standard
HAPA003,Muscle and mucous membrane release from ankyloglossia,,,,Non-standard
15.03.04,"Muscle and tendon release, without topographic precision",,,,Non-standard
13.04.02.04,Muscle and tendon transfer to the forearm and hand,,,,Non-standard
14.04.01.01,Muscle and tendon transfer to the hip and thigh,,,,Non-standard
14.04.03.04,Muscle and tendon transfer to the leg and foot,,,,Non-standard
13.04.01.03,Muscle and tendon transfer to the shoulder girdle and arm,,,,Non-standard
PCHB001,"Muscle biopsy, transcutaneous",,,,Non-standard
BAPA005,"Muscle disinsertion with autograft, for correction of lower eyelid retraction",,,,Non-standard
BAPA003,"Muscle disinsertion without autograft, for correction of retraction of the lower eyelid",,,,Non-standard
LLMA004,"Muscle or prosthetic plasty of a diaphragm cupola for congenital hernia, by laparotomy",,,,Non-standard
LLMA009,"Muscle or prosthetic plasty of a diaphragm cupola for congenital hernia, by thoracotomy",,,,Non-standard
PCCA001,Muscle rupture suture,,,,Non-standard
AHCA005,"Musculocutaneous nerve wound suture, by direct approach",,,,Non-standard
PCPA003,Musculotendinous disinsertion,,,,Non-standard
PCEA004,"Musculotendinous free flap for motor resuscitation, with vascular and nerve anastomoses",,,,Non-standard
MJEA008,Musculotendinous transfer and / or tenodesis for restoration of active extension of the wrist and opening of long fingers and thumb,,,,Non-standard
MJEA015,Musculotendinous transfer and / or tenodesis for restoration of closure of long fingers and thumb,,,,Non-standard
MJEA005,Musculotendinous transfer and / or tenodesis to restore active wrist extension,,,,Non-standard
MJEA018,Musculotendinous transfer and / or tenodesis to restore closure of long fingers,,,,Non-standard
MJEA020,Musculotendinous transfer and / or tenodesis to restore closure of long fingers and thumb and intrinsic functions of the fingers,,,,Non-standard
MJEA002,Musculotendinous transfer and / or tenodesis to restore the opening of long fingers,,,,Non-standard
MJEA001,Musculotendinous transfer and / or tenodesis to restore the opening of the long fingers and thumb,,,,Non-standard
MJEA007,Musculotendinous transfer and / or tenodesis to restore thumb opening,,,,Non-standard
15.03.03,"Musculotendinous transfer and flap for motor resuscitation, without topographic precision",,,,Non-standard
MJEA021,Musculotendinous transfer for restoration of active elbow extension,,,,Non-standard
MJEA012,Musculotendinous transfer to restore active elbow flexion,,,,Non-standard
MJEA003,Musculotendinous transfer to restore intrinsic functions of long fingers and thumb,,,,Non-standard
MJEA014,Musculotendinous transfer with plasty of the first metacarpal interosseous space for thumb hypoplasia,,,,Non-standard
MJEA013,"Musculotendinous transfer, tenodesis and / or capsulodesis for restoration of intrinsic functions of long fingers",,,,Non-standard
MJEA011,"Musculotendinous transfer, tenodesis and / or capsulodesis for restoration of intrinsic functions of the thumb",,,,Non-standard
MJEA016,Musculotendinous transposition and / or fixation of the scapula for stabilization,,,,Non-standard
AFQH003,Myelography with computed tomography of the spine [Myelography],,,,Non-standard
AEPA002,"Myelotomy, commissurotomy or spinal cordotomy, by posterior approach",,,,Non-standard
DAQL010,"Myocardial perfusion tomoscintigraphy after stress test or pharmacological test, with synchronization to the electrocardiogram",,,,Non-standard
DAQL001,"Myocardial perfusion tomoscintigraphy after stress test or pharmacological test, without synchronization with the electrocardiogram",,,,Non-standard
DAQL006,"Myocardial positron emission tomoscintigraphy, with dedicated tepograph [PET camera]",,,,Non-standard
DAQL007,Myocardial scintigraphy without the use of an infusion tracer,,,,Non-standard
JKFC001,"Myomectomy of the uterus with hysterotomy, by laparoscopy",,,,Non-standard
JKFC004,"Myomectomy of the uterus without hysterotomy, by laparoscopy",,,,Non-standard
JKFA033,"Myomectomy of the uterus, by vaginal approach",,,,Non-standard
JDPA001,"Myotomy of the bladder body for enlargement, by laparotomy",,,,Non-standard
07.02.08.03,Myotomy of the cricopharyngeal bundle of the inferior constrictor muscle of the pharynx [cricopharyngeal muscle],,,,Non-standard
HDPA001,"Myotomy of the cricopharyngeal bundle of the inferior constrictor muscle of the pharynx, by cervicotomy",,,,Non-standard
HDPE001,"Myotomy of the cricopharyngeal bundle of the inferior constrictor muscle of the pharynx, by endoscopy with laser",,,,Non-standard
HDPE002,"Myotomy of the cricopharyngeal bundle of the inferior constrictor muscle of the pharynx, by endoscopy without laser",,,,Non-standard
03.03.01.02,Myringoplasty and tympanoplasty,,,,Non-standard
CBMA011,Myringoplasty with detachment of the tympanomeatal flap and mastoidoattical exploration,,,,Non-standard
CBMA009,"Myringoplasty with detachment of the tympanomeatal flap, without mastoidoattical exploration",,,,Non-standard
CBMA007,Myringoplasty with ossiculoplasty and mastoidoattical exploration,,,,Non-standard
CBMA005,"Myringoplasty with ossiculoplasty, without mastoidoattical exploration",,,,Non-standard
CBMA008,Myringoplasty without detachment of the tympanomeatal flap,,,,Non-standard
03.03.01.01,Myringotomy.�Installation and removal of the tympanostomy tube,,,,Non-standard
DBBF198,Narrowing of the left atrioventricular orifice by transcutaneous venous device and transseptal approach with guidance by Doppler ultrasound via the transesophageal route,,,,Non-standard
GAMA015,Nasal plastic surgery for internal nasal valve collapse,,,,Non-standard
GAMA009,"Nasal plastic surgery for internal nasal valve collapse, with septoplasty",,,,Non-standard
GAMA007,Nasal septoplasty,,,,Non-standard
GASA001,Nasal septum perforation closure,,,,Non-standard
LCFA001,Nasolabial excision with myotomy or facial symmetrization myectomy for palliative treatment of facial paralysis,,,,Non-standard
06.02.04.02,Nasopharyngeal plasty,,,,Non-standard
09.03.03.01,Natural delivery,,,,Non-standard
GELD005,"Nebulization of therapeutic agent for bronchial use [aerosol] with monitoring of oxygen saturation by transcutaneous measurement [SpO2] and monitoring of heart rate, for at least 2 hours",,,,Non-standard
ZAQA001,"Neck exploration, by cervicotomy [Exploratory cervicotomy]",,,,Non-standard
JDPE001,"Neck incision of bladder diverticulum, by urethrocystoscopy",,,,Non-standard
01.05.02.02,Neck nerve tumor excision,,,,Non-standard
01.05.02.03,Neck nerve wound repair,,,,Non-standard
BGHB001,Needle puncture of the vitreous body,,,,Non-standard
YYYY009,Neonatal care package in neonatal unit,,,,Non-standard
19.01.07,Neonatology,,,,Non-standard
19.01.14,Nephrology,,,,Non-standard
JADA001,"Nephropexy, by direct approach",,,,Non-standard
JACH003,"Nephrostomy, transcutaneously with CT guidance",,,,Non-standard
JACH001,"Nephrostomy, transcutaneously with ultrasound and / or radiological guidance",,,,Non-standard
AHNB001,"Nerve destruction of the trunk wall, transcutaneously",,,,Non-standard
AHPA014,"Nerve release from the trunk wall, by direct approach",,,,Non-standard
AHPA001,"Nerve release in the ankle and / or foot, by direct approach",,,,Non-standard
AHCA003,"Nerve wound suture in the ankle or foot, by direct approach",,,,Non-standard
01.01.08,Nervous system scintigraphy,,,,Non-standard
01.01.03,Nervous system ultrasound,,,,Non-standard
PCPA001,Neuro-musculo-cutaneous release of a limb for musculotendinous advancement,,,,Non-standard
19.02.05,Neurology,,,,Non-standard
AHHA002,"Neuromuscular biopsy, by direct approach",,,,Non-standard
01.01.13,Neuropsychological tests,,,,Non-standard
AHEA015,"Neurotization of a deep spinal nerve with nerve release, by direct approach",,,,Non-standard
AHEA007,"Neurotization of a deep spinal nerve without nerve release, by direct approach",,,,Non-standard
JHQP001,Nighttime measurement of penile tumescence and stiffness,,,,Non-standard
QEFA009,Nipple excision,,,,Non-standard
QEEA001,Nipple transposition,,,,Non-standard
QEBA001,Nipple volume reduction,,,,Non-standard
GLQP007,Nocturnal respiratory polygraphy,,,,Non-standard
LBFA008,"Non-interrupting extracondylar mandible resection, by direct approach",,,,Non-standard
HAFA026,"Non-interrupting pelvi-glosso-mandibulectomy, by cervicofacial approach",,,,Non-standard
HAFA002,"Non-interrupting pelvi-glosso-mandibulectomy, by intraoral approach",,,,Non-standard
HAFA024,"Non-interrupting pelvimandibulectomy, by cervicofacial approach",,,,Non-standard
HAFA033,"Non-interrupting pelvimandibulectomy, by intraoral approach",,,,Non-standard
GLLD019,"Non-invasive barometric or volumetric ventilation with face shield for at least 2 hours cumulated over 12 hours, for acute respiratory failure",,,,Non-standard
04.07.01,Non-mechanical hemodynamic replacement,,,,Non-standard
JNQM001,Non-morphological ultrasound of pregnancy before 11 weeks of amenorrhea,,,,Non-standard
PAGB004,Non-submerged osteosynthesis wire removal,,,,Non-standard
JMPP001,Non-surgical release of coalescing labia minora from the vulva,,,,Non-standard
HLHJ003,"Non-targeted liver biopsy, transcutaneously with ultrasound guidance",,,,Non-standard
BGFA900,"Non-transfixing deep sclerectomy or deep sclerokeratectomy, with viscocanaliculoplasty",,,,Non-standard
BGFA014,"Non-transfixing deep sclerectomy or deep sclerokeratectomy, without viscocanaliculoplasty",,,,Non-standard
BAFA006,Non-transfixing resection of an eyelid lesion,,,,Non-standard
HAFA021,"Non-transfixing resection of infiltrating lesion of the cheek, by intraoral approach",,,,Non-standard
GAFA007,Non-transfixing resection of lesion of the skin of the nose or the nasal mucosa,,,,Non-standard
HAFA008,Non-transfixing resection of lip lesion,,,,Non-standard
BAFA005,Non-transfixing resection of multiple unilateral eyelid lesions,,,,Non-standard
06.02.01.01,Nose wound suture,,,,Non-standard
GAJA002,Nose wound trimming and / or suturing,,,,Non-standard
07.07,NUTRITIONAL SUPPLEANCE,,,,Non-standard
JMMA005,Nymphoplasty reduction,,,,Non-standard
03.01.01.02,Objective audiometry,,,,Non-standard
BLQP014,Objective determination of visual acuity by study of visual evoked potentials [PEV],,,,Non-standard
EESF001,"Obliteration of an arterial saccular aneurysm of the lower limb, via the transcutaneous arterial route",,,,Non-standard
ECSF003,"Obliteration of an arterial saccular aneurysm of the upper limb, via the transcutaneous arterial route",,,,Non-standard
EASF010,"Obliteration of an intracranial arterial saccular aneurysm in acute hemorrhagic period, via the transcutaneous arterial route",,,,Non-standard
EASF011,"Obliteration of an intracranial arterial saccular aneurysm outside an acute hemorrhagic period, via the transcutaneous arterial route",,,,Non-standard
ECSF001,"Obliteration of several arterial saccular aneurysms of the upper limb, via the transcutaneous arterial route",,,,Non-standard
EASF013,"Obliteration of several intracranial arterial saccular aneurysms in acute hemorrhagic period, via the transcutaneous arterial route",,,,Non-standard
EASF001,"Obliteration of several intracranial arterial saccular aneurysms outside an acute hemorrhagic period, by the transcutaneous arterial route",,,,Non-standard
EESF005,"Obliteration of several saccular arterial aneurysms of the lower limb, via the transcutaneous arterial route",,,,Non-standard
ACO,Obstetric act,,,,Non-standard
09.03.03,Obstetric acts during labor and delivery,,,,Non-standard
09.03.02,Obstetric acts during the prenatal period,,,,Non-standard
HBBA001,"Obturation of an external dental root resorption, by periodontal approach",,,,Non-standard
LDPA010,"Occipitoaxoid osteotomy or arthrectomy for rigid deformation of the spine, with arthrodesis and instrumental correction, by intraoral approach or by cervicotomy",,,,Non-standard
HBMD014,Occlusal modeling using the wax technique added to a tooth,,,,Non-standard
04.04.01.04,Occlusion and excision of cervicocephalic vein and upper limb vein,,,,Non-standard
04.03.08.05,Occlusion and exclusion of intracranial arterial aneurysm,,,,Non-standard
EJSF021,Occlusion for recurrence of insufficiency of the great saphenous vein at the femoral trigonum [scarpa triangle] and / or of the small saphenous vein in the popliteal fossa [popliteal fossa] by intravenous transcutaneous injection of sclerosing product...,,,,Non-standard
EBSH001,"Occlusion of a cervical and / or facial vascular malformation, by intralesional transcutaneous injection of glue with radiological guidance",,,,Non-standard
EBSF001,"Occlusion of a direct cervical or cranial arteriovenous fistula, by transcutaneous vascular route",,,,Non-standard
04.03.12.06,Occlusion of digestive arteries,,,,Non-standard
04.03.06.05,Occlusion of the extracranial carotid artery,,,,Non-standard
EJSF418,"Occlusion of the great saphenous vein above the middle third of the leg by laser, by transcutaneous venous route with ultrasound guidance and ipsilateral phlebectomy, and / or ligation of the perforating vein of the ipsilateral great saphenous vein",,,,Non-standard
EJSF466,"Occlusion of the great saphenous vein above the middle third of the leg by laser, transcutaneous venous route with ultrasound guidance",,,,Non-standard
EJSF032,"Occlusion of the great saphenous vein above the middle third of the leg by radiofrequency, by transcutaneous venous route with ultrasound guidance and ipsilateral phlebectomy, and / or ligation of the perforating vein of the ipsilateral great saphenous...",,,,Non-standard
EJSF008,"Occlusion of the great saphenous vein above the middle third of the leg by radiofrequency, transcutaneous venous route with ultrasound guidance",,,,Non-standard
EJSF007,Occlusion of the great saphenous vein by intravenous transcutaneous injection of sclerosing product with ultrasound guidance,,,,Non-standard
04.04.04.05,Occlusion of the inferior vena cava,,,,Non-standard
EJSF771,"Occlusion of the small saphenous vein above the lower third of the leg by laser, by transcutaneous venous route with ultrasound guidance and ipsilateral phlebectomy, and / or ligation of the perforating vein of the ipsilateral small saphenous vein",,,,Non-standard
EJSF475,"Occlusion of the small saphenous vein above the lower third of the leg by laser, transcutaneous venous route with ultrasound guidance",,,,Non-standard
EJSF019,Occlusion of the small saphenous vein by intravenous transcutaneous injection of sclerosing product with ultrasound guidance,,,,Non-standard
EJNJ014,Occlusion of the vein of the lower limb by transcutaneous intravenous injection of sclerosing product with ultrasound guidance,,,,Non-standard
04.03.07.04,Occlusion of the vertebral artery,,,,Non-standard
BFQM001,Ocular biometry by ultrasound with measurement of the various ocular parameters to determine the power of an implant,,,,Non-standard
BHQP002,Ocular gonioscopy,,,,Non-standard
BEPB001,"Ocular goniotomy, transscleral",,,,Non-standard
BEQP900,Ocular tyndallometry [Laser cell flare meter],,,,Non-standard
02.05.01.02,Oculomotor muscle repair,,,,Non-standard
GJQP001,Olfactometry,,,,Non-standard
ZZQX628,Oncogenic human papillomavirus genome detection test for individual screening,,,,Non-standard
ZZQX603,Oncogenic human papillomavirus genome detection test for organized screening,,,,Non-standard
CBLD003,One-sided installation of the transtympanic aerator,,,,Non-standard
BDLA002,One-step keratoprosthesis installation,,,,Non-standard
PAQL006,"One-step segmental bone scintigraphy [late phase], without additional acquisition by a pinhole collimator",,,,Non-standard
PAQL003,One-step whole body bone scan [late phase],,,,Non-standard
NDCA005,Open fracture osteosynthesis of the body or neck of the talus,,,,Non-standard
LBCA007,"Open fracture osteosynthesis of the mandible condyle, with facial nerve dissection",,,,Non-standard
LBCA004,"Open fracture osteosynthesis of the mandible condyle, without facial nerve dissection",,,,Non-standard
NDCA006,Open fracture osteosynthesis of the midfoot bones,,,,Non-standard
LACA010,"Open frontonasal fracture osteosynthesis, by facial approach",,,,Non-standard
JECE001,"Opening of diverticulum of the urethra, by endoscopy",,,,Non-standard
02.03.03,Opening of the tear ducts,,,,Non-standard
CCCA001,Opening with laser and occlusion of the posterior semicircular duct,,,,Non-standard
08.07.02,Operations for transsexualism,,,,Non-standard
BJQP006,Optokinetic nystagmography with study of chases and saccades,,,,Non-standard
BJQP004,Optokinetic nystagmography without study of pursuits and saccades,,,,Non-standard
07.02.06.03,Oral cavity plasty,,,,Non-standard
07.02.06.07,Oral fistula closure,,,,Non-standard
07.02.06.06,Oral glossectomy and pelvectomy,,,,Non-standard
07.02.01.04,Oral orifice plasty for palliative treatment of facial paralysis,,,,Non-standard
HNQH002,Oral pancreaticoscopy,,,,Non-standard
07.02.02.04,Oral prophylaxis,,,,Non-standard
QBFA009,Orange quarter abdominal dermolipectomy,,,,Non-standard
BKJA001,Orbit collection evacuation,,,,Non-standard
02.05.02.02,Orbit collection evacuation,,,,Non-standard
BKGA007,Orbit exenteration,,,,Non-standard
LAPA013,"Orbit frame enlargement osteotomy, by coronal approach",,,,Non-standard
LAPA011,"Orbit frame enlargement osteotomy, by facial approach",,,,Non-standard
LAPA007,"Orbit frame osteotomy for post-traumatic dystopia, by facial approach and coronal approach",,,,Non-standard
BKHA002,"Orbit lesion biopsy, by conjunctivopalpebral approach",,,,Non-standard
BKHA003,"Orbit lesion biopsy, lateral or ethmoidal approach",,,,Non-standard
BKFA002,"Orbit lesion excision, by conjunctivopalpebral approach",,,,Non-standard
BKFA003,"Orbit lesion excision, by coronal approach",,,,Non-standard
02.05.02.04,Orbit lesion resection,,,,Non-standard
BKFA001,"Orbit lesion resection, by lateral approach",,,,Non-standard
LAMA010,"Orbit rim remodeling with autograft bone, by direct approach",,,,Non-standard
LAMA008,Orbit wall repair with repair of a dilapidated orbital region and its contents,,,,Non-standard
BKFA004,"Orbital fat resection for orbit decompression, palpebral approach",,,,Non-standard
BKMA002,"Orbitopalpebral reconstruction with inert material and / or autograft, after exenteration of the orbit",,,,Non-standard
JHFC001,"Orchidectomy for abdominal cryptorchidism, by laparoscopy",,,,Non-standard
JHFA003,"Orchidectomy for abdominal cryptorchidism, by laparotomy",,,,Non-standard
JHFA006,"Orchidectomy with testicular prosthesis, by inguinal approach",,,,Non-standard
JHFA005,"Orchidectomy, by inguinal approach",,,,Non-standard
JHFA017,"Orchidectomy, by scrotal approach",,,,Non-standard
JHDA001,"Orchidopexy, by scrotal approach",,,,Non-standard
DBFA002,"Orificial cardiac prosthesis thrombectomy, by thoracotomy with CEC",,,,Non-standard
04.02.02.02,Orificial commissurotomy [Valvulotomy] or cardiac valvectomy [valvulectomy],,,,Non-standard
HDQE001,Orohypopharyngoscopy with direct laryngoscopy,,,,Non-standard
07.02.08.04,Oropharyngeal plasty,,,,Non-standard
HDFA013,Oropharyngectomy with interrupting partial mandibulectomy and total pharyngolaryngectomy,,,,Non-standard
HDFA011,"Oropharyngectomy with interrupting partial mandibulectomy, by cervicofacial approach",,,,Non-standard
HDFA004,"Oropharyngectomy with non-interrupting partial mandibulectomy, by direct approach",,,,Non-standard
GDHE001,"Oropharyngolaryngeal biopsy, by indirect laryngoscopy",,,,Non-standard
HASA012,Orostoma or pharyngostoma closure,,,,Non-standard
14.02.06.01,Orthopedic forefoot fracture reduction,,,,Non-standard
14.03.03.03,Orthopedic knee dislocation reduction,,,,Non-standard
12.02.03,Orthopedic procedures on the spine,,,,Non-standard
MDEP002,Orthopedic reduction of a broken bone in the hand,,,,Non-standard
MFEB001,"Orthopedic reduction of a dislocation of the elbow and / or the proximal radio-ulnar joint, with osteosynthesis of a fracture of the proximal end of the radius or of the ulna with closed focus",,,,Non-standard
MHEP004,Orthopedic reduction of a dislocation or a dislocation-carpometacarpal fracture,,,,Non-standard
MHEP003,Orthopedic reduction of a dislocation or a dislocation-trapezometacarpal fracture,,,,Non-standard
MFEP002,Orthopedic reduction of a dislocation or dislocation-fracture of the elbow,,,,Non-standard
NFEP002,Orthopedic reduction of a dislocation or dislocation-fracture of the femorotibial joint,,,,Non-standard
MHEP002,Orthopedic reduction of a dislocation or metacarpophalangeal or interphalangeal dislocation-fracture of a finger,,,,Non-standard
MCEP001,Orthopedic reduction of a fracture or epiphyseal detachment of the distal end of a bone or both bones of the forearm,,,,Non-standard
NFEP001,Orthopedic reduction of a limpet dislocation,,,,Non-standard
NEEP002,Orthopedic reduction of a prosthetic dislocation of the hip joint,,,,Non-standard
MEEP002,Orthopedic reduction of a scapulohumeral dislocation,,,,Non-standard
MEEP003,Orthopedic reduction of a scapulohumeral dislocation with fracture of the proximal end of the ipsilateral humerus,,,,Non-standard
MEEA001,"Orthopedic reduction of a scapulohumeral dislocation, with osteosynthesis of fracture of the proximal end of the ipsilateral humerus",,,,Non-standard
NEEP007,"Orthopedic reduction of a traumatic dislocation of the coxofemoral joint, with continuous traction placement",,,,Non-standard
NEEP004,"Orthopedic reduction of a traumatic dislocation of the coxofemoral joint, with retention by rigid pelvipedal apparatus",,,,Non-standard
NEEP005,"Orthopedic reduction of a traumatic dislocation of the hip joint, with fracture or epiphyseal detachment of the head of the femur",,,,Non-standard
MEEP001,Orthopedic reduction of an acromioclavicular or sternoclavicular dislocation or dislocation-fracture,,,,Non-standard
MFEA002,"Orthopedic reduction of an elbow dislocation, with osteosynthesis of a fracture of the medial or lateral epicondyle of the open humerus",,,,Non-standard
14.03.04.03,Orthopedic reduction of ankle dislocation,,,,Non-standard
14.02.04.01,Orthopedic reduction of broken leg bones,,,,Non-standard
13.02.05.01,Orthopedic reduction of carpal fracture,,,,Non-standard
MGEP002,Orthopedic reduction of carpal fracture and / or wrist dislocation,,,,Non-standard
13.02.02.01,Orthopedic reduction of collarbone fracture,,,,Non-standard
14.03.02.02,Orthopedic reduction of coxofemoral dislocation,,,,Non-standard
13.03.05.02,Orthopedic reduction of dislocation of the hand,,,,Non-standard
13.03.03.02,Orthopedic reduction of elbow dislocation,,,,Non-standard
14.02.02.01,Orthopedic reduction of femoral fracture,,,,Non-standard
NDEP001,Orthopedic reduction of forefoot fracture and / or dislocation,,,,Non-standard
13.02.04.01,Orthopedic reduction of fracture of the forearm bones,,,,Non-standard
11.02.03.01,Orthopedic reduction of fracture of the middle level of the face,,,,Non-standard
MCEP002,Orthopedic reduction of fracture or epiphyseal detachment of the proximal extremity and / or fracture of the shaft of one bone or both bones of the forearm,,,,Non-standard
MDEP001,Orthopedic reduction of fractures of several bones in the hand,,,,Non-standard
13.02.06.01,Orthopedic reduction of hand bone fracture,,,,Non-standard
14.02.01.01,Orthopedic reduction of hip bone fracture,,,,Non-standard
13.02.03.01,Orthopedic reduction of humerus fracture,,,,Non-standard
LBEP009,"Orthopedic reduction of intermaxillary disjunction or fracture of the palate, with restraint by personalized apparatus",,,,Non-standard
LBED004,"Orthopedic reduction of intermaxillary disjunction or palate fracture, with retention by maxillomandibular blockage",,,,Non-standard
LBEP002,"Orthopedic reduction of mandible body fracture, with restraint using personalized equipment",,,,Non-standard
11.02.04.01,Orthopedic reduction of mandible fracture,,,,Non-standard
LBED005,"Orthopedic reduction of multifocal fracture of the body of the mandible, with mandibular retention",,,,Non-standard
LAEP002,Orthopedic reduction of nasal bone fracture [clean bones of the nose],,,,Non-standard
LAEP003,Orthopedic reduction of obstetric nasal trauma,,,,Non-standard
11.02.03.02,Orthopedic reduction of occlusofacial fracture,,,,Non-standard
LBED001,"Orthopedic reduction of occlusofacial fracture [Le Fort I, II or III type fracture], with retention by maxillomandibular blockage",,,,Non-standard
MFEP001,Orthopedic reduction of painful pronation of the elbow,,,,Non-standard
LBED003,"Orthopedic reduction of plurifocal extracondylar fracture of the mandible, with maxillomandibular blockage",,,,Non-standard
MAEP001,Orthopedic reduction of scapular fracture,,,,Non-standard
13.02.01.01,Orthopedic reduction of scapular fracture,,,,Non-standard
13.03.02.02,Orthopedic reduction of scapulohumeral dislocation,,,,Non-standard
MHEP001,Orthopedic reduction of several dislocations and / or metacarpophalangeal and / or interphalangeal dislocation-fractures of the finger,,,,Non-standard
13.03.01.01,Orthopedic reduction of shoulder girdle dislocation,,,,Non-standard
NGEP001,Orthopedic reduction of tibiotalar dislocation or tarsal dislocation-fracture,,,,Non-standard
LBED006,"Orthopedic reduction of unifocal extracondylar fracture of the mandible, with maxillomandibular blockage",,,,Non-standard
LBED002,"Orthopedic reduction of unifocal fracture of the mandible body, with mandibular retention",,,,Non-standard
LBEP005,Orthopedic reduction of unilateral or bilateral temporomandibular dislocation,,,,Non-standard
LAEP001,Orthopedic reduction of zygomatic [malar] bone or zygomatic arch fracture,,,,Non-standard
12.02.03.01,Orthopedic treatment of spinal injury,,,,Non-standard
DZEA002,"Orthotopic transplantation of the heart, by thoracotomy with CEC",,,,Non-standard
MJEA017,Osseomuscular transfer of the coracoid process or transfer of the coracoacromial ligament for stabilization of the clavicle,,,,Non-standard
CBMA001,Ossiculoplasty,,,,Non-standard
CBMA003,"Ossiculoplasty for ossicular malformation with labyrinth opening, with laser",,,,Non-standard
CBMA010,"Ossiculoplasty for ossicular malformation with labyrinth opening, without laser",,,,Non-standard
CBMA006,Ossiculoplasty for ossicular malformation without opening the labyrinth,,,,Non-standard
GAMA005,Osteo-cutaneous-cartilaginous plasty for nasal stenosis,,,,Non-standard
14,OSTEOARTICULAR AND LOWER LIMB MUSCLE SYSTEM,,,,Non-standard
11,OSTEOARTICULAR AND MUSCLE SYSTEM OF THE HEAD,,,,Non-standard
12,OSTEOARTICULAR AND MUSCLE SYSTEM OF THE NECK AND TRUNK,,,,Non-standard
15,"OSTEOARTICULAR AND MUSCLE SYSTEM, WITHOUT TOPOGRAPHIC PRECISION",,,,Non-standard
13,OSTEOARTICULAR AND UPPER LIMB MUSCLE SYSTEM,,,,Non-standard
15.02.09,"Osteoarticular fitting, without topographic precision",,,,Non-standard
PAFH001,"Osteoarticular tumorectomy of a limb, transcutaneously with CT guidance",,,,Non-standard
NBMA002,Osteochondral modeling patelloplasty [Arthroplastic resection of the patella],,,,Non-standard
HBMA003,Osteoplasty of a dental socket with filling by autograft bone,,,,Non-standard
HBMA006,Osteoplasty of a dental socket with filling with biomaterial,,,,Non-standard
LECA006,"Osteosynthesis and / or anterior arthrodesis of the spine without exploration of the canal contents, by thoraco-phreno-laparotomy",,,,Non-standard
LECA003,"Osteosynthesis and / or anterior arthrodesis or epiphysiodesis of the spine without exploration of the canal contents, by thoracotomy",,,,Non-standard
LECC001,"Osteosynthesis and / or anterior arthrodesis or epiphysiodesis of the spine, by thoracoscopy",,,,Non-standard
LBCA003,"Osteosynthesis and / or facial suspension for Le Fort I type occlusofacial fracture, by direct approach",,,,Non-standard
LBCA009,"Osteosynthesis and / or facial suspension for Le Fort II-type occlusofacial fracture, by direct approach",,,,Non-standard
LBCA005,"Osteosynthesis and / or facial suspension for Le Fort III-type occlusofacial fracture, by direct approach",,,,Non-standard
12.02.01.04,Osteosynthesis and arthrodesis of the spine by anterior approach,,,,Non-standard
12.02.01.05,Osteosynthesis and arthrodesis of the spine by combined routes,,,,Non-standard
12.02.01.03,Osteosynthesis and arthrodesis of the spine by posterior or posterolateral approach,,,,Non-standard
MBCA006,"Osteosynthesis of a complex supracondylar and intercondylar fracture of the humerus, with open focus",,,,Non-standard
NBCA013,"Osteosynthesis of a femoral condyle fracture, open focus",,,,Non-standard
MDCA013,"Osteosynthesis of a fracture of a carpal bone, with open focus",,,,Non-standard
MBCB004,"Osteosynthesis of a fracture of the medial condyle or the lateral condyle of the humerus, with closed focus",,,,Non-standard
MBCB003,"Osteosynthesis of a fracture of the medial epicondyle or the lateral epicondyle of the humerus, with closed focus",,,,Non-standard
MBCA010,"Osteosynthesis of a fracture of the medial epicondyle or the lateral epicondyle of the humerus, with open focus",,,,Non-standard
NDCA002,"Osteosynthesis of a metatarsal or toe phalanx fracture, open",,,,Non-standard
LBCB001,"Osteosynthesis of a plurifocal extracondylar fracture of the mandible, with closed focus",,,,Non-standard
LBCA002,"Osteosynthesis of a plurifocal extracondylar fracture of the mandible, with open focus",,,,Non-standard
MCCB008,"Osteosynthesis of a shaft fracture of a forearm bone with reduction of a dislocation of the other bone at the elbow or wrist, closed focus",,,,Non-standard
MCCA003,"Osteosynthesis of a shaft fracture of a forearm bone with reduction of a dislocation of the other bone at the elbow or wrist, open focus",,,,Non-standard
MBCA008,"Osteosynthesis of a simple supracondylar and intercondylar fracture of the humerus, with open focus",,,,Non-standard
NCCA007,"Osteosynthesis of a simple unicondylar joint fracture of the tibia, with open focus",,,,Non-standard
MBCB001,"Osteosynthesis of a supracondylar fracture of the humerus, closed focus",,,,Non-standard
MBCA003,"Osteosynthesis of a supracondylar fracture of the humerus, with open focus",,,,Non-standard
LJCA002,Osteosynthesis of a thoracic flap,,,,Non-standard
LACA012,Osteosynthesis of an embarrassment of the vault of the skull,,,,Non-standard
LACA009,"Osteosynthesis of an open fronto-naso-maxillary fracture by facial approach, with canthopexy",,,,Non-standard
LACA018,"Osteosynthesis of an open fronto-naso-maxillary fracture through a coronal approach, with canthopexy",,,,Non-standard
LACA011,"Osteosynthesis of an open fronto-naso-maxillary fracture, by coronal approach",,,,Non-standard
MDCA003,Osteosynthesis of articular fracture of a hand bone by external fixator,,,,Non-standard
MDCB005,"Osteosynthesis of articular fracture of a hand bone by pin, closed focus",,,,Non-standard
MDCA014,"Osteosynthesis of articular fracture of a hand bone, open focus",,,,Non-standard
MDCA008,Osteosynthesis of articular fractures of several bones of the hand by external fixator,,,,Non-standard
MDCB002,"Osteosynthesis of articular fractures of several bones of the hand by pin, closed focus",,,,Non-standard
MDCA004,"Osteosynthesis of articular fractures of several bones of the hand, open focus",,,,Non-standard
LBCA001,"Osteosynthesis of bifocal extracondylar fracture of the mandible, open focus",,,,Non-standard
LACA014,"Osteosynthesis of bilateral fracture of the anterior wall of the frontal sinus with open focus, by coronal approach",,,,Non-standard
LBCA008,Osteosynthesis of comminuted fracture of the mandible with removal of sagging soft tissues of the face,,,,Non-standard
NCCA018,"Osteosynthesis of complex articular fracture of the proximal end of the tibia, with open focus",,,,Non-standard
NCCA017,"Osteosynthesis of complex bimalleolar fracture, open focus",,,,Non-standard
NDCA004,"Osteosynthesis of complex fracture of the calcaneus, open focus",,,,Non-standard
MCCA011,"Osteosynthesis of complex fracture of the proximal end of a forearm bone, open focus",,,,Non-standard
NCCA013,Osteosynthesis of complex fracture of the tibial pilon by external fixator,,,,Non-standard
NCCA004,"Osteosynthesis of complex fracture of the tibial pilon, open focus",,,,Non-standard
NBCA001,"Osteosynthesis of complex limpet fracture, open focus",,,,Non-standard
NBCA003,"Osteosynthesis of complex supracondylar and intercondylar fracture of the femur, with open focus",,,,Non-standard
LACA017,Osteosynthesis of cranioorbital fracture with osteodural breach closure,,,,Non-standard
MCCA004,"Osteosynthesis of diaphysis fracture of a forearm bone, open focus",,,,Non-standard
MCCA007,"Osteosynthesis of diaphysis fracture of the 2 bones of the forearm with reduction of dislocation at the elbow or wrist, open focus",,,,Non-standard
MCCA008,"Osteosynthesis of diaphysis fracture of the 2 bones of the forearm, open focus",,,,Non-standard
MDCB003,"Osteosynthesis of extraarticular fracture of a hand bone by wire, closed focus",,,,Non-standard
MDCA010,Osteosynthesis of extraarticular fracture of a hand bone using an external fixator,,,,Non-standard
MDCA011,"Osteosynthesis of extraarticular fracture of a hand bone, open focus",,,,Non-standard
NCCA006,"Osteosynthesis of extraarticular fracture of the proximal end of the tibia, with open focus",,,,Non-standard
MDCA009,Osteosynthesis of extraarticular fractures of several bones of the hand by external fixator,,,,Non-standard
MDCB004,"Osteosynthesis of extraarticular fractures of several bones of the hand by wire, closed focus",,,,Non-standard
MDCA007,"Osteosynthesis of extraarticular fractures of several bones of the hand, with open focus",,,,Non-standard
NBCA014,"Osteosynthesis of extraarticular supracondylar fracture of the femur, with open focus",,,,Non-standard
NBCA010,Osteosynthesis of extracapsular fracture of the neck of the femur,,,,Non-standard
NBCB004,"Osteosynthesis of femoral shaft fracture by intramedullary material with distal locking, closed focus",,,,Non-standard
NBCB002,"Osteosynthesis of femoral shaft fracture by intramedullary material without distal locking, closed focus",,,,Non-standard
NBCA007,"Osteosynthesis of femoral shaft fracture, open focus",,,,Non-standard
NCCA014,"Osteosynthesis of fibular diaphysis fracture, open focus",,,,Non-standard
NACA004,"Osteosynthesis of fracture of the anterior and posterior columns of the acetabulum, by one or two approaches",,,,Non-standard
MDCA012,"Osteosynthesis of fracture of the base of the first metacarpal, with open focus",,,,Non-standard
MCCA005,"Osteosynthesis of fracture of the distal end of a bone of the forearm, with open focus",,,,Non-standard
MCCB002,"Osteosynthesis of fracture of the distal end of a bone or 2 bones of the forearm by external fixator, closed focus",,,,Non-standard
MCCA010,"Osteosynthesis of fracture of the distal end of the 2 bones of the forearm, with open focus",,,,Non-standard
NCCA012,"Osteosynthesis of fracture of the distal end of the fibula, open focus",,,,Non-standard
MBCA004,"Osteosynthesis of fracture of the greater tubercle [tuberosity] and / or of the minor tubercle [trochin], with open focus",,,,Non-standard
NCCC001,"Osteosynthesis of fracture of the intercondylar eminence of the tibia [intercondylar tubercles] [tibial spines], by arthroscopy",,,,Non-standard
NCCA003,"Osteosynthesis of fracture of the intercondylar eminence of the tibia [intercondylar tubercles] [tibial spines], by arthrotomy",,,,Non-standard
MACA002,"Osteosynthesis of fracture of the neck and / or glenoid of the scapula, with open focus",,,,Non-standard
MCCA009,"Osteosynthesis of fracture of the proximal end of the 2 bones of the forearm, with open focus",,,,Non-standard
LGCA001,"Osteosynthesis of fracture of the sacrum, by posterior approach",,,,Non-standard
NBCB001,"Osteosynthesis of fracture of the shaft of the femur by external fixator or pin, closed focus",,,,Non-standard
MBCA007,Osteosynthesis of fracture of the shaft of the humerus by external fixator,,,,Non-standard
MBCB002,"Osteosynthesis of fracture of the shaft of the humerus by intramedullary material, with closed focus",,,,Non-standard
MBCA011,"Osteosynthesis of fracture of the shaft of the humerus, open focus",,,,Non-standard
NDCB001,"Osteosynthesis of fracture of the talus or midfoot bones, closed focus",,,,Non-standard
LACA003,"Osteosynthesis of fracture of the zygomatic [malar] bone with repair of the floor of the orbit, by direct approach",,,,Non-standard
LACA002,"Osteosynthesis of fracture of the zygomatic [malar] bone, with open focus",,,,Non-standard
NCCB005,"Osteosynthesis of fracture or epiphyseal detachment of the distal end of a bone or of the 2 bones of the leg by pin or screw, closed focus",,,,Non-standard
MCCB004,"Osteosynthesis of fracture or epiphyseal detachment of the distal end of a forearm bone by means of a wire, closed focus",,,,Non-standard
NBCB006,"Osteosynthesis of fracture or epiphyseal detachment of the distal end of the femur, with closed focus",,,,Non-standard
NCCB007,Osteosynthesis of fracture or epiphyseal detachment of the distal end of the tibia by transplant nail,,,,Non-standard
NCCA001,Osteosynthesis of fracture or epiphyseal detachment of the distal end of the tibia or of the 2 bones of the leg by external fixator,,,,Non-standard
NCCB001,"Osteosynthesis of fracture or epiphyseal detachment of the distal end of the tibia or of the 2 bones of the leg by wire or screw and by external fixator, with closed focus",,,,Non-standard
NCCA005,"Osteosynthesis of fracture or epiphyseal detachment of the medial [tibial] malleolus, open focus",,,,Non-standard
NCCB002,"Osteosynthesis of fracture or epiphyseal detachment of the proximal end of the tibia or of the 2 bones of the leg, with closed focus",,,,Non-standard
NACB001,"Osteosynthesis of fracture or fracture-dislocation of the pelvic girdle [of the pelvis], with closed focus",,,,Non-standard
NCCA019,"Osteosynthesis of fracture or supramalleolar epiphyseal detachment of the 2 bones of the leg, with open focus",,,,Non-standard
NCCA011,"Osteosynthesis of fracture or supramalleolar epiphyseal detachment of the tibia, open focus",,,,Non-standard
MBCA009,"Osteosynthesis of fracture-dislocation of the proximal end of the humerus, open focus",,,,Non-standard
NDCA003,"Osteosynthesis of fractures of several bones of the forefoot, open focus",,,,Non-standard
MDCA006,"Osteosynthesis of fractures of several carpal bones, open focus",,,,Non-standard
NBCA009,Osteosynthesis of homolateral fractures of the neck and shaft of the femur,,,,Non-standard
LACA001,"Osteosynthesis of infraorbital edge fracture, open focus",,,,Non-standard
NBCA006,Osteosynthesis of infratrochanteric or trochanterodiaphyseal fracture of the femur,,,,Non-standard
MBCA001,Osteosynthesis of infratuberosal extraarticular fracture of the humerus,,,,Non-standard
LBCA010,"Osteosynthesis of intermaxillary disjunction or fracture of the palate, by intraoral approach",,,,Non-standard
NBCA005,"Osteosynthesis of intracapsular fracture of the [transcervical] neck of the femur, epiphyseal detachment or epiphysis of the proximal end of the femur",,,,Non-standard
MBCA012,"Osteosynthesis of intracapsular fracture of the distal end of the humerus, with open focus",,,,Non-standard
LACA008,"Osteosynthesis of multiple lateral facial fractures with open focus, by coronal approach",,,,Non-standard
LACA007,"Osteosynthesis of multiple lateral facial fractures with open focus, by facial approach",,,,Non-standard
LACA005,"Osteosynthesis of naso-ethmoido-maxillo-fronto-orbital fracture, by coronal approach",,,,Non-standard
LACA013,"Osteosynthesis of open fronto-naso-maxillary fracture, by facial approach",,,,Non-standard
MDCA005,"Osteosynthesis of pseudarthrosis of the scaphoid bone, open focus",,,,Non-standard
MDCA001,"Osteosynthesis of scaphoid bone fracture, open focus",,,,Non-standard
MACA003,"Osteosynthesis of scapular fracture, open focus",,,,Non-standard
MCCA001,"Osteosynthesis of simple fracture or epiphyseal detachment of the proximal end of a forearm bone, open focus",,,,Non-standard
NDCA001,"Osteosynthesis of simple fracture or fracture-dislocation of the calcaneus, with open focus",,,,Non-standard
NBCA015,"Osteosynthesis of simple supracondylar and intercondylar fracture of the femur, with open focus",,,,Non-standard
LJCA001,Osteosynthesis of sternum fracture,,,,Non-standard
LDCA007,"Osteosynthesis of the cervical spine, by anterior approach with mandibulotomy",,,,Non-standard
12.03.04,Osteosynthesis of the chest wall,,,,Non-standard
14.02.01.02,Osteosynthesis of the coxal bone,,,,Non-standard
14.02.02.02,Osteosynthesis of the femur,,,,Non-standard
13.02.04.02,Osteosynthesis of the forearm bones,,,,Non-standard
NBCA004,Osteosynthesis of the greater trochanter for pseudarthrosis,,,,Non-standard
13.02.03.02,Osteosynthesis of the humerus,,,,Non-standard
14.02.04.02,Osteosynthesis of the leg bones,,,,Non-standard
LFCA001,"Osteosynthesis of the lumbosacral junction with exploration of the canal contents, by posterior approach",,,,Non-standard
LFCA002,"Osteosynthesis of the lumbosacral junction without exploration of the canal content, by posterior approach",,,,Non-standard
11.02.04.02,Osteosynthesis of the mandible,,,,Non-standard
13.02.01.02,Osteosynthesis of the scapula,,,,Non-standard
LHCA011,Osteosynthesis of the spine by external fixator,,,,Non-standard
LDCA013,"Osteosynthesis of the spine with exploration of the canal contents, by anterior cervicotomy or by anterolateral cervicotomy",,,,Non-standard
LDCA012,"Osteosynthesis of the spine with exploration of the canal contents, by anterior or anterolateral cervicotomy and by posterior approach",,,,Non-standard
LFCA004,"Osteosynthesis of the spine with exploration of the canal contents, by laparotomy or by lumbotomy",,,,Non-standard
LFCA003,"Osteosynthesis of the spine with exploration of the canal contents, by laparotomy or lumbotomy and by posterior approach",,,,Non-standard
LECA001,"Osteosynthesis of the spine with exploration of the canal contents, by thoraco-phreno-laparotomy",,,,Non-standard
LECA004,"Osteosynthesis of the spine with exploration of the canal contents, by thoraco-phreno-laparotomy and by posterior approach",,,,Non-standard
LECA005,"Osteosynthesis of the spine with exploration of the canal contents, by thoracotomy",,,,Non-standard
LECA002,"Osteosynthesis of the spine with exploration of the canal contents, by thoracotomy and by posterior approach",,,,Non-standard
LHCA001,"Osteosynthesis of the spine without exploration of the canal contents, by anterior approach and by posterior approach",,,,Non-standard
LDCA004,"Osteosynthesis of the tooth of the axis [odontoid process of C2], by anterior or anterolateral cervicotomy",,,,Non-standard
LDCA008,"Osteosynthesis of the tooth of the axis [odontoid process of C2], by intraoral approach",,,,Non-standard
NCCB006,"Osteosynthesis of tibial diaphysis fracture by intramedullary material with distal locking, closed focus",,,,Non-standard
NCCB004,"Osteosynthesis of tibial diaphysis fracture by intramedullary material without distal locking, closed focus",,,,Non-standard
NCCA010,Osteosynthesis of tibial shaft fracture by external fixator,,,,Non-standard
NCCA002,"Osteosynthesis of tibial shaft fracture, open focus",,,,Non-standard
LBCB002,"Osteosynthesis of unifocal extracondylar fracture of the mandible, closed focus",,,,Non-standard
LBCA006,"Osteosynthesis of unifocal extracondylar fracture of the mandible, open focus",,,,Non-standard
LACA004,"Osteosynthesis of unilateral fracture of the anterior wall of the frontal sinus with open focus, by coronal approach",,,,Non-standard
LACA019,"Osteosynthesis of unilateral fracture of the anterior wall of the frontal sinus with open focus, by facial approach",,,,Non-standard
LACB003,"Osteosynthesis of unstable panfacial fracture by pericranial anchorage, closed hearth appliance",,,,Non-standard
MDPA004,"Osteotomy of a bone in the hand, with tendon release and / or joint mobilizing release",,,,Non-standard
MDPA002,Osteotomy of a hand bone,,,,Non-standard
NDPA004,"Osteotomy of a lateral metatarsal or toe phalanx, on a radius of the foot",,,,Non-standard
NDPA014,"Osteotomy of a lateral metatarsal, with release of the metatarsophalangeal joint",,,,Non-standard
LBPA024,"Osteotomy of a segment of the maxilla to correct a fragmentary malposition after an orofacial cleft, by intraoral approach",,,,Non-standard
MDPA003,Osteotomy of several bones in the hand,,,,Non-standard
MDPA001,"Osteotomy of several bones of the hand, with tendon release and / or joint mobilizing release",,,,Non-standard
MAPA003,"Osteotomy of the acromion and / or the spine of the scapula, by direct approach",,,,Non-standard
NDPA003,Osteotomy of the calcaneus or talus,,,,Non-standard
NDPA006,Osteotomy of the calcaneus with disinsertion of the muscles of the sole of the foot,,,,Non-standard
MAPA002,"Osteotomy of the clavicle, by direct approach",,,,Non-standard
MCPA003,Osteotomy of the distal end of the 2 bones of the forearm,,,,Non-standard
MCPA002,Osteotomy of the distal end of the radius,,,,Non-standard
MCPA009,Osteotomy of the distal end of the radius with partial or total resection of the distal end of the ulna,,,,Non-standard
14.02.02.03,Osteotomy of the femur,,,,Non-standard
NCPA007,Osteotomy of the fibula,,,,Non-standard
MDPA005,Osteotomy of the first metacarpal for congenital malformation,,,,Non-standard
NDPA001,Osteotomy of the first metatarsal,,,,Non-standard
NDPA008,"Osteotomy of the first metatarsal, with mobilizing release of the metatarsophalangeal joint of the first toe",,,,Non-standard
13.02.04.03,Osteotomy of the forearm bones,,,,Non-standard
NBPA014,Osteotomy of the greater trochanter,,,,Non-standard
14.02.01.03,Osteotomy of the hip bone,,,,Non-standard
LAPA010,"Osteotomy of the lateral third of the face, by coronal approach",,,,Non-standard
14.02.04.03,Osteotomy of the leg bones,,,,Non-standard
NDPA007,"Osteotomy of the medial cuneiform bone and the first metatarsal, with mobilizing release of the metatarsophalangeal joint of the first toe",,,,Non-standard
NDPA005,"Osteotomy of the medial cuneiform bone, metatarsal and proximal phalanx of the first ray of the foot, with mobilizing release of the metatarsophalangeal joint of the first toe",,,,Non-standard
NDPA012,"Osteotomy of the medial cuneiform bone, with mobilizing release of the metatarsophalangeal joint of the first toe",,,,Non-standard
NDPA011,"Osteotomy of the metatarsal and proximal phalanx of the first ray of the foot, with mobilizing release of the metatarsophalangeal joint of the first toe",,,,Non-standard
NDPA002,"Osteotomy of the metatarsal and proximal phalanx of the first ray of the foot, with mobilizing release of the metatarsophalangeal joint of the first toe and osteotomy of a lateral metatarsal",,,,Non-standard
NDPA013,"Osteotomy of the metatarsal and proximal phalanx of the first ray of the foot, with mobilizing release of the metatarsophalangeal joint of the first toe and osteotomy of several lateral metatarsals",,,,Non-standard
LAPA004,"Osteotomy of the nasoethmoid-maxillo-fronto-orbital complex for callus vicious, by facial approach and by coronal approach",,,,Non-standard
NDPA009,Osteotomy of the proximal phalanx and mobilizing release of the metatarsophalangeal joint of the first toe,,,,Non-standard
13.02.01.03,Osteotomy of the scapula,,,,Non-standard
NCPA001,"Osteotomy of the tuberosity of the tibia [anterior tibial tuberosity] or mobilization of the patellar ligament [patellar tendon] to refocus the limpet, by arthrotomy",,,,Non-standard
NCPA002,"Osteotomy of the tuberosity of the tibia [anterior tibial tuberosity] or mobilization of the patellar ligament [patellar tendon] with capsulo-myo-tenoplasty for refocusing of the limpet, by arthrotomy",,,,Non-standard
NCPA003,"Osteotomy of the tuberosity of the tibia [anterior tibial tuberosity] or mobilization of the patellar ligament [patellar tendon] with osteotomy of the patellar surface [trochlea] of the femur for re-centering of the limpet, by arthrotomy",,,,Non-standard
LAPA002,"Osteotomy of the zygomatic [malar] bone, by facial approach",,,,Non-standard
15.02.04,"Osteotomy, without topographic precision",,,,Non-standard
12.04.03.05,Other abdominal wall repairs,,,,Non-standard
17.04.01.06,Other acts of preparation for external irradiation,,,,Non-standard
19.01.10.04,Other acts of radiotherapy,,,,Non-standard
04.03.05.03,Other acts on the carotid bifurcation,,,,Non-standard
04.02.02.07,Other acts on the orifices of the heart,,,,Non-standard
16.03.10.04,Other acts related to the creation of a flap,,,,Non-standard
18.02.06.03,Other additional actions on the respiratory system,,,,Non-standard
04.01.04.16,Other angiograms,,,,Non-standard
11.05.02,Other appliances on the skull and face,,,,Non-standard
16.03.09,Other autografts in the integuments,,,,Non-standard
07.02.02.12,Other avulsions of teeth or roots,,,,Non-standard
11.02.03.08,Other bone resections of the middle level of the face,,,,Non-standard
04.01.01.03,Other cardiac electrophysiological explorations,,,,Non-standard
12.02.01.14,Other cervical spinal cord decompressions,,,,Non-standard
04.07.02.04,Other circulatory assistance technique,,,,Non-standard
18.02.17,Other complementary actions,,,,Non-standard
18.02.07.07,Other complementary actions on the digestive system,,,,Non-standard
18.02.01.03,Other complementary actions on the nervous system,,,,Non-standard
18.02.17.03,Other complementary anesthesia procedures,,,,Non-standard
18.02.17.01,Other complementary diagnostic procedures,,,,Non-standard
18.02.04.02,Other complementary diagnostic procedures on the circulatory system,,,,Non-standard
18.02.17.02,Other complementary therapeutic actions,,,,Non-standard
18.02.04.07,Other complementary therapeutic actions on the circulatory system,,,,Non-standard
16.02.07,Other diagnostic procedures on the breast,,,,Non-standard
04.01.11,Other diagnostic procedures on the circulatory system,,,,Non-standard
07.01.14,Other diagnostic procedures on the digestive system,,,,Non-standard
02.01.11,Other diagnostic procedures on the eye and its appendages,,,,Non-standard
01.01.15,Other diagnostic procedures on the nervous system,,,,Non-standard
16.01.07,Other diagnostic procedures on the skin and soft tissues,,,,Non-standard
08.01.10,Other diagnostic procedures on the urinary and genital tract,,,,Non-standard
12.04.02.05,Other diaphragm hernia cures,,,,Non-standard
01.01.01.07,Other electrophysiological investigations of the nervous system,,,,Non-standard
08.03.02.02,Other exereses of scrotal contents,,,,Non-standard
03.01.01.04,Other explorations of hearing,,,,Non-standard
02.01.05,Other eye imaging procedures,,,,Non-standard
02.02.09,Other eyebrow and eyelid plasties,,,,Non-standard
08.01.05.04,Other functional tests of the urinary and genital tract,,,,Non-standard
02.01.06.03,Other functional tests on the eye,,,,Non-standard
15.01.04,"Other imaging procedures of the osteoarticular and muscular apparatus, without topographic precision",,,,Non-standard
07.02.01.05,Other lip plasties,,,,Non-standard
04.04.03.07,Other lower limb vein resection,,,,Non-standard
04.04.03.05,Other lower limb vein restorations,,,,Non-standard
19.03.04,Other modifiers,,,,Non-standard
06.02.01.05,Other nose plasties,,,,Non-standard
09.03.04.03,Other obstetric therapeutic acts,,,,Non-standard
11.02.03.06,Other osteotomies of the middle level of the face,,,,Non-standard
04.06.09,Other palliative therapeutic acts for congenital heart disease,,,,Non-standard
01.01.09.04,Other potentials mentioned,,,,Non-standard
07.01.11.02,"Other punctures, biopsies and samples from the digestive system",,,,Non-standard
08.01.07.02,"Other punctures, biopsies and samples from the urinary tract",,,,Non-standard
11.02.03.10,Other repairs to the skeleton of the middle level of the face,,,,Non-standard
03.03.02.03,Other resections of middle ear lesions,,,,Non-standard
08.04.01.04,Other resections of the appendages of the uterus,,,,Non-standard
17.02.06.02,Other specific tissue examinations,,,,Non-standard
17.02.04.02,Other specific tissue examinations,,,,Non-standard
04.06.11,Other therapeutic acts for congenital heart disease,,,,Non-standard
07.02.06.10,Other therapeutic acts for orofacial cleft,,,,Non-standard
15.02.08,"Other therapeutic acts on bones and joints, without topographic precision",,,,Non-standard
05.02.02.06,Other therapeutic acts on lymphatic vessels and nodes,,,,Non-standard
10.02.04.03,Other therapeutic acts on parathyroids,,,,Non-standard
04.05,OTHER THERAPEUTIC ACTS ON SHIPS,,,,Non-standard
15.03.06,"Other therapeutic acts on soft tissues, without topographic precision",,,,Non-standard
07.03.08.12,Other therapeutic acts on the anus,,,,Non-standard
08.04.01.08,Other therapeutic acts on the appendages of the uterus,,,,Non-standard
04.03.16,Other therapeutic acts on the arteries,,,,Non-standard
04.03.16.03,Other therapeutic acts on the arteries,,,,Non-standard
04.03.15.08,Other therapeutic acts on the arteries of the lower limb,,,,Non-standard
08.02.03.12,Other therapeutic acts on the bladder,,,,Non-standard
14.02.07.03,Other therapeutic acts on the bones of the foot,,,,Non-standard
13.02.04.06,Other therapeutic acts on the bones of the forearm,,,,Non-standard
14.02.04.06,Other therapeutic acts on the bones of the leg,,,,Non-standard
14.02.07,Other therapeutic acts on the bones of the lower limb,,,,Non-standard
13.02.07,Other therapeutic acts on the bones of the upper limb,,,,Non-standard
01.05.03.04,Other therapeutic acts on the brachial plexus,,,,Non-standard
01.02.03,Other therapeutic acts on the brain,,,,Non-standard
01.03.04,Other therapeutic acts on the central nervous system and cerebrospinal fluid,,,,Non-standard
04.04.01.05,Other therapeutic acts on the cervicocephalic veins and the veins of the upper limb,,,,Non-standard
02.04.02.07,Other therapeutic acts on the cornea,,,,Non-standard
04.02.04.03,Other therapeutic acts on the coronary arteries,,,,Non-standard
01.05.01.07,Other therapeutic acts on the cranial nerves,,,,Non-standard
04.03.12.08,Other therapeutic acts on the digestive arteries,,,,Non-standard
07.03.09,Other therapeutic acts on the digestive tract,,,,Non-standard
07.03.01.03,"Other therapeutic acts on the esophagus, by endoscopy",,,,Non-standard
04.03.06.06,Other therapeutic acts on the extracranial carotid artery,,,,Non-standard
02.06,OTHER THERAPEUTIC ACTS ON THE EYE AND ORBIT,,,,Non-standard
02.02.10,Other therapeutic acts on the eyebrow and eyelid,,,,Non-standard
14.02.02.07,Other therapeutic acts on the femur,,,,Non-standard
05.03.03,Other therapeutic acts on the immune and hematopoietic systems,,,,Non-standard
03.04.03,Other therapeutic acts on the inner ear,,,,Non-standard
16.03.16,Other therapeutic acts on the integuments,,,,Non-standard
04.03.14.05,Other therapeutic acts on the internal iliac artery,,,,Non-standard
12.02.02.04,Other therapeutic acts on the intervertebral discs,,,,Non-standard
14.03.06,Other therapeutic acts on the joints of the lower limb,,,,Non-standard
13.03.06,Other therapeutic acts on the joints of the upper limb,,,,Non-standard
08.02.01.07,Other therapeutic acts on the kidney,,,,Non-standard
14.03.03.13,Other therapeutic acts on the knee joint,,,,Non-standard
02.03.06,Other therapeutic acts on the lacrimal passages,,,,Non-standard
06.02.05.06,Other therapeutic acts on the larynx,,,,Non-standard
07.04.15,Other therapeutic acts on the liver and bile ducts,,,,Non-standard
14.05,OTHER THERAPEUTIC ACTS ON THE LOWER LIMB,,,,Non-standard
01.05.06.05,Other therapeutic acts on the lumbosacral plexus and the nerves of the lower limb,,,,Non-standard
11.02.04.06,Other therapeutic acts on the mandible,,,,Non-standard
13.02.06.07,Other therapeutic acts on the metacarpus and phalanges of the fingers,,,,Non-standard
03.03.02.06,Other therapeutic acts on the middle ear,,,,Non-standard
13.04.01.05,Other therapeutic acts on the muscles and soft tissues of the shoulder girdle and the arm,,,,Non-standard
13.04.03,"Other therapeutic acts on the muscles, tendons and soft tissues of the hand",,,,Non-standard
06.02.02.04,Other therapeutic acts on the nasal cavity,,,,Non-standard
01.05.04.05,Other therapeutic acts on the nerves of the upper limb,,,,Non-standard
01.07,OTHER THERAPEUTIC ACTS ON THE NERVOUS SYSTEM,,,,Non-standard
06.02.01.06,Other therapeutic acts on the nose,,,,Non-standard
07.02.06.11,Other therapeutic acts on the oral cavity,,,,Non-standard
02.05.02.07,Other therapeutic acts on the orbit and its contents,,,,Non-standard
03.02.09,Other therapeutic acts on the outer ear,,,,Non-standard
06.02.03.05,Other therapeutic acts on the paranasal sinuses,,,,Non-standard
07.02.05.04,Other therapeutic acts on the periodontium,,,,Non-standard
07.06.09,Other therapeutic acts on the peritoneum and peritoneal folds,,,,Non-standard
07.02.08.08,Other therapeutic acts on the pharynx,,,,Non-standard
06.03.11,Other therapeutic acts on the pleura and the lungs,,,,Non-standard
04.03.02.03,Other therapeutic acts on the pulmonary artery,,,,Non-standard
07.03.07.09,Other therapeutic acts on the rectum,,,,Non-standard
04.03.13.07,Other therapeutic acts on the renal artery,,,,Non-standard
02.04.05.09,"Other therapeutic acts on the retina, choroid and vitreous body",,,,Non-standard
07.02.02.08,Other therapeutic acts on the root of the tooth,,,,Non-standard
08.03.02.10,Other therapeutic acts on the scrotum and scrotal contents,,,,Non-standard
11.02.05.06,Other therapeutic acts on the skeleton of the skull and the face,,,,Non-standard
11.02.05,Other therapeutic acts on the skull and face,,,,Non-standard
07.03.04.12,Other therapeutic acts on the small intestine,,,,Non-standard
14.04.03.08,Other therapeutic acts on the soft tissues of the foot,,,,Non-standard
14.04.02.05,Other therapeutic acts on the soft tissues of the knee,,,,Non-standard
01.03.01.06,Other therapeutic acts on the spinal cord,,,,Non-standard
01.03.02.05,Other therapeutic acts on the spinal meninges and cerebrospinal fluid [CSL],,,,Non-standard
01.05.07.07,Other therapeutic acts on the spinal nerves,,,,Non-standard
01.05.07,Other therapeutic acts on the spinal nerves,,,,Non-standard
12.02.03.03,Other therapeutic acts on the spine,,,,Non-standard
05.03.01.03,Other therapeutic acts on the spleen,,,,Non-standard
07.03.02.13,Other therapeutic acts on the stomach and duodenum,,,,Non-standard
04.03.10,Other therapeutic acts on the supraaortic trunks,,,,Non-standard
11.03.07,Other therapeutic acts on the temporomandibular joint,,,,Non-standard
11.02.02.04,Other therapeutic acts on the upper level of the face,,,,Non-standard
13.05,OTHER THERAPEUTIC ACTS ON THE UPPER LIMB,,,,Non-standard
07.03.03.04,Other therapeutic acts on the upper part of the digestive tract,,,,Non-standard
07.03.03,Other therapeutic acts on the upper part of the digestive tract,,,,Non-standard
08.02.02.19,Other therapeutic acts on the upper urinary tract,,,,Non-standard
08.02.04.13,Other therapeutic acts on the urethra,,,,Non-standard
08.04.04.07,Other therapeutic acts on the vagina,,,,Non-standard
11.02.01.04,Other therapeutic acts on the vault of the skull,,,,Non-standard
04.04.10,Other therapeutic acts on the veins,,,,Non-standard
04.04.10.05,Other therapeutic acts on the veins,,,,Non-standard
04.04.03.09,Other therapeutic acts on the veins of the limbs,,,,Non-standard
12.02.01.18,Other therapeutic acts on the vertebrae,,,,Non-standard
04.03.07.05,Other therapeutic acts on the vertebral artery,,,,Non-standard
04.05.09,Other therapeutic acts on the vessels,,,,Non-standard
04.02.01.05,Other therapeutic acts on the walls of the heart,,,,Non-standard
17.03.06,"Other therapeutic acts, without topographic precision",,,,Non-standard
04.03.11.10,Other therapeutic procedures on the abdominal aorta and the common iliac and external iliac arteries,,,,Non-standard
04.04.07.02,Other treatments for hemorrhoids,,,,Non-standard
04.01.03.08,Other ultrasounds of the circulatory system,,,,Non-standard
JJFA008,"Ovarian cystectomy, by laparotomy",,,,Non-standard
HHFA032,"Ovarian cystectomy, by vaginal approach during an intervention by vaginal approach",,,,Non-standard
08.04.01.03,Ovarian resection,,,,Non-standard
08.04.01.06,Ovarian transposition,,,,Non-standard
GLLD017,"Oxygen therapy with continuous oximetry monitoring, apart from mechanical ventilation, per 24 hours",,,,Non-standard
04.02.03.02,Pacemaker implantation,,,,Non-standard
19.01,PACKAGES AND TRANSITIONAL ACTS,,,,Non-standard
HERD001,Painful provocation test for esophageal disease,,,,Non-standard
JGFA014,"Palliative resection of the prostate [Urethral recalibration], by urethrocystoscopy",,,,Non-standard
MJPA005,"Palmar fasciotomy [Aponeurotomy], by direct approach",,,,Non-standard
MJPB001,"Palmar fasciotomy [Aponeurotomy], transcutaneously",,,,Non-standard
13.04.03.05,Palmar fasciotomy and fasciectomy,,,,Non-standard
MJFA006,"Palmodigital fasciectomy [Aponeurectomy] on a ray of the hand, by direct approach",,,,Non-standard
MJFA010,"Palmodigital fasciectomy [Aponeurectomy] on several rays of the hand, by direct approach",,,,Non-standard
HHQD900,Pancolic electromyography,,,,Non-standard
HHQD901,Pancolic manometry,,,,Non-standard
HNEA002,"Pancreas and kidney transplantation, by laparotomy",,,,Non-standard
07.05.08,Pancreas removal and transplantation,,,,Non-standard
HNEH900,"Pancreatic islet transplantation, by injection into the portal vein by transcutaneous route with radiological guidance",,,,Non-standard
HNFA001,"Pancreatic isthmectomy with restoration of continuity of the pancreatic duct, by laparotomy",,,,Non-standard
HNFC027,"Pancreatic necrosectomy, by laparoscopy",,,,Non-standard
HNFA012,"Pancreatic necrosectomy, by laparotomy",,,,Non-standard
07.05.07,Pancreatic resection,,,,Non-standard
HNGE001,"Pancreatic stone ablation, by eso-gastro-duodenoscopy",,,,Non-standard
07.05.03,Pancreatic stone removal and destruction,,,,Non-standard
HNEA900,"Pancreatic transplantation, by laparotomy",,,,Non-standard
HNFC001,"Pancreatic tumor resection, by laparoscopy",,,,Non-standard
HNFA005,"Pancreatic tumor resection, by laparotomy",,,,Non-standard
07.05.05,Pancreatic wound suture,,,,Non-standard
HNCA006,"Pancreatic wound suture with reconstruction of the pancreatic duct, by laparotomy",,,,Non-standard
07.05.06,Pancreaticojejunal anastomosis,,,,Non-standard
HNCA003,"Pancreaticojejunal anastomosis with biliojejunal anastomosis and gastrojejunostomy, by laparotomy",,,,Non-standard
HNCA002,"Pancreaticojejunal anastomosis with biliojejunal anastomosis, by laparotomy",,,,Non-standard
HNCA004,"Pancreaticojejunal anastomosis with gastrojejunostomy, by laparotomy",,,,Non-standard
HNCA007,"Pancreaticojejunal anastomosis, by laparotomy",,,,Non-standard
HNQH004,"Pancreatography, by injection of contrast medium via the skin, with ultrasound guidance",,,,Non-standard
GEQE013,Panendoscopic examination of the upper aerodigestive tract with tracheoscopy and esophagoscopy,,,,Non-standard
HBQK002,Panoramic dentomaxillary x-ray,,,,Non-standard
JEHD001,Pap smear and / or urethral swab,,,,Non-standard
06.01.08.02,Paranasal sinus endoscopy,,,,Non-standard
GBJD001,Paranasal sinus lavage session by displacement method,,,,Non-standard
GBQD001,Paranasal sinus manometry,,,,Non-standard
KFFA001,"Parapharyngeal tumor resection, by cervicotomy",,,,Non-standard
KDQL001,Parathyroid gland scintigraphy,,,,Non-standard
10.02.04.02,Parathyroidectomy,,,,Non-standard
JLJA002,"Paravaginal collection evacuation, by lateral colpotomy",,,,Non-standard
HCSA001,Parenchymal or juxtaglandular salivary fistula closure,,,,Non-standard
HSLF002,"Parenteral nutrition with an intake of 20 to 35 kilocalories per kilogram per day [kcal / kg / day], per 24 hours",,,,Non-standard
HSLF003,"Parenteral nutrition with intake of more than 35 kilocalories per kilogram per day [kcal / kg / day], per 24 hours",,,,Non-standard
JHFA016,Partial amputation of the penis,,,,Non-standard
HHQE004,Partial colonoscopy beyond the sigmoid colon,,,,Non-standard
08.02.03.06,Partial cystectomy,,,,Non-standard
JDFA014,"Partial cystectomy with implantation of material for interstitial irradiation of the bladder, by laparotomy",,,,Non-standard
JDFA017,"Partial cystectomy with ureterovesical reimplantation, by laparotomy",,,,Non-standard
JDFC023,"Partial cystectomy, by laparoscopy",,,,Non-standard
JDFA011,"Partial cystectomy, by laparotomy",,,,Non-standard
HFFA008,"Partial degastrogastrectomy with restoration of continuity, by laparotomy",,,,Non-standard
BENA002,Partial destruction of the ciliary body,,,,Non-standard
LLFA013,"Partial diaphragm resection with prosthesis, by thoracotomy",,,,Non-standard
LLFA003,"Partial diaphragm resection without prosthesis, by thoracotomy",,,,Non-standard
GDFE009,"Partial epiglottectomy, by direct laryngoscopy with laser",,,,Non-standard
GDFE008,"Partial epiglottectomy, by direct laryngoscopy without laser",,,,Non-standard
MDFA002,"Partial excision of a bone in the hand without interrupting the continuity, by direct approach",,,,Non-standard
MZFA006,"Partial excision of a bone in the upper limb without interruption of continuity, by direct approach",,,,Non-standard
HAFA005,"Partial excision of the base of the tongue and / or the tonsil groove, by intraoral approach",,,,Non-standard
QZFA039,Partial excision of the nail apparatus,,,,Non-standard
NAFA002,"Partial exeresis of the hip bone without interruption of the continuity, by direct approach",,,,Non-standard
NBCA012,"Partial fracture osteosynthesis of the head of the femur, by arthrotomy",,,,Non-standard
HAFA023,"Partial glossectomy of mobile tongue, by intraoral approach",,,,Non-standard
08.02.01.02,Partial kidney resection,,,,Non-standard
QEFA017,Partial mastectomy,,,,Non-standard
QEFA008,Partial mastectomy with axillary lymphonodal dissection,,,,Non-standard
LARA002,"Partial mobilization of a frame of the orbit, by extracranial approach",,,,Non-standard
LARA001,"Partial mobilization of the orbit frames horizontally or by facial bipartition, by extracranial approach",,,,Non-standard
JAFA019,"Partial nephrectomy with dissection of the vascular pedicle, by laparotomy",,,,Non-standard
JAFA008,"Partial nephrectomy with dissection of the vascular pedicle, by lumbotomy or by posterior lumbar approach",,,,Non-standard
JAFA030,"Partial nephrectomy without dissection of the vascular pedicle, by laparotomy",,,,Non-standard
JAFA024,"Partial nephrectomy without dissection of the vascular pedicle, by lumbotomy or by vertical lumbar approach",,,,Non-standard
JAFC005,"Partial nephrectomy, by laparoscopy or by retroperitoneoscopy",,,,Non-standard
06.03.01,Partial non-anatomical resection of the lung,,,,Non-standard
GFFC002,"Partial non-anatomical resection of the lung, by thoracoscopy",,,,Non-standard
CAFA002,Partial non-transfixing resection of the auricle,,,,Non-standard
DHSA001,"Partial obliteration of the inferior vena cava, by laparotomy",,,,Non-standard
KEFA002,"Partial or total adrenalectomy, by direct approach",,,,Non-standard
KEFC002,"Partial or total adrenalectomy, by laparoscopy or by retroperitoneoscopy",,,,Non-standard
MGKA001,Partial or total change of a wrist joint prosthesis,,,,Non-standard
MFKA001,Partial or total change of an elbow joint prosthesis,,,,Non-standard
BCBP001,Partial or total conjunctival coverage of the cornea,,,,Non-standard
19.01.10.03,Partial or total cyclotherapy,,,,Non-standard
QZFA020,Partial or total excision of the tablet of a nail,,,,Non-standard
CCFA001,"Partial or total labyrinthectomy, by direct approach",,,,Non-standard
FCFA007,"Partial or total lymphangectomy of a limb, by direct approach",,,,Non-standard
BACA004,Partial or total opening of blepharorrhaphy or tarsorrhaphy,,,,Non-standard
MCFA002,Partial or total resection of the distal end of a forearm bone,,,,Non-standard
JJFC001,"Partial or total salpingectomy for ectopic pregnancy, by laparoscopy",,,,Non-standard
JJFA001,"Partial or total salpingectomy for ectopic pregnancy, by laparotomy",,,,Non-standard
BACA003,Partial or total suture of the free edges of the upper and lower eyelids,,,,Non-standard
LFFA014,"Partial or total vertebral corporectomy, by direct approach with preparation by laparoscopy or by retroperitoneoscopy",,,,Non-standard
LEFA014,"Partial or total vertebral corporectomy, by thoracoscopy or by thoracotomy with preparation by thoracoscopy",,,,Non-standard
HAFA007,"Partial oral pelvectomy, by intraoral approach",,,,Non-standard
HCFA008,Partial parotidectomy with dissection and conservation of the facial nerve,,,,Non-standard
HCFA004,Partial parotidectomy without facial nerve dissection,,,,Non-standard
NBFA005,"Partial patellectomy, by direct approach",,,,Non-standard
BKMA003,Partial reconstruction of the orbital cavity by autograft,,,,Non-standard
JRGC001,"Partial removal of a synthetic infraurethral sling, by laparoscopy",,,,Non-standard
JRGA002,"Partial removal of a synthetic infraurethral sling, by laparotomy",,,,Non-standard
JCKA001,"Partial replacement of the ureter by a digestive segment, by direct approach",,,,Non-standard
MDFA003,Partial resection of a carpal bone without arthrodesis,,,,Non-standard
LAFA013,"Partial resection of a facial bone without interruption of continuity, by direct approach",,,,Non-standard
NDFA002,"Partial resection of foot bones without interruption of continuity, by direct approach",,,,Non-standard
NBFA003,Partial resection of one end and / or the shaft of the femur without interrupting bone continuity,,,,Non-standard
NCFA005,Partial resection of one extremity and / or the shaft of the tibia without interruption of bone continuity,,,,Non-standard
LJFA010,"Partial resection of rib and / or sternum, by direct approach",,,,Non-standard
MGFA006,"Partial resection of the carpal bones for centralization of the wrist with osteosynthesis of the carpal and osteotomy of the diaphysis of the ulna, by direct approach",,,,Non-standard
12.04.02.01,Partial resection of the diaphragm,,,,Non-standard
CAFA011,Partial resection of the external acoustic meatus,,,,Non-standard
NBFA001,"Partial resection of the femur without interruption of continuity, by direct approach",,,,Non-standard
LBFA003,"Partial resection of the head of the condyle of the mandible, by facial approach",,,,Non-standard
NAFA004,Partial resection of the iliac wing or obturator frame that does not interrupt the continuity of the pelvic ring,,,,Non-standard
06.02.05.02,Partial resection of the larynx,,,,Non-standard
HBFD032,Partial resection of the living pulp of an immature permanent tooth for apexogenesis,,,,Non-standard
16.06.02,Partial resection of the mammary gland,,,,Non-standard
JJFC004,"Partial resection of the ovary, by laparoscopy",,,,Non-standard
JJFA002,"Partial resection of the ovary, by laparotomy",,,,Non-standard
MAFA006,"Partial resection of the scapula without interruption of continuity, by direct approach",,,,Non-standard
NCFA002,"Partial resection of the tibia and / or fibula without interruption of continuity, by multiple approaches",,,,Non-standard
NCFA006,"Partial resection of the tibia and / or fibula without interruption of continuity, by single approach",,,,Non-standard
MAFA001,"Partial scapulectomy removing the glenoid or total scapulectomy, by direct approach",,,,Non-standard
MAFA003,"Partial scapulectomy respecting the glenoid, by direct approach",,,,Non-standard
FFFC420,"Partial splenectomy, by laparoscopy",,,,Non-standard
FFFA002,"Partial splenectomy, by laparotomy",,,,Non-standard
CAFA005,Partial transfixing resection of the auricle,,,,Non-standard
JEFA004,Partial urethrectomy with cutaneous urethrostomy,,,,Non-standard
LDFA009,"Partial vertebral corporectomy, by anterior or anterolateral cervicotomy",,,,Non-standard
LFFA009,"Partial vertebral corporectomy, by laparotomy or by lumbotomy",,,,Non-standard
LEFA007,"Partial vertebral corporectomy, by thoraco-phreno-laparotomy",,,,Non-standard
LEFA010,"Partial vertebral corporectomy, by thoracotomy",,,,Non-standard
JMFA008,Partial vulvectomy with unilateral inguinal lymphonodal dissection,,,,Non-standard
JMFA003,Partial vulvectomy without lymphonodal dissection,,,,Non-standard
YYYY062,Participation of a 2nd surgeon during a cardiac surgery act,,,,Non-standard
NJBA002,Patellar ligament shortening [patellar tendon],,,,Non-standard
GDQX005,Pathological examination for oncology of part of vertical partial laryngectomy or total laryngectomy,,,,Non-standard
HNQX006,Pathological examination for oncology of partial or total duodenopancreatectomy part,,,,Non-standard
JEQX005,Pathological examination for oncology of partial or total ureterectomy specimen,,,,Non-standard
JMQX005,Pathological examination for oncology of partial vulvectomy part,,,,Non-standard
JPQX007,Pathological examination of a complete placenta with cord and membranes,,,,Non-standard
FCQX005,Pathological examination of a piece of excision of a sentinel lymph node [lymph node],,,,Non-standard
07.01.13.04,"Pathological examination of a piece of excision of the liver, pancreas or peritoneum",,,,Non-standard
HGQX003,Pathological examination of a piece of intestinal excision for chronic inflammatory bowel disease [IBD],,,,Non-standard
16.01.06.03,Pathological examination of excisional part of the skin and soft tissues,,,,Non-standard
FCQX007,Pathological examination of excisional piece of 3 sentinel lymph nodes [ganglia],,,,Non-standard
05.01.08.03,Pathological examination of excisional pieces of other organs of the immune and hematopoietic systems,,,,Non-standard
JPQX019,Pathological examination of several complete placentas with cords and membranes,,,,Non-standard
04.01.10,Pathological examination of the cardiovascular system,,,,Non-standard
10.01.05,Pathological examination of the endocrine glands,,,,Non-standard
02.01.10,Pathological examination of the eye and its appendages,,,,Non-standard
05.01.08,Pathological examination of the immune and hematopoietic systems,,,,Non-standard
06.01.11,Pathological examination of the respiratory system,,,,Non-standard
16.01.06,Pathological examination of the skin and soft tissues,,,,Non-standard
19.03.02,Patient's age,,,,Non-standard
YYYY095,"Pediatric assistance before birth, on call from the practitioner responsible for childbirth, for a situation of neonatal risk, with preparation of a report",,,,Non-standard
EGFA003,Pedicle hemorrhoidectomy by submucosal resection,,,,Non-standard
EGFA002,Pedicle hemorrhoidectomy by submucosal resection with posterior mucosal anoplasty and internal sphincterotomy [leiomyotomy],,,,Non-standard
AHEA001,"Pedicled autograft of a deep spinal nerve, by direct approach",,,,Non-standard
JMEA002,Pedicled neurovascular flap of the clitoris,,,,Non-standard
MDEA003,Pedunculated corticospongiosis autograft of the scaphoid bone,,,,Non-standard
HPJP001,Peeling of the outer sleeve of a peritoneal dialysis catheter,,,,Non-standard
08.06.02.03,Pelvectomy,,,,Non-standard
HBQK001,Pelvibuccal [occlusal] x-ray,,,,Non-standard
14.03.01.04,Pelvic girdle joint reconstruction [pelvis],,,,Non-standard
14.03.01.03,Pelvic girdle joint resection [pelvis],,,,Non-standard
FCFC003,"Pelvic lymphonodal [lymph node] dissection, by laparoscopy or retroperitoneoscopy",,,,Non-standard
FCFA006,"Pelvic lymphonodal [lymph node] dissection, by laparotomy",,,,Non-standard
JCFA003,"Pelvic segmental ureterectomy with restoration of ureteral continuity, by direct approach",,,,Non-standard
JCFA008,"Pelvic segmental ureterectomy with ureterovesical reimplantation and antireflux setup, by direct approach",,,,Non-standard
JCFA010,"Pelvic segmental ureterectomy with ureterovesical reimplantation and bladder plasty by mobilization [psoic bladder] or lengthening by pedicled flap, by direct approach",,,,Non-standard
JCFA009,"Pelvic segmental ureterectomy with ureterovesical reimplantation, by direct approach",,,,Non-standard
JCGE001,"Pelvic ureter stone removal and / or fragmentation, by retrograde ureteroscopy",,,,Non-standard
JCGA001,"Pelvic ureter stone removal, by direct approach",,,,Non-standard
JCGC001,"Pelvic ureter stone removal, by laparoscopy or retroperitoneoscopy",,,,Non-standard
JCNE002,Pelvic ureter tumor destruction by retrograde ureteroscopy,,,,Non-standard
JCFE002,Pelvic ureteral tumor resection by retrograde ureteroscopy,,,,Non-standard
HAMA026,Pelviglossoplasty,,,,Non-standard
HAJA002,"Pelvilingual collection evacuation, by intraoral approach",,,,Non-standard
ZCQK003,Pelvimetry by CT scan,,,,Non-standard
08.02.02.10,Pelvis and pyelo-ureteral junction plasty,,,,Non-standard
CERP004,Pendular or rotary vestibular test with electronystagmography or videonystagmography,,,,Non-standard
JHHA001,Penile biopsy,,,,Non-standard
08.03.03.03,Penile lesion excision,,,,Non-standard
08.03.03.07,Penile prosthesis placement,,,,Non-standard
08.03.03.05,Penile wound repair,,,,Non-standard
JHAA003,Penis enlargement,,,,Non-standard
JHAA001,"Penis lengthening with urethroplasty, for epispadias",,,,Non-standard
JHAA002,"Penis lengthening without urethroplasty, for epispadias",,,,Non-standard
08.03.03.01,Penis plasty,,,,Non-standard
JHQP002,Peniscopy,,,,Non-standard
15.02.01,"Perforation and bone drilling, without topographic precision",,,,Non-standard
PACB001,"Perforation or drilling of a bone, or intraosseous injection, by the transcutaneous route",,,,Non-standard
PACC001,"Perforation or drilling of a fertile epiphysis, by arthroscopy",,,,Non-standard
PACA001,"Perforation or drilling of a fertile epiphysis, by arthrotomy",,,,Non-standard
NBCB003,"Perforation, drilling, or intraosseous injection at the level of the head of the femur, by the transcutaneous route",,,,Non-standard
YYYY189,Performing an electroencephalography act during endothoracic surgery or neurosurgery,,,,Non-standard
NAPA006,Periacetabular osteotomy of the hip bone,,,,Non-standard
HKLB001,Perianal sclerosing injection in children,,,,Non-standard
HBGB004,Periapical curettage with apex resection and root filling of a molar,,,,Non-standard
HBGB002,Periapical curettage with apex resection and root filling of a premolar,,,,Non-standard
HBGB003,Periapical curettage with apex resection and root filling of an incisor or canine,,,,Non-standard
HBGB005,Periapical curettage with resection of the apex of an endodontically treated tooth root,,,,Non-standard
07.02.05.01,Periapical dental curettage,,,,Non-standard
CCSA001,Perilymph fistula closure,,,,Non-standard
LCJA003,"Perimaxillary or perimandibular collection evacuation, by intraoral approach",,,,Non-standard
JECA002,Perineal urethral wound suture,,,,Non-standard
HBJB001,Periodontal abscess evacuation,,,,Non-standard
HBQD001,Periodontal assessment,,,,Non-standard
HBMA004,Periodontal regeneration,,,,Non-standard
HBJA634,Periodontal remediation [scaling-root planing] [DSR] on 3 sextants or more,,,,Non-standard
HBJA003,Periodontal sanitation [scaling-root planing] [DSR] on 1 sextant,,,,Non-standard
HBJA171,Periodontal sanitation [scaling-root planing] [DSR] on 2 sextants,,,,Non-standard
TDS,Periodontology (procedures on supporting tissues of the tooth),,,,Non-standard
AHHA001,"Peripheral nerve biopsy, direct approach",,,,Non-standard
AHHB001,"Peripheral nerve biopsy, transcutaneously",,,,Non-standard
BEPA004,Peripheral or sectorial iridotomy or iridectomy without laser,,,,Non-standard
AJLF001,"Peripheral sympathetic drug block, by intravenous transcutaneous injection under ischemic tourniquet",,,,Non-standard
08.06.01.01,Perirenal collection evacuation,,,,Non-standard
07.06.02,Peritoneal catheter placement for dialysis,,,,Non-standard
JVQF001,Peritoneal dialysis dose assessment by multiple blood and dialysate samples,,,,Non-standard
JVQF007,Peritoneal dialysis dose assessment by single blood and dialysate sample,,,,Non-standard
ABCA003,"Peritoneal diversion of a subdural collection of cranial cerebrospinal fluid, by direct approach",,,,Non-standard
ABCA004,"Peritoneal or atrial bypass of intracranial cyst, by direct approach",,,,Non-standard
ABCA002,"Peritoneal or atrial diversion of ventricular cerebrospinal fluid, by direct approach",,,,Non-standard
HPQL001,Peritoneal scintigraphy,,,,Non-standard
HPCA001,Peritoneovenous shunt,,,,Non-standard
EQQP005,Periungual capillaroscopy,,,,Non-standard
08.02.04.11,Periurethral injection,,,,Non-standard
JELD001,"Periurethrocervical submucosal injection of heterologous material transvaginally, with endoscopic guidance",,,,Non-standard
EZSF001,Permanent intraoperative occlusion of a vascular trunk by balloon or embolization,,,,Non-standard
LAGA008,Petromastoid recess,,,,Non-standard
JHMA007,Phalloplasty by free skin flap,,,,Non-standard
JHMA008,Phalloplasty by pedicled inguinal flap,,,,Non-standard
JHMA004,Phalloplasty by penile tubular skin flap,,,,Non-standard
GERD001,Pharmacodynamic test with a bronchodilator in a functional respiratory test,,,,Non-standard
FAND001,Pharyngeal or lingual tonsil tissue destruction session,,,,Non-standard
07.02.08.06,Pharyngeal stenosis and diverticulum resection,,,,Non-standard
HDCA002,"Pharyngeal wound suture, by cervicotomy",,,,Non-standard
07.02.08.07,Pharyngectomy and enlarged pharyngectomy,,,,Non-standard
HDGA001,"Pharyngoesophageal foreign body removal, by cervicotomy",,,,Non-standard
HDMA008,Pharyngoplasty for velo-oro-rhino-pharyngeal stenosis,,,,Non-standard
HDMA006,Pharyngoplasty or sphincteroplasty to correct the phonetic sequelae of a cleft palate,,,,Non-standard
EBQH009,"Phlebography of a cervicocephalic axis, by transcutaneous intrajugular injection",,,,Non-standard
04.01.04.10,Phlebography of the cervicocephalic axes,,,,Non-standard
DHQH005,"Phlebography of the iliac and inferior vena cava [Iliocavography], by unilateral or bilateral intravenous transcutaneous femoral injection",,,,Non-standard
04.01.04.14,Phlebography of the inferior vena cava,,,,Non-standard
DHQH002,"Phlebography of the inferior vena cava [Inferior cavography], by the transcutaneous venous route",,,,Non-standard
04.01.04.13,Phlebography of the lower limb,,,,Non-standard
04.01.04.12,Phlebography of the superior vena cava,,,,Non-standard
DHQH003,"Phlebography of the superior vena cava [Superior cavography], by intravenous transcutaneous injection",,,,Non-standard
04.01.04.11,Phlebography of the upper limb,,,,Non-standard
GKQE001,Phonetic assessment of speech with fibroscopy of the pharynx and larynx via the nasal route,,,,Non-standard
GKQP002,Phoniatric assessment of communication in children with hearing loss,,,,Non-standard
GKQP005,Phoniatric assessment of communication in hearing-impaired adults,,,,Non-standard
02.04.05.02,"Photocoagulation, cryoapplication and other destruction of the posterior segment of the eye",,,,Non-standard
HENE001,"Photodynamic destruction session of lesion of the esophagus and / or stomach with laser, by eso-gastro-duodenoscopy",,,,Non-standard
GENE003,"Photodynamic tissue destruction of lesion of the tracheobronchial tree with laser, by fibroscopy",,,,Non-standard
QZRP001,Photoepidermotest by battery of tests,,,,Non-standard
BDFP002,Photokeratectomy with excimer laser,,,,Non-standard
QZRP002,"Phototherapy session of the hand, foot and / or scalp, using ultraviolet A [UVA] or ultraviolet B [UVB] rays",,,,Non-standard
AHGA001,Phrenic nerve stimulation electrode ablation by thoracotomy,,,,Non-standard
AHLA002,"Phrenic nerve stimulation electrode implantation by thoracotomy, with placement of an external stimulator",,,,Non-standard
QZNP008,"Pigment skin lesion destruction session on 60 cm? to 100 cm?, with switched crystal laser [Q switched] or with flash lamp",,,,Non-standard
QZNP010,"Pigment skin lesion destruction session over 100 cm?, with switched crystal laser [Q switched] or with flash lamp",,,,Non-standard
QZNP016,"Pigment skin lesion destruction session over 30 cm? to 60 cm?, with switched crystal laser [Q switched] or with flash lamp",,,,Non-standard
QZNP023,"Pigmentary skin lesion destruction session over less than 30 cm?, with switched crystal laser [Q switched] or with flash lamp",,,,Non-standard
16.03.11,Placement and removal of a skin and subcutaneous cell tissue expansion device or permanent subcutaneous implant,,,,Non-standard
LBLD075,Placement of 1 intraoral intraosseous implant in children,,,,Non-standard
LBLD015,"Placement of 1 intraoral intraosseous implant, in adults",,,,Non-standard
LBLD294,"Placement of 10 intraoral intraosseous implants, in adults",,,,Non-standard
LBLD261,Placement of 11 or more intraoral intraosseous implants,,,,Non-standard
EPLF004,"Placement of 2 central tunneled catheters in a single vein for extracorporeal circulation, by the transcutaneous route",,,,Non-standard
LBLD066,Placement of 2 intraoral intraosseous implants in children,,,,Non-standard
LBLD010,"Placement of 2 intraoral intraosseous implants, in adults",,,,Non-standard
LBLD281,Placement of 3 intraoral intraosseous implants in children,,,,Non-standard
LBLD013,"Placement of 3 intraoral intraosseous implants, in adults",,,,Non-standard
LBLD117,Placement of 4 intraoral intraosseous implants in children,,,,Non-standard
LBLD004,"Placement of 4 intraoral intraosseous implants, in adults",,,,Non-standard
LBLD020,"Placement of 5 intraoral intraosseous implants, in adults",,,,Non-standard
LBLD025,"Placement of 6 intraoral intraosseous implants, in adults",,,,Non-standard
LBLD026,"Placement of 7 intraoral intraosseous implants, in adults",,,,Non-standard
LBLD038,"Placement of 8 intraoral intraosseous implants, in adults",,,,Non-standard
LBLD200,"Placement of 9 intraoral intraosseous implants, in adults",,,,Non-standard
HMLE002,"Placement of a biliary endoprosthesis, by eso-gastro-duodenoscopy",,,,Non-standard
HMLH001,"Placement of a biliary endoprosthesis, by eso-gastro-duodenoscopy and by transcutaneous route with ultrasound and / or radiological guidance",,,,Non-standard
DBLF001,"Placement of a bioprosthesis of the aortic valve, by the transcutaneous arterial route",,,,Non-standard
HBLD179,"Placement of a bonded multiple prosthesis [bonded bridge] comprising 2 or more partial coronal anchors and 1 metallic intermediate element, for the replacement of a premolar or a permanent molar",,,,Non-standard
HBLD453,"Placement of a bonded multiple prosthesis [bonded bridge] comprising 2 or more partial coronal anchors and 2 intermediate ceramic elements or mineral equivalents, for the replacement of 2 permanent mandibular incisors",,,,Non-standard
CDLA002,Placement of a brainstem electrode hearing implant,,,,Non-standard
EBLA003,"Placement of a catheter connected to a deep vein of the upper limb or neck by transcutaneous route, with placement of a subcutaneous implantable diffuser system",,,,Non-standard
EBLA001,"Placement of a catheter in a cervicocephalic artery for chemotherapy, by cervicotomy",,,,Non-standard
EDLA001,"Placement of a catheter in a digestive artery, by laparotomy",,,,Non-standard
EBLA002,"Placement of a catheter in the internal jugular vein, by cervicotomy",,,,Non-standard
EPLB002,"Placement of a central catheter in 2 different veins for extracorporeal circulation, by the transcutaneous route",,,,Non-standard
EPLF005,"Placement of a central non-tunnel venous catheter for extracorporeal circulation, by the transcutaneous route",,,,Non-standard
EPLF002,"Placement of a central venous catheter, transcutaneously",,,,Non-standard
HHLH001,"Placement of a colon stent graft, with radiological guidance",,,,Non-standard
HBLD046,Placement of a complete bimaxillary permanent removable prosthesis with a metal frame,,,,Non-standard
HBLD171,Placement of a complete bimaxillary removable supra-implant prosthesis with a metal frame,,,,Non-standard
HBLD199,Placement of a complete bimaxillary removable supra-implant prosthesis with a resin-based plate,,,,Non-standard
HBLD259,Placement of a complete bimaxillary removable transitional prosthesis with a resin-based plate,,,,Non-standard
HBLD035,Placement of a complete final removable bimaxillary prosthesis with a resin-based plate,,,,Non-standard
HBLD030,Placement of a complete screw-retained implant-supported dental prosthesis,,,,Non-standard
HBLD047,Placement of a complete unimaxillary permanent removable prosthesis with a metal frame,,,,Non-standard
HBLD048,Placement of a complete unimaxillary permanent removable prosthesis with a resin-based plate and a complete removable unimaxillary prosthesis with a metal frame,,,,Non-standard
HBLD031,Placement of a complete unimaxillary permanent removable prosthesis with resin-based plate,,,,Non-standard
HBLD217,Placement of a complete unimaxillary removable supra-implant prosthesis with a metal frame,,,,Non-standard
HBLD118,Placement of a complete unimaxillary removable supra-implant prosthesis with a resin-based plate,,,,Non-standard
HBLD032,Placement of a complete unimaxillary removable transitional prosthesis with a resin-based plate,,,,Non-standard
QALP001,Placement of a compression device for prevention and / or correction of vicious cervicofacial scars,,,,Non-standard
LBLD057,Placement of a connecting bar between 3 or more intraoral implants,,,,Non-standard
HBLD012,Placement of a coronary infrastructure on 1 implant,,,,Non-standard
HBLD008,Placement of a coronoradicular attachment on a tooth,,,,Non-standard
LALA002,Placement of a cranial or facial intraosseous implant for fixation of epithesis or osseointegrated hearing aids,,,,Non-standard
HBLD474,"Placement of a definitive removable prosthesis with a metal frame, comprising 6 teeth",,,,Non-standard
HBLD138,"Placement of a definitive removable prosthesis with a resin base plate, comprising 10 teeth",,,,Non-standard
HBLD083,"Placement of a definitive removable prosthesis with a resin base plate, comprising 11 teeth",,,,Non-standard
HBLD015,Placement of a dental root covering cap [Coping],,,,Non-standard
LBLD007,Placement of a dentomaxillary protective device,,,,Non-standard
GLLB001,"Placement of a device for measuring jugular oxygen saturation, via the transcutaneous venous route",,,,Non-standard
EPLA002,"Placement of a double-current tunneled central venous catheter for extracorporeal circulation, by direct approach",,,,Non-standard
ZALP001,Placement of a flexible prosthesis using natural undercuts for anchoring the facial prosthesis,,,,Non-standard
HFLE001,"Placement of a gastric, duodenal or jejunal tube, by eso-gastro-duodenoscopy",,,,Non-standard
HFLH001,"Placement of a gastric, duodenal or jejunal tube, with radiological guidance",,,,Non-standard
HBLD414,"Placement of a glued multiple prosthesis [glued bridge] comprising 2 or more partial coronal anchors and 1 intermediate ceramic element or in mineral equivalents, for the replacement of a premolar or a permanent molar",,,,Non-standard
LBLD024,"Placement of a graft splint or endoprosthesis, after interrupting mandibular resection",,,,Non-standard
HBLD019,Placement of a guiding plane of the mandibular anteroposterior movements,,,,Non-standard
CDLA004,Placement of a hearing implant with extracochlear electrodes,,,,Non-standard
CDLA003,Placement of a hearing implant with intracochlear electrodes,,,,Non-standard
JHLA004,Placement of a hydraulic penile prosthesis with extracavernous component,,,,Non-standard
JHLA002,Placement of a hydraulic penile prosthesis without extracavernous component,,,,Non-standard
GDLD001,Placement of a laryngeal mask or a Combitube�,,,,Non-standard
LBLD002,Placement of a laterality and / or propulsion device for unicondylar or bicondylar fracture of the mandible,,,,Non-standard
LBLD008,Placement of a mandibular mobilization device in pure rotation,,,,Non-standard
LBLD005,Placement of a mandibular mobilization device in rotation and propulsion,,,,Non-standard
HBLD020,Placement of a mandibular posture device [wedge],,,,Non-standard
LBLD017,Placement of a mandibular propulsion device,,,,Non-standard
LBLD003,Placement of a maxillary or mandibular splint for hemostasis or portetopic,,,,Non-standard
LBLD001,Placement of a metal frame supporting a maxillofacial prosthesis [obturator prosthesis],,,,Non-standard
ZALP002,Placement of a multi-regional facial epithesis,,,,Non-standard
HBLD466,"Placement of a multiple bonded prosthesis [bonded bridge] comprising 2 or more partial coronal anchors and 1 intermediate ceramic-metallic element or mineral equivalents, for the replacement of a permanent incisor",,,,Non-standard
HBLD040,"Placement of a multiple prosthesis [bridge] comprising 1 metallic anchoring pillar, 1 ceramic and metallic anchoring pillar and 1 metallic intermediate element",,,,Non-standard
HBLD178,Placement of a multiple prosthesis [bridge] comprising 2 anchoring abutments in precious alloy and 1 intermediate element in precious alloy with or without ceramic coating,,,,Non-standard
HBLD425,Placement of a multiple prosthesis [bridge] comprising 2 ceramic or monolithic ceramic anchoring abutments (zirconia or non-zirconia) and 1 intermediate ceramic or monolithic ceramic element (zirconia or non-zirconia),,,,Non-standard
HBLD033,Placement of a multiple prosthesis [bridge] comprising 2 metallic anchoring pillars and 1 metallic intermediate element,,,,Non-standard
HBLD093,"Placement of a multiple prosthesis in glued extension [glued cantilever bridge] comprising 1 partial coronal anchorage and 1 element in ceramic-metallic extension or in mineral equivalents, for the replacement of a permanent incisor",,,,Non-standard
GALP001,Placement of a nasal epithesis,,,,Non-standard
HALD004,Placement of a non-active [passive] palatal plate for orofacial cleft or division of the palate,,,,Non-standard
GALD002,Placement of a nostril orifice,,,,Non-standard
JELA002,"Placement of a penile periurethral urinary sphincter prosthesis or bulbomembranaceous [bulbomembranous], by direct approach",,,,Non-standard
JELA001,"Placement of a pericervical urinary sphincter prosthesis in women, by laparotomy",,,,Non-standard
JELA004,"Placement of a pericervical urinary sphincter prosthesis with retrovesical approach in men, by laparotomy",,,,Non-standard
JELA003,"Placement of a periurethroprostatic urinary sphincter prosthesis, by laparotomy",,,,Non-standard
HBLD131,"Placement of a permanent removable prosthesis with a metal frame, comprising 1 to 3 teeth",,,,Non-standard
HBLD079,"Placement of a permanent removable prosthesis with a metal frame, comprising 10 teeth",,,,Non-standard
HBLD203,"Placement of a permanent removable prosthesis with a metal frame, comprising 11 teeth",,,,Non-standard
HBLD112,"Placement of a permanent removable prosthesis with a metal frame, comprising 12 teeth",,,,Non-standard
HBLD308,"Placement of a permanent removable prosthesis with a metal frame, comprising 13 teeth",,,,Non-standard
HBLD332,"Placement of a permanent removable prosthesis with a metal frame, comprising 4 teeth",,,,Non-standard
HBLD452,"Placement of a permanent removable prosthesis with a metal frame, comprising 5 teeth",,,,Non-standard
HBLD075,"Placement of a permanent removable prosthesis with a metal frame, comprising 7 teeth",,,,Non-standard
HBLD470,"Placement of a permanent removable prosthesis with a metal frame, comprising 8 teeth",,,,Non-standard
HBLD435,"Placement of a permanent removable prosthesis with a metal frame, comprising 9 teeth",,,,Non-standard
HBLD101,"Placement of a permanent removable prosthesis with a resin base plate, comprising 9 teeth",,,,Non-standard
HBLD043,"Placement of a plural prosthesis [bridge] comprising 1 metallic anchoring pillar, 1 ceramic-metallic anchoring pillar and 1 intermediate ceramic-metallic element",,,,Non-standard
HBLD227,Placement of a plural prosthesis [bridge] comprising 2 ceramic-metallic anchoring abutments and 1 intermediate ceramic-metallic element for the replacement of a tooth other than an incisor,,,,Non-standard
HBLD785,Placement of a plural prosthesis [bridge] comprising 2 ceramic-metallic anchoring abutments and 1 intermediate ceramic-metallic element for the replacement of an incisor,,,,Non-standard
HBLD088,"Placement of a plural prosthesis in extension comprising 1 ceramic-metallic anchoring abutment or in mineral equivalents and 1 element in ceramic-metallic extension or in mineral equivalents [2-element cantilever bridge], for the replacement of a perma...",,,,Non-standard
HBLD321,"Placement of a plural prosthesis in extension comprising 1 metal anchoring pillar, 1 ceramic-metallic anchoring pillar and 1 ceramic-metallic extension element [3-element cantilever bridge], for the replacement of a permanent incisor or a premolar",,,,Non-standard
HBLD750,"Placement of a plural prosthesis in extension comprising 2 ceramic-metallic anchoring abutments or in mineral equivalents and 1 element in ceramic-metallic extension or in mineral equivalents [3-element cantilever bridge], for the replacement of a perm...",,,,Non-standard
HBLD465,"Placement of a plural prosthesis in extension comprising 2 metal anchoring abutments and 1 element in ceramic-metal extension [3-element cantilever bridge], for the replacement of a permanent incisor or a premolar",,,,Non-standard
HBLD411,"Placement of a plural prosthesis in extension comprising 2 metal anchoring abutments and 1 element in metal extension [3-part cantilever bridge], for the replacement of a permanent incisor or a premolar",,,,Non-standard
LBLP001,"Placement of a positional guide, during an osteotomy of the jaw",,,,Non-standard
07.02.03.02,Placement of a prosthetic dental crown,,,,Non-standard
DBLF009,"Placement of a pulmonary valve bioprosthesis in a prosthetic duct, via the transcutaneous venous route",,,,Non-standard
LBLD021,Placement of a pure active device for the rehabilitation of mandibular kinetics,,,,Non-standard
BELA002,Placement of a refractive implant in the anterior chamber of the eye,,,,Non-standard
HBLD240,Placement of a removable supra-implant prosthesis with a metal frame comprising less than 9 teeth,,,,Non-standard
HBLD492,"Placement of a removable supra-implant prosthesis with a resin-based plate, comprising 9 to 13 teeth",,,,Non-standard
HBLD132,Placement of a removable supra-implant resin plate prosthesis with less than 9 teeth,,,,Non-standard
HBLD215,"Placement of a removable transitional resin-based plate prosthesis, comprising 11 teeth",,,,Non-standard
HBLD057,"Placement of a resin base plate for dental preimplant radiological guide, for 1 arch",,,,Non-standard
HBLD056,"Placement of a resin base plate for dental preimplant surgical guide, for 1 arch",,,,Non-standard
HBLD084,Placement of a resin base plate for preimplant dental surgical guide for 2 arches,,,,Non-standard
DELF006,"Placement of a right intraventricular lead and lead in the coronary sinus or right atrium for temporary cardiac stimulation, via the transcutaneous venous route",,,,Non-standard
JHLA003,Placement of a rigid or semi-rigid penile prosthesis,,,,Non-standard
HBLD006,Placement of a sealed unitary interdental space maintainer,,,,Non-standard
CALD001,Placement of a shaper of the external acoustic meatus,,,,Non-standard
QZLA001,Placement of a skin expansion device or permanent subcutaneous implant,,,,Non-standard
LBLA001,Placement of a staged obturator prosthesis or a flexible obturator ball after resection of the jawbone,,,,Non-standard
EHLA001,"Placement of a subcutaneous implantable diffuser system with catheter connected to a branch of the portal vein, by laparotomy",,,,Non-standard
JHLA005,"Placement of a testicle prosthesis, by inguinal approach",,,,Non-standard
GGLB006,"Placement of a thoracic tube for pleural lavage, transcutaneously",,,,Non-standard
HBLD734,Placement of a tooth-supported ceramic metal crown on a molar,,,,Non-standard
HBLD634,"Placement of a tooth-supported ceramic metal crown on an incisor, canine or first premolar",,,,Non-standard
HBLD680,"Placement of a tooth-supported ceramic-monolithic dental crown other than zirconia on an incisor, canine or first premolar",,,,Non-standard
HBLD073,Placement of a tooth-supported ceramic-monolithic zirconia dental crown on a molar,,,,Non-standard
HBLD350,Placement of a tooth-supported ceramic-monolithic zirconia dental crown on a tooth other than a molar,,,,Non-standard
HBLD491,Placement of a tooth-supported dental crown on a second premolar,,,,Non-standard
GELE008,"Placement of a tracheobronchial endoprosthesis, by endoscopy",,,,Non-standard
HBLD034,Placement of a transient plural dental prosthesis [transitional bridge],,,,Non-standard
HBLD490,Placement of a transitional dental crown for a tooth-supported crown without remaining charge,,,,Non-standard
DBLA001,"Placement of a tube with or without a valve between a ventricle and the pulmonary artery, by thoracotomy with CEC",,,,Non-standard
EPLF003,"Placement of a tunneled central venous catheter for extracorporeal circulation, by the transcutaneous route",,,,Non-standard
HBLD051,"Placement of a unimaxillary extracoronal restraint device using a cast and glued metal splint, on 7 or more teeth",,,,Non-standard
HBLD052,"Placement of a unimaxillary extracoronal retention device using a bonded composite splint, on 1 to 6 teeth",,,,Non-standard
HBLD050,"Placement of a unimaxillary extracoronary restraint device by bonded composite splint, on 7 teeth or more",,,,Non-standard
HBLD053,"Placement of a unimaxillary extracoronary retention device using a cast and bonded metal splint, on 1 to 6 teeth",,,,Non-standard
JCLE003,"Placement of a ureteral catheter for diagnostic purposes, by retrograde endoscopy",,,,Non-standard
JCLE001,"Placement of a ureteral catheter for therapeutic purposes, by retrograde endoscopy",,,,Non-standard
JCLE002,"Placement of a ureteral endoprosthesis, by retrograde endoscopy",,,,Non-standard
JCLD001,"Placement of a ureteral endoprosthesis, through a nephrostomy already in place",,,,Non-standard
JCLH001,"Placement of a ureteral endoprosthesis, transcutaneously with ultrasound and / or radiological guidance",,,,Non-standard
JDLD001,Placement of a urethrovesical catheter [Indwelling bladder catheterization],,,,Non-standard
DBLA002,"Placement of a valve tube between a ventricle and the aorta, by thoracotomy with CEC",,,,Non-standard
DBLA003,"Placement of a valve tube between the left ventricle and the aorta [apicoaortic tube], by thoraco-phreno-laparotomy with CEC",,,,Non-standard
GKLD001,Placement of a velopalatine voice prosthesis,,,,Non-standard
ABLB002,"Placement of a ventricular intracranial pressure sensor, via the transcranial route",,,,Non-standard
ZCLA001,Placement of a viscera sac in a newborn at birth,,,,Non-standard
01.03.02.01,Placement of an access catheter to the spinal meningeal spaces,,,,Non-standard
NELA003,Placement of an acetabular component in a patient with an ipsilateral cervicocephalic femoral prosthesis,,,,Non-standard
HALD003,Placement of an active palatal [orthopedic] plate for orofacial cleft,,,,Non-standard
JELB003,"Placement of an adjustable periurethral sphincter prosthesis in men, by the transcutaneous route with radiological guidance",,,,Non-standard
DBLA004,"Placement of an aortic valve bioprosthesis, by approaching the apex of the heart by thoracotomy without CEC",,,,Non-standard
EKLA001,"Placement of an arteriovenous bypass in the upper limb, by direct approach",,,,Non-standard
HKLA002,Placement of an artificial anal sphincter,,,,Non-standard
CALP001,Placement of an atrial epithesis,,,,Non-standard
HMLH003,"Placement of an endoprosthesis in a previously drained bile duct, with ultrasound and / or radiological guidance",,,,Non-standard
JELE003,"Placement of an endoprosthesis of the cervicoprostatic urethra, by endoscopy",,,,Non-standard
HGLE001,"Placement of an endoprosthesis of the duodenum, by eso-gastro-duodenoscopy",,,,Non-standard
HELE002,"Placement of an endoprosthesis of the esophagus, by endoscopy",,,,Non-standard
HNLE001,"Placement of an endoprosthesis of the pancreatic duct, by eso-gastro-duodenoscopy",,,,Non-standard
HFLH002,"Placement of an endoprosthesis of the stomach or duodenum, with radiological guidance",,,,Non-standard
JELE002,"Placement of an endoprosthesis of the urethra, by endoscopy",,,,Non-standard
DHLF001,"Placement of an epicutaneocave catheter, transcutaneously",,,,Non-standard
AFLB008,"Placement of an epidural [epidural] catheter, with placement of a diffuser system or a subcutaneous implantable pump",,,,Non-standard
HELH001,"Placement of an esophageal stent graft, with radiological guidance",,,,Non-standard
ABLB003,"Placement of an extraventricular intracranial pressure sensor, via the transcranial route",,,,Non-standard
HBLD418,Placement of an implant-supported dental crown,,,,Non-standard
CBLA001,Placement of an implantable hearing aid in the middle ear,,,,Non-standard
HBLD003,Placement of an interdental space arch with prosthetic tooth,,,,Non-standard
HBLD001,Placement of an interdental space-maintaining arch without prosthetic tooth,,,,Non-standard
EQLA011,"Placement of an internal device for circulatory assistance, apart from the cardiopulmonary bypass [CEC] and artificial ventricle, by thoracotomy without CEC",,,,Non-standard
DGLA001,Placement of an intraaortic diastolic pulse device during thoracotomy surgery with CEC,,,,Non-standard
HALD005,Placement of an intraoral prosthesis for loss of hard and soft palate substance,,,,Non-standard
EALB002,Placement of an intraosseous vascular approach or in the superior sagittal [longitudinal] venous sinus,,,,Non-standard
HPLA001,"Placement of an intraperitoneal catheter with placement of a subcutaneous implantable diffuser system, for intraperitoneal insulin therapy",,,,Non-standard
AFLA003,"Placement of an intrathecal or intracystic spinal catheter, with placement of a subcutaneous implantable diffuser or pump system",,,,Non-standard
JKLD001,Placement of an intrauterine device,,,,Non-standard
ABLA001,"Placement of an intraventricular or intracystic cerebral catheter via the transcranial route, with placement of a diffuser system or a subcutaneous implantable pump",,,,Non-standard
JDLF001,"Placement of an intravesical catheter, by the suprapubic transcutaneous route",,,,Non-standard
LBLD023,Placement of an obturator appliance for loss of maxillary substance in a completely edentulous patient,,,,Non-standard
HBLD018,Placement of an occlusal release plane,,,,Non-standard
BKLP002,Placement of an orbitopalpebral epithesis,,,,Non-standard
EQLA010,"Placement of an orthotopic biventricular mechanical prosthesis, by thoracotomy with CEC",,,,Non-standard
EDLF002,Placement of an umbilical arterial catheter,,,,Non-standard
EGLF001,Placement of an umbilical venous catheter,,,,Non-standard
EQLA001,"Placement of cardiopulmonary bypass for long-term circulatory assistance, by thoracotomy",,,,Non-standard
08.02.02.02,Placement of catheter and prosthesis of the ureter,,,,Non-standard
LBLD019,Placement of connecting means on 1 intraoral intraosseous preprosthetic implant,,,,Non-standard
LBLD214,Placement of connecting means on 10 intraoral intraosseous preprosthetic implants,,,,Non-standard
LBLD420,Placement of connecting means on 11 or more intraoral intraosseous preprosthetic implants,,,,Non-standard
LBLD073,Placement of connecting means on 2 intraoral intraosseous preprosthetic implants,,,,Non-standard
LBLD086,Placement of connecting means on 3 intraoral intraosseous preprosthetic implants,,,,Non-standard
LBLD193,Placement of connecting means on 4 intraoral intraosseous preprosthetic implants,,,,Non-standard
LBLD447,Placement of connecting means on 5 intraoral intraosseous preprosthetic implants,,,,Non-standard
LBLD270,Placement of connecting means on 6 intraoral intraosseous preprosthetic implants,,,,Non-standard
LBLD143,Placement of connecting means on 7 intraoral intraosseous preprosthetic implants,,,,Non-standard
LBLD235,Placement of connecting means on 8 intraoral intraosseous preprosthetic implants,,,,Non-standard
LBLD311,Placement of connecting means on 9 intraoral intraosseous preprosthetic implants,,,,Non-standard
LALB001,Placement of connecting means on cranial and / or facial implants,,,,Non-standard
11.02.05.03,Placement of connecting means on intraoral intraosseous implant,,,,Non-standard
07.02.03.01,Placement of coronary infrastructure [false stump],,,,Non-standard
HBLD017,Placement of coronary infrastructure on 2 implants,,,,Non-standard
HBLD021,Placement of coronary infrastructure on 3 implants,,,,Non-standard
HBLD013,Placement of coronary infrastructure on 4 implants,,,,Non-standard
HBLD005,Placement of coronary infrastructure on 5 or more implants,,,,Non-standard
DGLF002,"Placement of covered aorto-uniiliac stent graft, by transcutaneous arterial route",,,,Non-standard
EDLF005,Placement of covered iliac stent graft via the transcutaneous arterial route,,,,Non-standard
IMP,Placement of implants or equipment for implantology,,,,Non-standard
BKLA001,Placement of inert intraorbital material for enophthalmitis correction,,,,Non-standard
GELE133,Placement of intrabronchial spirals by endoscopy,,,,Non-standard
BDLA005,Placement of intracorneal rings for therapeutic purposes,,,,Non-standard
HELE001,"Placement of intraesophageal guide for brachytherapy [endobrachytherapy], by fibroscopy",,,,Non-standard
HALD001,Placement of intraoral labio-marital expansion device,,,,Non-standard
JLLD001,Placement of intravaginal device,,,,Non-standard
LBLD022,Placement of leaded dento-osseous protection gutter,,,,Non-standard
LBLD006,Placement of maxillary and mandibular splints for hemostasis or portetopic,,,,Non-standard
QZLA002,Placement of multiple skin expansion devices or multiple definitive subcutaneous implants,,,,Non-standard
LBLD016,Placement of obturator appliance for loss of maxillary substance in a dentate patient,,,,Non-standard
BBLD002,Placement of obturator or punctal hole on a tear point,,,,Non-standard
BELA001,Placement of radiopaque markers of the anterior segment of the eye,,,,Non-standard
BGLA001,Placement of radiopaque markers of the posterior segment of the eye,,,,Non-standard
DELF019,"Placement of several additional cardiac stimulation leads, via the transcutaneous venous route",,,,Non-standard
HMLE003,"Placement of several biliary endoprostheses, by eso-gastro-duodenoscopy",,,,Non-standard
LALA001,Placement of several cranial and / or facial intraosseous implants for epithesis fixation,,,,Non-standard
HMLH002,"Placement of several endoprostheses in previously drained bile ducts, with ultrasound and / or radiological guidance",,,,Non-standard
GGJB005,"Placement of several thoracic drains for pleural irrigation-lavage, transcutaneously",,,,Non-standard
GELA001,"Placement of tracheal stent, by cervicotomy",,,,Non-standard
GELE006,"Placement of tracheal stent, by endoscopy",,,,Non-standard
08.02.04.01,Placement of urinary sphincter prosthesis,,,,Non-standard
BKLP001,Placement or change of conformator or orbital expansion prosthesis,,,,Non-standard
GDLE001,"Placement or change of laryngeal calibration prosthesis, by direct laryngoscopy",,,,Non-standard
HPLC035,"Placement or repositioning of an intraperitoneal catheter for peritoneal dialysis, by laparoscopy",,,,Non-standard
HPLA005,"Placement or repositioning of an intraperitoneal catheter for peritoneal dialysis, by laparotomy",,,,Non-standard
08.03.02.03,"Placement, change and removal of prosthetic testis",,,,Non-standard
07.03.02.02,"Placement, removal and change of a stomach and duodenum stent graft",,,,Non-standard
07.03.01.02,"Placement, removal and change of an esophageal stent",,,,Non-standard
08.02.04.03,"Placement, removal and change of urethral prosthesis",,,,Non-standard
NJPA007,"Plantar fasciotomy or aponeurectomy, or disinsertion of the plantar fascia",,,,Non-standard
FEJF009,Plasma ultrafiltration session,,,,Non-standard
JHFA002,Plastic resection or resection of the scrotum,,,,Non-standard
11.03.04,Plasty and reconstruction of the temporomandibular joint,,,,Non-standard
LLMC019,"Plasty of a diaphragm cupola for eventration, by laparoscopy",,,,Non-standard
LLMA008,"Plasty of a diaphragm cupola for eventration, by laparotomy",,,,Non-standard
LLMC003,"Plasty of a diaphragm cupola for eventration, by thoracoscopy",,,,Non-standard
LLMA003,"Plasty of a diaphragm cupola for eventration, by thoracotomy",,,,Non-standard
DGMA009,"Plasty of a superficial stenosis of the aorta, by thoracotomy with CEC",,,,Non-standard
LJMA004,"Plasty of malformation of the thorax without malformation of the sternum, with osteosynthesis",,,,Non-standard
LJMA002,"Plasty of malformation of the thorax without malformation of the sternum, without osteosynthesis",,,,Non-standard
LJMA006,"Plasty of sternocostal malformation, with osteosynthesis",,,,Non-standard
LJMA005,"Plasty of sternocostal malformation, without osteosynthesis",,,,Non-standard
JEMA010,Plasty of the anterior urethra by free flap,,,,Non-standard
JEMA007,Plasty of the anterior urethra with a pedicled flap,,,,Non-standard
08.04.03.09,Plasty of the cervix,,,,Non-standard
JHMA001,Plasty of the foreskin of the penis [Posthoplasty],,,,Non-standard
06.02.02.02,Plasty of the nasal cavity,,,,Non-standard
JBMA001,"Plasty of the pelvis and the pyelo-ureteral junction, by direct approach",,,,Non-standard
JBMC001,"Plasty of the pelvis and the pyelo-ureteral junction, by laparoscopy or by retroperitoneoscopy",,,,Non-standard
GAMA017,Plasty of the piriform openings of the nose in infants,,,,Non-standard
JEMA023,Plasty of the posterior urethra by free flap,,,,Non-standard
JEMA005,Plasty of the posterior urethra with a pedicled flap,,,,Non-standard
GEMA002,"Plasty of the trachea by autograft or flap, cervicotomy or thoracotomy",,,,Non-standard
06.02.06.05,Plasty of the tracheobronchial tree,,,,Non-standard
08.04.03.08,Plasty of the uterine body,,,,Non-standard
08.03.02.09,Plasty of the vaginal tunica of the testis and scrotum,,,,Non-standard
QEMA007,Plasty to increase or reduce nipple areolumplate,,,,Non-standard
CBPA003,"Platinotomy with laser, with restoration of the columellar effect",,,,Non-standard
CBPA002,"Platinotomy without laser or platinectomy, with restoration of the columellar effect",,,,Non-standard
06.03.06,Pleural collection evacuation,,,,Non-standard
GGJB006,Pleural irrigation-lavage session,,,,Non-standard
GGJB007,"Pleural lavage session, using an implanted device",,,,Non-standard
GGPA001,"Pleuropulmonary decortication, by thoracotomy",,,,Non-standard
GFCC001,"Pleuropulmonary wound suture, by thoracoscopy",,,,Non-standard
GFCA001,"Pleuropulmonary wound suture, by thoracotomy",,,,Non-standard
06.03.09,Pleurostomy,,,,Non-standard
JHBA001,"Plicature of the vaginal tunica of the testis, by scrotal approach",,,,Non-standard
NACA002,"Plurifocal osteosynthesis of fracture or fracture-dislocation of the pelvic girdle [of the pelvis], with open focus",,,,Non-standard
06.03.04,Pneumonectomy,,,,Non-standard
GFFA002,"Pneumonectomy with resection and prosthetic replacement of the superior vena cava, by thoracotomy",,,,Non-standard
GFFA007,"Pneumonectomy with resection of an organ and / or neighboring structure, by thoracotomy",,,,Non-standard
GFFA025,"Pneumonectomy with resection of the chest wall, by thoracotomy",,,,Non-standard
GFFA028,"Pneumonectomy with resection-anastomosis of the superior vena cava or resection of the left atrium, by thoracotomy",,,,Non-standard
GFFA011,"Pneumonectomy with resection-anastomosis of the tracheal bifurcation, by thoracotomy",,,,Non-standard
GFFA001,"Pneumonectomy with total resection of the pleura [Pleuropneumonectomy], by thoracotomy",,,,Non-standard
GFFA024,"Pneumonectomy, by thoracotomy",,,,Non-standard
GFFA012,"Pneumonectomy, by thoracotomy with thoracoscopic preparation",,,,Non-standard
MZEA004,Pollicization of a finger stump,,,,Non-standard
MZEA008,Pollicization of a whole finger,,,,Non-standard
JKFE001,"Polyp removal of the uterus, by hysteroscopy",,,,Non-standard
01.01.01.06,Polysomnography,,,,Non-standard
AMQP011,"Polysomnography from 4 to 8 hours, with video recording",,,,Non-standard
AMQP010,"Polysomnography from 4 to 8 hours, without video recording",,,,Non-standard
EJCA002,"Popliteal-femoral venous bypass, by direct approach",,,,Non-standard
04.04.08.04,Portal diversion,,,,Non-standard
04.04.08.03,Portal vein clearance,,,,Non-standard
04.04.08.01,Portal vein wound suture,,,,Non-standard
ZZQL016,"Positron emission tomoscintigraphy of the whole body, with dedicated tepograph [PET camera]",,,,Non-standard
19.01.01,Post operative monitoring,,,,Non-standard
ADPA012,Posterior ampullary nerve section,,,,Non-standard
LFDA006,"Posterior and / or posterolateral arthrodesis of a lumbar spondylolisthesis with reduction, with osteosynthesis, by posterior approach",,,,Non-standard
LFDA001,"Posterior and / or posterolateral arthrodesis of a lumbar spondylolisthesis without reduction, with root release and osteosynthesis, by posterior approach",,,,Non-standard
LFDA003,"Posterior and / or posterolateral arthrodesis of a lumbar spondylolisthesis without reduction, with root release, without osteosynthesis, by posterior approach",,,,Non-standard
LFDA007,"Posterior and / or posterolateral arthrodesis of a lumbar spondylolisthesis without reduction, without root release, with osteosynthesis, by posterior approach",,,,Non-standard
LFDA005,"Posterior and / or posterolateral arthrodesis of a lumbar spondylolisthesis without reduction, without root release, without osteosynthesis, by posterior approach",,,,Non-standard
12.02.01.15,Posterior arch resection and vertebral corporectomy,,,,Non-standard
LHDA001,"Posterior arthrodesis or epiphysiodesis of the spine without exploration of the canal contents, by posterior approach",,,,Non-standard
JLCA004,Posterior colpoperineorrhaphy,,,,Non-standard
JLCA001,"Posterior colpoperineorrhaphy, with repair of the canal and the external sphincter muscle of the anus",,,,Non-standard
JLCA002,"Posterior colpoperineorrhaphy, with repair of the external sphincter muscle of the anus",,,,Non-standard
JLCA009,"Posterior colpoperineorrhaphy, with resection of elytrocele by vaginal approach",,,,Non-standard
GDPE003,"Posterior cordotomy, by direct laryngoscopy with laser",,,,Non-standard
GDPE002,"Posterior cordotomy, by direct laryngoscopy without laser",,,,Non-standard
HFDC002,"Posterior gastropexy [Cardiopexy], by laparoscopy",,,,Non-standard
HFDA002,"Posterior gastropexy [Cardiopexy], by laparotomy",,,,Non-standard
JKDA001,"Posterior hysteropexy [Promontofixation] with direct cervicocystopexy to the pectineal ligament [Cooper's], by laparotomy",,,,Non-standard
JKDA002,"Posterior hysteropexy [Promontofixation] with indirect cervicocystopexy to the pectineal ligament [Cooper's], by laparotomy",,,,Non-standard
JKDC001,"Posterior hysteropexy [Promontofixation], by laparoscopy",,,,Non-standard
JKDA003,"Posterior hysteropexy [Promontofixation], by laparotomy",,,,Non-standard
HDFA017,"Posterior oropharyngectomy, by cervicotomy",,,,Non-standard
HDFA009,"Posterior oropharyngectomy, by intraoral approach",,,,Non-standard
LDCA002,"Posterior osteosynthesis and / or arthrodesis of the occipitocervical junction without exploration of the canal contents, by posterior approach",,,,Non-standard
LDCA003,"Posterior osteosynthesis of the occipitocervical junction with exploration of the canal contents, by posterior approach",,,,Non-standard
LHCA010,"Posterior osteosynthesis of the spine with exploration of the canal contents, by posterior approach",,,,Non-standard
LHCA002,"Posterior osteosynthesis of the spine without exploration of the canal content, by posterior approach",,,,Non-standard
LHCA016,"Posterior osteosynthesis of the spine without exploration of the canal contents with arthrodesis, by posterior approach",,,,Non-standard
JFFA002,"Posterior pelvectomy with restoration of digestive continuity, by laparotomy",,,,Non-standard
JFFA005,"Posterior pelvectomy without restoration of digestive continuity, by laparotomy",,,,Non-standard
JFFA004,"Posterior pelvectomy without restoration of digestive continuity, by laparotomy and perineal approach",,,,Non-standard
HDFA012,"Posterior pharyngectomy, by cervicotomy",,,,Non-standard
GAQD001,Posterior rhinomanometry with provocation test,,,,Non-standard
GAQD005,Posterior rhinomanometry without provocation test,,,,Non-standard
BGMA901,Posterior scleral reinforcement of the eye with synthetic material,,,,Non-standard
BGMA900,Posterior scleral strengthening of the eye by tissue autograft,,,,Non-standard
BGFA011,"Posterior sclerotomy vitrectomy, with lens extraction",,,,Non-standard
BGFA001,"Posterior sclerotomy vitrectomy, without retinal coagulation",,,,Non-standard
LHQH001,Posterior spinal joint arthrography,,,,Non-standard
NDFA008,"Posterior tarsectomy or hindfoot osteotomy, with supramaleolar osteotomy",,,,Non-standard
NDFA009,"Posterior tarsectomy or hindfoot osteotomy, with supramaleolar osteotomy, with extension and / or tendon transfer",,,,Non-standard
HKEA001,Posterior transposition of the anus,,,,Non-standard
ADPC003,"Posterior truncal vagotomy with anterior esogastric seromyotomy, by laparoscopy",,,,Non-standard
ADPA002,"Posterior truncal vagotomy with anterior esogastric seromyotomy, by laparotomy",,,,Non-standard
JEFA012,"Posterior urethral resection-anastomosis, by laparotomy with trans-lymphyseal approach",,,,Non-standard
LHLH001,"Posterior vertebral joint anesthetic infiltration with radiological guidance, with diagnostic and prognostic evaluation",,,,Non-standard
JHFA009,Posthectomy,,,,Non-standard
12.04.03.04,Postoperative eventration treatment of the anterior abdominal wall,,,,Non-standard
LMMA004,"Postoperative eventration treatment of the anterior abdominal wall with placement of prosthesis, by direct approach",,,,Non-standard
LMMA010,"Postoperative eventration treatment of the anterior abdominal wall without placing a prosthesis, by direct approach",,,,Non-standard
AAJA005,"Postoperative intracranial collection evacuation, by resuming the previous craniotomy",,,,Non-standard
YYYY108,"Postoperative monitoring of a cardiac surgery patient with CEC, level 1",,,,Non-standard
YYYY118,"Postoperative monitoring of a cardiac surgery patient with CEC, level 2",,,,Non-standard
GBGD001,"Postoperative paranasal sinus tearing and / or cleaning, under general anesthesia",,,,Non-standard
BJEA002,Posttraumatic oculomotor muscle reinsertion,,,,Non-standard
YYYY059,Pre- and postoperative restraint or reduction device for resection or grafting of the maxilla or mandible,,,,Non-standard
LBPA034,"Pre-implant or pre-prosthetic anterior segmental osteotomy of the mandible with interposition, by intraoral approach",,,,Non-standard
BGJA001,Pre-retinal hematoma removal with laser,,,,Non-standard
HKCA001,Preanal and retroanal myorrhaphy of the levator ani muscles,,,,Non-standard
HKCA005,Preanal myorrhaphy of the levator ani muscles,,,,Non-standard
GALP002,"Preoperative fitting of an orthopedic device to correct a nasal deformity, for orofacial cleft",,,,Non-standard
ZZQL013,"Preoperative radioisotopic detection of lesions by intratumoral or peritumoral transcutaneous injection, with intraoperative radioisotope detection",,,,Non-standard
17.04.01,Preparation for external irradiation,,,,Non-standard
AGMP001,Preparation for external irradiation of the neuraxis [craniospinal irradiation],,,,Non-standard
ZZMP013,"Preparation for external irradiation under stereotaxic conditions with synchronization with respiration with three-dimensional dosimetry with HDV after identification by multimodal digital fusion and virtual simulation using the """"beam's eye view"""" [BE...",,,,Non-standard
ZZMP016,"Preparation for external irradiation under stereotaxic conditions without synchronization with respiration with three-dimensional dosimetry with HDV after identification by multimodal digital fusion and virtual simulation using the """"beam's eye view""""...",,,,Non-standard
ZZMK001,"Preparation for external irradiation with CT scouting, two-dimensional dosimetry and simulation using a simulator or a CT scanner with integrated simulator function",,,,Non-standard
ZZMK024,"Preparation for external irradiation with location by scanner, three-dimensional dosimetry with HDV, virtual simulation using the """"beam's eye view"""" [BEV] function and three-dimensional restitution, and setting of a multi-blade collimator for modulati...",,,,Non-standard
ZZMK016,"Preparation for external irradiation with location by scanner, three-dimensional dosimetry without HDV, simulation using a simulator or a scanner with integrated simulator function and manufacture of a personalized focused mask and / or configuration o...",,,,Non-standard
ZZMK011,"Preparation for external irradiation with location by scanner, three-dimensional dosimetry without HDV, virtual simulation using the """"beam's eye view"""" [BEV] function and three-dimensional restitution, and manufacture of a personalized focused mask an...",,,,Non-standard
ZZMK026,"Preparation for external irradiation with location by simulator-scanner, two-dimensional dosimetry and simulation using a simulator-scanner",,,,Non-standard
ZZMK028,"Preparation for external irradiation with location by simulator-scanner, two-dimensional dosimetry, simulation using a simulator-scanner and fabrication of a personalized focused mask and / or configuration of a multi-blade collimator",,,,Non-standard
ZZMK018,"Preparation for external irradiation with scouting by scanner, three-dimensional dosimetry with HDV, virtual simulation using the """"beam's eye view"""" [BEV] function and three-dimensional restitution, and manufacture of a personalized compensating filte...",,,,Non-standard
ZZMK017,"Preparation for external irradiation with scouting by scanner, two-dimensional dosimetry, simulation using a simulator or a scanner with integrated simulator function and fabrication of a personalized focused mask and / or configuration of a multi-blad...",,,,Non-standard
ZZMK014,"Preparation for external irradiation without dosimetry, with simulation under the treatment device",,,,Non-standard
ZZMK002,"Preparation for external irradiation without dosimetry, with simulation using a simulator, a simulator-scanner or a scanner with integrated simulator function",,,,Non-standard
ZZMK013,"Preparation for external irradiation without dosimetry, with simulation using a simulator, a simulator-scanner or a scanner with integrated simulator function and manufacture of a personalized focused mask and / or configuration of a multi-blade collim...",,,,Non-standard
ZZMP001,Preparation for full body irradiation,,,,Non-standard
ZZMP018,Preparation for intracavitary contact radiotherapy,,,,Non-standard
ZZMP012,"Preparation for intracranial irradiation under stereotaxic conditions in a single dose, with installation of an invasive frame",,,,Non-standard
QZMP003,Preparation for total skin irradiation,,,,Non-standard
07.03.02.05,Preparation of a gastric tuberosity valve,,,,Non-standard
NZMP006,"Preparation of a rigid femorocrural [femorojam] or femoropedal apparatus for initial immobilization of fracture of the lower limb, without reduction",,,,Non-standard
HFMC001,"Preparation of a tuberosity valve with release of the greater gastric curvature, by laparoscopy",,,,Non-standard
HFMA003,"Preparation of a tuberosity valve without release of the greater gastric curvature, by laparotomy",,,,Non-standard
HGMA003,"Preparation of an ileal or colonic reservoir, during an ileoanal or coloanal anastomosis",,,,Non-standard
17.04.01.04,Preparation with three-dimensional dosimetry with dose-volume histogram [HDV],,,,Non-standard
17.04.01.03,Preparation with three-dimensional dosimetry without dose-volume histogram [HDV],,,,Non-standard
17.04.01.02,Preparation with two-dimensional dosimetry,,,,Non-standard
17.04.01.01,Preparation without dosimetry,,,,Non-standard
MELH001,"Pressure injection of a pharmacological agent into the scapulohumeral joint for capsular release, transcutaneously with radiological guidance, with joint mobilization under local anesthesia",,,,Non-standard
12.01.02,Pressure measurement on the trunk,,,,Non-standard
JHQB002,"Pressure-flow measurement, by transcutaneous puncture of the cavernous bodies of the penis",,,,Non-standard
MCCA002,"Preventive osteosynthesis of a forearm bone for osteolytic lesion, open focus",,,,Non-standard
MCCB009,"Preventive osteosynthesis of a forearm bone for osteolytic lesion, with closed focus",,,,Non-standard
MDCA002,"Preventive osteosynthesis of a metacarpal for osteolytic lesion, open focus",,,,Non-standard
MDCB001,"Preventive osteosynthesis of a metacarpal for osteolytic lesion, with closed focus",,,,Non-standard
NCCB003,"Preventive osteosynthesis of one bone or both bones of the leg for osteolytic lesion, closed focus",,,,Non-standard
NCCA009,"Preventive osteosynthesis of one or both bones of the leg for osteolytic lesion, open focus",,,,Non-standard
MCCA006,"Preventive osteosynthesis of the 2 bones of the forearm for osteolytic lesion, open focus",,,,Non-standard
MCCB006,"Preventive osteosynthesis of the 2 bones of the forearm for osteolytic lesion, with closed focus",,,,Non-standard
NBCB005,"Preventive osteosynthesis of the femur for osteolytic lesion, closed focus",,,,Non-standard
NBCA011,"Preventive osteosynthesis of the femur for osteolytic lesion, open focus",,,,Non-standard
MBCB005,"Preventive osteosynthesis of the humerus for osteolytic lesion, closed focus",,,,Non-standard
MBCA002,"Preventive osteosynthesis of the humerus for osteolytic lesion, open focus",,,,Non-standard
GABD002,Previous nasal tamponade,,,,Non-standard
JFFA018,"Previous pelvectomy, by laparotomy",,,,Non-standard
HASD006,Primary closure of a cleft in the bony palate [Uranoplasty for orofacial cleft],,,,Non-standard
HASD007,Primary closure of a palatovelar cleft [Uranostaphylorrhaphy for orofacial cleft],,,,Non-standard
HDSD002,Primary closure of a velar cleft [Staphylorrhaphy for orofacial cleft],,,,Non-standard
GAMA008,Primary point rhinoplasty,,,,Non-standard
BCFA003,"Primary pterygium resection, with conjunctiva or mucous membrane autograft",,,,Non-standard
BCFA007,"Primary pterygium resection, with lamellar corneal graft",,,,Non-standard
BCFA009,"Primary pterygium resection, without autograft",,,,Non-standard
07.02.06.08,Primary repair of an orofacial cleft,,,,Non-standard
NDAA002,"Progressive bone lengthening at the foot, by external system",,,,Non-standard
MDAA002,Progressive bone lengthening by hand using an external system,,,,Non-standard
MBAA002,Progressive bone lengthening in the arm or forearm by external system,,,,Non-standard
NBAA004,"Progressive bone lengthening of the femur or tibia by external system, with tendon lengthening",,,,Non-standard
NBAA005,"Progressive bone lengthening of the femur or tibia by external system, without tendon lengthening",,,,Non-standard
NBAA001,"Progressive bone lengthening of the femur or tibia by internal system, with tendon lengthening",,,,Non-standard
NBAA003,"Progressive bone lengthening of the femur or tibia by internal system, without tendon lengthening",,,,Non-standard
LBAA001,"Progressive bone lengthening of the jawbone or mandible by distractor, by direct approach",,,,Non-standard
EQRP001,Progressive cardiac and / or vascular re-training session on machine,,,,Non-standard
DKRP003,Progressive cardiac and / or vascular re-training session with machine effort and collective sports activity,,,,Non-standard
DKRP001,Progressive cardiac and / or vascular re-training session with machine effort and the performance of daily tasks,,,,Non-standard
DKRP002,"Progressive cardiac and / or vascular re-training session with machine effort, the performance of daily life tasks and collective sports activity",,,,Non-standard
NJMA006,"Progressive correction of a foot deformity by external fixator, with release of soft tissues",,,,Non-standard
NJMA005,Progressive correction of a foot deformity using an external fixator,,,,Non-standard
NJMA007,Progressive correction of a knee deformity with an external fixator,,,,Non-standard
PDAB001,"Progressive lengthening of the soft tissues of the limbs by placing an external fixator, via the skin",,,,Non-standard
EBSA005,"Progressive occlusion of the common carotid artery or internal carotid artery by placing a clamp, by cervicotomy",,,,Non-standard
NEEP003,"Progressive orthopedic reduction of a non-traumatic unstable hip by traction, before the age of 12 months",,,,Non-standard
NEEP001,"Progressive orthopedic reduction of an unstable, non-traumatic hip by traction after 12 months of age",,,,Non-standard
NEEP006,"Progressive orthopedic reduction of an unstable, non-traumatic hip with a harness",,,,Non-standard
NBEB001,"Progressive orthopedic reduction of femoral fracture, by continuous transosseous traction",,,,Non-standard
NBEP001,"Progressive orthopedic reduction of femur fracture, by continuous bonded traction",,,,Non-standard
NAEP001,"Progressive orthopedic reduction of fracture and / or dislocation of the pelvic girdle [pelvis], by continuous traction or suspension",,,,Non-standard
MBEP003,Progressive orthopedic reduction of fracture of one extremity and / or shaft of the humerus by continuous non-skeletal traction,,,,Non-standard
MBEB001,Progressive orthopedic reduction of fracture of one extremity and / or shaft of the humerus by continuous skeletal traction,,,,Non-standard
NCEP001,"Progressive orthopedic reduction of fracture of one extremity and / or the shaft of the tibia or both bones of the leg, by continuous traction",,,,Non-standard
LFEP001,"Progressive orthopedic reduction of lumbar spondylolisthesis, by hammock and / or bipolar traction",,,,Non-standard
LHEB002,"Progressive orthopedic reduction of scoliosis or kyphosis, by continuous bipolar traction of the spine by cranial halo and thoracic, pelvic or femoral support",,,,Non-standard
LHEB001,"Progressive orthopedic reduction of scoliosis or kyphosis, by continuous traction of the spine by cranial halo",,,,Non-standard
LDEP003,Progressive orthopedic reduction of traumatic injury to the cervical spine by continuous traction,,,,Non-standard
EQCF002,"Prolongation or resumption of circulatory assistance by cardiopulmonary bypass in the operating room at the end of a cardiovascular procedure, for more than half an hour",,,,Non-standard
HBBD005,"Prophylactic filling [sealing] of pits, grooves and cracks on 1 tooth",,,,Non-standard
HBBD006,"Prophylactic filling [sealing] of pits, grooves and cracks on 2 teeth",,,,Non-standard
HBBD007,"Prophylactic filling [sealing] of pits, grooves and cracks on 3 teeth",,,,Non-standard
HBBD004,"Prophylactic filling [sealing] of pits, grooves and cracks on 4 teeth",,,,Non-standard
HBBD039,"Prophylactic filling [sealing] of pits, grooves and cracks on 5 teeth",,,,Non-standard
HBBD404,"Prophylactic filling [sealing] of pits, grooves and cracks on 6 teeth",,,,Non-standard
HBBD098,"Prophylactic filling [sealing] of pits, grooves and cracks on 7 teeth",,,,Non-standard
HBBD427,"Prophylactic filling [sealing] of pits, grooves and cracks on 8 teeth",,,,Non-standard
JGHJ002,"Prostate biopsy, transperineal with ultrasound guidance",,,,Non-standard
JGNL001,Prostate brachytherapy by permanent insertion of iodine 125,,,,Non-standard
JGND002,Prostate cryotherapy,,,,Non-standard
JGHB001,"Prostate puncture-cytoaspiration, transrectal or transperineal",,,,Non-standard
RPN,Prosthesis repair Free price,,,,Non-standard
18.02.07.06,Prosthetic care - Complementary procedures in fixed multiple prosthesis,,,,Non-standard
07.02.03,Prosthetic care - Dental prostheses,,,,Non-standard
19.02.11,Prosthetic care - Supplements for removable prosthesis and dental care,,,,Non-standard
HGCA004,"Protective cutaneous enterostomy or colostomy, during intestinal resection with restoration of continuity",,,,Non-standard
HBMD006,Provisional coronary reconstruction for endodontic procedure on a dilapidated tooth,,,,Non-standard
NFDA003,"Proximal fibulotibial arthrodesis, by arthrotomy",,,,Non-standard
EBCA014,"Proximal or subclavio-vertebral proximal carotidovertebral bypass, by cervicotomy",,,,Non-standard
LGFA006,"Proximal resection of the sacrum [Sacrectomy S1 and / or S2], by anterior approach and by posterior approach",,,,Non-standard
LGFA002,"Proximal resection of the sacrum [Sacrectomy S1 and / or S2], by anterior approach or by posterior approach",,,,Non-standard
04.01.04.03,Pulmonary arteriography,,,,Non-standard
DFFA001,"Pulmonary artery embolectomy, by thoracotomy with CEC",,,,Non-standard
DFFA002,"Pulmonary artery embolectomy, by thoracotomy without CEC",,,,Non-standard
DFCA001,"Pulmonary artery or pulmonary vein wound suture, by thoracotomy without CEC",,,,Non-standard
DFSF001,"Pulmonary artery saccular aneurysm obliteration, via the transcutaneous venous route",,,,Non-standard
DFMA006,"Pulmonary artery unifocalization, by thoracotomy with CEC",,,,Non-standard
DFMA003,"Pulmonary artery unifocalization, by thoracotomy without CEC",,,,Non-standard
06.03.03,Pulmonary bilobectomy,,,,Non-standard
GFFA015,"Pulmonary bilobectomy with resection and prosthetic replacement of the superior vena cava, by thoracotomy",,,,Non-standard
GFFA034,"Pulmonary bilobectomy with resection of an organ and / or neighboring structure, by thoracotomy",,,,Non-standard
GFFA010,"Pulmonary bilobectomy with resection of the chest wall, by thoracotomy",,,,Non-standard
GFFA031,"Pulmonary bilobectomy with resection-anastomosis of the superior vena cava or resection of the left atrium, by thoracotomy",,,,Non-standard
GFFA023,"Pulmonary bilobectomy with resection-anastomosis or reimplantation of the bronchus, by thoracotomy",,,,Non-standard
GFFA018,"Pulmonary bilobectomy, by thoracotomy",,,,Non-standard
DBPA001,"Pulmonary commissurotomy [Valvulotomy] or pulmonary valvectomy [valvulectomy] with closure of an interatrial communication, by thoracotomy with CEC",,,,Non-standard
DBPA003,"Pulmonary commissurotomy [Valvulotomy] or valvectomy [valvulectomy], by thoracotomy with vena cava clamping",,,,Non-standard
DBPA004,"Pulmonary commissurotomy or valvectomy, by thoracotomy with CEC",,,,Non-standard
06.03.02,Pulmonary lobectomy,,,,Non-standard
GFFA006,"Pulmonary lobectomy with resection and prosthetic replacement of the superior vena cava, by thoracotomy",,,,Non-standard
GFFA022,"Pulmonary lobectomy with resection of an organ and / or neighboring structure, by thoracotomy",,,,Non-standard
GFFA027,"Pulmonary lobectomy with resection of the chest wall, by thoracotomy",,,,Non-standard
GFFA016,"Pulmonary lobectomy with resection-anastomosis of the superior vena cava or resection of the left atrium, by thoracotomy",,,,Non-standard
GFFA026,"Pulmonary lobectomy with resection-anastomosis of the tracheal bifurcation, by thoracotomy",,,,Non-standard
GFFA004,"Pulmonary lobectomy with resection-anastomosis or reimplantation of the bronchus, by thoracotomy",,,,Non-standard
GFFA013,"Pulmonary lobectomy, by thoracotomy",,,,Non-standard
GFFA009,"Pulmonary lobectomy, by thoracotomy with thoracoscopic preparation",,,,Non-standard
GFQL007,Pulmonary perfusion scintigraphy,,,,Non-standard
GFQL005,Pulmonary perfusion tomoscintigraphy,,,,Non-standard
04.05.04.02,Pulmonary vessel embolization,,,,Non-standard
04.05.04.01,Pulmonary vessel suture,,,,Non-standard
19.01.08,Pulmonology,,,,Non-standard
19.02.06,Pulmonology,,,,Non-standard
ZZNL015,"Pulsed dose rate deep interstitial brachytherapy, with two-dimensional dosimetry after acquisition of anatomical data by radiographic radiographic images of spatial identification",,,,Non-standard
ZZNL014,"Pulsed dose rate interstitial brachytherapy after vector delivery during surgery, with in-plane dosimetry",,,,Non-standard
ZZNL004,"Pulsed dose rate interstitial brachytherapy after vector placement during a surgical procedure, with two-dimensional dosimetry after acquisition of anatomical data by radiographic images for spatial identification",,,,Non-standard
ZZNL003,"Pulsed dose rate interstitial brachytherapy after vector placement during surgery, with three-dimensional dosimetry after acquisition of anatomical data by CT scan and / or remnography [MRI]",,,,Non-standard
ZZNL008,Pulsed dose rate intraluminal brachytherapy,,,,Non-standard
ZZNL011,Pulsed dose rate superficial interstitial brachytherapy with in-plane dosimetry,,,,Non-standard
JKNL002,"Pulsed dose rate uterovaginal intracavitary brachytherapy, with three-dimensional dosimetry after acquisition of anatomical data by computed tomography and / or remnography [MRI]",,,,Non-standard
JKNL006,"Pulsed dose rate uterovaginal intracavitary brachytherapy, with two-dimensional dosimetry after acquisition of anatomical data by radiographic radiographic images of spatial identification",,,,Non-standard
JLNL007,Pulsed dose rate vaginal intracavitary brachytherapy with in-plane dosimetry,,,,Non-standard
JLNL006,"Pulsed dose rate vaginal intracavitary brachytherapy, with two-dimensional dosimetry after acquisition of anatomical data by radiographic radiographic images of spatial identification",,,,Non-standard
14.01.06,Puncture and biopsy of a bone and joint in the lower limb,,,,Non-standard
13.01.05,Puncture and biopsy of an upper limb bone or joint,,,,Non-standard
16.01.05,Puncture and biopsy of skin and soft tissues,,,,Non-standard
12.01.06,Puncture and biopsy of the bones and joints of the neck and trunk,,,,Non-standard
01.01.11.02,Puncture and biopsy of the nervous system,,,,Non-standard
17.01.06,"Puncture and fine needle aspiration, without topographic precision",,,,Non-standard
02.01.08,Puncture and sampling of the eye and orbit,,,,Non-standard
HPHB003,"Puncture of a peritoneal effusion, transcutaneously",,,,Non-standard
01.01.11.01,Puncture of cerebrospinal fluid,,,,Non-standard
ABHB002,"Puncture of cerebrospinal fluid or intracranial collection, transfontanellar",,,,Non-standard
AFHB002,"Puncture of cerebrospinal fluid, by lumbar transcutaneous route [Lumbar puncture]",,,,Non-standard
AFHB001,"Puncture of cerebrospinal fluid, infraoccipital or laterocervical transcutaneous [Suboccipital puncture]",,,,Non-standard
HLHH002,"Puncture of hepatic collection, transcutaneously with CT guidance",,,,Non-standard
HLHJ004,"Puncture of hepatic collection, transcutaneously with ultrasound guidance",,,,Non-standard
JAHJ005,"Puncture of kidney cavities, transcutaneously with ultrasound guidance",,,,Non-standard
GGHB001,"Puncture of pleural effusion, without guidance",,,,Non-standard
BEHB001,Puncture of the anterior chamber of the eye [aqueous humor],,,,Non-standard
JHHB001,Puncture of the cavernous bodies of the penis,,,,Non-standard
HPHJ001,"Puncture of the recto-uterine fornix [Douglas] [Culdocentesis], transvaginally with ultrasound guidance",,,,Non-standard
HPHB002,"Puncture of the recto-uterine fornix [Douglas] [Culdocentesis], transvaginally without guidance",,,,Non-standard
BGHB003,Puncture of the vitreous body by automated suction-section,,,,Non-standard
JQHB002,Puncture or biopsy of a fetal organ,,,,Non-standard
ZZHJ003,"Puncture or fine needle aspiration of a deep organ on a target, intracavitary with ultrasound guidance",,,,Non-standard
ZZHH004,"Puncture or fine needle aspiration of a deep organ on a target, transcutaneously with radiological guidance",,,,Non-standard
ZZHJ002,"Puncture or fine needle aspiration of a deep organ on a target, transcutaneously with remnographic guidance [MRI]",,,,Non-standard
ZZHJ006,"Puncture or fine needle aspiration of a deep organ on a target, transcutaneously with ultrasound guidance",,,,Non-standard
QEHJ003,"Puncture or fine needle aspiration of a lesion of the mammary gland, transcutaneously with ultrasound guidance",,,,Non-standard
KCHJ001,"Puncture or fine needle aspiration of a lesion of the thyroid gland, transcutaneously with ultrasound guidance",,,,Non-standard
NZHH001,"Puncture or fine needle aspiration of a lower limb joint, transcutaneously with CT guidance",,,,Non-standard
NZHH004,"Puncture or fine needle aspiration of a lower limb joint, transcutaneously with radiological guidance",,,,Non-standard
NZHB002,"Puncture or fine needle aspiration of a lower limb joint, transcutaneously without guidance",,,,Non-standard
ZZHJ007,"Puncture or fine needle aspiration of a superficial organ on a target, transcutaneously with ultrasound guidance",,,,Non-standard
MZHH002,"Puncture or fine needle aspiration of an upper limb joint, transcutaneously with CT guidance",,,,Non-standard
MZHH001,"Puncture or fine needle aspiration of an upper limb joint, transcutaneously with radiological guidance",,,,Non-standard
MZHB002,"Puncture or fine needle aspiration of an upper limb joint, transcutaneously without guidance",,,,Non-standard
ACHH001,"Puncture or fine needle aspiration of intracranial lesion, transcutaneously with CT guidance",,,,Non-standard
ACHJ001,"Puncture or fine needle aspiration of intracranial lesion, transcutaneously with remnographic guidance [MRI]",,,,Non-standard
QEHH003,"Puncture or fine needle aspiration of lesion of the mammary gland, by transcutaneous route with radiological guidance",,,,Non-standard
QEHB001,"Puncture or fine needle aspiration of lesion of the mammary gland, by transcutaneous route without guidance",,,,Non-standard
QEHJ002,"Puncture or fine needle aspiration of several lesions of the mammary gland, transcutaneously with ultrasound guidance",,,,Non-standard
KCHJ004,"Puncture or fine needle aspiration of several lesions of the thyroid gland, transcutaneously with ultrasound guidance",,,,Non-standard
ZZHB001,"Puncture or fine needle aspiration of superficial lesion, transcutaneously without guidance",,,,Non-standard
LAHH005,"Puncture or fine needle aspiration of the skull and / or the facial mass, by transcutaneous route with CT guidance",,,,Non-standard
LAHJ003,"Puncture or fine needle aspiration of the skull and / or the facial mass, by transcutaneous route with remnographic guidance [MRI]",,,,Non-standard
LAHH004,"Puncture or fine needle aspiration of the skull and / or the facial mass, transcutaneously with radiological guidance",,,,Non-standard
KCHB001,"Puncture or fine needle aspiration of the thyroid gland, transcutaneously without guidance",,,,Non-standard
ZZHH006,"Puncture or fine-needle aspiration of a deep organ on a target, by the transcutaneous route with CT guidance",,,,Non-standard
09.01.06,"Puncture, biopsy and sample from the fetus and pregnant uterus",,,,Non-standard
04.01.09,"Puncture, biopsy and sample of the circulatory system",,,,Non-standard
07.01.11,"Puncture, biopsy and sample of the digestive system",,,,Non-standard
08.01.07.04,"Puncture, biopsy and sample of the female genitalia",,,,Non-standard
11.01.06,"Puncture, biopsy and sample of the head",,,,Non-standard
08.01.07.03,"Puncture, biopsy and sample of the male reproductive system",,,,Non-standard
06.01.09,"Puncture, biopsy and sample of the respiratory system",,,,Non-standard
08.01.07,"Puncture, biopsy and samples from the urinary and genital tract",,,,Non-standard
05.01.06,"Puncture, biopsy and sampling of the immune and hematopoietic systems",,,,Non-standard
01.01.11,"Puncture, biopsy and sampling of the nervous system",,,,Non-standard
HPHB001,"Puncture-lavage of the peritoneum, with insertion of an intraperitoneal catheter by the transcutaneous route",,,,Non-standard
BEMP001,"Pupil or iris plasty, with laser",,,,Non-standard
BEMA002,"Pupil or iris plasty, without laser",,,,Non-standard
FELF012,Purification or substitution exsanguinotransfusion,,,,Non-standard
JBQL001,Pyelo-ureteral elimination scan,,,,Non-standard
JBQG002,"Pyelocaliscopy, transcutaneously",,,,Non-standard
07.03.02.08,Pyloroplasty and duodenoplasty,,,,Non-standard
HFMC003,"Pyloroplasty or duodenoplasty, by laparoscopy",,,,Non-standard
HFMA004,"Pyloroplasty or duodenoplasty, by laparotomy",,,,Non-standard
ZFQP003,Quality of life assessment test,,,,Non-standard
PDQK001,"Quantification of the different components of soft tissues, by CT scan",,,,Non-standard
PDQN001,"Quantification of the different components of soft tissues, by remnography",,,,Non-standard
YYYY006,Quantitative pharmacodynamic or allergen provoking agent test including a measure of the threshold of reactivity,,,,Non-standard
PF0,RAC 0 fixed prosthesis,,,,Non-standard
PA0,RAC 0 removable prosthesis,,,,Non-standard
SU0,RAC 0 resin prosthesis supplement,,,,Non-standard
CT0,RAC 0 transient crown,,,,Non-standard
AHCA009,"Radial nerve wound suture to the arm or elbow, by direct approach",,,,Non-standard
JLPA001,Radiated diaphragm incisions of the vagina,,,,Non-standard
MGFC002,"Radiocarpal and / or intracarpal synovectomy, by arthroscopy",,,,Non-standard
MGFA005,"Radiocarpal and / or intracarpal synovectomy, by arthrotomy",,,,Non-standard
MGDA002,"Radiocarpal arthrodesis, by arthrotomy",,,,Non-standard
GEME121,Radiofrequency endoscopic bronchial plasty [Thermoplasty],,,,Non-standard
HLNM001,"Radiofrequency, transcutaneous destruction of hepatic tumor with ultrasound guidance",,,,Non-standard
HLNN900,"Radiofrequency, transcutaneous destruction of liver tumor with remnographic guidance [MRI]",,,,Non-standard
ZCQK001,Radiographic pelvimetry,,,,Non-standard
06.01.03,Radiography of the respiratory system,,,,Non-standard
17.01.02,"Radiography, without topographic precision",,,,Non-standard
ABQL002,Radioisotope cisternography,,,,Non-standard
HPML001,Radioisotopic control of an intraperitoneal catheter,,,,Non-standard
PCQL002,Radioisotopic exploration of resting skeletal muscle masses,,,,Non-standard
PCQL001,Radioisotopic exploration of skeletal muscle masses after exercise,,,,Non-standard
GLQL002,Radioisotopic measurement of alveolocapillary permeability,,,,Non-standard
KGQL003,Radioisotopic measurement of biological compartments,,,,Non-standard
FEQL007,Radioisotopic measurement of blood volume,,,,Non-standard
FEQL005,Radioisotopic measurement of erythrocyte kinetics,,,,Non-standard
KGQL002,Radioisotopic measurement of phosphocalcic metabolism,,,,Non-standard
FEQL004,Radioisotopic measurement of plasma iron loss [fast iron],,,,Non-standard
FEQL002,Radioisotopic measurement of platelet life,,,,Non-standard
FEQL001,Radioisotopic measurement of the lifespan of red blood cells,,,,Non-standard
KCQL002,Radioisotopic measurement of thyroid iodine uptake,,,,Non-standard
HEQL001,Radioisotopic research for gastroesophageal reflux,,,,Non-standard
DAQL005,Radioisotopic research for intracardiac thrombosis,,,,Non-standard
EPQL001,Radioisotopic research for peripheral venous thrombosis,,,,Non-standard
HGQL001,Radioisotopic search for a Meckel's diverticulum,,,,Non-standard
ABQL003,Radioisotopic search for an osteomeningeal breach,,,,Non-standard
FEQL006,Radioisotopic test for blood in stool,,,,Non-standard
EZQL001,Radioisotopic venography of the limbs,,,,Non-standard
ABML001,Radioisotopic verification of cerebrospinal fluid shunt,,,,Non-standard
JZQH001,Radiological exploration of urogenital sinus abnormalities [External genitography],,,,Non-standard
YYYY033,Radiological guidance,,,,Non-standard
19.01.09,Radiology,,,,Non-standard
19.02.07,Radiology,,,,Non-standard
19.01.09.01,"Radiology, CT scan, remnography",,,,Non-standard
19.01.10,Radiotherapy,,,,Non-standard
19.02.08,Radiotherapy,,,,Non-standard
JDHE003,"Randomized bladder biopsy, by endoscopy",,,,Non-standard
06.02.06.10,Re-education,,,,Non-standard
DKRP005,Re-training session for an exercise cardiac insufficiency on machine,,,,Non-standard
EHAA001,"Recalibration of a portocave anastomosis, by laparotomy",,,,Non-standard
12.02.01.13,Recalibration of the spine by posterior approach,,,,Non-standard
EDPF004,"Recanalization of a digestive artery with stent placement, via the transcutaneous arterial route",,,,Non-standard
EDPF003,"Recanalization of a digestive artery without stent placement, via the transcutaneous arterial route",,,,Non-standard
EEPF002,"Recanalization of a lower limb artery without stent grafting, via the transcutaneous arterial route",,,,Non-standard
EHPF001,"Recanalization of a portosystemic vascular short-circuit [shunt], via the transcutaneous venous route",,,,Non-standard
EEPF001,"Recanalization of an artery in the lower limb with stent grafting, via the transcutaneous arterial route",,,,Non-standard
ECPF001,"Recanalization of an artery of the upper limb with placement of a covered stent graft, via the transcutaneous artery route",,,,Non-standard
ECPF002,"Recanalization of an artery of the upper limb with stent grafting, via the transcutaneous arterial route",,,,Non-standard
ECPF003,"Recanalization of an artery of the upper limb without stenting, via the transcutaneous arterial route",,,,Non-standard
EFPF001,"Recanalization of an upper limb vein with stent placement, via the transcutaneous venous route",,,,Non-standard
EFPF002,"Recanalization of an upper limb vein without stent placement, via the transcutaneous venous route",,,,Non-standard
DGPF002,"Recanalization of the aortic bifurcation with stent grafting, by bilateral transcutaneous arterial route",,,,Non-standard
EDPF006,"Recanalization of the common iliac artery and / or the external iliac artery with covered stent grafting, via the transcutaneous arterial route",,,,Non-standard
EDPF009,"Recanalization of the common iliac artery and / or the external iliac artery with stent placement, via the transcutaneous arterial route",,,,Non-standard
EDPF008,"Recanalization of the common iliac artery and / or the external iliac artery without stent placement, by the transcutaneous arterial route",,,,Non-standard
EPPF001,"Recanalization of the drainage vein from arteriovenous vascular access without stent placement, by transcutaneous vascular route",,,,Non-standard
EPPF003,"Recanalization of the drainage vein of an arteriovenous vascular access with stent grafting, by the transcutaneous vascular route",,,,Non-standard
EGPF001,"Recanalization of the external iliac vein and / or the common iliac vein with stent placement, via the transcutaneous venous route",,,,Non-standard
DHPF003,"Recanalization of the inferior vena cava without stent placement, via the transcutaneous venous route",,,,Non-standard
EDPF001,"Recanalization of the internal iliac artery with stent placement, via the transcutaneous arterial route",,,,Non-standard
EDPF007,"Recanalization of the internal iliac artery without stent insertion, via the transcutaneous arterial route",,,,Non-standard
EDPF005,"Recanalization of the renal artery with stent insertion, via the transcutaneous arterial route",,,,Non-standard
EDPF002,"Recanalization of the renal artery without stent insertion, via the transcutaneous arterial route",,,,Non-standard
ECPF005,"Recanalization of the subclavian artery upstream of the ostium of the vertebral artery with stent grafting, via the transcutaneous arterial route",,,,Non-standard
ECPF004,"Recanalization of the subclavian artery upstream of the ostium of the vertebral artery without placement of stent, by the transcutaneous arterial route",,,,Non-standard
DHPF002,"Recanalization of the superior vena cava with stent placement, via the transcutaneous venous route",,,,Non-standard
DHPF001,"Recanalization of the superior vena cava without stent placement, via the transcutaneous venous route",,,,Non-standard
MDGA001,"Recess of a carpal bone with filling, by direct approach",,,,Non-standard
NDGA002,"Recess of a foot bone with filling, by direct approach",,,,Non-standard
NDGA001,"Recess of a foot bone without filling, by direct approach",,,,Non-standard
MDGA004,"Recess of a hand bone with filling, by direct approach",,,,Non-standard
MDGA003,"Recess of a hand bone without filling, by direct approach",,,,Non-standard
PAGA003,"Recess of an active epiphysis with filling, by arthrotomy",,,,Non-standard
PAGA006,"Recess of an active epiphysis without filling, by arthrotomy",,,,Non-standard
PAGA005,"Recess of an epiphysis, by extraarticular approach",,,,Non-standard
MZGA004,"Recess of an upper limb bone with filling, by direct approach",,,,Non-standard
MZGA003,"Recess of an upper limb bone without filling, by direct approach",,,,Non-standard
NBGA001,"Recess of the distal end of the femur and / or the proximal end of the tibia in the presence of active epiphyseal cartilage with filling, by direct approach",,,,Non-standard
NBGA004,"Recess of the distal end of the femur and / or the proximal end of the tibia in the presence of active epiphyseal cartilage without filling, by direct approach",,,,Non-standard
NBGA006,"Recess of the femur with filling, by direct approach",,,,Non-standard
NBGA002,"Recess of the femur without filling, by direct approach",,,,Non-standard
NAGA002,"Recess of the hip bone with filling, by direct approach",,,,Non-standard
NAGA003,"Recess of the hip bone without filling, by direct approach",,,,Non-standard
LBGA005,"Recess of the mandible, by intraoral approach",,,,Non-standard
NBGA005,"Recess of the proximal end of the femur in the presence of active epiphyseal cartilage with filling, by direct approach",,,,Non-standard
NBGA003,"Recess of the proximal end of the femur in the presence of active epiphyseal cartilage without filling, by direct approach",,,,Non-standard
MBGA001,"Recess of the proximal epiphysis of the humerus in the presence of active epiphyseal cartilage with filling, by direct approach",,,,Non-standard
MBGA002,"Recess of the proximal epiphysis of the humerus in the presence of active epiphyseal cartilage without filling, by direct approach",,,,Non-standard
MAGA002,"Recess of the scapula with filling, by direct approach",,,,Non-standard
MAGA003,"Recess of the scapula without filling, by direct approach",,,,Non-standard
NCGA002,"Recess of the tibia and / or fibula with filling, by direct approach",,,,Non-standard
NCGA001,"Recess of the tibia and / or fibula without filling, by direct approach",,,,Non-standard
NZMA001,Reconstruction and realignment of the first radius of the foot for malformation,,,,Non-standard
04.03.09.06,Reconstruction and replacement of upper limb artery,,,,Non-standard
MDEA004,"Reconstruction of a finger by nonvascularized transfer of the toe phalanx, for digital agenesis",,,,Non-standard
MZMA002,Reconstruction of a finger by total free transfer of the finger or toe,,,,Non-standard
MZMA003,Reconstruction of a finger by vascularized partial free transfer of the finger or toe,,,,Non-standard
MDMA001,Reconstruction of a hand bone by graft or inert non-prosthetic material,,,,Non-standard
MHMA003,Reconstruction of a hand joint by free transfer with vascular anastomoses,,,,Non-standard
MHMA004,Reconstruction of a hand joint by pedicle transfer,,,,Non-standard
MJMA013,"Reconstruction of a tendon in the hand by free transplant, in one step",,,,Non-standard
MJMA006,"Reconstruction of a tendon in the hand by free transplant, in two stages",,,,Non-standard
MJMA009,"Reconstruction of a tendon in the hand by pedicle transplant, in one step",,,,Non-standard
MJMA014,"Reconstruction of a tendon in the hand by pedicled transplant, in two stages",,,,Non-standard
EAMA001,"Reconstruction of a venous sinus of the dura mater or of an intracranial artery by autograft, during intracranial intervention",,,,Non-standard
MCMA001,"Reconstruction of an end and / or diaphysis of a forearm bone after """"en bloc"""" resection, by graft or inert non-prosthetic material",,,,Non-standard
MCMA002,"Reconstruction of an end and / or diaphysis of a forearm bone by graft or inert non-prosthetic material, after partial resection",,,,Non-standard
MBMA002,"Reconstruction of an end and / or shaft of the humerus after """"en bloc"""" resection, by graft or inert non-prosthetic material",,,,Non-standard
MBMA001,"Reconstruction of an end and / or shaft of the humerus by graft or inert non-prosthetic material, after partial resection",,,,Non-standard
BAMA005,Reconstruction of an eyebrow by autografting of the opposite scalp or eyebrow,,,,Non-standard
BAMA011,Reconstruction of an eyebrow by pedicled flap of the scalp or opposite eyebrow,,,,Non-standard
14.02.04.05,Reconstruction of leg bones,,,,Non-standard
14.03.04.10,Reconstruction of the ankle joint,,,,Non-standard
NGMA001,"Reconstruction of the ankle joint with arthrodesis, after loss of segmental substance",,,,Non-standard
NFMC003,"Reconstruction of the anterior cruciate ligament of the knee by autograft, arthroscopy",,,,Non-standard
NFMA004,"Reconstruction of the anterior cruciate ligament of the knee by autograft, arthrotomy",,,,Non-standard
JEMA015,Reconstruction of the anterior urethra after flattening,,,,Non-standard
HJMA002,"Reconstruction of the anterior wall of the anus and rectum and of the posterior wall of the vagina, with anal sphincteroplasty, by perineal approach",,,,Non-standard
DBMA010,"Reconstruction of the aortic annulus with replacement of the valve by homografting, by thoracotomy with CEC",,,,Non-standard
DBMA009,"Reconstruction of the aortic annulus with replacement of the valve by mechanical prosthesis or bioprosthesis with framework, by thoracotomy with CEC",,,,Non-standard
DBMA006,"Reconstruction of the aortic annulus with replacement of the valve by non-armored bioprosthesis, thoracotomy with CEC",,,,Non-standard
04.02.02.06,Reconstruction of the aortic pathway,,,,Non-standard
DBMA001,"Reconstruction of the aortic pathway by anterodright annulus enlargement with valve replacement, by thoracotomy with CEC",,,,Non-standard
DBMA015,"Reconstruction of the aortic pathway by anterogauche enlargement of the annulus and opening of the pulmonary infundibulum, with valve replacement, by thoracotomy with CEC",,,,Non-standard
DBMA004,"Reconstruction of the aortic pathway by transfer of the pulmonary valve to the aortic position with reconstruction of the pulmonary pathway, by thoracotomy with CEC",,,,Non-standard
ECMA001,"Reconstruction of the artery and / or subclavian vein with rib resection, by direct approach",,,,Non-standard
03.02.07,Reconstruction of the auricle,,,,Non-standard
CAMA006,"Reconstruction of the auricle by pedicled temporal fascia flap, with chondrocutaneous autograft and skin autograft",,,,Non-standard
JDMA003,"Reconstruction of the bladder neck, by laparotomy",,,,Non-standard
13.02.04.05,Reconstruction of the bones of the forearm,,,,Non-standard
QEMA014,Reconstruction of the breast by bipediculate rectus abdominis muscle flap,,,,Non-standard
QEMA011,Reconstruction of the breast by splitting the remaining breast,,,,Non-standard
QEMA020,Reconstruction of the breast using a fat free skin flap with a perforating pedicle of the abdomen [DIEP [deep inferior epigastric perforator]] with vascular anastomoses,,,,Non-standard
QEMA002,"Reconstruction of the breast using a free musculocutaneous flap of the rectus abdominis muscle, with vascular anastomoses",,,,Non-standard
QEMA008,Reconstruction of the breast using a pedicled musculocutaneous flap other than the rectus abdominis muscle,,,,Non-standard
NHMA008,Reconstruction of the capsuloligamentous apparatus of the mediotarsal joint,,,,Non-standard
LBMA004,Reconstruction of the condyle of the mandible by osteochondral graft,,,,Non-standard
14.03.02.09,Reconstruction of the coxofemoral joint,,,,Non-standard
NEMA011,"Reconstruction of the coxofemoral joint by massive or custom prosthesis, after loss of segmental substance at the level of the hip or the hip bone",,,,Non-standard
NFMC001,"Reconstruction of the cruciate ligaments of the knee, by arthroscopy",,,,Non-standard
NFMA011,"Reconstruction of the cruciate ligaments of the knee, by arthrotomy",,,,Non-standard
MJMA012,"Reconstruction of the cruciform part of the digital fibrous sheath [flexor digitorum tendon reflection pulley] by autograft on a ray of the hand, by direct approach",,,,Non-standard
13.03.03.09,Reconstruction of the elbow joint,,,,Non-standard
MFMA003,"Reconstruction of the elbow joint with massive or custom prosthesis, after segmental resection",,,,Non-standard
HEMA003,"Reconstruction of the esophagus and closure of the fistula in one step for atresia with fistula, by thoracotomy",,,,Non-standard
HEMA006,"Reconstruction of the esophagus by free flap of digestive segment, with vascular and digestive anastomoses",,,,Non-standard
HEMA004,"Reconstruction of the esophagus in one step for atresia without fistula, by thoracotomy",,,,Non-standard
NJMA001,Reconstruction of the extensor apparatus of the knee by osteotendinous autograft taken from the contralateral knee,,,,Non-standard
NJMA002,Reconstruction of the extensor apparatus of the knee by osteotendinous autograft taken from the ipsilateral knee,,,,Non-standard
03.02.08,Reconstruction of the external acoustic meatus,,,,Non-standard
CAMA015,"Reconstruction of the external acoustic meatus by skin flap and / or autograft of skin, with myringoplasty and ossiculoplasty, with opening of the labyrinth, without laser",,,,Non-standard
CAMA018,"Reconstruction of the external acoustic meatus by skin flap and / or autografted skin, with myringoplasty",,,,Non-standard
CAMA009,"Reconstruction of the external acoustic meatus by skin flap and / or autografted skin, with myringoplasty and ossiculoplasty, with opening of the labyrinth, with laser",,,,Non-standard
CAMA016,"Reconstruction of the external acoustic meatus by skin flap and / or autografted skin, with myringoplasty and ossiculoplasty, without opening the labyrinth",,,,Non-standard
CAMA010,"Reconstruction of the external acoustic meatus by skin flap and / or autografted skin, without cash flow time",,,,Non-standard
CAMA020,"Reconstruction of the external acoustic meatus by temporal fascia flap and skin autografting, without cash flow time",,,,Non-standard
HKMA005,Reconstruction of the external sphincter muscle of the anus by bilateral muscle transposition,,,,Non-standard
HKMA004,Reconstruction of the external sphincter muscle of the anus by unilateral muscle transposition,,,,Non-standard
02.02.06,Reconstruction of the eyebrow and eyelid,,,,Non-standard
14.02.02.05,Reconstruction of the femur,,,,Non-standard
NBMA001,"Reconstruction of the femur by graft or inert non-prosthetic material, after """"en bloc"""" resection of one end and / or the shaft",,,,Non-standard
NBMA003,"Reconstruction of the femur by graft or inert non-prosthetic material, after partial resection of one extremity and / or the shaft",,,,Non-standard
04.02.02.05,Reconstruction of the fibrous rings of the heart,,,,Non-standard
NZMA002,Reconstruction of the forefoot for crotch-type malformation,,,,Non-standard
JHMA003,Reconstruction of the foreskin of the penis,,,,Non-standard
BAMA016,"Reconstruction of the free edge of the eyelid with repositioning of the eyelashes, with autograft or flap",,,,Non-standard
BAMA012,"Reconstruction of the free edge of the eyelid with repositioning of the eyelashes, without autograft or flap",,,,Non-standard
14.02.01.05,Reconstruction of the hip bone,,,,Non-standard
NAMA002,"Reconstruction of the hip bone [hemibassin] after resection of the acetabular area, without hip prosthesis",,,,Non-standard
13.02.03.05,Reconstruction of the humerus,,,,Non-standard
LHMA008,"Reconstruction of the interarticular isthmus of a vertebra, by posterior approach",,,,Non-standard
14.03.03.08,Reconstruction of the knee joint,,,,Non-standard
NFMA006,"Reconstruction of the knee joint by massive or custom prosthesis, after loss of segmental substance",,,,Non-standard
LAMA001,"Reconstruction of the lateral third of the facial mass for malformation syndrome, by facial approach and by coronal approach",,,,Non-standard
DBMA005,"Reconstruction of the left atrioventricular annulus with replacement of the valve by homografting, by thoracotomy with CEC",,,,Non-standard
DBMA013,"Reconstruction of the left atrioventricular annulus with replacement of the valve by mechanical prosthesis or bioprosthesis with framework, by thoracotomy with CEC",,,,Non-standard
DBMA007,"Reconstruction of the left atrioventricular annulus with valvoplasty, by thoracotomy with CEC",,,,Non-standard
GAMA011,"Reconstruction of the nasal cavity for hypoplasia or aplasia, in children",,,,Non-standard
QEMA009,"Reconstruction of the nipple areolate by autograft nipple, with dermopigmentation",,,,Non-standard
QEMA010,"Reconstruction of the nipple-areol plaque by nipple autograft or local flap, and skin autograft",,,,Non-standard
GAMA021,"Reconstruction of the nose, hemine or tip of the nose with osteochondral framework, skin covering flap and mucous lining flap",,,,Non-standard
HAMA007,"Reconstruction of the philtrum by heterolabial flap, for sequelae of an orofacial cleft",,,,Non-standard
NFMC002,"Reconstruction of the posterior cruciate ligament of the knee by autograft without synthetic reinforcement, by arthroscopy",,,,Non-standard
NFMA010,"Reconstruction of the posterior cruciate ligament of the knee by autograft without synthetic reinforcement, by arthrotomy",,,,Non-standard
JEMA022,Reconstruction of the posterior urethra after flattening,,,,Non-standard
LBMA002,"Reconstruction of the ramus of the mandible by osteochondral autograft for malformation syndrome, by direct approach",,,,Non-standard
NJMA004,"Reconstruction of the retinaculum of the peroneal muscles [sheath of the peroneal tendons] by capsuloligament, periosteal and / or bone plasty",,,,Non-standard
CAMA003,Reconstruction of the retroauricular sulcus by advancing skin flap and autografting of skin,,,,Non-standard
CAMA014,"Reconstruction of the retroauricular sulcus by temporal or occipital fascia flap, and skin autograft",,,,Non-standard
NEMA019,"Reconstruction of the sacroiliac joint after loss of segmental bone substance with arthrodesis, by direct approach",,,,Non-standard
13.03.02.09,Reconstruction of the scapulohumeral joint,,,,Non-standard
MEMA009,"Reconstruction of the shoulder joint by massive or custom prosthesis, after segmental resection",,,,Non-standard
JHMA002,Reconstruction of the skin of the penis by skin grafting,,,,Non-standard
LBMA001,Reconstruction of the temporomandibular joint with prosthesis,,,,Non-standard
NCMA001,"Reconstruction of the tibia by graft or inert non-prosthetic material, after """"en bloc"""" resection of one end and / or the shaft",,,,Non-standard
NCMA002,"Reconstruction of the tibia by graft or inert non-prosthetic material, after partial resection of one extremity and / or the shaft",,,,Non-standard
CAMA012,Reconstruction of the tragus by chondrocutaneous autograft of a contralateral conch and autograft of skin,,,,Non-standard
CAMA002,Reconstruction of the tragus by skin flap and autologous skin graft,,,,Non-standard
MGMA006,"Reconstruction of the wrist joint by massive or custom prosthesis, after segmental resection",,,,Non-standard
CDQP008,Recording of average and long latency auditory evoked potentials with measurement of amplitudes and latencies of responses,,,,Non-standard
ANQP006,Recording of cerebral somesthetic evoked potentials by bilateral stimulation of 3 or more nerves of the upper and lower limbs,,,,Non-standard
ANQP004,Recording of cerebral somesthetic evoked potentials by bilateral stimulation of one or 2 nerves of the upper or lower limbs,,,,Non-standard
ANQP002,Recording of cerebral somesthetic evoked potentials by stimulation of the pudendal nerves [shameful nerves],,,,Non-standard
CDQP017,Recording of early auditory evoked potentials for study of conduction times and measurement of amplitudes,,,,Non-standard
CDQP014,"Recording of early auditory evoked potentials for threshold search, study of conduction times and measurement of amplitudes, under general anesthesia",,,,Non-standard
CDQP006,"Recording of early auditory evoked potentials for threshold search, study of conduction times and measurement of amplitudes, without general anesthesia",,,,Non-standard
ALQP001,Recording of event-related cognitive evoked potentials,,,,Non-standard
AZQP002,"Recording of evoked potentials, at bedside",,,,Non-standard
JQQP001,"Recording of fetal heart rate lasting more than 20 minutes, outside of labor",,,,Non-standard
BJQP003,Recording of gaze kinetics [oculopalpebral motricity],,,,Non-standard
LBQP001,Recording of maxillomandibular reports for programming an articulator,,,,Non-standard
AHQP004,Recording of motor potentials by cortical and / or spinal stimulation,,,,Non-standard
ANQP005,"Recording of nociceptive evoked potentials with measurement of amplitudes and latencies of cortical responses, by laser stimulation",,,,Non-standard
CDQP004,Recording of otoemission distortion products,,,,Non-standard
CDQP009,Recording of otoemissions,,,,Non-standard
CEQP008,Recording of vestibular evoked potentials of saccular origin [otolithic evoked potentials] [sacculocollic evoked potentials] by electromyography,,,,Non-standard
BLQP009,Recording of visual evoked potentials by inversion of the contrast stimulus,,,,Non-standard
BLQP001,Recording of visual evoked potentials with light flash stimulation,,,,Non-standard
HJHD001,Rectal biopsy by aspiration of the mucosa by probe,,,,Non-standard
07.03.07.06,Rectal resection,,,,Non-standard
07.03.07.03,Rectal wound suture,,,,Non-standard
HHFE006,"Rectocolic mucosectomy session, by endoscopy",,,,Non-standard
HJFA001,"Rectocolic resection with retrorectal colonic reduction by laparotomy, with colorectal anastomosis by anal route",,,,Non-standard
07.03.07.04,Rectopexy,,,,Non-standard
HJDC001,"Rectopexy, by laparoscopy",,,,Non-standard
HJDA001,"Rectopexy, by laparotomy",,,,Non-standard
HJFC031,"Rectosigmoid resection beyond the Douglas cul-de-sac, without restoration of continuity, by laparoscopy",,,,Non-standard
HJFA011,"Rectosigmoid resection beyond the Douglas cul-de-sac, without restoration of continuity, by laparotomy",,,,Non-standard
HJFA017,"Rectosigmoid resection by laparoscopy or by laparotomy with preparation by laparoscopy, with coloanal anastomosis by anal route",,,,Non-standard
HJFA006,"Rectosigmoid resection by laparotomy, with coloanal anastomosis via anal or transsphincteric approach",,,,Non-standard
HJFC002,"Rectosigmoid resection for congenital aganglionosis by laparoscopy, with restoration of continuity via the anal route",,,,Non-standard
HJFA020,"Rectosigmoid resection for congenital aganglionosis by laparotomy, with restoration of continuity via the anal route",,,,Non-standard
HJFD003,"Rectosigmoid resection for congenital aganglionosis with restoration of continuity, by anal route",,,,Non-standard
HJFA004,"Rectosigmoid resection with infraperitoneal colorectal anastomosis, by laparoscopy or by laparotomy with preparation by laparoscopy",,,,Non-standard
HJFA002,"Rectosigmoid resection with infraperitoneal colorectal anastomosis, by laparotomy",,,,Non-standard
HJQE001,Rectosigmoidoscopy,,,,Non-standard
BCFA005,"Recurrent pterygium resection, with conjunctiva or mucous membrane autograft",,,,Non-standard
BCFA006,"Recurrent pterygium resection, without autograft",,,,Non-standard
HLEA002,Reduced liver transplant,,,,Non-standard
HAMA001,Reduction glossoplasty,,,,Non-standard
EZBA002,Reduction in aneurysm volume from arteriovenous vascular access,,,,Non-standard
EZBA003,Reduction in the flow of arteriovenous vascular access by ligation or reduction in size of the artery,,,,Non-standard
MFEA003,"Reduction of a dislocation of the elbow and / or proximal radio-ulnar joint by arthrotomy, with osteosynthesis of fracture of the proximal end of the radius or of the open ulna",,,,Non-standard
NEEA002,"Reduction of a dislocation of the hip joint prosthesis, by arthrotomy",,,,Non-standard
MHEA003,"Reduction of a dislocation of the metacarpophalangeal or interphalangeal joint of a finger, by arthrotomy",,,,Non-standard
MHEA004,"Reduction of a dislocation or carpometacarpal dislocation-fracture, by arthrotomy",,,,Non-standard
MHEA002,"Reduction of a dislocation or trapezometacarpal dislocation-fracture, by arthrotomy",,,,Non-standard
HBED010,Reduction of a malocclusion and / or alveolodental malposition by a fixed bib-ring device on 1 arch,,,,Non-standard
HBED008,Reduction of a malocclusion and / or alveolodental malposition by a fixed bibagged device on 2 arches,,,,Non-standard
HBED018,"Reduction of a malocclusion and / or alveolodental malposition by a fixed device with a total multiple attachment on 2 arches, with the addition of 2 associated devices",,,,Non-standard
HBED028,"Reduction of a malocclusion and / or alveolodental malposition by a fixed device with multiple attachments total on 1 arch without the addition of an associated device, with restraint of the other arch by a fixed device after orthodontic treatment",,,,Non-standard
HBED013,"Reduction of a malocclusion and / or alveolodental malposition by a fixed device with multiple attachments total on 1 arch, with the addition of an associated device",,,,Non-standard
HBED012,"Reduction of a malocclusion and / or alveolodental malposition by a fixed multi-attachment device total on 1 arch, without the addition of an associated device",,,,Non-standard
HBED017,Reduction of a malocclusion and / or alveolodental malposition by a removable device on 1 arch,,,,Non-standard
HBED019,Reduction of a malocclusion and / or alveolodental malposition by a removable device on 2 arches,,,,Non-standard
HBED020,Reduction of a malocclusion and / or alveolodental malposition by sectorial multi-attachment fixed device,,,,Non-standard
HBED027,"Reduction of a malocclusion and / or alveolodental malposition using a fixed device with a total multiple attachment on 1 arch with the addition of an associated device, with restraint of the other arch by a removable device after orthodontic treatment",,,,Non-standard
HBED025,"Reduction of a malocclusion and / or alveolodental malposition using a fixed device with a total multiple attachment on 1 arch with the addition of an associated device, with restraint of the other arch with a fixed device after orthodontic treatment",,,,Non-standard
HBED026,"Reduction of a malocclusion and / or alveolodental malposition using a fixed device with a total multiple attachment on 1 arch without adding an associated device, with restraint of the other arch by a removable device after orthodontic treatment",,,,Non-standard
LBEP001,Reduction of a posterior-anterior shift of the dental arches by orthopedic device and / or functional device,,,,Non-standard
MEEA002,"Reduction of a scapulohumeral dislocation by arthrotomy, with osteosynthesis of an ipsilateral fracture of the glenoid, the neck of the scapula and / or the humeral tubercle",,,,Non-standard
MEEA003,"Reduction of a scapulohumeral dislocation, by arthrotomy",,,,Non-standard
LBEA001,"Reduction of a temporomandibular dislocation, by direct approach",,,,Non-standard
LBEP008,Reduction of a transverse offset of the dental arches by orthopedic device and / or functional device,,,,Non-standard
NEEA003,"Reduction of a traumatic dislocation of the coxofemoral joint with osteosynthesis of a fracture of the head of the femur, by arthrotomy",,,,Non-standard
LBEP007,Reduction of a vertical offset of the dental arches by orthopedic device and / or functional device,,,,Non-standard
MGEA001,"Reduction of a wrist dislocation with osteosynthesis of a fracture of a carpal bone, by arthrotomy",,,,Non-standard
MGEA002,"Reduction of a wrist dislocation, by arthrotomy",,,,Non-standard
MEEA004,"Reduction of acromioclavicular or sternoclavicular dislocation, by direct approach",,,,Non-standard
07.03.04.08,Reduction of acute intussusception,,,,Non-standard
HGEC009,Reduction of acute intussusception by laparoscopy,,,,Non-standard
HGEA003,Reduction of acute intussusception by laparotomy,,,,Non-standard
HBED015,Reduction of alveolar fracture in mixed or incomplete dentition,,,,Non-standard
HBED009,Reduction of alveolar fracture in permanent dentition,,,,Non-standard
MFEA001,"Reduction of an elbow dislocation, by arthrotomy",,,,Non-standard
NEEA004,"Reduction of an unstable, non-traumatic hip by arthrotomy",,,,Non-standard
14.03.04.04,Reduction of ankle dislocation by arthrotomy,,,,Non-standard
LBEP004,Reduction of anteroposterior displacement of the dental arches by orthopedic device and / or functional device,,,,Non-standard
14.03.02.03,Reduction of coxofemoral dislocation by arthrotomy,,,,Non-standard
HBED011,Reduction of dislocation of a tooth,,,,Non-standard
MHEA001,"Reduction of dislocation of several metacarpophalangeal and / or interphalangeal finger joints, by arthrotomy",,,,Non-standard
HBED016,Reduction of dislocation of several teeth,,,,Non-standard
13.03.05.03,Reduction of dislocation of the hand by arthrotomy,,,,Non-standard
13.03.01.02,Reduction of dislocation of the shoulder girdle by arthrotomy,,,,Non-standard
NGEA001,"Reduction of dislocation of the tibiotalar, talocalcaneal and / or mediotarsal joint, by arthrotomy",,,,Non-standard
13.03.04.02,Reduction of dislocation of the wrist by arthrotomy,,,,Non-standard
13.03.03.03,Reduction of elbow dislocation by arthrotomy,,,,Non-standard
LAEB001,"Reduction of fracture of the floor of the closed hearth orbit, by intrasinus balloon introduced by intraoral approach",,,,Non-standard
LAEA003,"Reduction of fracture of the supraorbital edge with interposition of inert material and / or autograft, by approaching the eyebrow",,,,Non-standard
LAEA001,"Reduction of fracture of the supraorbital edge without interposition, by approaching the eyebrow",,,,Non-standard
LAEA008,Reduction of fracture of the tympanic part of the temporal bone [tympanic bone],,,,Non-standard
EGED001,"Reduction of internal hemorrhoidal procidence by circular stapling, by anal route",,,,Non-standard
HBED007,"Reduction of malocclusion and / or alveolodental malposition using a fixed device with a total multiple attachment on 2 arches, with the addition of 3 associated devices",,,,Non-standard
HBED002,"Reduction of malocclusion and / or alveolodental malposition using a fixed device with a total multiple attachment over 2 arches, with the addition of an associated device",,,,Non-standard
HBED014,"Reduction of malocclusion and / or alveolodental malposition using a fixed device with a total multiple attachment over 2 arches, without adding an associated device",,,,Non-standard
LAEA007,"Reduction of nasal bone fracture, by direct approach",,,,Non-standard
13.03.02.03,Reduction of scapulohumeral dislocation by arthrotomy,,,,Non-standard
JQED002,Reduction of severe shoulder dystocia,,,,Non-standard
11.03.02,Reduction of temporomandibular joint dislocation,,,,Non-standard
EZBA001,Reduction of the flow of arteriovenous vascular access with repair of the arterial anastomosis,,,,Non-standard
07.02.02.02,Reduction of tooth fracture and dislocation,,,,Non-standard
LBEP003,Reduction of transverse insufficiency of the jawbone by orthopedic device and / or functional device,,,,Non-standard
LBEP006,Reduction of transverse insufficiency of the mandible by orthopedic device,,,,Non-standard
NEEA001,"Reduction of traumatic dislocation of the hip joint, by arthrotomy",,,,Non-standard
JNPA002,Reduction of uterine inversion by hysterotomy,,,,Non-standard
16.06.05,Reduction or augmentation mastoplasty,,,,Non-standard
BAMA017,Reformation of the superior palpebral fold,,,,Non-standard
BDFP001,Refractive [comfort] photokeratectomy with excimer laser,,,,Non-standard
HBED001,Reimplantation of 1 permanent extruded tooth,,,,Non-standard
MZEA001,Reimplantation of 2 fingers,,,,Non-standard
HBED003,Reimplantation of 2 permanent teeth expelled,,,,Non-standard
MZEA012,Reimplantation of 3 fingers,,,,Non-standard
HBED021,Reimplantation of 3 or more extruded permanent teeth,,,,Non-standard
MZEA003,Reimplantation of 4 or 5 fingers,,,,Non-standard
DDEA001,"Reimplantation of a coronary artery for original congenital anomaly, by thoracotomy with SCC",,,,Non-standard
EDEA005,"Reimplantation of a digestive artery in the aorta, by laparotomy",,,,Non-standard
MZEA010,Reimplantation of a finger,,,,Non-standard
DFEA001,"Reimplantation of a pulmonary artery for original anomaly, by thoracotomy",,,,Non-standard
CAEA003,Reimplantation of all or part of the auricle with vascular anastomoses,,,,Non-standard
GAEA002,"Reimplantation of fragment of nose, with vascular anastomoses",,,,Non-standard
EBEA005,"Reimplantation of the common carotid artery into the subclavian artery, by cervicotomy",,,,Non-standard
EBEA004,"Reimplantation of the distal vertebral artery into the internal carotid artery or into the external carotid artery, by cervicotomy",,,,Non-standard
EJEA001,"Reimplantation of the femoral vein in the great saphenous vein or in the deep vein of the thigh [deep femoral vein], by direct approach",,,,Non-standard
NDEA002,Reimplantation of the first toe,,,,Non-standard
EBEA001,"Reimplantation of the internal jugular vein into the axillary vein, by direct approach",,,,Non-standard
JHEA005,Reimplantation of the penis,,,,Non-standard
EBEA002,"Reimplantation of the proximal vertebral artery in the subclavian artery or in the common carotid artery, by cervicotomy",,,,Non-standard
EDEA004,"Reimplantation of the renal artery into the aorta, by laparotomy or by lumbotomy",,,,Non-standard
MZEA002,Reimplantation of the severed hand at the level of the pastern,,,,Non-standard
MZEA011,Reimplantation of the severed hand to the wrist,,,,Non-standard
NZEA006,Reimplantation of the severed lower limb at the thigh,,,,Non-standard
NZEA002,Reimplantation of the severed lower limb to the leg,,,,Non-standard
MZEA007,Reimplantation of the severed upper limb above the wrist,,,,Non-standard
EBEA003,"Reimplantation of the subclavian artery into the common carotid artery, by cervicotomy",,,,Non-standard
EDEA002,"Reimplantation or bypass of the inferior mesenteric artery, during surgery on the aorta",,,,Non-standard
EDEA001,"Reimplantation or bypass of the internal iliac artery or one of its branches, by laparotomy",,,,Non-standard
EDEA003,"Reimplantation or bypass of the internal iliac artery, during an intervention on the aorta",,,,Non-standard
14.05.05,Reimplantation to the lower limb,,,,Non-standard
13.05.04,Reimplantation to the upper limb,,,,Non-standard
BJMA008,"Reinforcement, weakening or iterative displacement of the insertion of 2 oculomotor muscles",,,,Non-standard
MJEC002,"Reinsertion and / or suture of several tendons of the rotator cuff of the shoulder, by arthroscopy",,,,Non-standard
MJEA006,"Reinsertion and / or suture of several tendons of the rotator cuff of the shoulder, by direct approach",,,,Non-standard
NJEA007,Reinsertion and / or suturing of the patellar ligament [patellar tendon],,,,Non-standard
NJEA002,Reinsertion and / or suturing of the quadriceps femoral muscle tendon,,,,Non-standard
DBEA001,"Reinsertion of an orificial cardiac prosthesis, by thoracotomy with CEC",,,,Non-standard
MJEA019,Reinsertion of the biceps brachii muscle on the radius,,,,Non-standard
NJEA003,"Reinsertion of the calcaneal tendon [Achilles], by direct approach",,,,Non-standard
BEEA002,Reinsertion of the iris root,,,,Non-standard
NFEC002,"Reinsertion or suture of a knee meniscus, by arthroscopy",,,,Non-standard
NFEA002,"Reinsertion or suture of a knee meniscus, by arthrotomy",,,,Non-standard
MJEC001,"Reinsertion or suture of a rotator cuff tendon in the shoulder, by arthroscopy",,,,Non-standard
MJEA010,"Reinsertion or suture of a tendon of the rotator cuff of the shoulder, by direct approach",,,,Non-standard
NFEC001,"Reinsertion or suture of the 2 menisci of the knee, by arthroscopy",,,,Non-standard
NFEA001,"Reinsertion or suture of the 2 menisci of the knee, by arthrotomy",,,,Non-standard
BDPA001,Relaxing keratotomy for correction of induced corneal astigmatism,,,,Non-standard
BGPA001,Relaxing retinotomy and / or retroretinal membrane dissection,,,,Non-standard
LAPB002,"Release and activation of 1 intraoral intraosseous implant, in adults",,,,Non-standard
LAPB451,"Release and activation of 1 intraoral intraosseous implant, in children",,,,Non-standard
LAPB122,"Release and activation of 10 intraoral intraosseous implants, in adults",,,,Non-standard
LAPB288,Release and activation of 11 or more intraosseous intraosseous implants,,,,Non-standard
LAPB311,Release and activation of 2 intraoral intraosseous implants in children,,,,Non-standard
LAPB004,"Release and activation of 2 intraoral intraosseous implants, in adults",,,,Non-standard
LAPB459,Release and activation of 3 intraoral intraosseous implants in children,,,,Non-standard
LAPB003,"Release and activation of 3 intraoral intraosseous implants, in adults",,,,Non-standard
LAPB408,Release and activation of 4 intraoral intraosseous implants in children,,,,Non-standard
LAPB001,"Release and activation of 4 intraoral intraosseous implants, in adults",,,,Non-standard
LAPB005,"Release and activation of 5 intraoral intraosseous implants, in adults",,,,Non-standard
LAPB006,"Release and activation of 6 intraoral intraosseous implants, in adults",,,,Non-standard
LAPB007,"Release and activation of 7 intraoral intraosseous implants, in adults",,,,Non-standard
LAPB047,"Release and activation of 8 intraoral intraosseous implants, in adults",,,,Non-standard
LAPB030,"Release and activation of 9 intraoral intraosseous implants, in adults",,,,Non-standard
07.06.07,Release and section of adhesions and peritoneal clamps,,,,Non-standard
HBPD002,Release of a retained or impacted tooth with placement of an orthodontic traction device without periodontal arrangement,,,,Non-standard
HBPA001,"Release of a retained or impacted tooth, with placement of an orthodontic traction device and periodontal arrangement by graft or flap",,,,Non-standard
LCPA001,"Release of a retraction of the soft tissues of the masticatory region, by direct approach",,,,Non-standard
EMPA001,"Release of a trapped artery and / or popliteal vein, by direct approach",,,,Non-standard
HPPA001,"Release of adhesions [Adhesiolysis] neither extensive nor tight of the pelvic peritoneum for sterility in women, by laparotomy",,,,Non-standard
JHPA003,Release of adhesions from the foreskin of the penis,,,,Non-standard
AEPA001,"Release of attached marrow, by posterior approach",,,,Non-standard
AEPA004,"Release of diastematomyelia, by posterior approach",,,,Non-standard
HPPC002,"Release of extensive and / or tight adhesions [Adhesiolysis] of the pelvic peritoneum for sterility in women, by laparoscopy",,,,Non-standard
HPPA003,"Release of extensive and / or tight adhesions [Adhesiolysis] of the pelvic peritoneum for sterility in women, by laparotomy",,,,Non-standard
ACPA001,"Release of intracranial vascular conflict, by craniotomy",,,,Non-standard
HPPC001,"Release of neither extensive nor tight adhesions [Adhesiolysis] of the pelvic peritoneum for sterility in women, by laparoscopy",,,,Non-standard
JKPD001,Release of recent and total cervical stricture,,,,Non-standard
HBPD001,Release of several retained or impacted teeth with installation of an orthodontic traction device,,,,Non-standard
BEPA001,"Release of synechiae and / or flanges of the anterior segment of the eye, by keratotomy",,,,Non-standard
AHPA016,"Release of the circumflex nerve, by direct approach",,,,Non-standard
AHPA010,"Release of the common peroneal nerve [external popliteal sciatica] at the knee, by direct approach",,,,Non-standard
HPPC004,"Release of the distal end of the catheter from a diffuser system implanted for intraperitoneal insulin therapy, by laparoscopy",,,,Non-standard
AHPA017,"Release of the femoral [crural] nerve, the sciatic nerve and / or their branches at the root of the lower limb or at the thigh, by direct approach",,,,Non-standard
AHPA002,"Release of the lumbosacral plexus, by direct approach",,,,Non-standard
AHPA009,"Release of the median nerve to the carpal tunnel, by direct approach",,,,Non-standard
AHPC001,"Release of the median nerve to the carpal tunnel, by video surgery",,,,Non-standard
AHPA013,"Release of the musculocutaneous nerve, by direct approach",,,,Non-standard
AHPA024,"Release of the superficial spinal nerve of the limbs, by direct approach",,,,Non-standard
AHPA012,"Release of the supraclavicular nerve and / or its branches, by direct approach",,,,Non-standard
MJPA009,"Release of the tendon of an extensor muscle of a finger on a ray of the hand, by direct approach",,,,Non-standard
MJPA002,"Release of the tendons of the flexor muscles of the fingers on a radius of the hand, by direct approach",,,,Non-standard
AHPA008,"Release of the tibial nerve [internal popliteal sciatica] to the leg and / or calcaneal canal, by direct approach",,,,Non-standard
AHPA022,"Release of the ulnar nerve at the elbow, by direct approach",,,,Non-standard
AHPA021,"Release of the ulnar nerve at the wrist and / or hand, by direct approach",,,,Non-standard
08.02.02.17,Release of the ureter [Ureterolysis],,,,Non-standard
JCPA001,"Release of the ureter with intraperitonization or peritoneal flap, by direct approach",,,,Non-standard
JCPC001,"Release of the ureter with intraperitonization or peritoneal flap, by laparoscopy or by retroperitoneoscopy",,,,Non-standard
JCPA002,"Release of the ureter without intraperitonization, by direct approach",,,,Non-standard
JCPC002,"Release of the ureter without intraperitonization, by laparoscopy or by retroperitoneoscopy",,,,Non-standard
JEPA007,"Release of the urethra [Urethrolysis], by direct approach",,,,Non-standard
AHPA011,"Release or resection of a plantar digital nerve, by direct approach",,,,Non-standard
NJPA018,"Release, axial incisions, or tenosynovectomy of a tendon in the hindfoot",,,,Non-standard
QZPA002,Relief escarrotomy at 1 site,,,,Non-standard
QZPA001,Relief escarrotomy at 2 sites,,,,Non-standard
QZPA005,Relief escarrotomy at 3 sites,,,,Non-standard
QZPA007,Relief escarrotomy at 4 sites,,,,Non-standard
QZPA006,Relief escarrotomy at 5 sites,,,,Non-standard
QZPA003,Relief escarrotomy at 6 sites,,,,Non-standard
GFFA019,"Remaining pulmonary lobe resection [Pneumonectomy totalization], by thoracotomy",,,,Non-standard
YYYY125,Remnographic guidance,,,,Non-standard
ZZQN001,Remnography [MRI] comprising 6 or more sequences,,,,Non-standard
LHQJ002,"Remnography [MRI] of 3 or more segments of the spine and its contents, with intravenous injection of contrast medium",,,,Non-standard
LHQN002,"Remnography [MRI] of 3 or more segments of the spine and its contents, without intravenous injection of contrast medium",,,,Non-standard
LHQJ001,"Remnography [MRI] of one or two segments of the spine and its contents, with intravenous injection of contrast medium",,,,Non-standard
LHQN001,"Remnography [MRI] of one or two segments of the spine and its contents, without intravenous injection of contrast medium",,,,Non-standard
16.01.03,Remnography [MRI] of skin and soft tissues,,,,Non-standard
ZCQJ005,"Remnography [MRI] of the abdomen and small pelvis [pelvis], with intravenous injection of contrast medium",,,,Non-standard
ZCQN001,"Remnography [MRI] of the abdomen and small pelvis [pelvis], without intravenous injection of contrast medium",,,,Non-standard
ZCQJ004,"Remnography [MRI] of the abdomen or small pelvis [pelvis], with intravenous injection of contrast medium",,,,Non-standard
ZCQN002,"Remnography [MRI] of the abdomen or small pelvis [pelvis], without intravenous injection of contrast medium",,,,Non-standard
12.01.05,Remnography [MRI] of the bones and joints of the neck and trunk,,,,Non-standard
QEQJ001,"Remnography [MRI] of the breast, with intravenous injection of contrast medium",,,,Non-standard
QEQN001,"Remnography [MRI] of the breast, without intravenous injection of contrast medium",,,,Non-standard
ZBQJ001,"Remnography [MRI] of the chest, with intravenous injection of contrast medium",,,,Non-standard
ZBQN001,"Remnography [MRI] of the chest, without intravenous injection of contrast medium",,,,Non-standard
04.01.06,Remnography [MRI] of the circulatory system,,,,Non-standard
07.01.06,Remnography [MRI] of the digestive system,,,,Non-standard
LAQJ001,"Remnography [MRI] of the face, with intravenous injection of contrast medium",,,,Non-standard
LAQN001,"Remnography [MRI] of the face, without intravenous injection of contrast medium",,,,Non-standard
05.01.03,Remnography [MRI] of the immune and hematopoietic systems,,,,Non-standard
14.01.04,Remnography [MRI] of the lower limb,,,,Non-standard
01.01.06,Remnography [MRI] of the nervous system,,,,Non-standard
ACQN002,Remnography [MRI] of the skull and its contents and / or the facial mass for dosimetric planning,,,,Non-standard
ACQN003,Remnography [MRI] of the skull and its contents for stereotaxic procedure,,,,Non-standard
ACQJ001,"Remnography [MRI] of the skull and its contents with study of the viability of the cerebral parenchyma by diffusion and perfusion imaging, with remnography of the cervicocephalic [angio-MRI] vessels",,,,Non-standard
ACQJ002,"Remnography [MRI] of the skull and its contents, with intravenous injection of contrast medium",,,,Non-standard
ACQN004,"Remnography [MRI] of the skull and its contents, with study of the viability of the cerebral parenchyma by diffusion and perfusion imaging",,,,Non-standard
ACQN001,"Remnography [MRI] of the skull and its contents, without intravenous injection of contrast medium",,,,Non-standard
13.01.03,Remnography [MRI] of the upper limb,,,,Non-standard
17.01.04,"Remnography [MRI], without topographic precision",,,,Non-standard
EBQJ002,Remnography of cervical vessels [Cervical angio-MRI],,,,Non-standard
EBQJ001,Remnography of cervicocephalic vessels [Cervicocerebral angio-MRI],,,,Non-standard
EAQJ001,Remnography of encephalic vessels [Cerebral angio-MRI],,,,Non-standard
ECQJ001,Remnography of the thoracic vessels [Thoracic angio-MRI],,,,Non-standard
ELQJ003,"Remnography of the vessels [Angio-MRI] of the abdomen and / or the small pelvis, with remnography of the vessels [Angio-MRI] of the limbs",,,,Non-standard
ELQJ001,Remnography of the vessels of the abdomen and / or the small pelvis [Abdominopelvic angio-MRI],,,,Non-standard
EMQJ001,Remnography of the vessels of the lower limbs [Angio-MRI of the lower limbs],,,,Non-standard
EKQJ001,Remnography of the vessels of the upper limbs [Angio-MRI of the upper limbs],,,,Non-standard
LAMA006,"Remodeling of the posterior pole of the skull, by direct approach",,,,Non-standard
LAMA004,"Remodeling of the rim of the orbit without autograft, by direct approach",,,,Non-standard
07.02.03.03,Removable dental prosthesis,,,,Non-standard
RF0,Removable denture veneer repair RAC 0,,,,Non-standard
PAM,Removable metal prosthesis Free price,,,,Non-standard
PAR,Removable resin prosthesis Free price,,,,Non-standard
PT0,Removable transitional prosthesis RAC 0,,,,Non-standard
JCGH005,"Removal and / or fragmentation of the ureteral stone, by a nephrostomy already in place with ultrasound and / or radiological guidance",,,,Non-standard
BBFA002,Removal and / or plasty of a tear point,,,,Non-standard
08.03.03.08,Removal and change of penile prosthesis,,,,Non-standard
08.02.04.02,Removal and change of urinary sphincter prosthesis,,,,Non-standard
01.03.01.04,Removal and closure of penetrating vertebrospinal [spinal and spinal cord] [vertebromedullary] wounds,,,,Non-standard
LBGA004,"Removal of 1 intraoral intraosseous implant with bone resection, in adults",,,,Non-standard
LBGA280,"Removal of 1 intraoral intraosseous implant with bone resection, in children",,,,Non-standard
HHFE001,"Removal of 1 to 3 polyps less than 1cm in diameter from the colon and / or rectum, by rectosigmoidoscopy or by partial colonoscopy",,,,Non-standard
HHFE002,"Removal of 1 to 3 polyps less than 1cm in diameter from the colon and / or rectum, by total colonoscopy",,,,Non-standard
HGFE002,"Removal of 1 to 3 polyps less than 1cm in diameter from the small intestine, by ileoscopy",,,,Non-standard
LBGA168,"Removal of 10 intraoral intraosseous implants with bone resection, in adults",,,,Non-standard
LBGA113,"Removal of 11 or more intraoral intraosseous implants, with bone resection",,,,Non-standard
LBGA003,"Removal of 2 intraoral intraosseous implants with bone resection, in adults",,,,Non-standard
LBGA441,"Removal of 2 intraoral intraosseous implants with bone resection, in children",,,,Non-standard
LBGA002,"Removal of 3 intraoral intraosseous implants with bone resection, in adults",,,,Non-standard
LBGA354,"Removal of 3 intraoral intraosseous implants with bone resection, in children",,,,Non-standard
LBGA006,"Removal of 4 intraoral intraosseous implants with bone resection, in adults",,,,Non-standard
LBGA049,"Removal of 4 intraoral intraosseous implants with bone resection, in children",,,,Non-standard
LBGA007,"Removal of 5 intraoral intraosseous implants with bone resection, in adults",,,,Non-standard
LBGA008,"Removal of 6 intraoral intraosseous implants with bone resection, in adults",,,,Non-standard
LBGA009,"Removal of 7 intraoral intraosseous implants with bone resection, in adults",,,,Non-standard
LBGA139,"Removal of 8 intraoral intraosseous implants with bone resection, in adults",,,,Non-standard
LBGA052,"Removal of 9 intraoral intraosseous implants with bone resection, in adults",,,,Non-standard
PAFA006,"Removal of a bone other than a long bone, from a subject in a state of brain death",,,,Non-standard
HBGD011,Removal of a cast metal block or a dental prosthesis with a sealed root post,,,,Non-standard
NEGA005,Removal of a cervicocephalic femoral prosthesis,,,,Non-standard
GAFA009,Removal of a congenital fistula of the nasal columella or upper lip [philtrum],,,,Non-standard
LCFA004,Removal of a congenital median neck cyst,,,,Non-standard
JAGD002,"Removal of a coralliform or complex kidney stone, by a nephrostomy already in place",,,,Non-standard
HBGD005,Removal of a coronoradicular anchorage,,,,Non-standard
BAFA019,Removal of a cyst of the eyebrow tail,,,,Non-standard
BDGA005,Removal of a deep foreign body [stromal] from the cornea,,,,Non-standard
QAGA004,Removal of a deep foreign body from the soft tissues of the face or hands,,,,Non-standard
GAFA011,"Removal of a fistula or congenital cyst of the back of the nose, by facial approach",,,,Non-standard
LCFA006,Removal of a fistula or cyst of the third or fourth branchial slit,,,,Non-standard
QZGA003,"Removal of a foreign body deep in soft tissue, outside of the face and hands",,,,Non-standard
HBGD012,Removal of a foreign body from a root canal of a tooth,,,,Non-standard
JCGH003,"Removal of a fragment of intra-ureteral material by a nephrostomy already in place, with radiological guidance",,,,Non-standard
HFGC900,"Removal of a gastric parietal stimulation probe for morbid obesity, by laparoscopy",,,,Non-standard
CDGA001,Removal of a hearing implant with intracochlear electrodes,,,,Non-standard
LFFC002,"Removal of a herniated disc of the spine, by retroperitoneoscopy",,,,Non-standard
NAFA005,"Removal of a hip bone [hemibassin], from a deceased subject",,,,Non-standard
JHGA001,Removal of a hydraulic penile prosthesis with extracavernous component,,,,Non-standard
JAFA018,Removal of a kidney from a brain-dead subject,,,,Non-standard
JAFA013,"Removal of a kidney from a living donor, by direct approach",,,,Non-standard
JAFC003,"Removal of a kidney from a living donor, by laparoscopy or retroperitoneoscopy",,,,Non-standard
JAGA002,"Removal of a kidney stone by convex nephrotomy, by direct approach",,,,Non-standard
JAGA004,"Removal of a kidney stone by nephrotomy, by direct approach",,,,Non-standard
JAGA006,"Removal of a kidney stone by pyelotomy and nephrotomy, by direct approach",,,,Non-standard
JAGA001,"Removal of a kidney stone by pyelotomy, by direct approach",,,,Non-standard
JAGC001,"Removal of a kidney stone by pyelotomy, retroperitoneoscopy",,,,Non-standard
NFGA002,Removal of a knee prosthesis,,,,Non-standard
NFGA001,Removal of a knee prosthesis with arthrodesis,,,,Non-standard
HLFA015,Removal of a liver transplant from a living subject,,,,Non-standard
CBFA009,"Removal of a non-cholesteatomatous tumor of the middle ear, extended to all the cavities of the middle ear, with laser",,,,Non-standard
CBFA008,"Removal of a non-cholesteatomatous tumor of the middle ear, extended to all the cavities of the middle ear, without laser",,,,Non-standard
DZSA900,"Removal of a palliative anastomosis during secondary surgical correction of congenital heart disease, with SCC",,,,Non-standard
DZSA001,"Removal of a palliative anastomosis for congenital heart disease, with angioplasty of enlargement of a branch of the pulmonary artery, by thoracotomy with SCC",,,,Non-standard
JEGA002,"Removal of a penile periurethral urinary sphincter prosthesis or bulbomembranaceous [bulbomembranous], by direct approach",,,,Non-standard
JHGA003,Removal of a penile prosthesis without extracavernous component,,,,Non-standard
JEGA004,"Removal of a pericervical or periurethroprostatic urinary sphincter prosthesis in men, by laparotomy",,,,Non-standard
JEGA005,"Removal of a pericervical urinary sphincter prosthesis in women, by laparotomy",,,,Non-standard
HPGA001,"Removal of a peritoneal dialysis catheter, by laparotomy",,,,Non-standard
JEGE004,"Removal of a permanent endoprosthesis of the urethra, by endoscopy",,,,Non-standard
DEGF207,Removal of a permanent pacemaker implanted in the right ventricle via a transcutaneous venous route,,,,Non-standard
HHFE005,"Removal of a polyp larger than 1cm in diameter or 4 or more polyps of the colon and / or rectum, by rectosigmoidoscopy or by partial colonoscopy",,,,Non-standard
HHFE004,"Removal of a polyp larger than 1cm in diameter or 4 or more polyps of the colon and / or rectum, by total colonoscopy",,,,Non-standard
HGFE001,"Removal of a polyp larger than 1cm in diameter or 4 or more polyps of the small intestine, by ileoscopy",,,,Non-standard
HGFE003,"Removal of a polyp larger than 1cm in diameter or 4 or more polyps of the small intestine, by jejunoscopy",,,,Non-standard
MEGA002,Removal of a prosthesis of the scapulohumeral joint,,,,Non-standard
MEGA001,"Removal of a prosthesis of the scapulohumeral joint, with scapulohumeral arthrodesis",,,,Non-standard
DFGA002,"Removal of a pulmonary cerclage with closure of multiple interventricular communications, by thoracotomy with CEC",,,,Non-standard
LFFA004,"Removal of a recurrence of a herniated disc of the lumbar spine previously operated by direct approach, by posterior approach",,,,Non-standard
LFFA007,"Removal of a recurrence of a herniated disc of the lumbar spine previously operated by direct approach, with osteosynthesis and / or arthrodesis, by posterior approach",,,,Non-standard
EJFB001,"Removal of a segment of varicose vein or perforating vein of the lower limb, by transcutaneous route under local anesthesia",,,,Non-standard
HBGD027,Removal of a single sealed dental prosthesis,,,,Non-standard
QZGA008,Removal of a skin expansion device or permanent subcutaneous implant,,,,Non-standard
AZGA001,Removal of a subcutaneous central nervous system stimulation generator,,,,Non-standard
DEGA003,Removal of a subcutaneous implantable cardiac pacing or defibrillation generator,,,,Non-standard
AFGA001,Removal of a subcutaneous implanted diffuser or pump and epidural [epidural] or intrathecal spinal catheter,,,,Non-standard
BDGP002,Removal of a superficial foreign body from the cornea,,,,Non-standard
QAGA003,Removal of a superficial foreign body from the skin of the face or hands,,,,Non-standard
QZGA004,"Removal of a superficial foreign body from the skin, outside the face and hands",,,,Non-standard
NJFA006,Removal of a supratrochanteric bone fragment,,,,Non-standard
NGFA002,"Removal of a synovial cyst or a bursa of the ankle or foot, by direct approach",,,,Non-standard
MHFA002,Removal of a synovial or mucoid cyst from a joint or fibrous sheath of the hand,,,,Non-standard
JEGE002,Removal of a temporary urethral stent graft by endoscopy,,,,Non-standard
JHGA002,Removal of a testicle prosthesis,,,,Non-standard
NGGA001,Removal of a tibiotalar prosthesis,,,,Non-standard
NGGA002,Removal of a tibiotalar prosthesis with arthrodesis,,,,Non-standard
DFMA010,"Removal of a total cavopulmonary anastomosis, by thoracotomy with SCC",,,,Non-standard
MFGA001,Removal of a total elbow prosthesis,,,,Non-standard
NEGA002,Removal of a total hip replacement,,,,Non-standard
NEGA001,Removal of a total hip replacement with bone reconstruction of the acetabulum and / or femur,,,,Non-standard
NEGA003,Removal of a total hip replacement with trochanteroiliac coaptation,,,,Non-standard
HLFA001,"Removal of a total liver transplant from a brain-dead subject, with partition of the liver",,,,Non-standard
HLFA016,Removal of a total liver transplant from a subject in a state of brain death,,,,Non-standard
HLFA008,"Removal of a total liver transplant from a subject with brain death, with reduction hepatectomy",,,,Non-standard
MGGA001,Removal of a total radiocarpal prosthesis,,,,Non-standard
JCGH002,"Removal of a ureteral endoprosthesis by a nephrostomy already in place, with radiological guidance",,,,Non-standard
JCGE004,"Removal of a ureteral stent graft, by retrograde endoscopy",,,,Non-standard
ADGA001,"Removal of a vagus nerve stimulation generator, by direct approach",,,,Non-standard
EZGF001,"Removal of a vascular endoprosthesis or a vena cava filter that has migrated intracardiac or intravascularly, by transcutaneous vascular route",,,,Non-standard
ELGA001,"Removal of an abdominal intravascular catheter, by laparotomy",,,,Non-standard
LMGA001,"Removal of an abdominal wall prosthesis, by direct approach",,,,Non-standard
JEGB005,"Removal of an adjustable periurethral sphincter prosthesis in men, by the transcutaneous route",,,,Non-standard
EEGA002,"Removal of an arterial prosthesis of the lower limb with revascularization, by direct approach",,,,Non-standard
EEGA001,"Removal of an arterial prosthesis of the lower limb without revascularization, by direct approach",,,,Non-standard
AHGA002,Removal of an electrical stimulator to restore upper limb motor skills,,,,Non-standard
GKGD002,"Removal of an esotracheal voice implant, without endoscopy",,,,Non-standard
EQGA001,Removal of an established extracorporeal circulation [ECB] on peripheral vessels,,,,Non-standard
PAGB003,Removal of an external fixator or progressive external lengthening system of a limb bone,,,,Non-standard
HBGD009,Removal of an implant-supported dental prosthesis,,,,Non-standard
EBGA001,Removal of an implanted diffuser system and catheter connected to a deep vein in the upper limb or neck,,,,Non-standard
ABGA003,Removal of an implanted diffuser system and of the cerebral intraventricular or intracystic catheter,,,,Non-standard
CBGA003,Removal of an implanted hearing aid or an osseointegrated hearing aid,,,,Non-standard
QZGA010,Removal of an implanted subcutaneous diffuser or pump system,,,,Non-standard
DHGA002,"Removal of an inferior vena cava filter with reconstruction of the vein, by laparotomy",,,,Non-standard
DHGA001,"Removal of an inferior vena cava filter without reconstruction of the vein, by laparotomy",,,,Non-standard
JRGA001,"Removal of an infraurethral synthetic sling, by vaginal approach",,,,Non-standard
ABGA002,"Removal of an internal bypass of intracranial cerebrospinal fluid, by direct approach",,,,Non-standard
AFGA002,"Removal of an internal intraspinal bypass of spinal cerebrospinal fluid, by direct approach",,,,Non-standard
EQGA004,"Removal of an internal or external circulatory assistance device, apart from an intraaortic diastolic counterpulsion device, by thoracotomy with CEC",,,,Non-standard
EQGA003,"Removal of an internal or external circulatory assistance device, apart from an intraaortic diastolic counterpulsion device, by thoracotomy without CEC",,,,Non-standard
DGGA004,"Removal of an intraaortic diastolic counterpulse device with restoration of arterial continuity, by peripheral arterial approach",,,,Non-standard
DGGA001,"Removal of an intraaortic diastolic pulse device, by thoracotomy",,,,Non-standard
ABGA001,Removal of an intracranial pressure sensor,,,,Non-standard
BKGA001,"Removal of an intraorbital implant, after enucleation or evisceration of the eye bulb [globe]",,,,Non-standard
JKGD001,"Removal of an intrauterine device by intrauterine gripping material, vaginally",,,,Non-standard
JKGE001,"Removal of an intrauterine device, by hysteroscopy",,,,Non-standard
JKGC001,"Removal of an intrauterine device, by laparoscopy",,,,Non-standard
JKGA001,"Removal of an intrauterine device, by laparotomy",,,,Non-standard
JKGD004,"Removal of an intrauterine device, via the vagina",,,,Non-standard
LMFA003,Removal of an umbilical bud,,,,Non-standard
LDGA001,"Removal of atlas and / or axis osteosynthesis material, by cervicotomy",,,,Non-standard
11.02.05.05,Removal of bone material from the skull and face,,,,Non-standard
MDGB001,"Removal of buried osteosynthesis material from the hand, transcutaneously without guidance",,,,Non-standard
BGFA002,"Removal of choroidal neovessels with macular topography, by retinotomy",,,,Non-standard
06.03.10,Removal of congenital malformation of the respiratory system,,,,Non-standard
QEFA006,Removal of ectopic breast tissue or aberrant mammary gland [supernumerary breast],,,,Non-standard
JJFC002,"Removal of embryonic remains of the broad ligament, by laparoscopy",,,,Non-standard
JJFA006,"Removal of embryonic remnant of the broad ligament, by laparotomy",,,,Non-standard
LAGA004,Removal of external osteosynthesis or distraction material from the skull and / or the facial mass,,,,Non-standard
16.03.04,Removal of foreign body from skin and soft tissue,,,,Non-standard
HHGE002,"Removal of foreign body from the colon and / or rectum, by endoscopy",,,,Non-standard
HEGE002,"Removal of foreign body from the esophagus, stomach and / or duodenum, by oeso-gastro-duodenoscopy",,,,Non-standard
GAGD002,Removal of foreign body from the nasal cavity,,,,Non-standard
HDGE002,"Removal of foreign body from the oropharynx, by indirect laryngoscopy",,,,Non-standard
07.03.07.02,Removal of foreign body from the rectum,,,,Non-standard
LBGA001,"Removal of foreign body from the temporomandibular joint, by arthrotomy",,,,Non-standard
JEGA003,"Removal of foreign body from the urethra, by direct approach",,,,Non-standard
JEGE001,"Removal of foreign body from the urethra, by urethroscopy",,,,Non-standard
JKGE002,"Removal of foreign body from the uterus, by hysteroscopy",,,,Non-standard
JLGE001,"Removal of foreign body from the vagina, by vaginoscopy",,,,Non-standard
HJGD001,"Removal of foreign body or intrarectal fecal impaction, by anal route under general or regional anesthesia",,,,Non-standard
DAGA001,"Removal of foreign body or removal of vegetation or intracardiac clot, by thoracotomy with SCC",,,,Non-standard
LCGA002,"Removal of foreign body projected into the soft tissues of the mouth, by intraoral approach",,,,Non-standard
PAGA002,Removal of graft or inert non-prosthetic material from the shaft of long bone,,,,Non-standard
BGGA004,"Removal of implanted material or indentation material from the posterior segment of the eye, not exteriorized",,,,Non-standard
BGGA003,"Removal of implanted material or material of indentation of the posterior segment of the eye, exteriorized",,,,Non-standard
LAGA005,"Removal of internal material for osteosynthesis or distraction of the facial mass on 2 sites, by direct approach",,,,Non-standard
LAGA003,"Removal of internal material for osteosynthesis or distraction of the facial mass on a site, by direct approach",,,,Non-standard
04.02.01.02,Removal of intracardiac or intravascular foreign body and neoformation,,,,Non-standard
PAGA008,"Removal of intramedullary osteosynthesis material from the limbs at several sites, by direct approach",,,,Non-standard
PAGA010,"Removal of intramedullary osteosynthesis material from the limbs on a site, by direct approach",,,,Non-standard
BEGA003,"Removal of intraocular foreign body from the anterior segment with repair of a puncture wound in the eye involving at least 2 of the following structures: cornea, iris, lens",,,,Non-standard
LBGD001,Removal of intraoral maxillary and / or mandibular restraint,,,,Non-standard
MJFC001,"Removal of intratendinous calcification of the rotator cuff of the shoulder, by arthroscopy",,,,Non-standard
MJFA001,"Removal of intratendinous calcification of the shoulder rotator cuff, by direct approach",,,,Non-standard
ZBGC001,"Removal of intrathoracic foreign body, by thoracoscopy",,,,Non-standard
ZBGA001,"Removal of intrathoracic foreign body, by thoracotomy",,,,Non-standard
PAGA009,"Removal of limb osteosynthesis material at several sites, by direct approach",,,,Non-standard
PAGA011,"Removal of limb osteosynthesis material on a site, by direct approach",,,,Non-standard
02.04.05.06,Removal of material and foreign body from the posterior segment of the eye,,,,Non-standard
14.02.01.06,Removal of material from the hip bone,,,,Non-standard
BFGA005,Removal of material implanted in the anterior segment of the eye,,,,Non-standard
JAGA005,"Removal of multiple kidney stones by convex nephrotomy, direct approach",,,,Non-standard
JAGA003,"Removal of multiple kidney stones by pyelotomy and / or nephrotomy, by direct approach",,,,Non-standard
JAGF001,"Removal of multiple kidney stones, transcutaneously",,,,Non-standard
QZGA001,Removal of multiple skin expansion devices or multiple definitive subcutaneous implants,,,,Non-standard
CBFA010,"Removal of non-cholesteatomatous tumor of the middle ear, limited to the tympanic cavum",,,,Non-standard
NAGA001,"Removal of osteosynthesis material from the acetabulum or the hip bone, by direct approach",,,,Non-standard
NBGA007,"Removal of osteosynthesis material from the femur, by direct approach",,,,Non-standard
13.02.06.06,Removal of osteosynthesis material from the hand,,,,Non-standard
MDGA002,"Removal of osteosynthesis material from the hand, by direct approach",,,,Non-standard
13.02.01.05,Removal of osteosynthesis material from the scapula,,,,Non-standard
MAGA001,"Removal of osteosynthesis material from the scapula, by direct approach",,,,Non-standard
12.02.01.17,Removal of osteosynthesis material from the spine,,,,Non-standard
LHGA004,"Removal of osteosynthesis material from the spine on 10 or more vertebrae, by posterior approach",,,,Non-standard
LHGA007,"Removal of osteosynthesis material from the spine on 2 to 5 vertebrae, by posterior approach",,,,Non-standard
LHGA006,"Removal of osteosynthesis material from the spine on 6 to 9 vertebrae, by posterior approach",,,,Non-standard
LDGA002,"Removal of osteosynthesis material from the spine, by anterior or anterolateral cervicotomy",,,,Non-standard
LFGA001,"Removal of osteosynthesis material from the spine, by laparotomy or lumbotomy",,,,Non-standard
LEGA001,"Removal of osteosynthesis material from the spine, by thoraco-phreno-laparotomy",,,,Non-standard
LEGA002,"Removal of osteosynthesis material from the spine, by thoracotomy",,,,Non-standard
LJGA002,Removal of osteosynthesis material from the sternum and / or ribs,,,,Non-standard
NDGA003,"Removal of osteosynthesis material of the foot, open hearth",,,,Non-standard
JFFA007,"Removal of pelvic lipomatosis, by laparotomy",,,,Non-standard
07.02.03.08,Removal of sealed or implanted dental material,,,,Non-standard
PAFA001,"Removal of several complete long bones from a limb, from a subject in a state of brain death",,,,Non-standard
PAFA002,"Removal of several complete long bones from several limbs, from a subject in a state of brain death",,,,Non-standard
QAGA001,Removal of several deep foreign bodies from the skin and soft tissues of the face and / or hands,,,,Non-standard
QZGA006,"Removal of several foreign bodies deep in the skin and soft tissues, outside the face and hands",,,,Non-standard
QAGA002,Removal of several superficial foreign bodies from the skin of the face and / or hands,,,,Non-standard
QZGA007,"Removal of several superficial foreign bodies from the skin, apart from the face and hands",,,,Non-standard
01.03.01.03,Removal of spinal cord tissue and nerve roots,,,,Non-standard
LJGA001,Removal of sternum osteosynthesis threads,,,,Non-standard
JDGE001,"Removal of stones or foreign bodies from the bladder, by endoscopy",,,,Non-standard
14.04.03.06,Removal of synovial cyst and bursa in the leg and foot,,,,Non-standard
QEFA018,Removal of the areolomipple plaque,,,,Non-standard
DZFA002,"Removal of the heart for preparation of an orificial transplant, during a multiorgan sampling from a subject in a state of brain death",,,,Non-standard
NEGA004,"Removal of the intermediate insert of a hip joint prosthesis, with insertion of an acetabular piece",,,,Non-standard
02.03.05,Removal of the lacrimal apparatus,,,,Non-standard
QZFA009,"Removal of the nail apparatus, with repair by pedicle nail flap",,,,Non-standard
QZFA032,"Removal of the nail apparatus, with repair by total skin autografting",,,,Non-standard
12.03.07,Removal of thorax osteosynthesis material,,,,Non-standard
01.02.02.01,Removal of tissue from the cerebellum and brainstem,,,,Non-standard
CBFA013,"Removal of tympanosclerosis with opening of the labyrinth and restoration of the columellar effect, without laser",,,,Non-standard
CBFA001,"Removal of tympanosclerosis without opening of the labyrinth, with ossiculoplasty",,,,Non-standard
CBFA004,Removal of tympanosclerosis without opening the labyrinth,,,,Non-standard
HKGA001,Removal or change of an artificial anal sphincter,,,,Non-standard
01.04.03,Removal or change of electrode or central nervous system stimulation generator,,,,Non-standard
14.03.02.07,"Removal, change and refitting of hip prosthesis",,,,Non-standard
14.03.03.07,"Removal, change and replacement of knee prosthesis",,,,Non-standard
04.03.13.03,Renal artery disobstruction,,,,Non-standard
04.03.13.05,Renal artery occlusion,,,,Non-standard
EDKA002,"Renal artery replacement, by laparotomy or lumbotomy",,,,Non-standard
EDFA009,"Renal artery resection-anastomosis, by laparotomy or lumbotomy",,,,Non-standard
04.03.13.01,Renal artery wound suture,,,,Non-standard
EDCA002,"Renal artery wound suture, by laparotomy or lumbotomy",,,,Non-standard
08.01.05.01,Renal function study,,,,Non-standard
JVQF003,"Renal glomerular filtration test by administration of exogenous substance with study of renal plasma flow, with urine collection",,,,Non-standard
JVQF002,"Renal glomerular filtration test by administration of exogenous substance, with urine collection",,,,Non-standard
JVQF005,"Renal glomerular filtration test by administration of exogenous substance, with urine collection, with stimulation test",,,,Non-standard
JVQF006,"Renal glomerular filtration test by administration of exogenous substance, without urine collection",,,,Non-standard
JVQF008,"Renal glomerular filtration test by administration of exogenous substance, without urine collection, with stimulation test",,,,Non-standard
04.03.13.06,Renal intraarterial anticancer chemotherapy,,,,Non-standard
JVQP003,Renal plasma flow study with urine collection,,,,Non-standard
04.03.13.04,Renal revascularization,,,,Non-standard
JAFA015,"Renal transplantectomy, by direct approach",,,,Non-standard
04.04.06.02,Renal vein repermation,,,,Non-standard
HBMD003,Renewal session of the root filling of an immature permanent tooth with calcium hydroxide,,,,Non-standard
RA0,Repair Addition RAC 0,,,,Non-standard
02.05.02.05,Repair after enucleation and exenteration of the orbit,,,,Non-standard
06.02.05.04,Repair and plasty of the larynx,,,,Non-standard
07.03.08.09,Repair and reconstruction of the external sphincter muscle of the anus,,,,Non-standard
DZMA004,"Repair at the arterial level of a transposition or malposition of the great vessels with closure of an interventricular communication, by thoracotomy with CEC",,,,Non-standard
DZMA007,"Repair at the arterial level of the transposition of the great vessels, by thoracotomy with CEC",,,,Non-standard
PZMA004,"Repair by free cutaneous, fascial, fasciocutaneous or subcutaneous, muscular, musculocutaneous, musculotendinous or osseous flap with vascular anastomoses",,,,Non-standard
PZMA005,"Repair by free osteocutaneous, osteomuscular or osteo-musculo-cutaneous flap, with vascular anastomoses",,,,Non-standard
JAMA002,"Repair of a complex trauma of the kidney and the excretory tract, by direct approach",,,,Non-standard
LAMA002,Repair of a craniofacial cleft involving the orbit with approach to the anterior level of the base of the skull,,,,Non-standard
LAMA011,Repair of a craniofacial cleft involving the orbit without approaching the anterior level of the base of the skull,,,,Non-standard
HBMD002,"Repair of a fracture of the metal frame of a removable dental prosthesis, with reassembly of 1 element",,,,Non-standard
HBMD481,"Repair of a fracture of the metal frame of a removable dental prosthesis, with reassembly of 10 elements",,,,Non-standard
HBMD312,"Repair of a fracture of the metal frame of a removable dental prosthesis, with reassembly of 12 elements",,,,Non-standard
HBMD400,"Repair of a fracture of the metal frame of a removable dental prosthesis, with reassembly of 14 elements",,,,Non-standard
HBMD488,"Repair of a fracture of the metal frame of a removable dental prosthesis, with reassembly of 2 elements",,,,Non-standard
HBMD469,"Repair of a fracture of the metal frame of a removable dental prosthesis, with reassembly of 3 elements",,,,Non-standard
HBMD110,"Repair of a fracture of the metal frame of a removable dental prosthesis, with reassembly of 4 elements",,,,Non-standard
HBMD349,"Repair of a fracture of the metal frame of a removable dental prosthesis, with reassembly of 5 elements",,,,Non-standard
HBMD386,"Repair of a fracture of the metal frame of a removable dental prosthesis, with reassembly of 6 elements",,,,Non-standard
HBMD339,"Repair of a fracture of the metal frame of a removable dental prosthesis, with reassembly of 7 elements",,,,Non-standard
HBMD459,"Repair of a fracture of the metal frame of a removable dental prosthesis, with reassembly of 8 elements",,,,Non-standard
HBMD438,"Repair of a fracture of the metal frame of a removable dental prosthesis, with reassembly of 9 elements",,,,Non-standard
PZMA002,Repair of a limb amputation stump with bone regularization,,,,Non-standard
PZMA003,"Repair of a limb amputation stump with bone regularization and nerve sectioning, resection or release",,,,Non-standard
PZMA001,"Repair of a limb amputation stump with section, resection or nerve release",,,,Non-standard
DZMA001,"Repair of a malposition of the great vessels with interventricular communication, without extracardiac duct or mobilization of the pulmonary artery, by thoracotomy with CEC",,,,Non-standard
DZMA010,"Repair of a malposition of the large vessels with interventricular communication, by insertion of an extracardiac duct or mobilization of the pulmonary artery, by thoracotomy with CEC",,,,Non-standard
HBMD449,"Repair of a metal frame fracture of a removable dental prosthesis, with reassembly of 11 elements",,,,Non-standard
HBMD289,"Repair of a metal frame fracture of a removable dental prosthesis, with reassembly of 13 elements",,,,Non-standard
HBMD008,"Repair of a metal frame fracture of a removable dental prosthesis, without dismantling any parts",,,,Non-standard
DFMA001,"Repair of a pulmonary venous return obstruction, by thoracotomy with CEC",,,,Non-standard
HBMD020,"Repair of a removable dental prosthesis in resin without metal reinforcement, cracked or fractured",,,,Non-standard
HBMD356,"Repair of a removable resin denture with metal reinforcement, cracked or fractured",,,,Non-standard
NJMB001,"Repair of a ruptured calcaneal [Achilles] tendon, transcutaneously",,,,Non-standard
EAMA002,"Repair of a wound in a venous sinus of the dura by suturing or angioplasty [patch], during an intracranial procedure",,,,Non-standard
MZMA001,Repair of an anterior hemisection of the wrist with complete ischemia of the hand,,,,Non-standard
DFMA011,"Repair of an atresia of the pulmonary artery with closure of an interventricular communication with prosthesis [valve or not], by thoracotomy with CEC",,,,Non-standard
DFMA012,"Repair of an atresia of the pulmonary artery with closure of an interventricular communication without prosthesis [valved tube or not], by thoracotomy with CEC",,,,Non-standard
06.02.05.05,Repair of congenital lesion of the larynx,,,,Non-standard
AGMA001,"Repair of loss of dural substance of more than 10 cm? by graft or substitute, during an intracranial or intraspinal intervention",,,,Non-standard
07.02.01.03,Repair of loss of lip substance,,,,Non-standard
HAMA002,Repair of loss of lip substance by bilateral lip or cheek flap,,,,Non-standard
HAMA011,Repair of loss of lip substance by deltopectoral skin flap,,,,Non-standard
HAMA020,Repair of loss of lip substance by flap of forehead and / or scalp,,,,Non-standard
HAMA005,Repair of loss of lip substance by free flap,,,,Non-standard
HAMA016,Repair of loss of lip substance by heterolabial flap,,,,Non-standard
HAMA018,Repair of loss of lip substance by heterolabial flap and bilateral lip and / or cheek flap,,,,Non-standard
HAMA021,Repair of loss of lip substance by heterolabial flap and unilateral lip and / or cheek flap,,,,Non-standard
HAMA027,Repair of loss of lip substance by local skin flap,,,,Non-standard
HAMA029,Repair of loss of lip substance by unilateral flap of the lip or cheek,,,,Non-standard
HAMA023,Repair of loss of lip substance by unilateral nasolabial flap and contralateral lip and / or cheek flap,,,,Non-standard
HAMA014,Repair of loss of lip substance using a pedicled musculocutaneous flap,,,,Non-standard
BAMA004,Repair of loss of skin material from the eyelid by local flap or autograft,,,,Non-standard
QAMA002,"Repair of loss of substance at the cephalic end by local or regional mucosal, skin or fasciocutaneous flap, with a non-individualized or non-individualized vasculonervous pedicle [""""random"""" flap]",,,,Non-standard
HPMA002,"Repair of loss of substance by free flap of the greater omentum [omentum], with vascular anastomoses",,,,Non-standard
16.03.10.03,"Repair of loss of substance by free flap, with vascular anastomoses",,,,Non-standard
QZMA004,"Repair of loss of substance by local or regional cutaneous, fascial, fasciocutaneous, septocutaneous, muscular or musculocutaneous flap, with anatomical vascular or vasculonervous pedicle, outside the cephalic end",,,,Non-standard
16.03.10,Repair of loss of substance by local or regional flap,,,,Non-standard
QZMA001,"Repair of loss of substance by local or regional mucosal, cutaneous or fasciocutaneous flap, with a non-individualized or non-individualizable vasculonervous pedicle [""""random"""" flap], outside the cephalic end",,,,Non-standard
QZMA007,"Repair of loss of substance by local or regional muscle or musculocutaneous flap, with anatomical vascular or vasculonervous pedicle, dissected in an islet",,,,Non-standard
QZMA005,"Repair of loss of substance by local or regional skin flap, fasciocutaneous or osteocutaneous, with anatomical vascular or vasculonervous pedicle, dissected in an islet",,,,Non-standard
HPMA003,"Repair of loss of substance by pedicled flap of the greater omentum [omentum], in extraabdominal situation",,,,Non-standard
16.03.10.01,"Repair of loss of substance by pedicled flap, outside the cephalic end",,,,Non-standard
QZMA003,"Repair of loss of substance by remote cutaneous, fasciocutaneous or musculocutaneous flap, with transient pedicle",,,,Non-standard
QZMA009,"Repair of loss of substance by remote cutaneous, fasciocutaneous, muscular, musculocutaneous or osteo-musculo-cutaneous flap, with permanent pedicle",,,,Non-standard
06.02.01.03,Repair of loss of substance from the nose,,,,Non-standard
GAMA019,Repair of loss of substance from the nose by autograft consisting of auricle,,,,Non-standard
GAMA018,Repair of loss of substance from the nose by local flap,,,,Non-standard
GAMA012,Repair of loss of substance from the nose by regional flap,,,,Non-standard
GAMA014,Repair of loss of substance from the nose by scalping flap,,,,Non-standard
HAMA003,Repair of loss of substance in labial vermilion by heterolabial mucosal flap [curtain flap],,,,Non-standard
HAMA008,Repair of loss of substance in labial vermilion by retrolabial mucosal flap or advancement of remaining vermilion,,,,Non-standard
HAMA004,Repair of loss of substance in labial vermilion by tongue flap,,,,Non-standard
QAMA005,Repair of loss of substance in the cephalic end with a temporal fascia flap,,,,Non-standard
QAMA013,Repair of loss of substance in the cephalic extremity by muscle or musculocutaneous flap,,,,Non-standard
QAMA004,Repair of loss of substance in the cephalic extremity by temporal fascia flap with autograft of skin,,,,Non-standard
QAMA008,Repair of loss of substance in the cephalic extremity with a scalping flap,,,,Non-standard
QAMA012,Repair of loss of substance in the cephalic extremity with a temporal muscle flap with autograft of skin,,,,Non-standard
QAMA003,Repair of loss of substance in the cephalic extremity with an inferior pedicle frontal flap,,,,Non-standard
02.02.05,Repair of loss of substance in the eyelid,,,,Non-standard
BAMA019,Repair of loss of substance in the eyelid by compound autograft,,,,Non-standard
BAMA001,"Repair of loss of substance in the lower eyelid by frontal flap, with mucosal or chondromucous autograft",,,,Non-standard
BAMA013,"Repair of loss of substance in the lower eyelid by regional flap, with autograft",,,,Non-standard
GAMA023,Repair of loss of substance in the nose by brachial or antebrachial flap with transient pedicle,,,,Non-standard
GAMA006,"Repair of loss of substance in the nose by scalping flap doubled by a hinged flap, frontal flap, and / or autograft",,,,Non-standard
GAMA002,Repair of loss of substance in the nose with an inferior pedicle frontal flap,,,,Non-standard
BAMA015,"Repair of loss of substance in the upper eyelid using an inferior eyelid flap, with repair of the harvesting area by direct suture",,,,Non-standard
BAMA018,"Repair of loss of substance in the upper eyelid using an inferior eyelid flap, with repair of the sample area using a skin flap",,,,Non-standard
BAMA010,Repair of loss of substance of the lower eyelid by temporojugal rotation flap,,,,Non-standard
HAMA010,Repair of loss of substance of the lower lip by sliding flap or chin rotation,,,,Non-standard
QAMA015,Repair of loss of substance of the scalp by pedicled flap,,,,Non-standard
BAMA008,"Repair of loss of substance of the upper eyelid by lower eyelid flap, with repair of the harvesting area by skin flap and mucosal or chondromucosal autograft",,,,Non-standard
16.03.10.02,Repair of loss of substance with a specific pedicle flap of the cephalic end,,,,Non-standard
LMMA005,Repair of loss of transfixing substance of the abdominal wall by free flap and prosthesis,,,,Non-standard
BHMA002,"Repair of non-linear puncturing wound of the ocular bulb [globe] involving at least 3 of the following structures: cornea, sclera, iris, ciliary body, lens, vitreous body, retina",,,,Non-standard
DFMA008,"Repair of partial abnormal pulmonary venous return, by thoracotomy with CEC",,,,Non-standard
CAMA017,Repair of partial loss of substance of the auricle by autografting of cartilage from the contralateral auricle or nasal septum,,,,Non-standard
CAMA005,Repair of partial loss of substance of the auricle by autografting of costal cartilage,,,,Non-standard
CAMA021,Repair of partial loss of substance of the auricle by chondrocutaneous autograft,,,,Non-standard
CAMA019,Repair of partial loss of substance of the auricle by chondrocutaneous budding well,,,,Non-standard
CAMA022,Repair of partial loss of substance of the auricle by local skin or chondrocutaneous flap,,,,Non-standard
BHMA001,"Repair of puncturing linear wound of the ocular bulb [globe], with corneoscleral suture",,,,Non-standard
RS0,Repair of simple adjunct prosthesis RAC 0,,,,Non-standard
02.03.02,Repair of tear ducts,,,,Non-standard
DZMA011,"Repair of tetralogy of Fallot with section of the pulmonary annulus, by thoracotomy with SCC",,,,Non-standard
DZMA005,"Repair of tetralogy of Fallot without section of the pulmonary annulus, by thoracotomy with SCC",,,,Non-standard
02.04.03.05,Repair of the anterior segment of the eye,,,,Non-standard
HAMB001,Repair of the appearance of labial vermilion by dermopigmentation,,,,Non-standard
HBMD004,Repair of the base of a complete removable dental prosthesis,,,,Non-standard
DZMA009,"Repair of the common arterial trunk [truncus arteriosus], by thoracotomy with CEC",,,,Non-standard
HBMD076,Repair of the cosmetic artifice of a prosthetic tooth by direct technique,,,,Non-standard
HBMD079,Repair of the cosmetic artifice of a prosthetic tooth by indirect technique,,,,Non-standard
HBMD007,Repair of the edges and / or the intrados of a partial removable dental prosthesis,,,,Non-standard
LAMA007,"Repair of the floor of the orbit, by direct approach",,,,Non-standard
MEMC004,"Repair of the glenoid scapulohumeral rim, by arthroscopy",,,,Non-standard
LMMA007,Repair of the lumbar wall with prosthesis,,,,Non-standard
LMMA003,Repair of the lumbar wall without prosthesis,,,,Non-standard
LAMA005,"Repair of the medial wall of the orbit, by coronal approach",,,,Non-standard
LAMA003,"Repair of the medial wall of the orbit, by facial approach",,,,Non-standard
EDMA004,"Repair of the renal artery and / or its branches on the kidney ex situ with autotransplantation of the kidney, by laparotomy or by lumbotomy",,,,Non-standard
MJMA003,"Repair of the shoulder rotator cuff by autoplasty and / or prosthetic material, by direct approach",,,,Non-standard
DFMA004,Repair of total abnormal pulmonary venous return by thoracotomy with CEC,,,,Non-standard
13.04.03.02,Repair of traumatic multitissular volar injury of the wrist and hand,,,,Non-standard
QZMA010,Repair of vascular anastomoses of a free flap for ischemia,,,,Non-standard
03.02.05,Repair of wound and partial loss of substance of the auricle,,,,Non-standard
QEMB001,Repair session for the appearance of the nipple-areol plaque by dermopigmentation,,,,Non-standard
BAMB001,Repair session of the appearance of the eyebrow by dermopigmentation,,,,Non-standard
13.04.03.03,Reparation of dorsal multi-tissue traumatic injury of the wrist and hand,,,,Non-standard
17.04.01.07,"Repeat preparation for external irradiation, during treatment",,,,Non-standard
JCPD001,Repermation of the ureter by intraluminal drilling,,,,Non-standard
AHRP001,Repetitive stimulation test of at least 2 nerves for neuromuscular junction block,,,,Non-standard
04.03.12.04,Replacement and reimplantation of digestive arteries,,,,Non-standard
LDKA900,"Replacement of a cervical intervertebral disc by prosthesis, by cervicotomy",,,,Non-standard
EDKA003,"Replacement of a digestive artery, by laparotomy",,,,Non-standard
NFLA001,"Replacement of a knee joint prosthesis, with bone reconstruction",,,,Non-standard
NFLA002,"Replacement of a knee joint prosthesis, without bone reconstruction",,,,Non-standard
LFKA001,"Replacement of a lumbar intervertebral disc by total prosthesis, by laparotomy or lumbotomy",,,,Non-standard
MELA001,Replacement of a prosthesis of the scapulohumeral joint,,,,Non-standard
NELA001,"Replacement of a total prosthesis of the coxofemoral joint, with bone reconstruction",,,,Non-standard
NELA002,"Replacement of a total prosthesis of the coxofemoral joint, without bone reconstruction",,,,Non-standard
NEKA001,"Replacement of acetabular and femoral parts of a total hip prosthesis, with reconstruction by compacted grafts without osteosynthesis",,,,Non-standard
NEKA008,"Replacement of acetabular and femoral parts of a total hip prosthesis, with reconstruction or osteosynthesis of the acetabulum or femur",,,,Non-standard
NEKA003,Replacement of acetabular and femoral parts of a total hip replacement without bone reconstruction,,,,Non-standard
04.02.02.04,Replacement of heart valves,,,,Non-standard
DGKA004,Replacement of the abdominal aorta or common iliac artery by laparotomy,,,,Non-standard
DGKA024,"Replacement of the aortic isthmus for coarctation, by thoracotomy with CEC",,,,Non-standard
DGKA022,"Replacement of the aortic isthmus for coarctation, by thoracotomy without CEC",,,,Non-standard
DBKA009,"Replacement of the aortic valve and the left atrioventricular valve by mechanical prosthesis or by bioprosthesis with framework, by thoracotomy with CEC",,,,Non-standard
DBKA006,"Replacement of the aortic valve by mechanical prosthesis or bioprosthesis with framework, by thoracotomy with CEC",,,,Non-standard
DBKA003,"Replacement of the aortic valve by non-framework bioprosthesis, thoracotomy with CEC",,,,Non-standard
DBKA011,"Replacement of the aortic valve by prosthesis in a non-anatomical position, by thoracotomy with CEC",,,,Non-standard
DGKA026,"Replacement of the ascending thoracic aorta and horizontal aorta without replacement of the aortic valve, with reimplantation of the coronary arteries, by thoracotomy with CEC",,,,Non-standard
DGKA014,"Replacement of the ascending thoracic aorta and the horizontal aorta with replacement of the aortic valve, with reimplantation of the coronary arteries, by thoracotomy with CEC",,,,Non-standard
DGKA018,"Replacement of the ascending thoracic aorta and the horizontal aorta with replacement of the aortic valve, without reimplantation of the coronary arteries, by thoracotomy with CEC",,,,Non-standard
DGKA001,"Replacement of the ascending thoracic aorta and the horizontal aorta without replacement of the aortic valve, without reimplantation of the coronary arteries, by thoracotomy with CEC",,,,Non-standard
DGKA028,"Replacement of the ascending thoracic aorta for ruptured aneurysm, by thoracotomy with SCC",,,,Non-standard
DGKA015,"Replacement of the ascending thoracic aorta with replacement of the aortic valve, with reimplantation of the coronary arteries, by thoracotomy with CEC",,,,Non-standard
DGKA011,"Replacement of the ascending thoracic aorta with replacement of the aortic valve, without reimplantation of the coronary arteries, by thoracotomy with CEC",,,,Non-standard
DGKA003,"Replacement of the ascending thoracic aorta without replacement of the aortic valve, with reimplantation of the coronary arteries, by thoracotomy with CEC",,,,Non-standard
DGKA025,"Replacement of the ascending thoracic aorta without replacement of the aortic valve, without reimplantation of the coronary arteries, by thoracotomy with CEC",,,,Non-standard
ECKA001,"Replacement of the brachiocephalic arterial trunk, by thoracotomy",,,,Non-standard
EBKA004,"Replacement of the carotid bifurcation or the extracranial internal carotid artery, by cervicotomy",,,,Non-standard
04.03.04.05,Replacement of the common carotid artery,,,,Non-standard
EBKA001,"Replacement of the common carotid artery, by cervicotomy",,,,Non-standard
EBKA003,"Replacement of the common carotid artery, by cervicotomy and thoracotomy",,,,Non-standard
NEKA015,"Replacement of the coxofemoral joint by total prosthesis after osteosynthesis, osteotomy or cervicocephalic prosthesis of the femur",,,,Non-standard
NEKA010,"Replacement of the coxofemoral joint by total prosthesis, with acetabular metal reinforcement and femoral reconstruction by graft",,,,Non-standard
NEKA017,"Replacement of the coxofemoral joint by total prosthesis, with lowering of the head of the femur into the paleoacetabulum [paleocotyle]",,,,Non-standard
NEKA021,"Replacement of the coxofemoral joint by total prosthesis, with lowering of the head of the femur into the paleoacetabulum [paleocotyle] and osteotomy for realignment or alignment of the femur",,,,Non-standard
NEKA016,"Replacement of the coxofemoral joint by total prosthesis, with osteotomy of the shaft of the femur",,,,Non-standard
NEKA018,Replacement of the coxofemoral joint with a cervicocephalic femoral prosthesis,,,,Non-standard
NEKA011,Replacement of the coxofemoral joint with cervicocephalic femoral prosthesis and mobile cup,,,,Non-standard
NEKA020,Replacement of the coxofemoral joint with total prosthesis,,,,Non-standard
DGKA008,"Replacement of the descending thoracic aorta and the juxtadiaphragmatic aorta, by thoraco-phreno-laparotomy with CEC",,,,Non-standard
DGKA020,"Replacement of the descending thoracic aorta and the juxtadiaphragmatic aorta, by thoraco-phreno-laparotomy with vascular bypass",,,,Non-standard
DGKA006,"Replacement of the descending thoracic aorta and the juxtadiaphragmatic aorta, by thoraco-phreno-laparotomy without vascular bypass or CEC",,,,Non-standard
DGKA021,"Replacement of the descending thoracic aorta for congenital stenosis, by thoracotomy with SCC",,,,Non-standard
DGKA017,"Replacement of the descending thoracic aorta for congenital stenosis, by thoracotomy without CEC",,,,Non-standard
DGKA027,"Replacement of the descending thoracic aorta for ruptured aneurysm, by thoracotomy with SCC",,,,Non-standard
DGKA007,"Replacement of the descending thoracic aorta, by thoracotomy with CEC",,,,Non-standard
DGKA009,"Replacement of the descending thoracic aorta, by thoracotomy without CEC",,,,Non-standard
MFKA003,"Replacement of the elbow joint by total prosthesis, by direct approach",,,,Non-standard
DGKA012,"Replacement of the entire thoracic aorta, by thoraco-phreno-laparotomy with CEC",,,,Non-standard
NEKA019,"Replacement of the hip joint by total prosthesis after hip arthrodesis, with acetabular metal reinforcement",,,,Non-standard
NEKA013,Replacement of the hip joint by total prosthesis after hip joint arthrodesis,,,,Non-standard
NEKA014,"Replacement of the hip joint by total prosthesis, with acetabular metal reinforcement",,,,Non-standard
NEKA012,"Replacement of the hip joint by total prosthesis, with acetabular or femoral reconstruction by graft",,,,Non-standard
DGKA005,"Replacement of the horizontal thoracic aorta, by thoracotomy with CEC",,,,Non-standard
EBKA002,"Replacement of the internal carotid artery, by cervicotomy",,,,Non-standard
DGKA023,"Replacement of the isthmus of the aorta, by thoracotomy with CEC",,,,Non-standard
DGKA019,"Replacement of the isthmus of the aorta, by thoracotomy with vascular bypass",,,,Non-standard
DGKA002,"Replacement of the isthmus of the aorta, by thoracotomy without vascular bypass or CEC",,,,Non-standard
DGKA029,"Replacement of the juxtadiaphragmatic aorta for ruptured aneurysm, by thoraco-phreno-laparotomy with CEC",,,,Non-standard
DGKA010,"Replacement of the juxtadiaphragmatic aorta, by thoraco-phreno-laparotomy with CEC",,,,Non-standard
DGKA016,"Replacement of the juxtadiaphragmatic aorta, by thoraco-phreno-laparotomy with vascular bypass",,,,Non-standard
DGKA013,"Replacement of the juxtadiaphragmatic aorta, by thoraco-phreno-laparotomy without vascular bypass or CEC",,,,Non-standard
NFKA009,Replacement of the knee joint with a fixed or rotary hinge prosthesis,,,,Non-standard
NFKA008,Replacement of the knee joint with a three-compartment prosthesis on a deformation greater than 10 � in the frontal plane,,,,Non-standard
NFKA007,Replacement of the knee joint with a three-compartment prosthesis on a deformation less than or equal to 10 � in the frontal plane,,,,Non-standard
NFKA006,Replacement of the knee joint with unicompartmental femorotibial or patellofemoral prosthesis,,,,Non-standard
DBKA005,"Replacement of the left atrioventricular valve by homografting, by thoracotomy with CEC",,,,Non-standard
DBKA010,"Replacement of the left atrioventricular valve by mechanical prosthesis or bioprosthesis with framework, by thoracotomy with CEC",,,,Non-standard
DBKA002,"Replacement of the left atrioventricular valve by prosthesis in a non-anatomical position, by thoracotomy with CEC",,,,Non-standard
NHKA001,Replacement of the metatarsophalangeal joint by prosthesis on a radius of the foot,,,,Non-standard
DBKA012,"Replacement of the pulmonary valve by homograft or bioprosthesis without reinforcement, by thoracotomy with CEC",,,,Non-standard
DBKA007,"Replacement of the pulmonary valve by mechanical prosthesis or bioprosthesis with framework, by thoracotomy with CEC",,,,Non-standard
MCKA002,"Replacement of the radial head by prosthesis, by direct approach",,,,Non-standard
MGKA002,"Replacement of the radiocarpal joint by total prosthesis, by direct approach",,,,Non-standard
DBKA008,"Replacement of the right atrioventricular valve by homografting, by thoracotomy with CEC",,,,Non-standard
DBKA004,"Replacement of the right atrioventricular valve by mechanical prosthesis or bioprosthesis with framework, by thoracotomy with CEC",,,,Non-standard
MEKA006,Replacement of the scapulohumeral joint by total prosthesis,,,,Non-standard
MEKA007,"Replacement of the scapulohumeral joint by total prosthesis, with osteotomy of the proximal end of the humerus",,,,Non-standard
MEKA008,"Replacement of the scapulohumeral joint by total prosthesis, with reinsertion, suture and / or autoplasty of the shoulder rotator cuff",,,,Non-standard
MEKA010,Replacement of the scapulohumeral joint by unipolar humeral prosthesis or by mobile cup,,,,Non-standard
MEKA009,"Replacement of the scapulohumeral joint by unipolar humeral prosthesis or by mobile cup, with osteotomy of the proximal end of the humerus",,,,Non-standard
MEKA005,"Replacement of the scapulohumeral joint with a unipolar humeral prosthesis or with a movable cup, with reinsertion, suturing and / or autoplasty of the shoulder rotator cuff",,,,Non-standard
ECKA002,"Replacement of the subclavian artery, by cervicotomy",,,,Non-standard
04.03.01.08,Replacement of the thoracic aorta for ruptured aneurysm,,,,Non-standard
NGKA001,Replacement of the tibiotalar joint with prosthesis,,,,Non-standard
GEKA001,"Replacement of the trachea by prosthesis, cervicotomy or thoracotomy",,,,Non-standard
MGKA003,"Replacement of the wrist joint by partial prosthesis, by direct approach",,,,Non-standard
EEKA001,"Replacement or flattening of an artery in the lower limb, by direct approach",,,,Non-standard
HEFC003,"Replication of the esophagus, by thoracoscopy",,,,Non-standard
HEFA014,"Replication of the esophagus, by thoracotomy",,,,Non-standard
HEFA010,"Replication of the esophagus, by thoracotomy and by laparotomy",,,,Non-standard
HJFA010,"Replication of the rectum, by transsacrococcygeal approach [from Kraske]",,,,Non-standard
HGFC001,"Replication of the small intestine without intestinal resection, by laparoscopy",,,,Non-standard
CAEA002,"Repositioning of all or part of the auricle, without vascular anastomosis",,,,Non-standard
GAEA001,"Repositioning of amputated nose fragment, without vascular anastomosis",,,,Non-standard
BFEA001,Repositioning of artificial lens or intraocular lens,,,,Non-standard
DEEF002,"Repositioning of the final intracavitary cardiac defibrillation lead, via the transcutaneous venous route",,,,Non-standard
DEEF001,"Repositioning of the final intracavitary cardiac stimulation lead, via the transcutaneous venous route",,,,Non-standard
NZEA004,Repositioning of the foot for fibula agenesis,,,,Non-standard
BAEA002,"Repositioning of the free edge of the eyelid, with autograft or flap",,,,Non-standard
BAEA001,"Repositioning of the free edge of the eyelid, without autograft or flap",,,,Non-standard
HFMC008,"Repositioning or removal of an adjustable perigastric ring, by laparoscopy",,,,Non-standard
HFMA011,"Repositioning or removal of an adjustable perigastric ring, by laparotomy",,,,Non-standard
NZEA001,Repositioning the foot for tibia agenesis,,,,Non-standard
04.02.03.04,Repositioning the lead and generator for cardiac pacing or defibrillation,,,,Non-standard
HBMD009,Resealing and / or re-bonding of 3 or more crowns or 3 or more anchors of a fixed dental prosthesis,,,,Non-standard
HBMD016,Resealing and / or re-bonding of one or two crowns or one or two anchors of a fixed dental prosthesis,,,,Non-standard
ABFA004,"Resection and / or closure of meningoencephalocele at the base of the skull, with orbital approximation",,,,Non-standard
ABFA001,"Resection and / or closure of meningoencephalocele at the base of the skull, without orbital approximation",,,,Non-standard
HDFE003,"Resection and / or dilation of stenosis of the pharynx, by endoscopy without laser",,,,Non-standard
HDFE001,"Resection and / or dilation of stenosis of the pharynx, by laser endoscopy",,,,Non-standard
JGFE004,"Resection and / or disobstruction of the ejaculatory ducts, by urethrocystoscopy",,,,Non-standard
01.02.04.05,Resection and closure of meningoencephalocele,,,,Non-standard
06.02.02.01,Resection and destruction of lesion of the nasal cavity,,,,Non-standard
JEFA001,Resection and modeling of a urethrocele after urethroplasty,,,,Non-standard
JDFE002,"Resection of 1 to 3 bladder tumors, by endoscopy",,,,Non-standard
HEFE002,"Resection of 1 to 3 polyps of less than 1cm in diameter of the esophagus, stomach and / or duodenum, by eso-gastro-duodenoscopy",,,,Non-standard
JDFE001,Resection of 4 or more bladder tumors by endoscopy,,,,Non-standard
QZFA022,Resection of 6 or more skin lesions by curettage,,,,Non-standard
QZFA005,Resection of 6 or more subcutaneous sub-fascial lesions less than 3 cm long,,,,Non-standard
LJFA003,"Resection of a cervical rib, by supraclavicular approach",,,,Non-standard
LBFA012,"Resection of a complete temporomandibular ankylosis block with reconstruction of the condyle of the mandible by osteochondral graft, by direct approach",,,,Non-standard
LBFA016,"Resection of a complete temporomandibular ankylosis block with reconstruction of the joint by prosthesis, by direct approach",,,,Non-standard
LBFA035,"Resection of a complete temporomandibular ankylosis block, by direct approach",,,,Non-standard
DAFA010,"Resection of a congenital infraorial stenosis of the aorta, by thoracotomy with SCC",,,,Non-standard
LCFA009,Resection of a congenital lesion of the first branchial arch,,,,Non-standard
JDFA007,Resection of a cyst or fistula of the median umbilical ligament [urachus],,,,Non-standard
ABFA007,Resection of a dermal fistula with occipital intradural extension,,,,Non-standard
AFFA006,Resection of a dermal fistula with spinal intradural extension,,,,Non-standard
LDFA008,"Resection of a herniated disc of the spine with osteosynthesis and / or arthrodesis, by anterior or anterolateral cervicotomy",,,,Non-standard
HEFE001,"Resection of a polyp 1cm or more in diameter or of 4 or more polyps of the esophagus, stomach and / or duodenum, by eso-gastro-duodenoscopy",,,,Non-standard
NDFA007,Resection of a sesamoid bone in the foot,,,,Non-standard
QZFA033,"Resection of a superficial lesion of the skin by excision of a skin area of ??5 cm? to 10 cm?, by chemosurgical technique [Mohs technique]",,,,Non-standard
JCFA004,"Resection of a ureterocele with ureterovesical reimplantation, ipsilateral heminephrectomy and total ureterectomy, by direct approach",,,,Non-standard
MCFA001,Resection of acquired radioulnar synostosis,,,,Non-standard
JHFA019,"Resection of an abdominoscrotal hydrocele, by laparotomy or inguinal approach",,,,Non-standard
HJFA013,"Resection of an acquired rectovaginal fistula, with closure in one step by muscle suture and advancement flap, by perineal approach",,,,Non-standard
EEFA005,"Resection of an adventitious cyst of an artery of the lower limb, by direct approach",,,,Non-standard
DAFA003,"Resection of an aneurysm of the ventricular wall of the heart, by thoracotomy with CEC",,,,Non-standard
JGFE365,"Resection of an enlarged prostate with laser, by urethrocystoscopy",,,,Non-standard
JGFE023,"Resection of an enlarged prostate without laser, by urethrocystoscopy",,,,Non-standard
JHFA004,"Resection of an epididymal cyst, by scrotal approach",,,,Non-standard
BEFA005,"Resection of an epithelial invasion of the anterior chamber of the eye, with corneal or corneoscleral autograft",,,,Non-standard
BEFA003,"Resection of an epithelial invasion of the anterior chamber of the eye, without autograft",,,,Non-standard
HKFA002,Resection of an infected anal fissure,,,,Non-standard
DAFA006,"Resection of an infraaortic muscle mass for obstructive cardiomyopathy, by thoracotomy with CEC",,,,Non-standard
GDFE006,"Resection of an infraglottic laryngeal lesion, by direct laryngoscopy with laser",,,,Non-standard
GDFE011,"Resection of an infraglottic laryngeal lesion, by direct laryngoscopy without laser",,,,Non-standard
GDFA007,"Resection of an infraglottic laryngeal lesion, by laryngotomy",,,,Non-standard
NDFA005,Resection of an infraungual exostosis of a toe,,,,Non-standard
EGFA005,Resection of an isolated hemorrhoidal bundle,,,,Non-standard
12.04.03.01,Resection of anterior abdominal wall lesion,,,,Non-standard
NJFA009,Resection of anterior and posterior coxofemoral paraarticular osteoma,,,,Non-standard
ACFA015,"Resection of anterior layer tumor of the base of the skull, by bilateral frontal craniotomy",,,,Non-standard
NJFA001,"Resection of anterior, posterior or medial coxofemoral paraarticular osteoma",,,,Non-standard
EZFA004,Resection of arteriovenous muscle or bone malformation,,,,Non-standard
04.05.08.06,Resection of arteriovenous vascular access,,,,Non-standard
EZFA003,Resection of arteriovenous vascular access with vascular reconstruction,,,,Non-standard
EZFA002,Resection of arteriovenous vascular access without vascular reconstruction,,,,Non-standard
AAFA006,"Resection of brain parenchyma for expansive infarction, by craniotomy",,,,Non-standard
AAFA008,"Resection of cerebellar parenchyma for expansive infarction, by craniotomy",,,,Non-standard
16.03.15,Resection of congenital lesions of the skin and soft tissues of the face and neck,,,,Non-standard
08.06.02.01,Resection of deep endometriotic lesion of the pelvic space,,,,Non-standard
KZFA001,"Resection of ectopic intra-abdominal endocrine tumor, by laparotomy",,,,Non-standard
GFFA032,"Resection of emphysema bubble with reduction of lung volume, by thoracotomy",,,,Non-standard
DBFA001,"Resection of endocardial fibrosis, by thoracotomy with SCC",,,,Non-standard
JFFC001,"Resection of endometriotic lesion of the rectovaginal septum, by laparoscopy",,,,Non-standard
JFFA014,"Resection of endometriotic lesion of the rectovaginal septum, by laparotomy",,,,Non-standard
JFFA012,"Resection of endometriotic lesion of the rectovaginal septum, by vaginal approach",,,,Non-standard
HEFC001,"Resection of esophageal diverticulum, by thoracoscopy",,,,Non-standard
HEFA015,"Resection of esophageal diverticulum, by thoracotomy",,,,Non-standard
MJFA008,Resection of fascial and / or subfascial lesion of soft tissue in the palm of the hand,,,,Non-standard
PDFA001,"Resection of fascial and / or subfascial lesion of soft tissues, without dissection of a large vascular or nerve trunk",,,,Non-standard
GBFA003,"Resection of frontal sinus lesion, by coronal approach",,,,Non-standard
HFFC003,"Resection of gastric duplication, by laparoscopy",,,,Non-standard
HFFA010,"Resection of gastric duplication, by laparotomy",,,,Non-standard
HFFA004,"Resection of gastroduodenal duplication with bypass of the common bile duct, by laparotomy",,,,Non-standard
HFFA007,"Resection of gastroduodenal duplication without bypass of the common bile duct, by laparotomy",,,,Non-standard
GFFA014,"Resection of hydatid cyst of the lung, by thoracotomy",,,,Non-standard
HGFC002,"Resection of ileal [Meckel's] diverticulum, by laparoscopy",,,,Non-standard
HGFA006,"Resection of ileal [Meckel's] diverticulum, by laparotomy",,,,Non-standard
04.05.02.01,Resection of intracranial vascular malformation,,,,Non-standard
ADFA004,Resection of intrapetrous facial nerve injury with immediate repair,,,,Non-standard
LBFA019,"Resection of lateral temporomandibular ankylosis block, by direct approach",,,,Non-standard
KBFA001,"Resection of lesion in the pineal region, by craniotomy",,,,Non-standard
ABFA005,"Resection of lesion of a cerebral lateral ventricle, by craniotomy",,,,Non-standard
08.04.03.03,Resection of lesion of the cervix,,,,Non-standard
JKFE003,"Resection of lesion of the cervix, by colposcopy",,,,Non-standard
JKFD002,"Resection of lesion of the cervix, by vaginal route",,,,Non-standard
GBFA002,"Resection of lesion of the ethmoidal sinus, by paralateronasal approach or by bilateral approach of the canine fossa [bivestibular approach]",,,,Non-standard
ABFA006,"Resection of lesion of the fourth ventricle, by craniotomy",,,,Non-standard
GDFA015,"Resection of lesion of the larynx, by extramucous lateral thyrotomy",,,,Non-standard
AEFA003,"Resection of lesion of the medullary cone, by posterior approach",,,,Non-standard
06.02.04.01,Resection of lesion of the nasopharynx [nasal part of the pharynx] [cavum] [epipharynx] [back cavity of the nasal cavity],,,,Non-standard
GCFA002,"Resection of lesion of the nasopharynx and / or the infratemporal fossa, by anterior transpetrous approach",,,,Non-standard
GCFA001,"Resection of lesion of the nasopharynx and / or the infratemporal fossa, by preauricular approach and / or by transzygomatic approach",,,,Non-standard
GCFA004,"Resection of lesion of the nasopharynx and / or the infratemporal fossa, by transmandibular approach",,,,Non-standard
GCFA007,"Resection of lesion of the nasopharynx and / or the infratemporal fossa, by transmaxillary approach",,,,Non-standard
GCFA006,"Resection of lesion of the nasopharynx and / or the infratemporal fossa, by transmaxillary approach and by transmandibular approach",,,,Non-standard
GCFD001,"Resection of lesion of the nasopharynx, by nasal and / or oral route without laser",,,,Non-standard
GCFA003,"Resection of lesion of the nasopharynx, by transpalatal approach with laser",,,,Non-standard
GCFA005,"Resection of lesion of the nasopharynx, by transpalatal approach without laser",,,,Non-standard
GCFD002,"Resection of lesion of the nasopharynx, nasal and / or oral with laser",,,,Non-standard
06.02.01.02,Resection of lesion of the nose,,,,Non-standard
HDFA018,"Resection of lesion of the pharynx, by pharyngotomy",,,,Non-standard
JFFA006,"Resection of lesion of the retroperitoneal space without dissection of the large vessels, by thoraco-phreno-laparotomy",,,,Non-standard
JFFC002,"Resection of lesion of the retroperitoneal space, by laparoscopy or by retroperitoneoscopy",,,,Non-standard
ABFC001,"Resection of lesion of the third ventricle, by intracranial video surgery",,,,Non-standard
JLFA002,Resection of lesion of the vagina,,,,Non-standard
GAFA006,"Resection of lesion or malformation of the nasal cavity, by paralateronasal approach",,,,Non-standard
GAFD001,"Resection of lesion or malformation of the nasal cavity, via the nasal route",,,,Non-standard
GDFE004,"Resection of lesion or peeling of the mucous membrane of the glottic plane, by direct laryngoscopy without laser",,,,Non-standard
AAFA005,"Resection of lesions of the corpus callosum, hypothalamic fornix or pellucid septum, by craniotomy",,,,Non-standard
16.03.07,Resection of lesions of the skin and soft tissues,,,,Non-standard
MAFA002,Resection of less than a third of the clavicle,,,,Non-standard
JKFE002,"Resection of myoma of the uterus, by hysteroscopy",,,,Non-standard
HBFD297,Resection of non-living root canal contents of a maxillary first premolar,,,,Non-standard
HBFD001,Resection of non-living root canal contents of a permanent incisor or canine,,,,Non-standard
HBFD024,Resection of non-living root canal contents of a permanent molar,,,,Non-standard
HBFD003,Resection of non-living root canal contents of a premolar other than the maxillary first premolar,,,,Non-standard
HBFD015,Resection of non-living root canal contents of a temporary incisor or canine,,,,Non-standard
HBFD474,Resection of non-living root canal contents of a temporary molar,,,,Non-standard
HBFD458,Resection of non-living root canal contents of an immature incisor or permanent canine,,,,Non-standard
HBFD150,Resection of non-living root canal contents of an immature permanent molar,,,,Non-standard
HBFD326,Resection of non-living root canal contents of an immature premolar other than the maxillary first premolar,,,,Non-standard
JAFC008,"Resection of non-parasitic cyst of the kidney, by laparoscopy or by retroperitoneoscopy",,,,Non-standard
JAFA007,"Resection of non-parasitic cyst of the kidney, by lumbotomy",,,,Non-standard
CAFA009,Resection of obliterating bone lesion of the external acoustic meatus,,,,Non-standard
MCFA005,"Resection of one end and / or shaft of a forearm bone, without interruption of continuity",,,,Non-standard
MBFA002,Resection of one end and / or shaft of the humerus without interrupting bone continuity,,,,Non-standard
MAFA004,Resection of one third of the collarbone or more,,,,Non-standard
08.06.02.02,Resection of other lesions of the pelvic space,,,,Non-standard
JAFA004,"Resection of parasitic cyst of the kidney, by lumbotomy",,,,Non-standard
HDFA015,"Resection of pharyngoesophageal diverticulum with extramucosal myotomy, by cervicotomy",,,,Non-standard
GFFC005,"Resection of pulmonary bubble with abrasion or resection of the parietal pleura, by thoracoscopy",,,,Non-standard
GFFC006,"Resection of pulmonary bubble, by thoracoscopy",,,,Non-standard
GFFA005,"Resection of pulmonary emphysema bubble, by thoracotomy",,,,Non-standard
JBFE001,"Resection of pyelic and / or caliceal tumor, by retrograde endoscopy",,,,Non-standard
07.03.07.07,Resection of rectal prolapse and rectocele,,,,Non-standard
LCFA012,Resection of recurrent median or lateral cervical fistula or cyst,,,,Non-standard
HDFA014,"Resection of recurrent pharyngoesophageal diverticulum, by cervicotomy",,,,Non-standard
BGFA012,Resection of sclera lesion,,,,Non-standard
JEFE004,"Resection of stenosis of the urethra with the cutting loop, by endoscopy",,,,Non-standard
NDFA004,"Resection of synostosis of the hindfoot or midfoot, by direct approach",,,,Non-standard
11.03.06,Resection of temporomandibular ankylosis block,,,,Non-standard
14.03.04.09,Resection of the ankle joint,,,,Non-standard
JDFE003,"Resection of the bladder neck, by endoscopy",,,,Non-standard
EFFA002,"Resection of the brachiocephalic vein, by thoracotomy",,,,Non-standard
LJFA009,Resection of the breastbone,,,,Non-standard
HBFD006,Resection of the cameral pulp [Biopulpotomy] of a temporary tooth,,,,Non-standard
HLFA003,"Resection of the caudate lobe [of Spigel's] [segment I] of the liver, by laparotomy",,,,Non-standard
LJFA008,"Resection of the chest wall, with prosthesis",,,,Non-standard
LJFA004,"Resection of the chest wall, without prosthesis",,,,Non-standard
HHFA003,"Resection of the colon for congenital malformation with restoration of continuity, by laparotomy",,,,Non-standard
14.03.02.08,Resection of the coxofemoral joint,,,,Non-standard
NEFA001,Resection of the coxofemoral joint with trochantero-iliac or femoro-iliac coaptation,,,,Non-standard
BAFA004,Resection of the deep lamina of the levator muscle of the upper eyelid [M?llerian muscle] and / or tarsoconjunctival resection,,,,Non-standard
HGFA001,"Resection of the duodenojejunal angle with restoration of continuity, by laparotomy",,,,Non-standard
LBFA001,"Resection of the entire palatal vault, by direct approach",,,,Non-standard
EGFA006,"Resection of the femoral vein and / or the iliac vein with reconstruction, by direct approach",,,,Non-standard
EGFA009,"Resection of the femoral vein and / or the iliac vein without reconstruction, by direct approach",,,,Non-standard
LJFA007,"Resection of the first rib and a cervical rib, by supraclavicular approach",,,,Non-standard
LJFA002,"Resection of the first rib, by supraclavicular approach or by axillary approach",,,,Non-standard
MEFA001,"Resection of the glenoid scapulohumeral rim, by arthrotomy",,,,Non-standard
HPFC002,"Resection of the greater omentum [greater omentum] [Omentectomy], by laparoscopy",,,,Non-standard
HPFA004,"Resection of the greater omentum [greater omentum] [Omentectomy], by laparotomy",,,,Non-standard
NBFA008,Resection of the head and neck of the femur with capsular and / or aponeurotic interposition,,,,Non-standard
NBFA004,Resection of the head and neck of the femur without capsular or aponeurotic interposition,,,,Non-standard
MCFA004,"Resection of the head of the radius, by arthrotomy",,,,Non-standard
04.04.04.04,Resection of the inferior vena cava,,,,Non-standard
DHFA004,"Resection of the infrahepatic suprarenal inferior vena cava without reconstruction, by laparotomy",,,,Non-standard
DHFA006,"Resection of the infrahepatic suprarenal infrahepatic inferior vena cava with reconstruction, by laparotomy",,,,Non-standard
DHFA007,"Resection of the infrarenal inferior vena cava with reconstruction, by laparotomy",,,,Non-standard
DHFA002,"Resection of the infrarenal inferior vena cava without reconstruction, by laparotomy",,,,Non-standard
04.03.06.04,Resection of the internal carotid artery,,,,Non-standard
EBFA014,"Resection of the internal carotid artery with reimplantation into the common carotid artery, by cervicotomy",,,,Non-standard
06.02.05.03,Resection of the larynx,,,,Non-standard
HBFD021,Resection of the living pulp of a maxillary first premolar,,,,Non-standard
HBFD033,Resection of the living pulp of a permanent incisor or canine,,,,Non-standard
HBFD008,Resection of the living pulp of a permanent molar,,,,Non-standard
HBFD035,Resection of the living pulp of a premolar other than the maxillary first premolar,,,,Non-standard
HBFD017,Resection of the living pulp of a temporary incisor or canine,,,,Non-standard
HBFD019,Resection of the living pulp of a temporary molar,,,,Non-standard
07.04.11,Resection of the main bile duct,,,,Non-standard
HMFA010,"Resection of the main pedicular and intrapancreatic bile duct with biliodigestive anastomosis, by laparotomy",,,,Non-standard
HMFA009,"Resection of the main pedicular bile duct with biliodigestive anastomosis, by laparotomy",,,,Non-standard
LBFA004,"Resection of the mandible for nonunion with filling by autograft bone, by direct approach",,,,Non-standard
HBFD395,Resection of the non-living canal contents of an immature maxillary first premolar,,,,Non-standard
MCFA003,Resection of the olecranon by arthrotomy,,,,Non-standard
BAFA001,Resection of the orbicularis muscle of the eye,,,,Non-standard
CAFA001,Resection of the outer ear enlarged to the rock,,,,Non-standard
06.03.08,Resection of the pleura,,,,Non-standard
AHFA005,"Resection of the presacral nerve, by laparotomy",,,,Non-standard
HLFA002,"Resection of the protruding dome of hydatid cyst of the liver, by laparotomy",,,,Non-standard
HJFD001,"Resection of the rectal mucosa with anterior hemicirconferential plication of the muscle tissue via the anal route, with posterior mucosal anoplasty",,,,Non-standard
HJFD005,"Resection of the rectal mucosa with anterior hemicirconferential plication of the muscularis by anal route, with pedicle hemorrhoidectomy",,,,Non-standard
HJFD004,"Resection of the rectal mucosa with anterior hemicirconferential plication of the muscularis, by anal route",,,,Non-standard
DHFA001,"Resection of the retrohepatic and / or suprahepatic suprarenal inferior vena cava with reconstruction, by laparotomy",,,,Non-standard
DHFA005,"Resection of the retrohepatic and / or suprahepatic suprarenal inferior vena cava without reconstruction, by laparotomy",,,,Non-standard
MEFC001,"Resection of the scapulohumeral glenoid ridge, by arthroscopy",,,,Non-standard
13.03.02.08,Resection of the scapulohumeral joint,,,,Non-standard
07.03.04.09,Resection of the small intestine,,,,Non-standard
HGFA012,"Resection of the small intestine and / or colon for neonatal peritonitis, by laparotomy",,,,Non-standard
JEFE003,"Resection of the striated sphincter of the urethra, by endoscopy",,,,Non-standard
11.03.03,Resection of the temporomandibular joint,,,,Non-standard
06.02.06.07,Resection of the tracheobronchial tree,,,,Non-standard
ELFA001,"Resection of the trunk of the portal vein, the superior mesenteric vessels and / or the hepatic artery with restoration of vascular continuity, during excision of the liver or pancreas",,,,Non-standard
JHFA013,"Resection of the vaginal tunica of the testis, by scrotal approach",,,,Non-standard
FBFA001,"Resection of the vestigial thymus, by cervicotomy",,,,Non-standard
FBFC900,"Resection of the vestigial thymus, by thoracoscopy",,,,Non-standard
FBFA003,"Resection of the vestigial thymus, by thoracotomy",,,,Non-standard
04.02.01.03,Resection of the walls of the heart,,,,Non-standard
13.03.04.07,Resection of the wrist joint,,,,Non-standard
ABFA002,"Resection of third ventricle lesion, by craniotomy",,,,Non-standard
FAFA007,Resection of tonsillar stump,,,,Non-standard
EPFA004,"Resection of venous muscle or bone malformation, without reconstruction",,,,Non-standard
DAFA008,"Resection or consolidation of an infarcted myocardial area, by thoracotomy with SCC",,,,Non-standard
DAFA002,"Resection or consolidation of an infarcted myocardial area, by thoracotomy without CEC",,,,Non-standard
DEFA002,"Resection or destruction of an arrhythmogenic focus or cardionectomy bundle for supraventricular tachycardia, by thoracotomy with CEC",,,,Non-standard
JDFA018,"Resection or incision of the neck of the bladder, by direct approach",,,,Non-standard
EFFA001,"Resection or ligation of a deep vein of the upper limb or neck, by direct approach",,,,Non-standard
EGFA008,"Resection or ligation of the testicular vein by direct approach, with intravenous embolization",,,,Non-standard
EGFA010,"Resection or ligation of the testicular vein, by direct approach",,,,Non-standard
EGFC001,"Resection or ligation of the testicular vein, by laparoscopy",,,,Non-standard
HPFC007,"Resection or partitioning of the recto-uterine cul-de-sac [of Douglas], by laparoscopy",,,,Non-standard
HPFA001,"Resection or partitioning of the recto-uterine fornix [Douglas], by laparotomy",,,,Non-standard
GDFE013,"Resection or section of the aryepiglottic folds, by direct laryngoscopy with laser",,,,Non-standard
GDFE005,"Resection or section of the aryepiglottic folds, by direct laryngoscopy without laser",,,,Non-standard
04.03.11.06,Resection-anastomosis and replacement of the abdominal aorta and common iliac artery,,,,Non-standard
EDFA010,"Resection-anastomosis of a digestive artery, by laparotomy",,,,Non-standard
EEFA006,"Resection-anastomosis of an artery of the lower limb, by direct approach",,,,Non-standard
HEFA021,"Resection-anastomosis of congenital stenosis of the esophagus, by thoracotomy",,,,Non-standard
DGFA015,"Resection-anastomosis of the abdominal aorta or common iliac artery, by laparotomy",,,,Non-standard
JEFA008,"Resection-anastomosis of the anterior urethra, by penoscrotal approach",,,,Non-standard
EBFA021,"Resection-anastomosis of the common carotid artery, by cervicotomy",,,,Non-standard
EBFA020,"Resection-anastomosis of the common carotid artery, by cervicotomy and thoracotomy",,,,Non-standard
DGFA017,"Resection-anastomosis of the descending thoracic aorta or of the juxtadiaphragmatic aorta, by thoracotomy with CEC",,,,Non-standard
DGFA019,"Resection-anastomosis of the descending thoracic aorta or of the juxtadiaphragmatic aorta, by thoracotomy without vascular bypass or CEC",,,,Non-standard
DGFA014,"Resection-anastomosis of the descending thoracic aorta or the juxtadiaphragmatic aorta, by thoracotomy with vascular bypass",,,,Non-standard
EBFA019,"Resection-anastomosis of the internal carotid artery, by cervicotomy",,,,Non-standard
DGFA018,"Resection-anastomosis of the isthmus of the aorta, by thoracotomy with CEC",,,,Non-standard
DGFA013,"Resection-anastomosis of the isthmus of the aorta, by thoracotomy with vascular bypass",,,,Non-standard
DGFA020,"Resection-anastomosis of the isthmus of the aorta, by thoracotomy without CEC, before the age of 3 years",,,,Non-standard
DGFA016,"Resection-anastomosis of the isthmus of the aorta, by thoracotomy without vascular bypass or CEC, after the age of 3 years",,,,Non-standard
JEFA009,"Resection-anastomosis of the membranous [membranous] urethra, by perineal approach",,,,Non-standard
JBFA002,"Resection-anastomosis of the pelvis and the pyelo-ureteral junction, by direct approach",,,,Non-standard
JBFC001,"Resection-anastomosis of the pelvis and the pyelo-ureteral junction, by laparoscopy or by retroperitoneoscopy",,,,Non-standard
JEFA010,"Resection-anastomosis of the posterior urethra, by laparotomy without a transsymphyseal approach",,,,Non-standard
GEFA013,"Resection-anastomosis of the trachea for congenital stenosis of the trachea, by thoracotomy with SCC",,,,Non-standard
GEFA005,"Resection-anastomosis of the trachea with cardiopulmonary visceral mobilization by thoracotomy, with lowering of the larynx by cervicotomy",,,,Non-standard
GEFA009,"Resection-anastomosis of the trachea with cardiopulmonary visceral mobilization without lowering of the larynx, by thoracotomy",,,,Non-standard
GEFA003,"Resection-anastomosis of the trachea with lowering of the larynx, by cervicothoracotomy",,,,Non-standard
GEFA007,"Resection-anastomosis of the trachea with lowering of the larynx, by cervicotomy",,,,Non-standard
GEFA008,"Resection-anastomosis of the trachea without lowering the larynx, by cervicothoracotomy",,,,Non-standard
GEFA012,"Resection-anastomosis of the trachea without lowering the larynx, by cervicotomy",,,,Non-standard
GEFA006,"Resection-anastomosis of the trachea without lowering the larynx, by thoracotomy",,,,Non-standard
GEFA001,"Resection-anastomosis of the trachea without visceral cardiopulmonary mobilization by thoracotomy, with lowering of the larynx by cervicotomy",,,,Non-standard
GEFA004,"Resection-anastomosis of the tracheal bifurcation, by thoracotomy",,,,Non-standard
EBFA018,"Resection-anastomosis or replacement of the proximal vertebral artery, by cervicotomy",,,,Non-standard
GEFA011,"Resection-bronchial anastomosis, by thoracotomy",,,,Non-standard
HJFA014,"Residual rectal stump resection, by perineal approach",,,,Non-standard
6,RESPIRATORY,,,,Non-standard
06.01.11.02,Respiratory biopsy histopathological examination,,,,Non-standard
06.04.04,Respiratory rehabilitation,,,,Non-standard
06.04,RESPIRATORY SUPPORT,,,,Non-standard
06.01.05,Respiratory system remnography [MRI],,,,Non-standard
06.01.02,Respiratory ultrasound,,,,Non-standard
DAQL014,Resting myocardial perfusion tomoscintigraphy with synchronization to the electrocardiogram,,,,Non-standard
DAQL009,"Resting myocardial perfusion tomoscintigraphy, with myocardial perfusion tomoscintigraphy after stress test or pharmacological test with synchronization to the electrocardiogram",,,,Non-standard
DAQL011,"Resting myocardial perfusion tomoscintigraphy, with myocardial perfusion tomoscintigraphy after stress test or pharmacological test without synchronization to the electrocardiogram",,,,Non-standard
DAQL003,"Resting myocardial perfusion tomoscintigraphy, without EKG synchronization",,,,Non-standard
DAQL015,"Resting tomoscintigraphy of the heart chambers, with synchronization to the electrocardiogram",,,,Non-standard
HBMD042,Restoration of a tooth by material inserted in the plastic phase with root anchoring,,,,Non-standard
HBMD053,"Restoration of a tooth from a premolomolar sector on 1 side by material inserted in the plastic phase, without root anchoring",,,,Non-standard
HBMD049,Restoration of a tooth from a premolomolar sector on 2 sides by material inserted in the plastic phase without root anchoring,,,,Non-standard
HBMD038,Restoration of a tooth from a premolomolar sector on 3 or more faces by material inserted in the plastic phase without root anchoring,,,,Non-standard
HBMD047,"Restoration of a tooth of an incisivocanine sector on 2 angles by material inserted in the plastic phase, without root anchoring",,,,Non-standard
HBMD050,Restoration of a tooth of an incisivocanine sector on 2 sides by material inserted in the plastic phase without root anchoring,,,,Non-standard
HBMD044,"Restoration of a tooth of an incisor-canine sector on 1 angle by material inserted in the plastic phase, without root anchoring",,,,Non-standard
HBMD058,"Restoration of a tooth of an incisor-canine sector on 1 face by material inserted in the plastic phase, without root anchoring",,,,Non-standard
HBMD054,Restoration of a tooth of an incisor-canine sector on 3 or more faces by material inserted in the plastic phase without root anchoring,,,,Non-standard
HBMD351,Restoration of a tooth on 2 or more faces using composite inlay-onlay or non-precious alloy material,,,,Non-standard
HBMD460,Restoration of a tooth on 2 or more surfaces using ceramic or precious alloy inlay-onlay,,,,Non-standard
BBMA004,"Restoration of continuity of tear canaliculi for rupture, with canalicular intubation",,,,Non-standard
BBMA002,Restoration of continuity of tear tubules for rupture,,,,Non-standard
07.02.02.05,Restoration of hard tooth tissue,,,,Non-standard
BKMA004,Restoration of orbital volume by inert material and / or autograft,,,,Non-standard
BBMA003,"Restoration of the continuity of the lacrimal canaliculi for stenosis, with canalicular intubation",,,,Non-standard
07.03.06.11,Restoring colon continuity after colectomy,,,,Non-standard
HBDD002,"Restraint of a dental arch by removable device, after orthodontic treatment",,,,Non-standard
HBDD001,"Restraint of a dental arch with a fixed device, after orthodontic treatment",,,,Non-standard
HBDD010,"Restraint of dental arches with a fixed device, after orthodontic treatment",,,,Non-standard
HBDD009,"Restraint of the dental arches by removable device, after orthodontic treatment",,,,Non-standard
HBDD013,"Restraint of the dental arches using a fixed device on one and a removable device on the other, after orthodontic treatment",,,,Non-standard
HBDD017,"Restraint of the dental arches using a removable bimaxillary monobloc device [tooth positioner] and a fixed device on 1 arch, after orthodontic treatment",,,,Non-standard
HBDD018,"Restraint of the dental arches with a removable bimaxillary monobloc device [tooth positioner] and a fixed device on 2 arches, after orthodontic treatment",,,,Non-standard
HBDD011,"Restraint of the dental arches with a removable bimaxillary monobloc device [tooth positioner], after orthodontic treatment",,,,Non-standard
ZZMK025,"Resumption of preparation for external irradiation with location by scanner, three-dimensional dosimetry with HDV, virtual simulation using the """"beam's eye view"""" [BEV] function and three-dimensional reproduction, and setting of a multi-blade collimat...",,,,Non-standard
ZZMK020,"Resumption of preparation for external irradiation with location by scanner, three-dimensional dosimetry with HDV, virtual simulation using the """"beam's eye view"""" [BEV] function and three-dimensional restitution, and manufacture of a personalized comp...",,,,Non-standard
ZZMK022,"Resumption of preparation for external irradiation with location by scanner, three-dimensional dosimetry without HDV, simulation using a simulator or a scanner with integrated simulator function and manufacture of a personalized focused mask and / or s...",,,,Non-standard
ZZMK019,"Resumption of preparation for external irradiation without dosimetry, with simulation under the treatment device",,,,Non-standard
ZZMK027,"Resumption of preparation for external irradiation, two-dimensional dosimetry, simulation using a simulator, a simulator-scanner or a scanner with integrated simulator function and manufacture of a personalized focused mask and / or configuration of a...",,,,Non-standard
HAMA015,"Resuscitation of the labial commissure by pedicled muscle transfer, for palliative treatment of facial paralysis",,,,Non-standard
LCMA001,Resuscitation of the paralyzed hemiface by free muscle flap with vascular and nerve anastomoses,,,,Non-standard
YYYY020,Resuscitation package level B,,,,Non-standard
BGHA001,Retinochoroidal biopsy,,,,Non-standard
BGQP006,"Retinography by stereophotography, images composed of the retinal periphery or wide field image greater than 60 �",,,,Non-standard
BGQP007,"Retinography in color or in monochromatic light, without injection [Photograph of the posterior segment of the eye, without injection]",,,,Non-standard
BGDA006,"Retinopexy by coagulation by cryoapplication or with extraocular laser with 360 � scleral indentation [cerclage], with internal tamponade by gas",,,,Non-standard
BGDA005,"Retinopexy by coagulation by cryoapplication or with extraocular laser with 360 � scleral indentation [cerclage], without tamponade",,,,Non-standard
BGDA003,"Retinopexy by coagulation by cryoapplication or with extraocular laser with scleral indentation limited to one quadrant, with internal gas tamponade",,,,Non-standard
BGDA004,"Retinopexy by coagulation by cryoapplication or with extraocular laser with scleral indentation limited to one quadrant, without tamponade",,,,Non-standard
BGDA008,"Retinopexy by coagulation by cryoapplication or with extraocular laser without indentation, with internal gas tamponade",,,,Non-standard
BGDA001,"Retinopexy by cryoapplication or extraocular laser coagulation with scleral indentation in more than one quadrant, with internal gas tamponade",,,,Non-standard
BGDA002,"Retinopexy by cryoapplication or extraocular laser coagulation with scleral indentation in more than one quadrant, without tamponade",,,,Non-standard
02.04.05.03,Retinotomy,,,,Non-standard
BGMA002,"Retinovitreal operation combining at least 4 of the following procedures: coagulation, vitrectomy, endocoagulation with laser, retinotomy, internal tamponade, fluid-gas exchange, flange dissection, retinectomy",,,,Non-standard
BGMA001,"Retinovitreal operation combining indentation and at least 4 of the following acts: coagulation, vitrectomy, endocoagulation with laser, retinotomy, internal tamponade, fluid-gas exchange, flange dissection",,,,Non-standard
HBQK065,Retroalveolar and / or retrocoronary intraoral radiographs of 10 distinct sectors of 1 to 3 contiguous teeth,,,,Non-standard
HBQK424,Retroalveolar and / or retrocoronary intraoral radiographs of 11 distinct sectors of 1 to 3 contiguous teeth,,,,Non-standard
HBQK476,Retroalveolar and / or retrocoronary intraoral radiographs of 12 distinct sectors of 1 to 3 contiguous teeth,,,,Non-standard
HBQK093,Retroalveolar and / or retrocoronary intraoral radiographs of 13 distinct sectors of 1 to 3 contiguous teeth,,,,Non-standard
HBQK041,Retroalveolar and / or retrocoronary intraoral radiographs of 14 distinct sectors of 1 to 3 contiguous teeth,,,,Non-standard
HBQK191,Retroalveolar and / or retrocoronary intraoral radiographs of 2 distinct sectors of 1 to 3 contiguous teeth,,,,Non-standard
HBQK331,Retroalveolar and / or retrocoronary intraoral radiographs of 3 distinct sectors with 1 to 3 contiguous teeth,,,,Non-standard
HBQK443,Retroalveolar and / or retrocoronary intraoral radiographs of 4 distinct sectors of 1 to 3 contiguous teeth,,,,Non-standard
HBQK428,Retroalveolar and / or retrocoronary intraoral radiographs of 5 distinct sectors of 1 to 3 contiguous teeth,,,,Non-standard
HBQK480,Retroalveolar and / or retrocoronary intraoral radiographs of 6 distinct sectors of 1 to 3 contiguous teeth,,,,Non-standard
HBQK430,Retroalveolar and / or retrocoronary intraoral radiographs of 7 distinct sectors of 1 to 3 contiguous teeth,,,,Non-standard
HBQK142,Retroalveolar and / or retrocoronary intraoral radiographs of 8 distinct sectors of 1 to 3 contiguous teeth,,,,Non-standard
HBQK046,Retroalveolar and / or retrocoronary intraoral radiographs of 9 distinct sectors of 1 to 3 contiguous teeth,,,,Non-standard
HBQK389,Retroalveolar and / or retrocoronary intraoral X-ray of a sector of 1 to 3 contiguous teeth,,,,Non-standard
HBQK303,"Retroalveolar intraoral radiographs on a sector of 1 to 3 contiguous pre-intervention, per-intervention and final teeth for endodontic therapeutic act",,,,Non-standard
HBQK040,Retroalveolar intraoral x-rays on a sector of 1 to 3 contiguous pre-intervention or per-interventional teeth with final x-ray for endodontic therapy,,,,Non-standard
HKCA002,Retroanal myorrhaphy of the levator ani muscles,,,,Non-standard
DGCA014,"Retrograde aortomesenteric or superior iliomesenteric bypass, by laparotomy",,,,Non-standard
HMQH003,"Retrograde cholangiography with infundibulotomy [diathermic puncture of the biliary infundibulum] or precut of the major duodenal papilla, by eso-gastro-duodenoscopy",,,,Non-standard
HMQH007,"Retrograde cholangiography, by esogastro-duodenoscopy",,,,Non-standard
HMQH002,"Retrograde cholangiopancreatography with oddian manometry, by eso-gastro-duodenoscopy",,,,Non-standard
HMQH005,"Retrograde cholangiopancreatography without oddian manometry, by eso-gastro-duodenoscopy",,,,Non-standard
HMAE002,"Retrograde dilation of the bile duct, by eso-gastro-duodenoscopy",,,,Non-standard
HEAE001,"Retrograde dilation of the esophagus, by rigid endoscopy",,,,Non-standard
HNQH003,"Retrograde pancreatography by catheterization of the major duodenal papilla, by eso-gastro-duodenoscopy",,,,Non-standard
HNQH001,"Retrograde pancreatography by catheterization of the minor duodenal papilla [accessory papilla], by eso-gastro-duodenoscopy",,,,Non-standard
JBQE001,"Retrograde uretero-pyelo-kaliscopy, urethral",,,,Non-standard
JBQH002,Retrograde ureteropyelography [UPR],,,,Non-standard
JCQE003,"Retrograde ureteroscopy, urethral route",,,,Non-standard
JDQH001,Retrograde urethrocystography,,,,Non-standard
EJQH003,"Retrograde venography of the lower limb, by intravenous transcutaneous ipsilateral femoral injection or by contralateral femoral venous route",,,,Non-standard
EJQH005,"Retrograde venography of the lower limb, by intravenous transcutaneous popliteal injection",,,,Non-standard
LBPA007,"Retrolingular [retrospigial] vertical osteotomy of the ramus of the mandible, by facial approach",,,,Non-standard
LBPA030,"Retrolingular [retrospigial] vertical osteotomy of the ramus of the mandible, by intraoral approach",,,,Non-standard
DGCA003,"Retroperitoneal bypass between the descending thoracic aorta and the femoral arteries, by direct approach",,,,Non-standard
08.06.01.02,Retroperitoneal space lesion resection,,,,Non-standard
JGFA009,"Retropubic or transcapsular adenomectomy of the prostate, by laparotomy",,,,Non-standard
DGDA001,Retrosternal aortopexy,,,,Non-standard
HEMA001,"Retrosternal esophagocoloplasty without esophagectomy, with cervical esophagocolic anastomosis, by cervicotomy and by laparotomy",,,,Non-standard
HEMA005,"Retrosternal esophagocoloplasty without esophagectomy, with pharyngocolic anastomosis, by cervicotomy and by laparotomy",,,,Non-standard
HEMA008,"Retrosternal esophagogastroplasty without esophagectomy, with cervical esophagogastric anastomosis, by cervicotomy and by laparotomy",,,,Non-standard
HEMA009,"Retrosternal esophagogastroplasty without esophagectomy, with pharyngogastric anastomosis, by cervicotomy and by laparotomy",,,,Non-standard
JGFA007,"Retrovesical or transvesical resection of the prostate utricle, by laparotomy",,,,Non-standard
EDMA003,"Revascularization of the branches of the renal artery on the kidney in situ, by laparotomy or by lumbotomy",,,,Non-standard
EDMA001,"Revascularization of the renal artery from a digestive artery, by laparotomy or by lumbotomy",,,,Non-standard
EACF001,"Reversal of the flow of an intracranial arterial aneurysm in the acute hemorrhagic period, via the transcutaneous arterial route",,,,Non-standard
EACF002,"Reversal of the flow of an intracranial arterial aneurysm outside an acute hemorrhagic period, via the transcutaneous arterial route",,,,Non-standard
04.03.08.01,Reverse flow of an intracranial arterial aneurysm,,,,Non-standard
QZMA002,"Revision of a free flap for ischemia, without repair of the vascular anastomoses",,,,Non-standard
HBMD019,Revision of the implant-supported abutments of a dental prosthesis,,,,Non-standard
JNMD001,Revision of the uterine cavity after abortion,,,,Non-standard
JNMD002,Revision of the uterine cavity after natural delivery,,,,Non-standard
ABMA003,"Revision or change of component of an internal bypass of cerebrospinal fluid, by craniotomy",,,,Non-standard
ABMA002,"Revision or change of part of an internal bypass of cerebrospinal fluid, by direct approach",,,,Non-standard
GAMA013,Rhinoplasty with osteotomy and autograft of nasal septum cartilage,,,,Non-standard
GAMA024,"Rhinoplasty with osteotomy, without autografting of cartilage",,,,Non-standard
GAMA003,"Rhinoplasty without osteotomy, with autograft of nasal septum cartilage",,,,Non-standard
06.02.01.04,"Rhinoplasty, septoplasty and rhinoseptoplasty",,,,Non-standard
GAMA010,Rhinoseptoplasty with bone and cartilage autograft,,,,Non-standard
GAMA016,Rhinoseptoplasty with osteotomy and autograft of nasal septum cartilage,,,,Non-standard
GAMA004,"Rhinoseptoplasty with osteotomy, without autografting of cartilage",,,,Non-standard
GAMA020,"Rhinoseptoplasty without osteotomy, with autograft of nasal septum cartilage",,,,Non-standard
GAMA001,"Rhinoseptoplasty without osteotomy, without autograft of cartilage",,,,Non-standard
LJFA006,Rib resection,,,,Non-standard
DBMA008,"Right atrioventricular annuloplasty, by thoracotomy with CEC",,,,Non-standard
DBPA002,"Right atrioventricular commissurotomy or valvectomy, by thoracotomy with CEC",,,,Non-standard
DBMA012,"Right atrioventricular valvoplasty, by thoracotomy with CEC",,,,Non-standard
HHFA008,"Right colectomy with restoration of continuity, by laparoscopy or by laparotomy with preparation by laparoscopy",,,,Non-standard
HHFA009,"Right colectomy with restoration of continuity, by laparotomi",,,,Non-standard
HHFC296,"Right colectomy without restoration of continuity, by laparoscopy",,,,Non-standard
HHFA026,"Right colectomy without restoration of continuity, by laparotomi",,,,Non-standard
HLFA017,"Right hepatectomy, by laparotomy",,,,Non-standard
HLFA005,"Right hepatic lobectomy [Right hepatectomy enlarged to segment IV], by laparotomy",,,,Non-standard
JDQE003,Rigid endoscope urethrocystoscopy,,,,Non-standard
GEQE008,Rigid tube bronchoscopy,,,,Non-standard
GEQE005,"Rigid tube bronchoscopy, with lung biopsy by transbronchial approach without guidance",,,,Non-standard
GEQH003,"Rigid tube bronchoscopy, with lung biopsy by transbronchial route with radiological guidance",,,,Non-standard
GEQE001,"Rigid tube bronchoscopy, with mediastinal needle sampling via the transbronchial route",,,,Non-standard
HEQE001,Rigid tube esophagoscopy,,,,Non-standard
GDQE001,Rigid tube laryngotracheobronchoscopy,,,,Non-standard
HJQE002,Rigid tube proctoscopy,,,,Non-standard
ACFA009,"Rock tip tumor excision, by suprapetrous approach",,,,Non-standard
ACFA003,"Rock tip tumor excision, by translabyrinthine approach",,,,Non-standard
ACFA029,"Rock tip tumor resection with disruption of the facial nerve, by transpetrous approach",,,,Non-standard
HBBD234,Root filling of a maxillary first premolar after apexification,,,,Non-standard
HBBD002,Root filling of a molar after apexification,,,,Non-standard
HBBD001,Root filling of a premolar other than the maxillary first premolar after apexification,,,,Non-standard
HBBD003,Root filling of an incisor or canine after apexification,,,,Non-standard
BDMA001,Rotational autokeratoplasty,,,,Non-standard
EGSP001,Rubber band ligation session for hemorrhoids,,,,Non-standard
JHCA004,Rupture suture of the cavernous bodies of the penis,,,,Non-standard
AFQH002,Saccoradiculography,,,,Non-standard
AFQH001,Saccoradiculography with CT scan of the spine,,,,Non-standard
LGDA001,"Sacral or sacroiliac fixation by posterior approach, during lumbar arthrodesis on 6 or more vertebrae",,,,Non-standard
LBPA002,"Sagittal osteotomy of the body of the mandible, by intraoral approach",,,,Non-standard
HCLD001,Salivary canal catheterization without sialography,,,,Non-standard
07.02.07.02,Salivary duct plasty,,,,Non-standard
HCCA002,Salivary duct wound suture,,,,Non-standard
HCPA001,Salivary gland cyst marsupialization,,,,Non-standard
07.02.07.05,Salivary gland excision,,,,Non-standard
HCHB001,"Salivary gland puncture or fine needle aspiration, transcutaneously",,,,Non-standard
HCQL001,Salivary gland scintigraphy,,,,Non-standard
JJCC001,"Salpingoneostomy or fimbrioplasty, by laparoscopy",,,,Non-standard
JJCA001,"Salpingoneostomy or fimbrioplasty, by laparotomy",,,,Non-standard
JJFC010,"Salpingoovariectomy [Annexectomy], by laparoscopy",,,,Non-standard
JJFA004,"Salpingoovariectomy [Annexectomy], by laparotomy",,,,Non-standard
JJFA050,"Salpingoovariectomy [Annexectomy], by vaginal approach",,,,Non-standard
JJPC001,"Salpingotomy with aspiration of ectopic pregnancy, by laparoscopy",,,,Non-standard
JJPA001,"Salpingotomy with aspiration of ectopic pregnancy, by laparotomy",,,,Non-standard
HZHE001,"Sample for biological analysis, during a diagnostic endoscopy of the digestive tract",,,,Non-standard
18.02.07.03,Sampling during endoscopy of the digestive tract,,,,Non-standard
PAFA008,"Sampling of a complete long bone, from a subject in a state of brain death",,,,Non-standard
HFHD002,"Sampling of gastric fluid by tubing, with pharmacological test",,,,Non-standard
FEFF001,"Sampling of mononuclear cells by cytapheresis, for cell therapy",,,,Non-standard
JAFA020,"Sampling of the 2 kidneys during a multiorgan sample, on a subject in a state of brain death",,,,Non-standard
JAFA017,Sampling of the 2 kidneys from a subject in a state of brain death,,,,Non-standard
DZFA001,"Sampling of the heart, during a multiorgan sample from a subject in a state of brain death",,,,Non-standard
DZFA003,"Sampling of the heart-lung block, during a multiorgan sample from a subject in a state of brain death",,,,Non-standard
16.05.06,Sandwich skin graft,,,,Non-standard
QZEA043,Sandwich skin graft on 10% to 12.5% ??of the body surface,,,,Non-standard
QZEA014,Sandwich skin graft on 12.5% ??to 15% of the body surface,,,,Non-standard
QZEA040,Sandwich skin graft on 15% to 17.5% of the body surface,,,,Non-standard
QZEA029,Sandwich skin graft on 2.5% to 5% of the body surface,,,,Non-standard
QZEA004,Sandwich skin graft on 5% to 7.5% of body surface,,,,Non-standard
QZEA038,"Sandwich skin graft, less than 2.5% of the body surface",,,,Non-standard
QZEA001,"Sandwich skin graft, over 20% of the body surface",,,,Non-standard
EGCA004,Saphenocavernous anastomosis,,,,Non-standard
04.04.03.06,Saphenous vein resection,,,,Non-standard
ABFA010,Scaled brain tumor excision by craniotomy,,,,Non-standard
HBJD001,Scaling and polishing of teeth,,,,Non-standard
QAEA013,Scalp reimplantation with vascular anastomoses,,,,Non-standard
07.01.05,Scan of the digestive system,,,,Non-standard
LAQK013,Scan of the face,,,,Non-standard
MEDA001,"Scapulohumeral arthrodesis, by arthrotomy",,,,Non-standard
13.03.02.06,Scapulohumeral arthroplasty,,,,Non-standard
MEMA015,"Scapulohumeral arthroplasty without prosthesis, by direct approach",,,,Non-standard
MZFA010,Scapulohumeral disarticulation [Shoulder disarticulation],,,,Non-standard
FEJF004,Scheduled session of therapeutic plasma subtraction with infusion of substitute product [plasma exchange] for chronic disease,,,,Non-standard
FEPF001,Scheduled therapeutic leukapheresis session for chronic disease,,,,Non-standard
ZZQL005,Scintigraphic search for tumor by single photon emitter non-specific for tumors,,,,Non-standard
ZZQL012,Scintigraphic search for tumors by single-photon emitter specific for tumors,,,,Non-standard
GEQL001,Scintigraphy of bronchial mucociliary purification,,,,Non-standard
HFQL001,Scintigraphy of gastric or duodenal transit by solid and liquid substances with pharmacological test,,,,Non-standard
HFQL004,Scintigraphy of gastric or duodenal transit by solid and liquid substances without pharmacological test,,,,Non-standard
HFQL003,Scintigraphy of gastric or duodenal transit by solid or liquid substance with pharmacological test,,,,Non-standard
HFQL002,Scintigraphy of gastric or duodenal transit by solid or liquid substance without pharmacological test,,,,Non-standard
JDQL001,"Scintigraphy of the bladder, retrograde",,,,Non-standard
HEQL003,Scintigraphy of the esophageal transit by solid and liquid substances,,,,Non-standard
HEQL002,Scintigraphy of the esophageal transit by solid or liquid substance,,,,Non-standard
DAQL002,Scintigraphy of the heart chambers at rest according to 1 view,,,,Non-standard
DAQL008,Scintigraphy of the heart chambers at rest according to several views,,,,Non-standard
DAQL012,Scintigraphy of the heart chambers for rhythmological purposes,,,,Non-standard
HLQL001,Scintigraphy of the liver and spleen by a tracer of the reticuloendothelial system,,,,Non-standard
15.01.03,"Scintigraphy of the osteoarticular and muscular apparatus, without topographic precision",,,,Non-standard
06.01.06,Scintigraphy of the respiratory system,,,,Non-standard
FFQL001,"Scintigraphy of the spleen, by injection of a specific radioisotopic tracer",,,,Non-standard
17.01.05,"Scintigraphy, without topographic precision",,,,Non-standard
BGHA002,Sclera biopsy [sclera],,,,Non-standard
BGSA002,Sclera fistula closure,,,,Non-standard
BGCA002,Sclera wound suture,,,,Non-standard
EHNE002,"Sclerosis and / or ligation of esogastric varices in the hemorrhagic period, by endoscopy",,,,Non-standard
EHNE001,"Sclerosis and / or ligation of esogastric varices outside the hemorrhagic period, by endoscopy",,,,Non-standard
08.02.01.01,Sclerosis and destruction of kidney injury,,,,Non-standard
JANH002,"Sclerosis of a cyst of the kidney by injection of pharmacological agent, transcutaneously with CT guidance",,,,Non-standard
EMNH001,"Sclerosis of a tumor or vascular malformation of the lower limb, by intralesional transcutaneous injection of pharmacological agent with radiological guidance",,,,Non-standard
ECNH001,"Sclerosis of a tumor or vascular malformation of the upper limb, by intralesional transcutaneous injection of pharmacological agent with radiological guidance",,,,Non-standard
ENNH001,"Sclerosis of a vascular malformation or spinal lesion, by intralesional transcutaneous injection of pharmacological agent with radiological guidance",,,,Non-standard
ENNH002,"Sclerosis of a vertebral vascular lesion, by intralesional injection of pharmacological agent by the transcutaneous route with CT guidance",,,,Non-standard
ZCNH001,"Sclerosis of an intraabdominal cyst by injection of pharmacological agent, transcutaneously with ultrasound and / or radiological guidance",,,,Non-standard
EZNH001,"Sclerosis of an osteoarticular vascular lesion of a limb, by intralesional transcutaneous injection of pharmacological agent with CT guidance",,,,Non-standard
EZNH002,"Sclerosis of an osteoarticular vascular lesion of a limb, by intralesional transcutaneous injection of pharmacological agent with radiological guidance",,,,Non-standard
EBNH001,"Sclerosis of cervical and / or facial vascular malformation, by intralesional transcutaneous injection of pharmacological agent with radiological guidance",,,,Non-standard
FCNB001,"Sclerosis of cervical or cervicofacial lymphangioma, by intralesional transcutaneous injection of pharmacological agent",,,,Non-standard
ZCNH004,"Sclerosis of several intraabdominal cysts by injection of pharmacological agent, by the transcutaneous route with ultrasound and / or radiological guidance",,,,Non-standard
JANH001,"Sclerosis of several kidney cysts by injection of pharmacological agent, transcutaneously with CT guidance",,,,Non-standard
JHLB002,"Sclerosis plaque infiltration of the albuginea of ??the cavernous bodies of the penis, by the transcutaneous route",,,,Non-standard
EPNF001,"Sclerosis session of varicosities and telangiectasias of the veins, by intravenous transcutaneous injection",,,,Non-standard
QEQK004,Screening mammogram,,,,Non-standard
ZZQL015,"Search for an infectious or inflammatory focus by injection of antibody or labeled peptide, or non-specific radioisotopic tracer",,,,Non-standard
ZZQL011,"Search for an infectious or inflammatory focus by injection of labeled polymorphonuclear cells, with separation of lymphocytes",,,,Non-standard
ZZQL006,"Search for an infectious or inflammatory focus by injection of labeled polymorphonuclear cells, without separation of the lymphocytes",,,,Non-standard
DFQL001,"Search for pulmonary arterial thrombosis, by injection of a specific radioisotopic tracer",,,,Non-standard
CBMP001,Secondary adaptation and adjustment session of a hearing aid implanted in the middle ear,,,,Non-standard
CDMP002,Secondary adaptation and adjustment session of a hearing implant with intracochlear or brainstem electrodes,,,,Non-standard
PAMP001,"Secondary adjustment and / or modification of the axes of an external fixator or of a progressive external lengthening system, under general or locoregional anesthesia",,,,Non-standard
AAMP387,Secondary adjustment of a deep brain stimulation system parameter,,,,Non-standard
AAMP173,Secondary adjustment of several deep brain stimulation system parameters,,,,Non-standard
AAMP003,Secondary adjustment of the parameters of each stud of the deep brain stimulation system [mapping],,,,Non-standard
AEMP491,Secondary adjustment or reprogramming of a subcutaneous spinal cord stimulation generator,,,,Non-standard
16.05.02,Secondary burn surgical dressing,,,,Non-standard
QAJA001,Secondary burn surgical dressing on the cephalic end and both hands,,,,Non-standard
12.03.03,Secondary chest wall closure,,,,Non-standard
LJSA002,Secondary chest wall closure after cardiovascular surgery in the newborn,,,,Non-standard
GAMA022,Secondary correction of the aesthetic result of a rhinoplasty or rhinoseptoplasty,,,,Non-standard
CAMA007,Secondary correction of the aesthetic result of a total reconstruction of the auricle,,,,Non-standard
BKCP001,Secondary drilling of an intraorbital implant for fixation of an ocular prosthesis,,,,Non-standard
EJFA006,"Secondary excision of the arch of the great saphenous vein or of the small saphenous vein, by direct approach",,,,Non-standard
BAGA001,Secondary eyelid foreign body removal,,,,Non-standard
QZMP004,Secondary filling or reprogramming of a continuous infusion subcutaneous pump of the central nervous system,,,,Non-standard
QZMA006,Secondary flap modeling,,,,Non-standard
BGGA001,Secondary foreign body ablation of the posterior segment of the eye with electromagnet,,,,Non-standard
BGGA002,Secondary foreign body ablation of the posterior segment of the eye without an electromagnet,,,,Non-standard
BEGA004,Secondary foreign body removal from the anterior segment of the eye,,,,Non-standard
HFMA005,"Secondary gastrectomy totalization with restoration of continuity, by laparotomy",,,,Non-standard
EBSA011,"Secondary hemostasis, by recovery of cervicotomy",,,,Non-standard
BFLA003,Secondary implantation of a sutured artificial lens,,,,Non-standard
BFLA001,Secondary implantation of an unsutured artificial lens,,,,Non-standard
BFLA004,Secondary implantation of artificial lens on a pseudophakic eye,,,,Non-standard
BKLA002,"Secondary insertion of an intraorbital implant, after enucleation or evisceration of the eye bulb [globe]",,,,Non-standard
JAMA001,Secondary internalization of a skin nephrostomy already in place,,,,Non-standard
HMMA001,Secondary internalization of an already existing external bile drainage,,,,Non-standard
HMMA002,Secondary internalization of several external bile drainages already in place,,,,Non-standard
HJFC023,"Secondary laparoscopic proctectomy with transanal ileoanal anastomosis, after initial total colectomy",,,,Non-standard
KDEA001,Secondary parathyroid reimplantation,,,,Non-standard
HGMA001,"Secondary preparation of a continent ileostomy of Koch, by laparotomy",,,,Non-standard
HJFA012,"Secondary proctectomy by laparotomy with ileoanal anastomosis by transanal route, after initial total colectomy",,,,Non-standard
EZMH001,"Secondary radiological control of the patency and / or position of a vascular access device or a stent, by injection of contrast product",,,,Non-standard
HZMP002,"Secondary radiological control of the position and / or function of a digestive probe, a bile drain or a biliary endoprosthesis with opacification by contrast product",,,,Non-standard
HPMP002,"Secondary radiological control of the position and / or function of a peritoneal drain, a peritoneal dialysis catheter or a peritoneojugular shunt, with opacification by contrast medium",,,,Non-standard
HFMP002,"Secondary radiological control of the position and / or function of an adjustable perigastric ring, with opacification by contrast product",,,,Non-standard
HGMA002,"Secondary recirculation of the duodenum, by laparotomy",,,,Non-standard
HEMA002,"Secondary reconstruction of the esophagus for atresia with fistula, by thoracotomy",,,,Non-standard
07.02.06.09,Secondary repair of an orofacial cleft,,,,Non-standard
BEFA007,Secondary resection or reintegration of iris hernia,,,,Non-standard
HHMC001,"Secondary restoration of digestive continuity after colectomy, by laparoscopy",,,,Non-standard
HHMA003,"Secondary restoration of digestive continuity after colectomy, by laparotomy",,,,Non-standard
HGMA005,"Secondary restoration of digestive continuity after resection of the small intestine, by laparotomy",,,,Non-standard
16.05.02.02,Secondary surgical dressing for burns of the cephalic extremity and hands,,,,Non-standard
QCJA002,Secondary surgical dressing for burns on both hands,,,,Non-standard
QAJA011,Secondary surgical dressing for burns on the cephalic end and 1 hand,,,,Non-standard
QAJA010,Secondary surgical dressing for burns on the cephalic extremity,,,,Non-standard
QZJA010,"Secondary surgical dressing of burns outside the head end and hands, on 1% to 10% of the body surface area",,,,Non-standard
QZJA003,"Secondary surgical dressing of burns outside the head end and hands, on less than 1% of the body surface",,,,Non-standard
QZJA007,"Secondary surgical dressing of burns outside the head end and hands, over 10% to 30% of the body surface area",,,,Non-standard
QZJA008,"Secondary surgical dressing of burns outside the head end and hands, over 30% to 60% of the body surface area",,,,Non-standard
QZJA018,"Secondary surgical dressing of burns outside the head end and hands, over more than 60% of the body surface",,,,Non-standard
16.05.02.01,"Secondary surgical dressing of burns, apart from the head end and hands",,,,Non-standard
KCMA001,"Secondary totalization of thyroidectomy, by cervicotomy",,,,Non-standard
DEMP001,Secondary transcutaneous control and adjustment of a cardiac defibrillator,,,,Non-standard
DEMP002,Secondary transcutaneous control and adjustment of a pacemaker,,,,Non-standard
QZJA013,"Secondary trimming of traumatic or infectious lesion of the skin and soft tissues, under general or regional anesthesia",,,,Non-standard
CBMD002,Secondary tympanoplasty in closed technique,,,,Non-standard
CBMD003,"Secondary tympanoplasty in closed technique, with ossiculoplasty",,,,Non-standard
CBMA004,"Secondary tympanoplasty on open technique, with frame reconstruction",,,,Non-standard
CBMA002,"Secondary tympanoplasty on open technique, without frame reconstruction",,,,Non-standard
JKPE002,"Section and / or destruction of synechiae of the uterus, by hysteroscopy",,,,Non-standard
JKPC001,"Section and / or destruction of synechiae of the uterus, by hysteroscopy with laparoscopic guidance",,,,Non-standard
JKPJ001,"Section and / or destruction of synechiae of the uterus, by hysteroscopy with ultrasound guidance",,,,Non-standard
JKPD002,"Section and / or destruction of synechiae of the uterus, vaginally",,,,Non-standard
01.03.01.02,Section and release of the spinal cord and nerve roots,,,,Non-standard
08.04.03.07,Section and resection of intrauterine malformations,,,,Non-standard
JRPA001,"Section of a synthetic infraurethral sling, by vaginal approach",,,,Non-standard
ADPA003,"Section of an extracranial branch of the trigeminal nerve, by direct approach",,,,Non-standard
HAPD001,Section of mucosal flange or intraoral brake,,,,Non-standard
HAPA001,Section of mucosal flange or intraoral frenulum with local flap plasty,,,,Non-standard
HPPC003,"Section of peritoneal bridle and / or adhesions for acute bowel obstruction, by laparoscopy",,,,Non-standard
HPPA002,"Section of peritoneal flange and / or adhesions for acute bowel obstruction, by laparotomy",,,,Non-standard
ADPA009,"Section of petrous nerves, by suprapetrous approach",,,,Non-standard
AHPA018,"Section of superficial spinal nerve with diversion, by direct approach",,,,Non-standard
BEPP001,Section of synechiae and / or flanges of the anterior segment of the eye with laser,,,,Non-standard
ADPA017,Section of the [Jacobson's] tympanic nerve in the tympanic cavum,,,,Non-standard
HMPE001,"Section of the biliary side of the sphincter muscle of the hepatopancreatic ampulla [sphincter of Oddi], by eso-gastro-duodenoscopy [Endoscopic biliary sphincterotomy]",,,,Non-standard
JAPA001,"Section of the isthmus of a horseshoe kidney, by direct approach",,,,Non-standard
JAPC018,"Section of the isthmus of a horseshoe kidney, by laparoscopy",,,,Non-standard
NFPA004,"Section of the lateral patellar retinaculum [external patellar fin] with osteotomy of the patellar surface [trochlea] of the femur, by arthrotomy",,,,Non-standard
NFPC001,"Section of the lateral patellar retinaculum [external patellar fin], by arthroscopy",,,,Non-standard
NFPA002,"Section of the lateral patellar retinaculum [external patellar fin], by arthrotomy",,,,Non-standard
HNPE002,"Section of the pancreatic side of the sphincter muscle of the hepatopancreatic ampulla [sphincter of Oddi], by eso-gastro-duodenoscopy [Endoscopic pancreatic sphincterotomy]",,,,Non-standard
HAPA002,Section of the pedicle [Weaning] of a heterolabial flap or tongue flap,,,,Non-standard
BAPA001,Section of the pedicle [Weaning] of a heteropalpebral flap,,,,Non-standard
QZPA004,Section of the pedicle of a distant flap,,,,Non-standard
ADPA015,Section of the pterygoid canal nerve [Vidien neurotomy],,,,Non-standard
MJPA013,"Section or enlargement of the cruciform part of the digital fibrous sheath [flexor muscle tendon reflection pulley] on a ray of the hand, by direct approach",,,,Non-standard
NJPA025,Section or lengthening of an extensor or flexor digitorum tendon in the forefoot,,,,Non-standard
NJPA029,Section or lengthening of several tendons to correct a defective attitude of the foot,,,,Non-standard
NJPA003,"Section or lengthening of tendon for correction of vicious attitude of the hip, by several approaches",,,,Non-standard
NJPA035,"Section or lengthening of tendon for correction of vicious hip posture, by single approach",,,,Non-standard
NJPA034,"Section or lengthening of the tendons of the psoas muscle and other muscles to correct a defective hip posture, by single approach",,,,Non-standard
JHPA001,Section or plasty of the frenulum of the foreskin of the penis,,,,Non-standard
BGPA003,"Section or release of postoperative flanges, membranes and / or vitreoretinal adhesions",,,,Non-standard
JKPE001,"Section or resection of uterine septum, by hysteroscopy",,,,Non-standard
JKPJ002,"Section or resection of uterine septum, vaginally with ultrasound guidance",,,,Non-standard
NJPA026,"Section, lengthening or tendon transfer for bilateral correction of defective attitude of the hip and knee, with shortening of the patellar ligament, by direct approach",,,,Non-standard
NJPA013,"Section, lengthening or tendon transfer for bilateral correction of defective posture of the hip and knee, by direct approach",,,,Non-standard
NJPA012,"Section, lengthening or tendon transfer for bilateral correction of defective posture of the hip and knee, with arthrodesis of the torque of the foot and correction of architectural defects, by direct approach",,,,Non-standard
NJPA022,"Section, lengthening or tendon transfer for bilateral correction of defective posture of the hip, knee and foot, by direct approach",,,,Non-standard
NJPA008,"Section, lengthening or tendon transfer for bilateral correction of defective posture of the hip, knee and foot, with arthrodesis of the torque of the foot and correction of architectural defects, by direct approach",,,,Non-standard
NJPA028,"Section, lengthening or tendon transfer for bilateral correction of defective posture of the hip, knee and foot, with shortening of the patellar ligament, by direct approach",,,,Non-standard
NJPA001,"Section, lengthening or tendon transfer for bilateral correction of defective posture of the hip, knee and foot, with simple osteotomy of the shaft of the femur and tibia, by direct approach",,,,Non-standard
NJPA033,"Section, lengthening or tendon transfer for bilateral correction of defective posture of the hip, knee and foot, with simple osteotomy of the shaft of the femur, arthrodesis of the torque of the foot and correction of architectural defects, by direct a...",,,,Non-standard
NJPA020,"Section, lengthening or tendon transfer for bilateral correction of defective posture of the hip, knee and foot, with simple osteotomy of the shaft of the femur, by direct approach",,,,Non-standard
NJPA030,"Section, lengthening or tendon transfer for unilateral correction of defective posture of the hip and knee, by direct approach",,,,Non-standard
NJPA036,"Section, lengthening or tendon transfer for unilateral correction of defective posture of the hip and knee, with arthrodesis of the torque of the foot and correction of architectural defects, by direct approach",,,,Non-standard
NJPA011,"Section, lengthening or tendon transfer for unilateral correction of defective posture of the hip and knee, with shortening of the patellar ligament, by direct approach",,,,Non-standard
NJPA024,"Section, lengthening or tendon transfer for unilateral correction of defective posture of the hip, knee and foot, by direct approach",,,,Non-standard
NJPA004,"Section, lengthening or tendon transfer for unilateral correction of defective posture of the hip, knee and foot, with arthrodesis of the torque of the foot and correction of architectural defects, by direct approach",,,,Non-standard
NJPA021,"Section, lengthening or tendon transfer for unilateral correction of defective posture of the hip, knee and foot, with shortening of the patellar ligament, by direct approach",,,,Non-standard
NJPA017,"Section, lengthening or tendon transfer for unilateral correction of defective posture of the hip, knee and foot, with simple osteotomy of the shaft of the femur and tibia, by direct approach",,,,Non-standard
NJPA031,"Section, lengthening or tendon transfer for unilateral correction of defective posture of the hip, knee and foot, with simple osteotomy of the shaft of the femur, arthrodesis of the torque of the foot and correction of architectural defects, by direct...",,,,Non-standard
NJPA005,"Section, lengthening or tendon transfer for unilateral correction of defective posture of the hip, knee and foot, with simple osteotomy of the shaft of the femur, by direct approach",,,,Non-standard
AHPA019,"Section, resection or destruction of the superficial spinal nerve, by direct approach",,,,Non-standard
JCPA003,"Section-anastomosis of a retrocave ureter, by direct approach",,,,Non-standard
ECPA003,"Section-anastomosis of a vessel for anomaly of the aortic arches, by thoracotomy without CEC",,,,Non-standard
PAQL004,"Segmental bone scintigraphy in one step [late phase], with complementary acquisition by a pinhole collimator",,,,Non-standard
PAQL007,"Segmental bone scintigraphy in several stages, with complementary acquisition by a pinhole collimator",,,,Non-standard
PAQL008,"Segmental bone scintigraphy in several stages, without additional acquisition by a pinhole collimator",,,,Non-standard
19.01.10.02,Segmental irradiation by fixed fields by beams of 300 cm? or more at the entrance,,,,Non-standard
PAFA007,"Segmental resection of a bone with osteosynthesis and progressive axial transfer of bone fragment, for congenital pseudarthrosis",,,,Non-standard
PAFA005,"Segmental resection of a bone with osteosynthesis, for congenital pseudarthrosis",,,,Non-standard
MDFA001,"Segmental resection of a phalanx or interphalangeal joint of the thumb with restoration of continuity, for triphalangia",,,,Non-standard
HGFA008,"Segmental resection of a single atresia of the small intestine with restoration of continuity, by laparotomy",,,,Non-standard
HGFA009,"Segmental resection of a staged atresia of the small intestine with restoration of continuity, by laparotomy",,,,Non-standard
MAFA005,"Segmental resection of the clavicle with osteosynthesis and autograft, for congenital pseudarthrosis",,,,Non-standard
NBFA006,"Segmental resection of the femur with osteosynthesis and progressive axial transfer of a bone fragment, for congenital pseudarthrosis",,,,Non-standard
NBFA002,"Segmental resection of the femur with osteosynthesis, for congenital pseudarthrosis",,,,Non-standard
NCFA007,"Segmental resection of the tibia and / or fibula with osteosynthesis and progressive axial transfer of a bone fragment, for congenital pseudarthrosis",,,,Non-standard
NCFA004,"Segmental resection of the tibia and / or fibula with osteosynthesis, for congenital pseudarthrosis",,,,Non-standard
EDQH006,"Selective and / or hyperselective arteriography of several digestive branches of the abdominal aorta, via the transcutaneous arterial route",,,,Non-standard
EDQH005,"Selective and / or hyperselective arteriography of several extradigestive branches of the abdominal aorta or of several branches of the internal iliac artery, by the transcutaneous arterial route",,,,Non-standard
EDSF014,"Selective and / or hyperselective embolization of several branches of the internal iliac artery or of several extradigestive branches of the abdominal aorta, by the transcutaneous arterial route",,,,Non-standard
EDSF012,"Selective and / or hyperselective embolization of several digestive arteries, via the transcutaneous arterial route",,,,Non-standard
EBQH002,"Selective arteriography of 3 or more cervicocephalic axes, via the transcutaneous arterial route",,,,Non-standard
EBQH011,"Selective arteriography of one or 2 cervicocephalic axes, via the transcutaneous arterial route",,,,Non-standard
DFQH001,"Selective arteriography of the trunk and / or branches of the pulmonary artery, via the transcutaneous venous route",,,,Non-standard
EAQH001,"Selective cerebral arteriography, with comparative exploration of the cognitive functions of the cerebral hemispheres by intracarotid injection of fast-acting barbiturate [Wada test]",,,,Non-standard
ADNH002,"Selective destruction of terminal branch of the trigeminal nerve, by the transcutaneous route with radiological guidance",,,,Non-standard
ADNB001,"Selective destruction of terminal branch of the trigeminal nerve, by transcutaneous or transmucosal approach without guidance",,,,Non-standard
ADNH001,"Selective destruction of the glossopharyngeal nerve, transcutaneously with radiological guidance",,,,Non-standard
AENA001,"Selective destruction of the posterior horn of the spinal cord or the radicellospinal junction, by posterior approach",,,,Non-standard
EHCA002,"Selective distal splenorenal venous anastomosis with portosystemic disconnection, by laparotomy",,,,Non-standard
EHCA004,"Selective distal splenorenal venous anastomosis without portosystemic disconnection, by laparotomy",,,,Non-standard
JQGD014,Selective extraction of fetuses during multiple pregnancy,,,,Non-standard
EDQH008,"Selective or hyperselective arteriography of a digestive branch of the abdominal aorta, via the transcutaneous arterial route",,,,Non-standard
ECQH013,"Selective or hyperselective arteriography of a segment of the spinal cord, via the transcutaneous arterial route",,,,Non-standard
EDQH003,"Selective or hyperselective arteriography of an extradigestive branch of the abdominal aorta or of a branch of the internal iliac artery, by the transcutaneous arterial route",,,,Non-standard
ECQH015,"Selective or hyperselective arteriography of intrathoracic artery to parietal and / or visceral destination, via the transcutaneous arterial route",,,,Non-standard
ECQH012,"Selective or hyperselective arteriography of the entire spinal cord, via the transcutaneous arterial route",,,,Non-standard
EEQH002,"Selective or hyperselective arteriography of the lower limb, via the transcutaneous arterial route",,,,Non-standard
ECQH005,"Selective or hyperselective arteriography of the upper limb, via the transcutaneous arterial route",,,,Non-standard
ECSF004,"Selective or hyperselective artery embolization for bronchial or pleuropulmonary destination, by the transcutaneous arterial route",,,,Non-standard
EDSF005,"Selective or hyperselective embolization of a digestive artery, via the transcutaneous arterial route",,,,Non-standard
EESF007,"Selective or hyperselective embolization of an artery in the lower limb, via the transcutaneous arterial route",,,,Non-standard
ECSF008,"Selective or hyperselective embolization of an artery in the upper limb, via the transcutaneous arterial route",,,,Non-standard
EDSF016,"Selective or hyperselective embolization of the internal iliac artery or an extradigestive branch of the abdominal aorta, by the transcutaneous arterial route",,,,Non-standard
EDSF003,"Selective or hyperselective embolization of the renal artery, via the transcutaneous arterial route",,,,Non-standard
EGSF002,"Selective or hyperselective embolization of the testicular or ovarian vein, by the transcutaneous venous route",,,,Non-standard
EENF002,"Selective or hyperselective in situ fibrinolysis of an artery or arterial bypass of the lower limb, by the transcutaneous arterial route",,,,Non-standard
ECNF002,"Selective or hyperselective in situ fibrinolysis of an artery or arterial bypass of the upper limb, via the transcutaneous arterial route",,,,Non-standard
EBNF001,"Selective or hyperselective in situ fibrinolysis of an extracranial artery destined for the cervicocephalus, by the transcutaneous arterial route",,,,Non-standard
EDNF002,"Selective or hyperselective in situ fibrinolysis of the renal artery, via the transcutaneous arterial route",,,,Non-standard
EELF005,"Selective or hyperselective intraarterial in situ injection of an anticancer pharmacological agent in the lower limb, by the transcutaneous arterial route",,,,Non-standard
ECLF005,"Selective or hyperselective intraarterial in situ injection of an anticancer pharmacological agent in the upper limb, by the transcutaneous arterial route",,,,Non-standard
EDAF001,"Selective or hyperselective intraluminal dilation of the renal artery with stent grafting, by the transcutaneous arterial route",,,,Non-standard
EDAF007,"Selective or hyperselective intraluminal dilation of the renal artery without stent grafting, by the transcutaneous arterial route",,,,Non-standard
EDSF002,"Selective or hyperselective obliteration of a saccular aneurysm of the internal iliac artery or of an extradigestive branch of the abdominal aorta, by the transcutaneous arterial route",,,,Non-standard
EDSF007,"Selective or hyperselective obliteration of a saccular aneurysm of the renal artery, via the transcutaneous arterial route",,,,Non-standard
EDLF019,"Selective or hyperselective renal intraarterial in situ injection of an anticancer pharmacological agent with particle embolization, by the transcutaneous arterial route",,,,Non-standard
EDLF020,"Selective or hyperselective renal intraarterial in situ injection of anti-cancer pharmacological agent without particle embolization, by the transcutaneous arterial route",,,,Non-standard
EHHF001,"Selective or hyperselective staged venous blood samples from the portal vein tributary vessel, via the transcutaneous transhepatic venous route",,,,Non-standard
AHNB002,"Selective unilateral or bilateral destruction of the greater occipital nerve [Arnold's great occipital nerve], transcutaneously",,,,Non-standard
DHQH004,"Selective venography of a branch of the common iliac vein or the inferior vena cava, by the transcutaneous venous route",,,,Non-standard
DHQH001,"Selective venography of several branches of the common iliac veins and / or the inferior vena cava, by the transcutaneous venous route",,,,Non-standard
EFQH002,"Selective venography of the brachiocephalic vein or the superior vena cava, by the transcutaneous venous route",,,,Non-standard
EHQH001,"Selective venography of the hepatic [sushepatic] vein, by the transcutaneous venous route",,,,Non-standard
EFQH001,"Selective venography of the upper limb via the transcutaneous venous route, without studying the proximal venous trunks",,,,Non-standard
EGFA001,Semi-closed or closed pedicle hemorrhoidectomy,,,,Non-standard
FEJF001,Semiselective purification session of plasma substance by double filtration [cascade purification],,,,Non-standard
ADQP002,Sensory electrooculography [sensory EOG],,,,Non-standard
MZPA002,"Separation of a complex syndactyly of the fingers with osteotomy or bone resection, and local skin autoplasty and / or skin grafting",,,,Non-standard
QDPA001,Separation of a syndactyly of the toes by skin plasty of one or more commissures,,,,Non-standard
MJPA014,Separation of syndactyly from normal skeletal fingers with local skin autoplasty and / or skin grafting,,,,Non-standard
GFEA001,"Sequential transplantation of both lungs, by thoracotomy with CEC",,,,Non-standard
GFEA004,"Sequential transplantation of both lungs, by thoracotomy without CEC",,,,Non-standard
HENE900,"Session of destruction of a heterotopia of the mucous membrane of the lower esophagus, by endoscopy",,,,Non-standard
HHNE004,"Session of destruction of lesion of the colon and / or rectum without laser, by rectosigmoidoscopy or by partial colonoscopy",,,,Non-standard
FGLB004,Session of injection or ingestion of a drug in increasing concentration for habituation,,,,Non-standard
BABA001,Shortening of the levator muscle of the upper eyelid,,,,Non-standard
NJBA001,"Shortening of the patellar ligament [patellar tendon], with cutting or lengthening of the rectus femoris muscle",,,,Non-standard
MEQH001,Shoulder arthrography,,,,Non-standard
13.03.01.03,Shoulder girdle arthroplasty,,,,Non-standard
HCQH001,Sialography,,,,Non-standard
HCQH002,Sialography with CT scan of the salivary glands,,,,Non-standard
HHQD004,Sigmoid colon electromyography,,,,Non-standard
HHQD001,Sigmoid colon manometry,,,,Non-standard
NBPA008,"Simple bilateral osteotomy of the diaphysis of the femur and the tibia, with arthrodesis of the torque of the foot [talocalcaneal and mediotarsal] and correction of architectural defects",,,,Non-standard
NBPA012,"Simple bilateral osteotomy of the diaphysis of the femur, with arthrodesis of the torque of the foot [talocalcaneal and mediotarsal] and correction of architectural defects of the foot",,,,Non-standard
NCPA012,"Simple bilateral osteotomy of the diaphysis of the tibia, with arthrodesis of the torque of the foot [talocalcaneal and mediotarsal] and correction of architectural defects",,,,Non-standard
NBPA007,Simple bilateral osteotomy of the shaft of the femur,,,,Non-standard
NBPA001,Simple bilateral osteotomy of the shaft of the femur and tibia,,,,Non-standard
NCPA011,Simple bilateral osteotomy of the tibial shaft,,,,Non-standard
NCCA016,"Simple bimalleolar fracture osteosynthesis, open focus",,,,Non-standard
NCCA008,"Simple fracture osteosynthesis of the tibial pilon, open focus",,,,Non-standard
NBCA002,"Simple limpet fracture osteosynthesis, open focus",,,,Non-standard
MCPA010,Simple osteotomy of the diaphysis of a forearm bone,,,,Non-standard
NBPA017,Simple osteotomy of the distal end of the femur,,,,Non-standard
NCPA015,Simple osteotomy of the proximal end of the tibia,,,,Non-standard
NCPA005,Simple osteotomy of the proximal end of the tibia with reconstruction of the anterior cruciate ligament,,,,Non-standard
MBPA004,Simple osteotomy of the shaft of the humerus,,,,Non-standard
NBPA015,"Simple unilateral osteotomy of the diaphysis of the femur and the tibia, with arthrodesis of the torque of the foot [talocalcaneal and mediotarsal] and correction of architectural defects",,,,Non-standard
NBPA002,"Simple unilateral osteotomy of the diaphysis of the femur, with arthrodesis of the torque of the foot [talocalcaneal and mediotarsal] and correction of architectural defects of the foot",,,,Non-standard
NBPA003,Simple unilateral osteotomy of the shaft of the femur,,,,Non-standard
NBPA004,Simple unilateral osteotomy of the shaft of the femur and tibia,,,,Non-standard
NCPA013,Simple unilateral osteotomy of the tibial shaft,,,,Non-standard
NCPA004,"Simple unilateral osteotomy of the tibial shaft, with arthrodesis of the torque of the foot [talocalcaneal and mediotarsal] and correction of architectural defects",,,,Non-standard
LBMP001,Simulation of therapeutic objectives on dental arch casts and / or software,,,,Non-standard
FELF003,"Simultaneous intravenous administration of two of the following blood products: fresh frozen plasma, platelets, antihemophilic factor, fibrinogen, antithrombin III for coagulopathy support, per 24 hours",,,,Non-standard
JQGD013,"Single breech birth by natural route with large extraction, in a first-time mother",,,,Non-standard
JQGD005,"Single breech birth by natural route with large extraction, in a multipara",,,,Non-standard
JQGD003,"Single breech birth by natural route with small extraction, in a first-time mother",,,,Non-standard
JQGD008,"Single breech birth by natural route with small extraction, in a multipara",,,,Non-standard
JQGD004,"Single breech birth by natural route, in a first-time mother",,,,Non-standard
JQGD001,"Single breech birth by natural route, in a multipara",,,,Non-standard
JQGD010,"Single cephalic birth by natural route, in a first-time mother",,,,Non-standard
ZZNA002,Single dose intraoperative external irradiation,,,,Non-standard
AHQB020,"Single fiber electromyography of the perineum with study of 20 pairs of fibers, by needle electrode",,,,Non-standard
AHQB015,"Single fiber electromyography, by needle electrode",,,,Non-standard
JQGD012,"Single head birth by natural route, in a multipara",,,,Non-standard
LHQH005,"Single intervertebral discography by transcutaneous route, with CT scan of the spine [Discoscanner]",,,,Non-standard
LHQH003,"Single intervertebral discography, transcutaneously",,,,Non-standard
JKFA016,"Single myomectomy of the uterus, by laparotomy",,,,Non-standard
GFFA017,Single non-anatomical partial resection of the lung by thoracotomy,,,,Non-standard
HGAC010,"Single or multiple enlargement of the small intestine, by laparoscopy",,,,Non-standard
HGAA003,"Single or multiple enlargement of the small intestine, by laparotomy",,,,Non-standard
LBPA012,"Single or multiple maxillary interalveolar osteotomy [Alveolodental corticotomy], by intraoral approach",,,,Non-standard
GFFA029,"Single or multiple pulmonary segmentectomy, by thoracotomy",,,,Non-standard
KDFC001,"Single parathyroidectomy without exploration of other parathyroid sites, by cervicoscopy",,,,Non-standard
KDFA002,"Single parathyroidectomy without exploration of other parathyroid sites, by cervicotomy",,,,Non-standard
HGFA005,"Single segmental resection of the small intestine for occlusion, by laparotomy",,,,Non-standard
HGFC021,Single segmental resection of the small intestine with restoration of continuity outside the occlusion by laparoscopy,,,,Non-standard
HGFA007,Single segmental resection of the small intestine with restoration of continuity outside the occlusion by laparotomy,,,,Non-standard
HGFC014,"Single segmental resection of the small intestine without restoration of continuity, apart from the occlusion, by laparoscopy",,,,Non-standard
HGFA003,"Single segmental resection of the small intestine without restoration of continuity, apart from the occlusion, by laparotomy",,,,Non-standard
LAPA016,"Size and transposition of cranial flap not involving the eye sockets, with remodeling of the posterior pole of the skull",,,,Non-standard
LAPA005,"Size and transposition of cranial flap not involving the eye sockets, without remodeling of the posterior pole of the skull",,,,Non-standard
LAPA006,Size and transposition of the cranial flap involving the orbits,,,,Non-standard
16.01.01,Skin and soft tissue ultrasound,,,,Non-standard
16.03.03,Skin and soft tissue wound trimming and / or suturing,,,,Non-standard
HHCC007,"Skin colostomy, by laparoscopy",,,,Non-standard
HHCA002,"Skin colostomy, by laparotomy",,,,Non-standard
QZNP028,"Skin depilation session on 50 cm? to 150 cm?, with laser or with flash lamp",,,,Non-standard
HFCA002,"Skin gastrostomy, by laparotomy",,,,Non-standard
QAEA010,"Skin graft for burn of the cephalic extremity, on 1% to 2% of the body surface",,,,Non-standard
QAEA004,"Skin graft for burn of the cephalic extremity, on 10% to 12.5% ??of the body surface",,,,Non-standard
QAEA011,"Skin graft for burn of the cephalic extremity, on 2% to 3% of the body surface",,,,Non-standard
QAEA006,"Skin graft for burn of the cephalic extremity, on 3% to 4% of the body surface",,,,Non-standard
QAEA008,"Skin graft for burn of the cephalic extremity, on 4% to 5% of the body surface",,,,Non-standard
QAEA012,"Skin graft for burn of the cephalic extremity, on 7.5% to 10% of the body surface",,,,Non-standard
QAEA003,"Skin graft for burn of the cephalic extremity, over 12.5% ??of the body surface",,,,Non-standard
16.05.05,Skin graft for burns,,,,Non-standard
QCEA005,"Skin graft for burns in one hand, less than 1.25% of the body surface",,,,Non-standard
QCEA004,Skin graft for burns of both hands over 1.25% to 2.5% of body surface area,,,,Non-standard
QCEA003,Skin graft for burns of both hands over 3.75% of body surface,,,,Non-standard
QCEA001,"Skin graft for burns of both hands, 2.5% to 3.75% of body surface area",,,,Non-standard
QCEA002,"Skin graft for burns of both hands, less than 1.25% of the body surface",,,,Non-standard
QCEA006,"Skin graft for burns of one hand, over 1.25% of the body surface",,,,Non-standard
16.05.05.02,Skin graft for burns of the cephalic extremity and hands,,,,Non-standard
QAEA009,"Skin graft for burns of the cephalic extremity, on 5% to 7.5% of the body surface",,,,Non-standard
QAEA002,"Skin graft for burns of the cephalic extremity, on less than 1% of the body surface",,,,Non-standard
QZEA011,"Skin graft for burns outside the cephalic extremity and hands, on 10% to 12.5% ??of the body surface",,,,Non-standard
QZEA012,"Skin graft for burns outside the cephalic extremity and hands, on 12.5% ??to 15% of the body surface",,,,Non-standard
QZEA025,"Skin graft for burns outside the cephalic extremity and hands, on 17.5% to 20% of the body surface",,,,Non-standard
QZEA041,"Skin graft for burns outside the cephalic extremity and hands, on 5% to 7.5% of the body surface",,,,Non-standard
QZEA010,"Skin graft for burns outside the cephalic extremity and hands, over 20% of the body surface",,,,Non-standard
QZEA037,"Skin graft for burns outside the head end and hands, 2.5% to 5% of the body surface area",,,,Non-standard
QZEA017,"Skin graft for burns outside the head end and hands, 7.5% to 10% of the body surface area",,,,Non-standard
QZEA002,"Skin graft for burns outside the head end and hands, on 15% to 17.5% of the body surface",,,,Non-standard
QZEA021,"Skin graft for burns outside the head end and hands, to less than 2.5% of the body surface",,,,Non-standard
16.05.05.01,"Skin graft for burns, apart from the head end and hands",,,,Non-standard
QZEA030,"Skin graft sandwich, on 17.5% to 20% of the body surface",,,,Non-standard
QZEA013,"Skin graft sandwich, on 7.5% to 10% of the body surface",,,,Non-standard
QZNP029,"Skin hair removal session on less than 50 cm?, with laser or with flash lamp",,,,Non-standard
QZNP030,"Skin hair removal session over 150 cm?, with laser or flash lamp",,,,Non-standard
QZNP002,"Skin lesion destruction session on 100 cm? to 200 cm?, with vascular laser or with flash lamp",,,,Non-standard
QZNP019,"Skin lesion destruction session on 200 cm? to 350 cm?, with vascular laser or with flash lamp",,,,Non-standard
QZNP009,"Skin lesion destruction session on 350 cm? to 500 cm?, with vascular laser or with flash lamp",,,,Non-standard
QZNP015,"Skin lesion destruction session on 500 cm? to 700 cm?, with vascular laser or with flash lamp",,,,Non-standard
QZNP021,"Skin lesion destruction session on 60 cm? to 100 cm?, with vascular laser or with flash lamp",,,,Non-standard
QZNP024,"Skin lesion destruction session over 30 cm? to 60 cm?, with vascular laser or with flash lamp",,,,Non-standard
JACA002,"Skin nephrostomy, by direct approach",,,,Non-standard
HKMA001,Skin plasty of the anal margin,,,,Non-standard
JBCA001,"Skin pyelostomy, by direct approach",,,,Non-standard
JEMA003,Skin scar retouch after urethroplasty,,,,Non-standard
16.03.12,Skin smoothing [Straightening] [Lifting],,,,Non-standard
11.02.01.01,Skull vault osteosynthesis,,,,Non-standard
11.02.01.03,Skull vault repair,,,,Non-standard
LAFA004,Skull vault tumor resection with cranioplasty,,,,Non-standard
LAFA011,Skull vault tumor resection without cranioplasty,,,,Non-standard
07.03.04.06,Small intestine bypass,,,,Non-standard
HGAA002,"Small intestine lengthening plasty, by laparotomy",,,,Non-standard
HGCC031,"Small intestine perforation wound suture, by laparoscopy",,,,Non-standard
HGFA002,"Small intestine sample, from a subject in a state of brain death",,,,Non-standard
07.03.04.10,Small intestine transplantation,,,,Non-standard
HGEA005,"Small intestine transplantation, by laparotomy",,,,Non-standard
07.03.04.04,Small intestine wound suture,,,,Non-standard
HCFA007,Small salivary gland excision [accessory salivary gland],,,,Non-standard
HAHD001,Smear and / or intraoral swab,,,,Non-standard
QAMA016,"Smoothing [Lifting] of the upper third of the face, by coronal approach",,,,Non-standard
QAMC001,"Smoothing [Lifting] of the upper third of the face, by video surgery",,,,Non-standard
14.04.01.03,Soft tissue ossification resection of the hip and thigh,,,,Non-standard
NJPA002,"Soft tissue release from the ankle or hindfoot with capsulotomy, by posterior approach",,,,Non-standard
13.04.03.04,Soft tissue release from the first metacarpal interosseous space of the hand,,,,Non-standard
MJPA003,"Soft tissue release from the first metacarpal interosseous space with arthrodesis of the thumb column, by direct approach",,,,Non-standard
MJPA008,"Soft tissue release from the first metacarpal interosseous space with arthroplasty or mobilizing joint release, by direct approach",,,,Non-standard
MJPA007,"Soft tissue release from the first metacarpal interosseous space, by direct approach",,,,Non-standard
14.04.03.07,Soft tissue release in the leg and foot,,,,Non-standard
NJPA027,"Soft tissue release of the ankle or hindfoot and midfoot with capsulotomy and osteotomy of the tarsus or metatarsal, by posterior approach, medial approach and lateral approach",,,,Non-standard
NJPA009,"Soft tissue release of the ankle or hindfoot and midfoot with capsulotomy, by posterior approach, medial approach and lateral approach",,,,Non-standard
NJPA019,"Soft tissue release of the ankle or hindfoot with capsulotomy, by posterior approach and medial approach",,,,Non-standard
LCQN001,Soft tissue remnography [MRI] of the neck without intravenous injection of contrast medium,,,,Non-standard
LCQJ001,"Soft tissue remnography [MRI] of the neck, with intravenous injection of contrast medium",,,,Non-standard
NJFA003,Soft tissue resection for hypertrophy and gigantism of the foot,,,,Non-standard
MJFA011,"Soft tissue resection of the hand with skin plasty and nerve resection, for megadactyly",,,,Non-standard
MJFA017,"Soft tissue resection of the hand with skin plasty, without nerve resection, for megadactyly",,,,Non-standard
NJFA004,Soft tissue resection with bone resection for hypertrophy and gigantism of the foot with dysplasia,,,,Non-standard
LCQH001,Soft tissue scan of the neck with intravenous injection of contrast medium,,,,Non-standard
LCQK001,"Soft tissue scan of the neck, without intravenous injection of contrast medium",,,,Non-standard
KZQL002,"Somatostatin analog scintigraphy with complementary tomoscintigraphy, complementary whole body scan of a segmental image and 72 hour whole body scan",,,,Non-standard
CDQD002,Sonomanometry,,,,Non-standard
17.05.06,Special brachytherapy techniques,,,,Non-standard
17.04.02.04,Special techniques of external irradiation,,,,Non-standard
17.02.06,Special tissue examinations,,,,Non-standard
17.04.01.05,Specific preparations for external irradiation,,,,Non-standard
BDQP004,"Specular microscopy of the cornea, with digital morphometric and / or quantitative analysis of the corneal endothelium",,,,Non-standard
CDQP011,Speech audiometry in noise,,,,Non-standard
08.03.02.05,Spermatic cord untwisting,,,,Non-standard
GBQE001,Sphenoidal sinusoscopy,,,,Non-standard
JEQD002,Sphincterometry by urethral catheterization,,,,Non-standard
HKFA009,"Sphincteromyectomy of the anus, by anal approach",,,,Non-standard
HNPE003,"Sphincterotomy of the minor duodenal papilla [accessory papilla], by eso-gastro-duodenoscopy",,,,Non-standard
HKPA009,"Sphincterotomy, sphincteromyotomy or sphincteromyectomy of the anus, by transsacrococcygeal approach [Kraske's]",,,,Non-standard
01.01.12.03,Spinal [spinal] nerve infiltration for diagnostic purposes,,,,Non-standard
AFLB010,Spinal anesthesia during vaginal birth,,,,Non-standard
LHFH001,"Spinal bone tumorectomy, transcutaneously with CT guidance",,,,Non-standard
01.03.02.04,Spinal cerebrospinal fluid [CSL] shunt,,,,Non-standard
LDPA002,"Spinal cord decompression for malformation of the occipitocervical junction, by anterolateral cervicotomy",,,,Non-standard
LDPA005,"Spinal cord decompression for malformation of the occipitocervical junction, by intraoral approach",,,,Non-standard
LDPA001,"Spinal cord decompression for malformation of the occipitocervical junction, with dural opening, by posterior approach",,,,Non-standard
LDPA004,"Spinal cord decompression for malformation of the occipitocervical junction, with osteosynthesis, by posterior approach",,,,Non-standard
LDPA003,"Spinal cord decompression for malformation of the occipitocervical junction, without dural opening, by posterior approach",,,,Non-standard
AEFA001,"Spinal cord lesion excision on a vertebral stage, by posterior approach",,,,Non-standard
AELB002,"Spinal cord stimulation electrode implantation for therapeutic purposes, by transcutaneous route",,,,Non-standard
AEGA001,"Spinal cord stimulation electrode removal, by direct approach",,,,Non-standard
AEGB001,"Spinal Cord Stimulation Electrode Removal, Transcutaneously",,,,Non-standard
AEPB001,"Spinal cordotomy, transcutaneously",,,,Non-standard
ENSF003,"Spinal dural arteriovenous malformation embolization, transcutaneous vascular",,,,Non-standard
01.03.02.02,Spinal epidural and intrathecal injection,,,,Non-standard
AFFA005,"Spinal epidural tumor excision with vertebral osteosynthesis, by posterior approach",,,,Non-standard
AFFA010,"Spinal epidural tumor excision, by posterior approach",,,,Non-standard
AFFA011,"Spinal extracanal and intracanal hourglass tumor resection with vertebral reconstruction, by anterior or anterolateral approach",,,,Non-standard
AFFA002,"Spinal extracanal and intracanal hourglass tumor resection with vertebral reconstruction, by posterior or posterolateral approach",,,,Non-standard
AFFA003,"Spinal extracanal and intracanal hourglass tumor resection without vertebral reconstruction, by posterior or posterolateral approach",,,,Non-standard
01.05.07.05,Spinal nerve repair,,,,Non-standard
AHFA001,"Spinal nerve tumor excision with immediate repair, by direct approach",,,,Non-standard
AHFA004,"Spinal nerve tumor excision without immediate repair, by direct approach",,,,Non-standard
01.05.07.06,Spinal nerve tumor resection,,,,Non-standard
AHPA025,"Spinal radicotomy, by posterior approach",,,,Non-standard
05.03.01.02,Splenectomy,,,,Non-standard
05.03.01.01,Splenic collection evacuation,,,,Non-standard
FFSC272,"Splenic hemostasis with preservation of the spleen, by laparoscopy",,,,Non-standard
FFSA001,"Splenic hemostasis with preservation of the spleen, by laparotomy",,,,Non-standard
12.02.01.16,Spondylectomy [Vertebrectomy],,,,Non-standard
12.02.01.01,Spondyloplasty [Vertebroplasty],,,,Non-standard
LHMH005,"Spondyloplasty of 1 vertebra, transcutaneously with CT guidance",,,,Non-standard
LHMH002,"Spondyloplasty of 1 vertebra, transcutaneously with radiological guidance",,,,Non-standard
LHMH182,"Spondyloplasty of 2 or 3 vertebrae, transcutaneously with CT guidance",,,,Non-standard
LHMH444,"Spondyloplasty of 2 or 3 vertebrae, transcutaneously with radiological guidance",,,,Non-standard
08.03.03.06,Spongiocavernous anastomosis,,,,Non-standard
JHCA001,"Spongiocavernous anastomosis, by direct approach",,,,Non-standard
JHSA002,Spongiocavernous fistula closure of the penis,,,,Non-standard
GLLD013,"Spontaneous ventilation on tracheostomy during weaning from mechanical ventilation, per 24 hours",,,,Non-standard
GLLD006,"Spontaneous ventilation using a tracheal intubation tube during weaning from mechanical ventilation, per 24 hours",,,,Non-standard
GLLD003,"Spontaneous ventilation with a face mask, by nasal cannula or by nasopharyngeal tube, without inspiratory support, with positive expiratory pressure [VS-PEP] [Continuous positive airway pressure] [CPAP], per 24 hours",,,,Non-standard
NEDA002,"Stabilization of a total prosthesis of the coxofemoral joint by placing a supraacetabular abutment in inert material, lowering of the greater trochanter and / or changing the head or the removable neck",,,,Non-standard
EAHF001,"Staged hyperselective blood samples from the petrous sinuses, via the transcutaneous venous route",,,,Non-standard
EGHF002,"Staged or simultaneous bilateral blood samples from gonadal veins, by transcutaneous venous route",,,,Non-standard
EGHF001,"Staged or simultaneous bilateral blood samples from renal veins, by transcutaneous venous route",,,,Non-standard
EGHF003,"Staged or simultaneous bilateral blood samples from the adrenal veins, by the transcutaneous venous route",,,,Non-standard
HZHE004,"Staining and / or tattooing of the lining of the digestive tract, during diagnostic endoscopy",,,,Non-standard
CEQP002,Statokinesimetry with stabilometry,,,,Non-standard
HEGE003,"Stent graft removal from the esophagus, by endoscopy",,,,Non-standard
04.03.11.08,Stent grafting in the abdominal aorta and common iliac artery,,,,Non-standard
MEMA001,"Sternoclavicular arthroplasty by resection of the medial end of the clavicle, by arthrotomy",,,,Non-standard
JKMD001,Stomatoplasty of the cervix,,,,Non-standard
JCGE005,"Stone removal and / or fragmentation of the iliac ureter, by retrograde ureteroscopy",,,,Non-standard
JCGC002,"Stone removal of the iliac ureter, by laparoscopy or by retroperitoneoscopy",,,,Non-standard
HMGC001,"Stone removal of the main bile duct by choledochotomy, by laparoscopy",,,,Non-standard
HMGA001,"Stone removal of the main bile duct by choledochotomy, by laparotomy",,,,Non-standard
JHEA007,Straightening of the penis by plication-excision of the cavernous bodies,,,,Non-standard
JHEA006,Straightening of the penis by ventral dissection and dorsal plication,,,,Non-standard
JHEA008,Straightening of the penis with excision of albuginea sclerosis plaque from the corpora cavernosa and graft,,,,Non-standard
BJMA006,"Strengthening, weakening or displacement of the insertion of 2 oculomotor muscles on one side and one oculomotor muscle on the other",,,,Non-standard
BJMA007,"Strengthening, weakening or displacement of the insertion of 4 or more oculomotor muscles",,,,Non-standard
BJMA002,"Strengthening, weakening or displacement of the insertion of a right oculomotor muscle",,,,Non-standard
BJMA009,"Strengthening, weakening or iterative displacement of the insertion of an oculomotor muscle",,,,Non-standard
BJMA005,"Strengthening, weakening or unilateral displacement of the insertion of 2 oculomotor muscles",,,,Non-standard
BJMA004,"Strengthening, weakening, or displacement of the insertion of an oblique oculomotor muscle",,,,Non-standard
04.01.03.02,Stress echocardiography,,,,Non-standard
DKRP004,"Stress test on a treadmill or ergometric bicycle, with discontinuous electrocardiography",,,,Non-standard
GLRP003,"Stress test on a treadmill or ergometric bicycle, with measurement of blood gases [Simplified stress test] [Stress gas measurement]",,,,Non-standard
GLRP004,"Stress test on a treadmill or ergometric bicycle, with measurement of blood gases and the flow of oxygen consumed [VO2], and discontinuous electrocardioscopic monitoring",,,,Non-standard
EQRM001,"Stress test on a treadmill, with discontinuous EKG, continuous Doppler examination of the arteries of the lower limbs and measurement of the systolic pressure index",,,,Non-standard
JVQF004,Study of Antidiuretic Hormone [ADH] Secretion by Hypertonic Sodium Chloride Infusion,,,,Non-standard
LBMP003,Study of dental arches,,,,Non-standard
02.01.06.01,Study of eye angles and pressures,,,,Non-standard
EQQM005,"Study of heart rate and circulatory velocities by transcranial pulsed Doppler, with dynamic test",,,,Non-standard
01.01.01.03,Study of latencies and reflexes,,,,Non-standard
JVQP001,Study of maximal bicarbonate transfer [Tm] and distal proton secretion,,,,Non-standard
01.01.02,Study of nervous system pressures,,,,Non-standard
07.01.02,Study of pressures in the digestive system,,,,Non-standard
06.01.07.03,Study of respiratory system pressures,,,,Non-standard
JVQP006,Study of the acidification capacity of urine,,,,Non-standard
04.01.02,Study of the pressures and flows of the circulatory system,,,,Non-standard
JVQF010,Study of the regulation of the renin-angiotensin-aldosterone system by administration of a non-radioisotopic pharmacological agent or infusion of isotonic sodium chloride,,,,Non-standard
JVQP008,Study of the renin-angiotensin-aldosterone system in clinostatism and orthostatism,,,,Non-standard
JVQP007,"Study of the transfer of electrolytes in the renal tubule and their regulatory factors, without administration of exogenous substance",,,,Non-standard
JVQP004,"Study of the transfers of electrolytes in the renal tubule and their regulatory factors, with administration of exogenous substance",,,,Non-standard
ZZQM005,Study of the vascularization of the parenchyma of an organ during an ultrasound,,,,Non-standard
LLQP002,Study of ventilatory muscles by measuring pressure in the mouth,,,,Non-standard
HCFA001,"Sub-mandibular gland excision [Submandibulectomy] [Submaxillectomy] enlarged in its compartment, by cervicofacial approach",,,,Non-standard
NFCC408,"Subchondral microperforations of the knee with placement of collagen membrane, by arthroscopy",,,,Non-standard
NFCA132,"Subchondral microperforations of the knee with placement of collagen membrane, by arthrotomy",,,,Non-standard
ECFA006,"Subclavian artery resection-anastomosis, by cervicotomy",,,,Non-standard
ECCA010,"Subclavian artery wound suture, by cervicotomy",,,,Non-standard
EECA006,"Subclaviofemoral or axillobifemoral arterial bypass, by direct approach",,,,Non-standard
EECA007,"Subclaviofemoral or axillofemoral arterial bypass, by direct approach",,,,Non-standard
AALA004,Subcutaneous implantation of a brain stimulation generator,,,,Non-standard
DELA007,Subcutaneous implantation of a cardiac defibrillation generator,,,,Non-standard
DELA004,"Subcutaneous implantation of a cardiac defibrillator with epicardial electrode placement, by direct approach",,,,Non-standard
DELF086,Subcutaneous implantation of a cardiac defibrillator with insertion of a subcutaneous lead,,,,Non-standard
DELA003,"Subcutaneous implantation of a cardiac pacemaker with insertion of a ventricular epicardial electrode for definitive stimulation, by direct approach",,,,Non-standard
DELA006,Subcutaneous implantation of a cardiac stimulation generator,,,,Non-standard
HFLC900,"Subcutaneous implantation of a gastric stimulator with insertion of a gastric parietal probe for morbid obesity, by laparoscopy",,,,Non-standard
DELA001,"Subcutaneous implantation of a pacemaker with insertion of atrial and ventricular epicardial electrodes for definitive stimulation, by direct approach",,,,Non-standard
DELF007,"Subcutaneous implantation of a permanent cardiac pacemaker, with insertion of a right intraatrial or intraventricular lead via the transcutaneous venous route",,,,Non-standard
DELF001,"Subcutaneous implantation of a permanent cardiac pacemaker, with insertion of a right intraatrial or intraventricular lead, and a lead in a left cardiac vein via the transcutaneous venous route",,,,Non-standard
DELF903,"Subcutaneous implantation of a permanent cardiac pacemaker, with placement of 2 intraatrial probes and a straight intraventricular probe via the transcutaneous venous route",,,,Non-standard
DELF012,"Subcutaneous implantation of a permanent cardiac pacemaker, with placement of a lead in a left cardiac vein via the transcutaneous venous route",,,,Non-standard
DELF015,"Subcutaneous implantation of a permanent cardiac pacemaker, with placement of a right intraatrial lead and intraventricular lead, and a lead in a left cardiac vein via the transcutaneous vein",,,,Non-standard
DELF901,"Subcutaneous implantation of a permanent pacemaker, with placement of a lead in the coronary sinus and a lead in a left cardiac vein via the transcutaneous venous route",,,,Non-standard
DELF905,"Subcutaneous implantation of a permanent pacemaker, with placement of a right intraatrial lead and intraventricular lead, a lead in the coronary sinus, and a lead in a left cardiac vein via the transcutaneous venous route",,,,Non-standard
DELF904,"Subcutaneous implantation of a permanent pacemaker, with placement of a right intraatrial or intraventricular lead, a lead in the coronary sinus and a lead in a left cardiac vein via the transcutaneous venous route",,,,Non-standard
DELF010,"Subcutaneous implantation of a permanent pacemaker, with placement of a single right intraatrial and intraventricular lead via the transcutaneous venous route",,,,Non-standard
DELF005,"Subcutaneous implantation of a permanent pacemaker, with placement of a straight intraatrial lead and intraventricular lead via the transcutaneous venous route",,,,Non-standard
DELF902,"Subcutaneous implantation of a permanent pacemaker, with placement of a straight intraatrial lead and intraventricular lead, and a lead into the coronary sinus via the transcutaneous venous route",,,,Non-standard
AELA002,Subcutaneous implantation of a spinal cord stimulation generator,,,,Non-standard
EZLA001,Subcutaneous implantation of a vascular access site for extracorporeal circulation,,,,Non-standard
DELF900,"Subcutaneous implantation of an automatic cardiac defibrillator with atrial defibrillation function, with insertion of a straight intraatrial lead and a straight intraventricular lead via the transcutaneous venous route",,,,Non-standard
DELF016,"Subcutaneous implantation of an automatic cardiac defibrillator without atrial defibrillation function, with insertion of a straight intraatrial lead and intraventricular lead via the transcutaneous venous route",,,,Non-standard
DELF013,"Subcutaneous implantation of an automatic cardiac defibrillator, with insertion of a right intraventricular lead via the transcutaneous venous route",,,,Non-standard
DELF014,"Subcutaneous implantation of an automatic cardiac defibrillator, with placement of a right intraatrial lead and intraventricular lead, and a lead in a left cardiac vein via the transcutaneous venous route",,,,Non-standard
DELF020,"Subcutaneous implantation of an automatic cardiac defibrillator, with placement of a right intraventricular lead and a lead in a left cardiac vein via the transcutaneous venous route",,,,Non-standard
FGLB002,"Subcutaneous injection of an allergenic extract at increasing concentration, until the maintenance dose for specific desensitization is obtained by semi-accelerated or accelerated method [semirush or rush]",,,,Non-standard
QEFA007,Subcutaneous mastectomy with removal of areolomipple plaque,,,,Non-standard
QZLA004,Subcutaneous pharmacological implant placement,,,,Non-standard
QZGA002,Subcutaneous pharmacological implant removal or change,,,,Non-standard
DEEA001,Subcutaneous repositioning of an implantable cardiac pacing or defibrillation generator,,,,Non-standard
QZEA044,"Subcutaneous subcutaneous graft of deepidermized skin for filling of cutaneous depression, by direct approach",,,,Non-standard
QZLB001,Subcutaneous subcutaneous injection of adipose tissue,,,,Non-standard
YYYY017,Subcutaneous subcutaneous sub-fascial injection of autologous adipose tissue in the face,,,,Non-standard
QZEA045,"Subcutaneous subcutaneous sub-fascial transplant of celluloadipose tissue for filling of cutaneous depression, by direct approach",,,,Non-standard
QZHA005,"Subcutaneous susfascial tissue biopsy, by direct approach",,,,Non-standard
AALA002,"Subdural electrode implantation for electrocorticographic recording, by craniotomy",,,,Non-standard
PDHA001,"Subfascial soft tissue biopsy, by direct approach",,,,Non-standard
HKLB002,Subfissural and / or intrasphincteric injection of the anus,,,,Non-standard
HCFA003,"Sublingual gland resection, by direct approach",,,,Non-standard
HCNM901,Submandibular gland lithotripsy,,,,Non-standard
HCFA011,"Submandibular gland resection [Submandibulectomy] [Submaxillectomy], by cervicofacial approach",,,,Non-standard
16.03.08,Substance loss coverage by autograft skin,,,,Non-standard
08.04.03.04,Subtotal hysterectomy,,,,Non-standard
JKFA012,"Subtotal hysterectomy with posterior suspension of the cervix [colposuspension] and indirect cervicocystopexy to the pectineal ligament [Cooper's], by laparotomy",,,,Non-standard
JKFA014,"Subtotal hysterectomy with posterior suspension of the cervix [colposuspension], by laparotomy",,,,Non-standard
JKFA001,"Subtotal hysterectomy with unilateral or bilateral adnexectomy and posterior suspension of the cervix [colposuspension], by laparotomy",,,,Non-standard
JKFC006,"Subtotal hysterectomy with unilateral or bilateral adnexectomy, by laparoscopy",,,,Non-standard
JKFA032,"Subtotal hysterectomy with unilateral or bilateral adnexectomy, by laparotomy",,,,Non-standard
JKFA029,"Subtotal hysterectomy with unilateral or bilateral adnexectomy, posterior suspension of the cervix [colposuspension] and indirect cervicocystopexy to the pectineal ligament [Cooper's], by laparotomy",,,,Non-standard
JKFC002,"Subtotal hysterectomy, by laparoscopy",,,,Non-standard
JKFA024,"Subtotal hysterectomy, by laparotomy",,,,Non-standard
JLFA003,"Subtotal or total colpectomy, by laparotomy",,,,Non-standard
JLFA004,"Subtotal or total colpectomy, by vaginal approach",,,,Non-standard
GAFA002,Subtotal or total excision [amputation] of the tip and / or wing of the nose,,,,Non-standard
DCFA001,"Subtotal pericardectomy, by thoracotomy",,,,Non-standard
HJFC001,"Subtotal rectocolic resection for congenital aganglionosis by laparoscopy, with restoration of continuity via the anal route",,,,Non-standard
HJFA016,"Subtotal rectocolic resection for congenital aganglionosis by laparotomy, with restoration of continuity by laparotomy or anal",,,,Non-standard
KCFA009,"Subtotal thyroidectomy, by cervicothoracotomy",,,,Non-standard
KCFA010,"Subtotal thyroidectomy, by cervicotomy",,,,Non-standard
HBFA003,Subtractive osteoplasty of the alveolar arch in an area of ??7 teeth or more,,,,Non-standard
HBFA005,Subtractive osteoplasty of the alveolar arch on a sector of 1 to 3 teeth,,,,Non-standard
HBFA004,Subtractive osteoplasty of the alveolar arch on a sector of 4 to 6 teeth,,,,Non-standard
QZJB002,"Superficial and / or deep collection evacuation of the skin and soft tissues, transcutaneously without guidance",,,,Non-standard
AHFA002,"Superficial cervical nerve tumor resection, by cervicotomy",,,,Non-standard
17.05.04,Superficial interstitial brachytherapy,,,,Non-standard
ZZNL006,"Superficial interstitial brachytherapy at low dose rate without a source projector, with two-dimensional dosimetry after acquisition of anatomical data by radiographic images of spatial identification",,,,Non-standard
ZZNL002,"Superficial interstitial brachytherapy with pulsed dose rate, with two-dimensional dosimetry after acquisition of anatomical data by radiographic images of spatial identification",,,,Non-standard
FCFA024,Superficial lymphangioma excision,,,,Non-standard
ZZHJ022,"Superficial organ biopsy on multiple targets, transcutaneously with ultrasound guidance",,,,Non-standard
ZZHJ016,"Superficial organ puncture or fine-needle aspiration on several targets, transcutaneously with ultrasound guidance",,,,Non-standard
EAFA003,"Superficial supratentorial cerebral arteriovenous malformation excision with a diameter less than or equal to 30 mm, by craniotomy",,,,Non-standard
EFSA001,"Superficial vein ligation of the limbs or neck, by direct approach",,,,Non-standard
EJMA901,"Superficial vein valvuloplasty of the lower limb, by direct approach",,,,Non-standard
EFCA002,"Superficial vein wound suture of the limbs or neck, by direct approach",,,,Non-standard
16.03.03.01,Superficial wound trimming and / or suturing of the skin and subcutaneous cellular tissue,,,,Non-standard
DGCA016,"Superior aortomesenteric antegrade bypass, by laparotomy",,,,Non-standard
LBFA011,"Superior maxillectomy, with reconstruction of the floor of the orbit by nasal septum flap",,,,Non-standard
FCFA002,Superior mediastinal lymphonodal [lymph node] dissection by cervicotomy,,,,Non-standard
GFFA033,"Superior pulmonary lobectomy with resection of rib, vertebra, subclavian vessel, cervical lymph node [lymph node] excision and brachial plexus release, by cervicothoracotomy",,,,Non-standard
04.04.02.02,Superior vena cava disobstruction,,,,Non-standard
QEFA014,Supernumerary nipple resection,,,,Non-standard
JQQP099,Supervision of the work by a practitioner different from the one performing the extraction,,,,Non-standard
YYYY285,Supplement for an emergency procedure between 12 a.m. and 8 a.m. (S) applied to delivery or labor monitoring procedures performed by the midwife,,,,Non-standard
YYYY755,Supplement for avulsion of 4 molars retained or in the germ state performed in an office under local anesthesia,,,,Non-standard
YYYY008,"Supplement for carrying out a radiological examination by a mountain doctor during the diagnostic and therapeutic management at the same time of an osteoarticular, musculotendinous or soft tissue lesion of traumatic origin",,,,Non-standard
YYYY058,Supplement for carrying out blood gas during level 1 respiratory functional exploration,,,,Non-standard
YYYY186,Supplement for carrying out blood gas during level 2 respiratory functional exploration,,,,Non-standard
YYYY232,Supplement for carrying out blood gas during level 3 respiratory functional exploration,,,,Non-standard
YYYY065,Supplement for catheterization and injection of radiological contrast agent into the lacrimal passages,,,,Non-standard
YYYY614,Supplement for dental surgery for a patient with ALD and treated with direct oral anticoagulants [DOA] or vitamin K [AVK],,,,Non-standard
YYYY600,Supplement for digital archiving of a mammogram or a CT or remnographic examination,,,,Non-standard
YYYY490,Supplement for electrocardiography performed at the patient's home,,,,Non-standard
YYYY740,Supplement for emergency procedures from 8 p.m. to 12 a.m. (P) applied to acts of childbirth or labor monitoring performed by the midwife,,,,Non-standard
YYYY603,Supplement for emergency procedures performed on a Sunday or on a public holiday (F) applied to childbirth or labor monitoring procedures performed by the midwife,,,,Non-standard
YYYY022,Supplement for extracorporeal circulation during a pulmonary surgery procedure,,,,Non-standard
YYYY079,Supplement for fitting 10 plywood or solid teeth to a removable prosthesis on a metal frame,,,,Non-standard
YYYY184,Supplement for fitting 11 plywood or solid teeth to a removable prosthesis on a metal frame,,,,Non-standard
YYYY284,Supplement for fitting 12 plywood or solid teeth to a removable prosthesis on a metal frame,,,,Non-standard
YYYY236,Supplement for fitting 13 plywood or solid teeth to a removable prosthesis on a metal frame,,,,Non-standard
YYYY353,Supplement for fitting 14 plywood or solid teeth to a removable prosthesis on a metal frame,,,,Non-standard
YYYY329,Supplement for fitting 2 plywood or solid teeth to a removable prosthesis on a metal frame,,,,Non-standard
YYYY258,Supplement for fitting 3 plywood or solid teeth to a removable prosthesis on a metal frame,,,,Non-standard
YYYY259,Supplement for fitting 4 plywood or solid teeth to a removable prosthesis on a metal frame,,,,Non-standard
YYYY440,Supplement for fitting 5 plywood or solid teeth to a removable prosthesis on a metal frame,,,,Non-standard
YYYY447,Supplement for fitting 6 plywood or solid teeth to a removable prosthesis on a metal frame,,,,Non-standard
YYYY142,Supplement for fitting 7 plywood or solid teeth to a removable prosthesis on a metal frame,,,,Non-standard
YYYY158,Supplement for fitting 8 plywood or solid teeth to a removable prosthesis on a metal frame,,,,Non-standard
YYYY476,Supplement for fitting 9 plywood or solid teeth to a removable prosthesis on a metal frame,,,,Non-standard
YYYY159,Supplement for fitting a plywood or solid tooth to a removable prosthesis on a metal frame,,,,Non-standard
YYYY595,Supplement for hemofiltration during SCC monitoring,,,,Non-standard
YYYY300,"Supplement for imaging for interventional radiology, performed in the operating room",,,,Non-standard
YYYY070,Supplement for injection of radiological contrast agent for intervertebral discography,,,,Non-standard
YYYY318,Supplement for injection of radiological contrast agent for multiple intervertebral discography,,,,Non-standard
YYYY425,Supplement for injection of radiological contrast agent for sialography,,,,Non-standard
YYYY073,"Supplement for injection of radiological contrast agent, into the lactiferous ducts",,,,Non-standard
YYYY019,Supplement for injection of radiological contrast medium for hip arthrography,,,,Non-standard
YYYY410,Supplement for injection of radiological contrast medium for retrograde urethrocystography,,,,Non-standard
YYYY420,Supplement for injection of X-ray contrast agent for arthrography,,,,Non-standard
YYYY041,Supplement for intraoperative blood recovery,,,,Non-standard
YYYY188,Supplement for intraoperative harvesting and placement of autograft bone away from the operative site,,,,Non-standard
YYYY066,"Supplement for intraoperative harvesting of saphenous vein autograft for femoropopliteal bypass, for femorotibial bypass or femoroperonial bypass",,,,Non-standard
YYYY405,Supplement for intraoperative injection of radiological contrast agent into the urinary excretory tract for taking X-rays,,,,Non-standard
YYYY400,Supplement for intraoperative injection of radiological contrast product into the bilio-pancreatic excretory tract for taking radiological images,,,,Non-standard
YYYY072,Supplement for intraoperative intracarotid injection of radiological contrast agent for arteriography,,,,Non-standard
YYYY013,Supplement for intraoperative sampling of saphenous vein autograft,,,,Non-standard
YYYY012,Supplement for intraoperative x-rays during orthopedic or trauma surgery,,,,Non-standard
YYYY057,Supplement for intrathecal injection of radiological contrast agent,,,,Non-standard
YYYY415,Supplement for intrauterine injection of radiological contrast agent or drug substance,,,,Non-standard
YYYY068,Supplement for intravascular injection of X-ray contrast medium during lower limb bypass surgery,,,,Non-standard
YYYY025,Supplement for measuring the residual volume of maximum ventilation during standard spirometry,,,,Non-standard
YYYY031,Supplement for mediastinal lymph node dissection during mediastinal surgery,,,,Non-standard
YYYY026,Supplement for mediastinal lymph node dissection during pneumonectomy or lobectomy,,,,Non-standard
YYYY069,Supplement for multiple delivery by cesarean section,,,,Non-standard
YYYY183,Supplement for oral procedures for the care of a patient with a severe disability,,,,Non-standard
YYYY185,Supplement for oral procedures performed in 2 or more sessions for the care of a patient with severe disability,,,,Non-standard
YYYY456,Supplement for performing an electroencephalography act at home or in an establishment without electroencephalographic equipment,,,,Non-standard
YYYY275,Supplement for placing 2 plywood teeth on a removable resin-based plate prosthesis,,,,Non-standard
YYYY246,Supplement for placing 3 plywood teeth on a removable prosthesis with resin base plate,,,,Non-standard
YYYY478,Supplement for placing 4 plywood teeth on a removable prosthesis with resin-based plate,,,,Non-standard
YYYY426,Supplement for placing 5 plywood teeth on a removable prosthesis with resin-based plate,,,,Non-standard
YYYY389,Supplement for placing 6 plywood teeth on a removable resin-based plate prosthesis,,,,Non-standard
YYYY176,Supplement for placing a plywood tooth on a removable prosthesis with a resin-based plate,,,,Non-standard
YYYY166,Supplement for quality ballistic checks in portal imaging radiotherapy,,,,Non-standard
YYYY151,Supplement for quality ballistic checks in radiotherapy by gamma radiography,,,,Non-standard
YYYY145,Supplement for radiological examination of the gallbladder and biliary and / or pancreatic tract during a diagnostic or therapeutic act,,,,Non-standard
YYYY128,Supplement for setting a multi-leaf collimator,,,,Non-standard
YYYY465,Supplement for specific examination prior to and after the act of fitting a mandibular propulsion device in the treatment of obstructive sleep apnea-hypopnea syndrome,,,,Non-standard
YYYY037,Supplement for suprapubic injection of radiological contrast agent for cystography,,,,Non-standard
YYYY094,Supplement for the use of a pulsed dye laser for destruction of plane angioma over 100 cm? to 200 cm?,,,,Non-standard
YYYY085,Supplement for the use of a pulsed dye laser for destruction of plane angioma over 30 cm? to 60 cm?,,,,Non-standard
YYYY112,Supplement for the use of a pulsed dye laser for destruction of plane angioma over 350 cm? to 500 cm?,,,,Non-standard
YYYY222,Supplement for the use of a pulsed dye laser for destruction of plane angioma over 500 cm? to 700 cm?,,,,Non-standard
YYYY077,Supplement for the use of a pulsed dye laser for destruction of plane angioma over 60 cm? to 100 cm?,,,,Non-standard
YYYY005,Supplement for the use of a pulsed dye laser for destruction of plane angioma over 700 cm? and more,,,,Non-standard
YYYY067,Supplement for the use of a pulsed dye laser for destruction of plane angioma over less than 30 cm?,,,,Non-standard
YYYY063,Supplement for use of a pulsed dye laser for destruction of plane angioma over 200 cm? to 350 cm?,,,,Non-standard
YYYY039,"Supplement for use of radiocinema, in 35 mm during a conventional radiology examination",,,,Non-standard
YYYY064,"Supplement for use of video tape recorder, during a conventional radiology examination",,,,Non-standard
YYYY109,Supplement for using custom and focused caches,,,,Non-standard
YYYY212,Supplement for voiding study during urethrocystography,,,,Non-standard
19.02,SUPPLEMENTS,,,,Non-standard
DFSA001,"Suppression of pulmonary systemic circulation, by thoracotomy",,,,Non-standard
EHHF002,"Supra-selective staged venous blood samples from a tributary vessel of the portal vein, via the transcutaneous transhepatic vein",,,,Non-standard
NEMA021,"Supraacetabular osteoplasty of the hip bone by stopper, or acetabuloplasty",,,,Non-standard
NEMA003,"Supraacetabular osteoplasty of the hip bone by stopper, with extraarticular osteotomy of the proximal end of the femur",,,,Non-standard
NEMA017,"Supraacetabular osteoplasty of the hip bone by stopper, with osteotomy of the greater trochanter",,,,Non-standard
NAPA004,Supraacetabular osteotomy of the hip bone by a section,,,,Non-standard
NAPA003,"Supraacetabular osteotomy of the hip bone by one section, with supraacetabular osteoplasty by stopper",,,,Non-standard
NAPA005,"Supraacetabular osteotomy of the hip bone by section, with capsuloplasty",,,,Non-standard
NAPA001,"Supraacetabular osteotomy of the hip bone by section, with osteotomy of the femur",,,,Non-standard
GDFA011,Supracricoid laryngectomy with crico-hyoido-epiglottopexy,,,,Non-standard
GDFA009,Supracricoid laryngectomy with cricohyoidopexy,,,,Non-standard
GDFA012,Supracricoid laryngopharyngectomy with cricohyoidopexy,,,,Non-standard
GDFA014,Supraglottic laryngectomy,,,,Non-standard
GDFA017,Supraglottic laryngopharyngectomy,,,,Non-standard
NCPA009,Supramalleolar osteotomy of the tibia,,,,Non-standard
NCPA006,"Supramalleolar osteotomy of the tibia or hindfoot, with lengthening and / or tendon transfer",,,,Non-standard
EDQH001,"Supraselective arteriography of extradigestive branch of the abdominal aorta or branch of the internal iliac artery, via the transcutaneous arterial route",,,,Non-standard
ECQH016,"Supraselective arteriography of intrathoracic artery to parietal and / or visceral destination, by transcutaneous arterial route",,,,Non-standard
EDQH007,"Supraselective arteriography of the digestive branch of the abdominal aorta, via the transcutaneous arterial route",,,,Non-standard
EEQH004,"Supraselective arteriography of the lower limb, via the transcutaneous arterial route",,,,Non-standard
ECQH014,"Supraselective arteriography of the spinal cord, via the transcutaneous arterial route",,,,Non-standard
ECQH002,"Supraselective arteriography of the upper limb, via the transcutaneous arterial route",,,,Non-standard
ECSF006,"Supraselective artery embolization for bronchial or pleuropulmonary destination, by transcutaneous arterial route",,,,Non-standard
EDSF004,"Supraselective embolization of a branch of the internal iliac artery or of an extradigestive branch of the abdominal aorta, by the transcutaneous arterial route",,,,Non-standard
EDSF006,"Supraselective embolization of a digestive artery, via the transcutaneous arterial route",,,,Non-standard
EESF006,"Supraselective embolization of an artery of the lower limb, via the transcutaneous arterial route",,,,Non-standard
ECSF002,"Supraselective embolization of an artery of the upper limb, via the transcutaneous arterial route",,,,Non-standard
EDSF015,"Supraselective embolization of several digestive arteries, via the transcutaneous arterial route",,,,Non-standard
EDSF008,"Supraselective embolization of the renal artery, via the transcutaneous arterial route",,,,Non-standard
EGSF001,"Supraselective embolization of the testicular or ovarian vein, via the transcutaneous venous route",,,,Non-standard
EDLF016,"Supraselective hepatic in situ intraarterial injection of a nonradio-isotopic anticancer pharmacological agent with particle embolization, by the transcutaneous arterial route",,,,Non-standard
EDLF015,"Supraselective hepatic in situ intraarterial injection of nonradio-isotopic anticancer pharmacological agent without particle embolization, by the transcutaneous arterial route",,,,Non-standard
EENF001,"Supraselective in situ fibrinolysis of an artery or arterial bypass of the lower limb, via the transcutaneous arterial route",,,,Non-standard
ECNF001,"Supraselective in situ fibrinolysis of an artery or arterial bypass of the upper limb, via the transcutaneous arterial route",,,,Non-standard
EBNF002,"Supraselective in situ fibrinolysis of an extracranial artery to cervicocephalic destination, by the transcutaneous arterial route",,,,Non-standard
EDNF001,"Supraselective in situ fibrinolysis of the renal artery, via the transcutaneous arterial route",,,,Non-standard
EELF004,"Supraselective intraarterial in situ injection of an anticancer pharmacological agent into the lower limb, by the transcutaneous arterial route",,,,Non-standard
ECLF006,"Supraselective intraarterial in situ injection of an anticancer pharmacological agent into the upper limb, by the transcutaneous arterial route",,,,Non-standard
EDAF010,"Supraselective intraluminal dilation of the renal artery with stent grafting, via the transcutaneous arterial route",,,,Non-standard
EDAF009,"Supraselective intraluminal dilation of the renal artery without stent grafting, by the transcutaneous arterial route",,,,Non-standard
EDSF009,"Supraselective obliteration of a saccular aneurysm of a digestive artery, via the transcutaneous arterial route",,,,Non-standard
EDSF010,"Supraselective obliteration of a saccular aneurysm of the internal iliac artery or of an extradigestive branch of the abdominal aorta, via the transcutaneous arterial route",,,,Non-standard
EDSF013,"Supraselective obliteration of a saccular aneurysm of the renal artery, via the transcutaneous arterial route",,,,Non-standard
EDSF001,"Supraselective obliteration of several saccular digestive artery aneurysms, via the transcutaneous arterial route",,,,Non-standard
EDLF018,"Supraselective renal in situ intraarterial injection of anticancer pharmacological agent with particle embolization, by the transcutaneous arterial route",,,,Non-standard
EDLF021,"Supraselective renal in situ intraarterial injection of anticancer pharmacological agent without particle embolization, via the transcutaneous arterial route",,,,Non-standard
ADPC002,"Supraselective vagotomy, by laparoscopy",,,,Non-standard
ADPA019,"Supraselective vagotomy, by laparotomy",,,,Non-standard
EASA001,"Supratentorial intracranial vessel ligation, by craniotomy",,,,Non-standard
JDFA015,"Supratrigonal cystectomy with detubulated enlargement enterocystoplasty and ureterovesical reimplantation, by laparotomy",,,,Non-standard
JDFA004,"Supratrigonal cystectomy with enlargement detubulated enterocystoplasty, by laparotomy",,,,Non-standard
AHQP005,"Surface electrode electromyography of the diaphragm, without phrenic nerve stimulation test",,,,Non-standard
AHQP002,"Surface electrode electromyography, with video recording",,,,Non-standard
AHQP001,"Surface electrode electromyography, without video recording",,,,Non-standard
19.01.03,Surgery,,,,Non-standard
19.02.03,Surgery - Obstetrics,,,,Non-standard
ADC,Surgery acts,,,,Non-standard
BEMA008,Surgical correction of a fistula or aqueous humor drainage,,,,Non-standard
JHEA011,Surgical derotation of the penis,,,,Non-standard
07.01.12,Surgical exploration of the digestive system,,,,Non-standard
03.01.04,Surgical exploration of the ear,,,,Non-standard
05.01.07,Surgical exploration of the immune and hematopoietic systems,,,,Non-standard
06.01.10,Surgical exploration of the respiratory system,,,,Non-standard
08.01.08,Surgical exploration of the urinary and genital tract,,,,Non-standard
JHEA003,Surgical reduction of paraphimosis,,,,Non-standard
JMPA003,Surgical release of adhesions from the vulva,,,,Non-standard
11.02.03.03,Surgical treatment of fractures of the middle level of the face,,,,Non-standard
JLDC015,"Suspension of the dome of the vagina [Promontofixation of the vaginal dome], by laparoscopy",,,,Non-standard
JLDA001,"Suspension of the dome of the vagina [Promontofixation of the vaginal dome], by laparotomy",,,,Non-standard
JLDA002,"Suspension of the dome of the vagina [Promontofixation of the vaginal dome], by vaginal approach",,,,Non-standard
JLDA003,"Suspension of the dome of the vagina [Promontofixation of the vaginal dome], with direct cervicocystopexy by infraurethral band, by laparotomy",,,,Non-standard
JLDA004,"Suspension of the dome of the vagina [Promontofixation of the vaginal dome], with indirect cervicocystopexy to the pectineal ligament [Cooper's], by laparotomy",,,,Non-standard
BADA004,"Suspension of the upper eyelid to the frontal muscle, without autograft",,,,Non-standard
MGCC001,"Suture and / or reinsertion of the wrist joint ligament, by arthroscopy",,,,Non-standard
MGCA001,"Suture and / or reinsertion of the wrist joint ligament, by arthrotomy",,,,Non-standard
15.03.02,"Suture and plasty of muscle and tendon, without topographic precision",,,,Non-standard
13.04.01.01,Suture and reinsert muscle and tendon to shoulder girdle and arm,,,,Non-standard
14.04.02.01,Suture and reinsertion of muscle and tendon in the knee,,,,Non-standard
14.04.03.01,Suture and reinsertion of muscle and tendon in the leg and foot,,,,Non-standard
02.05.01.01,Suture and reinsertion of oculomotor muscle,,,,Non-standard
BACA007,"Suture multiple unilateral or bilateral eyelid skin wounds, without involvement of the free edge",,,,Non-standard
LLCA001,"Suture of a diaphragm cupola for congenital hernia, by laparotomy",,,,Non-standard
LLCA002,"Suture of a diaphragm cupola for congenital hernia, by thoracotomy",,,,Non-standard
DGCA006,"Suture of a ruptured isthmus of the aorta, by thoracotomy with CEC",,,,Non-standard
DGCA002,"Suture of a ruptured isthmus of the aorta, by thoracotomy without CEC",,,,Non-standard
BACA005,"Suture of a skin wound of an eyelid, with involvement of the free edge",,,,Non-standard
BACA002,"Suture of a skin wound of an eyelid, without involvement of the free edge",,,,Non-standard
NJCA001,"Suture of a tendon of the hindfoot, by direct approach",,,,Non-standard
LLCC001,"Suture of a wound or recent rupture of a diaphragm cupola, by thoracoscopy",,,,Non-standard
LLCA003,"Suture of a wound or recent rupture of a diaphragm cupola, by thoracotomy",,,,Non-standard
LLCC003,"Suture of a wound or recent rupture of the diaphragm cupola, by laparoscopy",,,,Non-standard
ECCA004,"Suture of an artery wound in the upper limb, by direct approach",,,,Non-standard
AHCA016,"Suture of deep nerve wound of the upper limb upstream of the wrist, by direct approach",,,,Non-standard
EJCA001,"Suture of deep vein wound of the leg and / or thigh, by direct approach",,,,Non-standard
EFCA001,"Suture of deep vein wound of the upper limb or neck, by direct approach",,,,Non-standard
EDCA001,"Suture of digestive artery wound, by laparotomy",,,,Non-standard
01.05.06.02,Suture of lumbosacral plexus and lower limb nerve,,,,Non-standard
BACA001,"Suture of multiple unilateral or bilateral eyelid skin wounds with involvement of the free border, tarsus and / or levator muscle of the upper eyelid, with repositioning of the eyelid ligament",,,,Non-standard
BACA006,"Suture of multiple unilateral or bilateral eyelid skin wounds with involvement of the free border, tarsus and / or levator muscle of the upper eyelid, without repositioning of the eyelid ligament",,,,Non-standard
JHCA006,"Suture of ruptured testis, by scrotal approach",,,,Non-standard
MJCA010,"Suture of tendon wounds of the flexor muscles of the fingers, 2 nerves and one or two palmar digital arteries, on a spoke of the hand",,,,Non-standard
JNCA002,"Suture of the body of the uterus [Hysterorrhaphy] for obstetric rupture, by laparotomy",,,,Non-standard
02.04.06.01,Suture of the eye bulb [eyeball],,,,Non-standard
08.03.02.04,Suture of the testis and its appendages,,,,Non-standard
ECCA005,"Suture of wound of an artery, on a ray of the hand",,,,Non-standard
JACA001,"Suture of wound or fracture of the kidney limited to the parenchyma, by direct approach",,,,Non-standard
HJCC001,"Suture of wound or intraperitoneal perforation of the rectum, by laparoscopy",,,,Non-standard
HJCA001,"Suture of wound or intraperitoneal perforation of the rectum, by laparotomy",,,,Non-standard
HHCC001,"Suture of wound or perforation of the colon, by laparoscopy",,,,Non-standard
HHCA001,"Suture of wound or perforation of the colon, by laparotomy",,,,Non-standard
HECA001,"Suture of wound or perforation of the esophagus, by cervicotomy",,,,Non-standard
HECA004,"Suture of wound or perforation of the esophagus, by laparotomy",,,,Non-standard
HECC001,"Suture of wound or perforation of the esophagus, by thoracoscopy",,,,Non-standard
HECA002,"Suture of wound or perforation of the esophagus, by thoracotomy",,,,Non-standard
HGCA002,"Suture of wound or perforation of the small intestine, by laparotomi",,,,Non-standard
HFCC001,"Suture of wound or perforation of the stomach or duodenum, by laparoscopy",,,,Non-standard
HFCA003,"Suture of wound or perforation of the stomach or duodenum, by laparotomy",,,,Non-standard
LLCA005,"Suture of wound or recent rupture of the diaphragm cupola, by laparotomy",,,,Non-standard
GECA001,"Suture of wound or rupture of bronchus, by thoracotomy",,,,Non-standard
GECA002,"Suture of wound or rupture of the trachea, by cervicothoracotomy or thoracotomy",,,,Non-standard
GECA003,"Suture of wound or rupture of the trachea, by cervicotomy",,,,Non-standard
JCCA003,"Suture of wound or rupture of the ureter, by direct approach",,,,Non-standard
JCCC003,"Suture of wound or rupture of the ureter, by laparoscopy or by retroperitoneoscopy",,,,Non-standard
JDCC016,"Suture of wound or ruptured bladder, by laparoscopy",,,,Non-standard
JDCA003,"Suture of wound or ruptured bladder, by laparotomy",,,,Non-standard
PCCA002,Suture of wound or ruptured tendon,,,,Non-standard
ECCA001,"Suture of wounds of 2 arteries, on a ray of the hand",,,,Non-standard
AHCA002,"Suture of wounds of 2 palmar digital nerves and a palmar digital artery, on a spoke of the hand",,,,Non-standard
AHCA013,"Suture of wounds of 2 palmar digital nerves, on a ray of the hand",,,,Non-standard
MJCA005,"Suture of wounds of a tendon of a flexor muscle of the fingers and 2 palmar digital nerves, on a spoke of the hand",,,,Non-standard
MJCA008,"Suture of wounds of the 2 tendons of the flexor muscles of the fingers and of a digital palmar nerve, on a ray of the hand",,,,Non-standard
MJCA007,"Suture of wounds of the 2 tendons of the flexor muscles of the fingers and the 2 palmar digital nerves, on a ray of the hand",,,,Non-standard
MJCA002,"Suture of wounds of the 2 tendons of the flexor muscles of the fingers on a radius of the hand, by direct approach",,,,Non-standard
MHCA003,Suture or plasty of the capsuloligamentous apparatus of a metacarpophalangeal joint,,,,Non-standard
MHCA001,Suture or plasty of the capsuloligamentous apparatus of several metacarpophalangeal joints,,,,Non-standard
MHCA002,"Suture or plasty of the capsuloligamentous apparatus of the metacarpophalangeal joint of the thumb, by direct approach",,,,Non-standard
MFCA001,"Suture or plasty of the collateral capsuloligamentous apparatus of the elbow joint, by direct approach",,,,Non-standard
NGCA001,"Suture or reconstruction of the capsuloligamentous apparatus of the tibiotalar joint and / or the talocalcaneal joint, by direct approach",,,,Non-standard
NFCA004,"Suture or reinsertion of the anterior cruciate ligament and periarticular capsuloligamentous component of the knee, by arthrotomy",,,,Non-standard
NFCC002,"Suture or reinsertion of the anterior cruciate ligament of the knee, by arthroscopy",,,,Non-standard
NFCA001,"Suture or reinsertion of the anterior cruciate ligament of the knee, by arthrotomy",,,,Non-standard
NFCA003,"Suture or reinsertion of the cruciate ligaments and periarticular capsuloligamentous component of the knee, by arthrotomy",,,,Non-standard
NFCA002,"Suture or reinsertion of the knee joint capsule, by direct approach",,,,Non-standard
NFCA005,"Suture or reinsertion of the posterior cruciate ligament and periarticular capsuloligamentous component of the knee, by arthrotomy",,,,Non-standard
NFCC001,"Suture or reinsertion of the posterior cruciate ligament of the knee, by arthroscopy",,,,Non-standard
NFCA006,"Suture or reinsertion of the posterior cruciate ligament of the knee, by arthrotomy",,,,Non-standard
ADCA006,"Suture wound of a cranial nerve, by craniotomy",,,,Non-standard
MJCA001,"Suture wound of a tendon of a flexor muscle of the fingers on a radius of the hand, by direct approach",,,,Non-standard
DGCA001,"Suture wound of abdominal aorta, common iliac artery and / or external iliac artery, by laparotomy",,,,Non-standard
HKCA004,"Suture wound of the anus, without repair of the external sphincter muscle of the anus",,,,Non-standard
EGCA002,"Suture wound of the trunk or visceral branches of the iliac vein and / or the infrahepatic inferior vena cava, by laparotomy",,,,Non-standard
01.05.03.02,"Suture, autograft and neurotization of the brachial plexus",,,,Non-standard
AHCA014,"Suture, graft and / or neurotization of the lumbosacral plexus, by direct approach",,,,Non-standard
AHCA022,"Suture, non-pedicled autograft and / or neurotization of the brachial plexus, by infraclavicular approach",,,,Non-standard
AHCA001,"Suture, non-pedicled autograft and / or neurotization of the brachial plexus, by supraclavicular approach",,,,Non-standard
AHCA020,"Suture, non-pedicled autograft and / or neurotization of the brachial plexus, by supraclavicular approach and by infraclavicular approach",,,,Non-standard
BDCA002,Suturing multiple unilateral or bilateral corneal wounds,,,,Non-standard
BDCA003,Suturing of a linear non-transfixing corneal wound,,,,Non-standard
BDCA004,Suturing of a linear penetrating corneal wound,,,,Non-standard
BDCA001,Suturing of a nonlinear corneal wound,,,,Non-standard
AHCA006,"Suturing of median and ulnar nerve wounds at the wrist, by direct approach",,,,Non-standard
AHCA017,"Suturing of median nerve and ulnar nerve wounds at the wrist with suturing of radial artery and ulnar artery wounds, by direct approach",,,,Non-standard
AHCA008,"Suturing of median nerve and ulnar nerve wounds at wrist with suture of radial artery or ulnar artery wound, by direct approach",,,,Non-standard
MJCA003,"Suturing of tendon wounds of the flexor muscles of the fingers, palmar digital nerve and artery, on a spoke of the hand",,,,Non-standard
HKMA003,Suturing of the external sphincter muscle of the anus [Direct anal sphincterorrhaphy] for anal incontinence,,,,Non-standard
HKMA002,"Suturing of the external sphincter muscle of the anus [Direct anal sphincterorrhaphy] for anal incontinence, with myorrhaphy of the levator ani muscles",,,,Non-standard
07.03.02.03,Suturing of the stomach and duodenum,,,,Non-standard
AHCA015,"Suturing of wounds of a digital palmar nerve and a palmar digital artery, on a spoke of the hand",,,,Non-standard
MJCA006,"Suturing wounds of a tendon of a flexor digitorum muscle and a digital palmar nerve, on a spoke of the hand",,,,Non-standard
HQRP001,"Swallowing rehabilitation session, with instrumental control",,,,Non-standard
BCPA002,"Symblepharon release, with conjunctiva or mucous membrane autograft",,,,Non-standard
BCPA004,"Symblepharon release, without autograft",,,,Non-standard
LAEA006,"Symmetrical or asymmetrical frontoorbital advancement with frontal reshaping, by craniotomy",,,,Non-standard
LAEA002,"Symmetrical or asymmetrical frontoorbital advancement without frontal remodeling, by craniotomy",,,,Non-standard
01.06.04,Sympathectomy,,,,Non-standard
AJFA002,"Sympathectomy of the metacarpal and digital arteries, by direct approach",,,,Non-standard
MHFA001,"Synovectomy of a metacarpophalangeal or interphalangeal joint of a finger, by direct approach",,,,Non-standard
MHFA003,"Synovectomy of several metacarpophalangeal and / or interphalangeal finger joints, by direct approach",,,,Non-standard
14.03.02.11,Synovectomy of the coxofemoral joint,,,,Non-standard
14.03.05.05,Synovectomy of the foot joints,,,,Non-standard
14.03.03.10,Synovectomy of the knee joint,,,,Non-standard
NFFC001,"Synovectomy of the knee, by anterior arthroscopy and by posterior arthroscopy",,,,Non-standard
NFFA006,"Synovectomy of the knee, by anterior arthrotomy and by posterior arthrotomy with change of patient position",,,,Non-standard
NFFA002,"Synovectomy of the knee, by anterior arthrotomy and by posterior arthrotomy without changing the patient's position",,,,Non-standard
13.03.02.11,Synovectomy of the scapulohumeral joint,,,,Non-standard
MGFA007,"Synovial cyst excision of the wrist, by direct approach",,,,Non-standard
MGFA004,"Synovial cyst excision with tenosynovectomy of the wrist extensors, by direct approach",,,,Non-standard
DFCA003,"Systemicopulmonary arterial anastomosis with prosthesis, by thoracotomy without CEC",,,,Non-standard
DFCA009,"Systemicopulmonary arterial anastomosis without prosthesis, by thoracotomy without CEC",,,,Non-standard
LDEP001,Table top cervical spine lengthening session,,,,Non-standard
NDFA003,Talectomy with creation of tibiopedious nearthrosis,,,,Non-standard
NDFA001,Talectomy with tibiotarsal arthrodesis,,,,Non-standard
NHDA011,"Talocalcaneal arthrodesis [subtalar], by arthrotomy",,,,Non-standard
EHBD001,Tamponade of esogastric varices by balloon catheter,,,,Non-standard
QZFA010,Tangential resection of 1 to 20 molluscum contagiosum,,,,Non-standard
QZFA028,Tangential resection of 1 to 5 skin lesions,,,,Non-standard
QZFA015,Tangential resection of 21 or more molluscum contagiosum,,,,Non-standard
QZFA021,Tangential resection of 6 or more skin lesions,,,,Non-standard
14.02.05.01,Tarsal fracture osteosynthesis,,,,Non-standard
14.02.05.02,Tarsal osteotomy,,,,Non-standard
02.02.08,Tarsorrhaphy and blepharorrhaphy,,,,Non-standard
BBSP001,"Tear point closure, by cauterization or with laser",,,,Non-standard
BBLA001,Tear pump installation,,,,Non-standard
BBHA002,Tear sac biopsy,,,,Non-standard
BBLD003,Tearing of the tear ducts,,,,Non-standard
16,TEGUMENTARY SYSTEM - MAMMARY GLAND,,,,Non-standard
NZQK004,Telemetry of the lower limbs by CT scan,,,,Non-standard
LHQK004,Teleradiography of the entire spine according to 1 incidence,,,,Non-standard
LHQK002,Teleradiography of the entire spine according to 2 views,,,,Non-standard
LHQK003,Teleradiography of the entire spine according to 2 views with additional segmental view,,,,Non-standard
LAQK012,Teleradiography of the skull and facial mass according to 1 incidence,,,,Non-standard
LAQK001,Teleradiography of the skull and facial mass according to 2 views,,,,Non-standard
LAQK008,Teleradiography of the skull and facial mass according to 3 views,,,,Non-standard
BAEA003,Temporal muscle transfer for eyelid resuscitation,,,,Non-standard
MHDB001,"Temporary arthritis of a metacarpophalangeal or interphalangeal joint of a finger by wire, transcutaneously",,,,Non-standard
DERF004,"Temporary electrical stimulation of the atrium and / or ventricle to interrupt ventricular tachycardia, transcutaneously vascular",,,,Non-standard
DERD001,"Temporary electrical stimulation of the atrium through the esophagus, to interrupt supraventricular tachycardia",,,,Non-standard
DERF003,"Temporary electrical stimulation of the atrium to interrupt supraventricular tachycardia, via the transcutaneous venous route",,,,Non-standard
BGBA002,Temporary intraocular tamponade by intraoperative use of perfluorocarbon,,,,Non-standard
DHSF001,"Temporary partial obliteration of the inferior vena cava, via the transcutaneous venous route",,,,Non-standard
LBMA003,"Temporomandibular disc reconstruction, by arthrotomy",,,,Non-standard
LBFA013,"Temporomandibular discectomy, by arthrotomy",,,,Non-standard
LBDA001,"Temporomandibular discopexy, by arthrotomy",,,,Non-standard
LBLB002,"Temporomandibular periarticular infiltration, transcutaneously",,,,Non-standard
15.03.05,"Tendon and fascia section, unspecified topographic",,,,Non-standard
13.04.01.02,Tendon disinsertion in the shoulder girdle and arm,,,,Non-standard
13.04.02.02,Tendon lengthening in the forearm and hand,,,,Non-standard
14.04.03.02,Tendon lengthening in the leg and foot,,,,Non-standard
PCMA001,"Tendon lengthening or shortening plasty by doubling or turning over, by direct approach",,,,Non-standard
PCPA006,"Tendon reflection pulley enlargement section or plasty, by direct approach",,,,Non-standard
13.04.02.03,Tendon release [Tenolysis] and tenosynovectomy in the forearm and hand,,,,Non-standard
14.04.02.03,"Tendon release [Tenolysis], tenosynovectomy and tendon combing in the knee",,,,Non-standard
14.04.03.03,"Tendon release [Tenolysis], tenosynovectomy and tendon combing in the leg and foot",,,,Non-standard
13.04.02.01,Tendon repair in wrist and hand,,,,Non-standard
14.04.01.02,Tendon section [Tenotomy] at the hip and thigh,,,,Non-standard
14.04.03.05,Tendon section [Tenotomy] in the leg and foot,,,,Non-standard
NJPB001,"Tendon section for correction of defective hip posture, transcutaneously",,,,Non-standard
NJEA009,Tendon transfer and / or tenodesis for re-establishment of dorsiflexion of the ankle,,,,Non-standard
NJEA011,Tendon transfer and / or tenodesis for re-establishment of plantar flexion of the ankle,,,,Non-standard
NJEA006,Tendon transfer and / or tenodesis to reestablish eversion or inversion of the foot,,,,Non-standard
MJEA009,Tendon transfer and / or tenodesis to restore thumb closure,,,,Non-standard
NJEA008,Tendon transfer for restoration of extension of the first toe,,,,Non-standard
NJEA010,Tendon transfer to restore intrinsic function of the first toe and / or lateral toes,,,,Non-standard
MZMA004,"Tendon wound suture with median nerve wound suture, anterior side of the wrist",,,,Non-standard
MJDC001,"Tenodesis and / or resection of the articular portion of the long biceps brachii muscle, by arthroscopy",,,,Non-standard
MJDA001,"Tenodesis and / or resection of the articular portion of the long biceps brachii muscle, by direct approach",,,,Non-standard
PCDA001,"Tenodesis, by direct approach",,,,Non-standard
NJFA005,Tenosynovectomy of multiple hindfoot tendons,,,,Non-standard
MJFA013,"Tenosynovectomy of the extensor muscles at the wrist with joint synovectomy of the wrist and arthrodesis or arthroplasty of 3 or more fingers, by direct approach",,,,Non-standard
MJFA016,"Tenosynovectomy of the extensor muscles at the wrist with joint synovectomy of the wrist and arthrodesis or arthroplasty of one or two fingers, by direct approach",,,,Non-standard
MJFA002,"Tenosynovectomy of the extensor muscles at the wrist with joint synovectomy of the wrist, distal radio-ulnar arthrodesis and osteotomy of the ulna, by direct approach",,,,Non-standard
MJFA007,"Tenosynovectomy of the extensor muscles at the wrist with joint synovectomy of the wrist, resection of the distal end of the ulna and tendon transfer, by direct approach",,,,Non-standard
MJFA014,"Tenosynovectomy of the extensor muscles in the wrist with joint synovectomy of the wrist, by direct approach",,,,Non-standard
MJFA004,"Tenosynovectomy of the extensor muscles in the wrist, by direct approach",,,,Non-standard
MJFA018,"Tenosynovectomy of the flexor muscles in the wrist or palm of the hand, by direct approach",,,,Non-standard
MJFA015,"Tenosynovectomy of the flexor muscles of the fingers on a radius of the hand, by direct approach",,,,Non-standard
MJFA012,"Tenosynovectomy of the flexor muscles of the fingers on several rays of the hand, by direct approach",,,,Non-standard
LCPA002,"Tenotomy of the sternocleidomastoid muscle, for congenital torticollis",,,,Non-standard
PCPA005,"Tenotomy, by direct approach",,,,Non-standard
PCPB002,"Tenotomy, transcutaneously",,,,Non-standard
FGRB006,Test for introduction or reintroduction of an allergen by injection at a fixed concentration,,,,Non-standard
FGRB007,Test for the introduction or reintroduction of an allergen by injection at increasing concentration,,,,Non-standard
ALQP002,Test to assess the intellectual efficiency of the child,,,,Non-standard
08.03.02.01,Testicular resection,,,,Non-standard
05.03.02,Therapeutic acts concerning hematopoiesis,,,,Non-standard
04.06,THERAPEUTIC ACTS FOR CONGENITAL MALFORMATION OF THE HEART AND SUPRACARDIAC VESSELS,,,,Non-standard
13.04.03.01,Therapeutic acts for hand infection,,,,Non-standard
09.03.04.02,Therapeutic acts for postpartum hemorrhage,,,,Non-standard
09.04,THERAPEUTIC ACTS IN THE FETUS,,,,Non-standard
09.05,THERAPEUTIC ACTS IN THE NEWBORN AT BIRTH,,,,Non-standard
05.02.03,Therapeutic acts of allergology,,,,Non-standard
15.02,"THERAPEUTIC ACTS ON BONES AND JOINTS, WITHOUT TOPOGRAPHICAL PRECISION",,,,Non-standard
16.05,THERAPEUTIC ACTS ON BURNS OF THE SKIN AND SOFT TISSUE,,,,Non-standard
01.05,THERAPEUTIC ACTS ON CRANIAL NERVES AND SPINAL NERVES,,,,Non-standard
10.02.06,Therapeutic acts on ectopic intraabdominal endocrine tumors,,,,Non-standard
10.02,THERAPEUTIC ACTS ON ENDOCRINE GLANDS,,,,Non-standard
04.02.02,Therapeutic acts on heart valves,,,,Non-standard
04.04.07,Therapeutic acts on hemorrhoidal veins,,,,Non-standard
04.05.02,Therapeutic acts on intracranial vessels,,,,Non-standard
06.03,"THERAPEUTIC ACTS ON LUNG, PLREAS AND MEDIA",,,,Non-standard
05.02.02,Therapeutic acts on lymphatic vessels and nodes [ganglia],,,,Non-standard
16.06.10,Therapeutic acts on nipple areola plaque,,,,Non-standard
01.05.01.06,Therapeutic acts on other cranial nerves,,,,Non-standard
05.02.01.02,Therapeutic acts on palatal tonsils [pharyngeal tonsils],,,,Non-standard
16.04,THERAPEUTIC ACTS ON PHANERIA,,,,Non-standard
05.02.01.01,Therapeutic acts on pharyngeal tonsils [adenoids],,,,Non-standard
15.03,"THERAPEUTIC ACTS ON SOFT TISSUES, WITHOUT TOPOGRAPHIC PRECISION",,,,Non-standard
04.03.11,Therapeutic acts on the abdominal aorta and the common iliac arteries and external ilacus,,,,Non-standard
12.04.03,Therapeutic acts on the abdominal wall,,,,Non-standard
01.05.05.03,Therapeutic acts on the abdominopelvic nerves,,,,Non-standard
10.02.05,Therapeutic acts on the adrenal glands,,,,Non-standard
14.03.04,Therapeutic acts on the ankle joint,,,,Non-standard
07.03.08,Therapeutic acts on the anus,,,,Non-standard
08.04.01,Therapeutic acts on the appendages of the uterus,,,,Non-standard
04.03,THERAPEUTIC ACTS ON THE ARTERIES,,,,Non-standard
04.03.15,Therapeutic acts on the arteries of the lower limb,,,,Non-standard
04.03.09,Therapeutic acts on the arteries of the upper limb,,,,Non-standard
13.03,THERAPEUTIC ACTS ON THE ARTICULATIONS OF THE UPPER LIMB,,,,Non-standard
01.06,THERAPEUTIC ACTS ON THE AUTONOMOUS NERVOUS SYSTEM,,,,Non-standard
08.02.03,Therapeutic acts on the bladder,,,,Non-standard
05.03.02.02,Therapeutic acts on the blood,,,,Non-standard
05.03.02.01,Therapeutic acts on the bone marrow,,,,Non-standard
13.02.04,Therapeutic acts on the bones of the forearm,,,,Non-standard
14.02.06,Therapeutic acts on the bones of the forefoot,,,,Non-standard
13.02.06,Therapeutic acts on the bones of the hand,,,,Non-standard
14.02.04,Therapeutic acts on the bones of the leg,,,,Non-standard
14.02,THERAPEUTIC ACTS ON THE BONES OF THE LOWER LIMB,,,,Non-standard
13.02,THERAPEUTIC ACTS ON THE BONES OF THE UPPER LIMB,,,,Non-standard
01.05.03,Therapeutic acts on the brachial plexus,,,,Non-standard
04.03.03,Therapeutic acts on the brachiocephalic arterial trunk,,,,Non-standard
01.02.01,Therapeutic acts on the brain,,,,Non-standard
16.06,THERAPEUTIC ACTS ON THE BREAST,,,,Non-standard
02.04.01,Therapeutic acts on the bulbar conjunctiva [ocular],,,,Non-standard
14.03.04.12,Therapeutic acts on the capsuloligamentous apparatus of the ankle joint,,,,Non-standard
13.03.03.12,Therapeutic acts on the capsuloligamentous apparatus of the elbow joint,,,,Non-standard
14.03.05.06,Therapeutic acts on the capsuloligamentous apparatus of the joints of the foot,,,,Non-standard
14.03.03.11,Therapeutic acts on the capsuloligamentous apparatus of the knee joint,,,,Non-standard
13.03.02.12,Therapeutic acts on the capsuloligamentous apparatus of the scapulohumeral joint,,,,Non-standard
13.03.04.11,Therapeutic acts on the capsuloligamentous apparatus of the wrist joint,,,,Non-standard
13.03.05.09,Therapeutic acts on the capsuloligamentous joint apparatus of the hand,,,,Non-standard
04.03.05,Therapeutic acts on the carotid bifurcation,,,,Non-standard
13.02.05,Therapeutic acts on the carpal bones,,,,Non-standard
01.03,THERAPEUTIC ACTS ON THE CENTRAL SPINAL NERVOUS SYSTEM [RACHIDIAN],,,,Non-standard
01.02.02,Therapeutic acts on the cerebellum and brainstem,,,,Non-standard
04.04.01,Therapeutic acts on the cervicocephalic veins and the veins of the upper limb,,,,Non-standard
13.02.02,Therapeutic acts on the clavicle,,,,Non-standard
07.03.06,Therapeutic acts on the colon,,,,Non-standard
04.03.04,Therapeutic acts on the common carotid artery,,,,Non-standard
02.05.02,Therapeutic acts on the contents of the orbit,,,,Non-standard
02.04.02,Therapeutic acts on the cornea,,,,Non-standard
04.02.04,Therapeutic acts on the coronary vessels,,,,Non-standard
14.03.02,Therapeutic acts on the coxofemoral joint,,,,Non-standard
01.05.01,Therapeutic acts on the cranial nerves,,,,Non-standard
12.04.02,Therapeutic acts on the diaphragm,,,,Non-standard
04.03.12,Therapeutic acts on the digestive arteries,,,,Non-standard
07.03,THERAPEUTIC ACTS ON THE DIGESTIVE TUBE,,,,Non-standard
13.04.03.06,Therapeutic acts on the digital fibrous sheaths,,,,Non-standard
11.03.05,Therapeutic acts on the disc of the temporomandibular joint,,,,Non-standard
03.03.01,Therapeutic acts on the eardrum,,,,Non-standard
13.03.03,Therapeutic acts on the elbow joint,,,,Non-standard
07.03.01,Therapeutic acts on the esophagus,,,,Non-standard
06.02.03.02,Therapeutic acts on the ethmoidal sinus,,,,Non-standard
04.02.03,Therapeutic acts on the excitation conduction system of the heart,,,,Non-standard
03.02,THERAPEUTIC ACTS ON THE EXTERNAL EAR,,,,Non-standard
04.03.06,Therapeutic acts on the extracranial internal carotid and external carotid arteries,,,,Non-standard
02.04.06,Therapeutic acts on the eye bulb [eyeball],,,,Non-standard
02.04,THERAPEUTIC ACTS ON THE EYE BULB [GLOBE],,,,Non-standard
02.02,THERAPEUTIC ACTS ON THE EYEBROWS AND EYELIDS,,,,Non-standard
01.05.01.03,Therapeutic acts on the facial nerve [VII],,,,Non-standard
08.04,THERAPEUTIC ACTS ON THE FEMALE GENITAL SYSTEM,,,,Non-standard
14.02.02,Therapeutic acts on the femur,,,,Non-standard
13.04.02,Therapeutic acts on the forearm and hand,,,,Non-standard
06.02.03.04,Therapeutic acts on the frontal sinus,,,,Non-standard
04.04.05,Therapeutic acts on the genital vein,,,,Non-standard
04.05.06,Therapeutic acts on the genital vessels,,,,Non-standard
13.03.02.13,Therapeutic acts on the glenoid scapulohumeral rim,,,,Non-standard
16.04.01,Therapeutic acts on the hairs,,,,Non-standard
04.02,THERAPEUTIC ACTS ON THE HEART AND ITS VESSELS,,,,Non-standard
05.03,THERAPEUTIC ACTS ON THE HEMATOPOIETIC SYSTEM,,,,Non-standard
14.04.01,Therapeutic acts on the hip and thigh,,,,Non-standard
14.02.01,Therapeutic acts on the hip bone,,,,Non-standard
13.02.03,Therapeutic acts on the humerus,,,,Non-standard
05.02,THERAPEUTIC ACTS ON THE IMMUNE SYSTEM,,,,Non-standard
04.04.04,Therapeutic acts on the inferior vena cava,,,,Non-standard
03.04,THERAPEUTIC ACTS ON THE INNER EAR,,,,Non-standard
04.03.14,Therapeutic acts on the internal iliac artery [hypogastric] and the extradigestive branches of the abdominal aorta,,,,Non-standard
12.02.02,Therapeutic acts on the intervertebral discs,,,,Non-standard
04.03.08,Therapeutic acts on the intracranial arteries,,,,Non-standard
01.02,THERAPEUTIC ACTS ON THE INTRACRANIAL CENTRAL NERVOUS SYSTEM,,,,Non-standard
02.04.03,"Therapeutic acts on the iris, the ciliary body and the anterior chamber of the eye",,,,Non-standard
14.03.05,Therapeutic acts on the joints of the foot,,,,Non-standard
13.03.05,Therapeutic acts on the joints of the hand,,,,Non-standard
14.03.01,Therapeutic acts on the joints of the pelvic girdle [pelvis],,,,Non-standard
13.03.01,Therapeutic acts on the joints of the shoulder girdle,,,,Non-standard
08.02.01,Therapeutic acts on the kidney,,,,Non-standard
14.04.02,Therapeutic acts on the knee,,,,Non-standard
14.03.03,Therapeutic acts on the knee joint,,,,Non-standard
03.04.01,Therapeutic acts on the labyrinth and the vestibule,,,,Non-standard
02.03,THERAPEUTIC ACTS ON THE LACRYMAL SYSTEM,,,,Non-standard
06.02.05,Therapeutic acts on the larynx,,,,Non-standard
14.04.03,"Therapeutic acts on the leg, ankle and foot",,,,Non-standard
02.04.04,Therapeutic acts on the lens,,,,Non-standard
14.02.03,Therapeutic acts on the limpet [patella],,,,Non-standard
07.02.01,Therapeutic acts on the lips,,,,Non-standard
07.04,THERAPEUTIC ACTS ON THE LIVER AND BILIARY TRACT,,,,Non-standard
14.03,THERAPEUTIC ACTS ON THE LOWER LIMB JOINTS,,,,Non-standard
01.05.06,Therapeutic acts on the lumbosacral plexus and nerves of the lower limb,,,,Non-standard
05.02.02.04,Therapeutic acts on the lymph vessels and nodes [ganglia] of the abdomen,,,,Non-standard
05.02.02.02,Therapeutic acts on the lymph vessels and nodes [ganglia] of the head and neck,,,,Non-standard
05.02.02.05,Therapeutic acts on the lymph vessels and nodes [ganglia] of the limbs,,,,Non-standard
05.02.02.03,Therapeutic acts on the lymph vessels and nodes [ganglia] of the thorax,,,,Non-standard
08.05,THERAPEUTIC ACTS ON THE MALE AND FEMALE PERINEUM,,,,Non-standard
08.03,THERAPEUTIC ACTS ON THE MALE GENITAL SYSTEM,,,,Non-standard
11.02.04,Therapeutic acts on the mandible,,,,Non-standard
06.02.03.01,Therapeutic acts on the maxillary sinus,,,,Non-standard
06.03.12,Therapeutic acts on the mediastinum,,,,Non-standard
01.02.04,"Therapeutic acts on the meninges, the ventricles and the intracranial cerebrospinal fluid [CSL]",,,,Non-standard
01.03.02,"Therapeutic acts on the meninges, the ventricles and the spinal cerebrospinal fluid [CSL]",,,,Non-standard
03.03,THERAPEUTIC ACTS ON THE MIDDLE EAR,,,,Non-standard
07.02,THERAPEUTIC ACTS ON THE MOUTH AND OROPHARYNX,,,,Non-standard
11.04,THERAPEUTIC ACTS ON THE MUSCLES OF THE HEAD,,,,Non-standard
12.04.01,Therapeutic acts on the muscles of the neck,,,,Non-standard
14.04,"THERAPEUTIC ACTS ON THE MUSCLES, TENDONS AND SOFT TISSUES OF THE LOWER LIMB",,,,Non-standard
13.04,"THERAPEUTIC ACTS ON THE MUSCLES, TENDONS AND SOFT TISSUES OF THE UPPER LIMB",,,,Non-standard
16.04.02,Therapeutic acts on the nails,,,,Non-standard
06.02.02,Therapeutic acts on the nasal cavity [the nasal cavities],,,,Non-standard
06.02.04,Therapeutic acts on the nasopharynx and the infratemporal fossa,,,,Non-standard
12.04,THERAPEUTIC ACTS ON THE NECK AND TRUNK MUSCLES,,,,Non-standard
01.05.02,Therapeutic acts on the nerves of the neck,,,,Non-standard
01.05.05,Therapeutic acts on the nerves of the trunk,,,,Non-standard
01.05.05.01,Therapeutic acts on the nerves of the trunk wall,,,,Non-standard
01.05.04,Therapeutic acts on the nerves of the upper limb,,,,Non-standard
16.06.09,Therapeutic acts on the nipple,,,,Non-standard
06.02.01,Therapeutic acts on the nose,,,,Non-standard
02.05.01,Therapeutic acts on the oculomotor muscles,,,,Non-standard
01.05.01.01,Therapeutic acts on the optic nerve [II],,,,Non-standard
07.02.06,Therapeutic acts on the oral cavity [oral cavity],,,,Non-standard
02.05,THERAPEUTIC ACTS ON THE ORBIT AND ACCESSORY ORGANS OF THE EYE,,,,Non-standard
05.02.01,Therapeutic acts on the organs of immunity,,,,Non-standard
03.03.02.04,Therapeutic acts on the ossicles of the middle ear,,,,Non-standard
07.05,THERAPEUTIC ACTS ON THE PANCREAS,,,,Non-standard
08.04.02,Therapeutic acts on the parameter,,,,Non-standard
06.02.03,Therapeutic acts on the paranasal sinuses,,,,Non-standard
10.02.04,Therapeutic acts on the parathyroid glands,,,,Non-standard
04.06.01,Therapeutic acts on the partitions of the heart for congenital malformation,,,,Non-standard
04.06.01.01,"Therapeutic acts on the partitions of the heart, at the atrial level",,,,Non-standard
04.06.01.03,"Therapeutic acts on the partitions of the heart, at the atrioventricular stage",,,,Non-standard
04.06.01.02,"Therapeutic acts on the partitions of the heart, at the ventricular stage",,,,Non-standard
08.06.02,Therapeutic acts on the pelvic space,,,,Non-standard
08.03.03,Therapeutic acts on the penis,,,,Non-standard
04.02.05,Therapeutic acts on the pericardium,,,,Non-standard
07.02.05,Therapeutic acts on the periodontium,,,,Non-standard
07.02.05.03,Therapeutic acts on the periodontium by addition,,,,Non-standard
07.02.05.02,Therapeutic acts on the periodontium by subtraction,,,,Non-standard
07.06,THERAPEUTIC ACTS ON THE PERITOINE AND ABDOMINAL CAVITY,,,,Non-standard
07.02.08,Therapeutic acts on the pharynx,,,,Non-standard
01.05.05.02,Therapeutic acts on the phrenic nerve,,,,Non-standard
10.02.02,Therapeutic acts on the pineal body [the epiphysis],,,,Non-standard
10.02.01,Therapeutic acts on the pituitary gland,,,,Non-standard
04.04.08,Therapeutic acts on the portal vein and digestive veins,,,,Non-standard
08.03.01,Therapeutic acts on the prostate and seminal vesicles,,,,Non-standard
04.03.02,Therapeutic acts on the pulmonary artery,,,,Non-standard
04.05.04,Therapeutic acts on the pulmonary vessels,,,,Non-standard
07.03.07,Therapeutic acts on the rectum,,,,Non-standard
04.03.13,Therapeutic acts on the renal artery,,,,Non-standard
04.04.06,Therapeutic acts on the renal vein,,,,Non-standard
06.02,THERAPEUTIC ACTS ON THE RESPIRATORY TRACT,,,,Non-standard
02.04.05,"Therapeutic acts on the retina, choroid, vitreous body, sclera [sclera] and the posterior segment of the eye",,,,Non-standard
08.06,THERAPEUTIC ACTS ON THE RETROPERITONEAL AND PELVIC AREAS,,,,Non-standard
08.06.01,Therapeutic acts on the retroperitoneal space,,,,Non-standard
07.02.07,Therapeutic acts on the salivary glands,,,,Non-standard
13.02.01,Therapeutic acts on the scapula [scapula],,,,Non-standard
13.03.02,Therapeutic acts on the scapulohumeral joint,,,,Non-standard
02.04.05.08,Therapeutic acts on the sclera,,,,Non-standard
08.03.02,Therapeutic acts on the scrotum and scrotal contents,,,,Non-standard
13.04.01,Therapeutic acts on the shoulder girdle and the arm,,,,Non-standard
11.02.02,Therapeutic acts on the skeleton of the base of the skull and the upper level of the face,,,,Non-standard
11.02.03,Therapeutic acts on the skeleton of the middle level of the face,,,,Non-standard
11.02,THERAPEUTIC ACTS ON THE SKELETON OF THE SKULL AND FACE,,,,Non-standard
16.03,THERAPEUTIC ACTS ON THE SKIN AND SOFT TISSUES,,,,Non-standard
07.03.04,Therapeutic acts on the small intestine,,,,Non-standard
06.02.03.03,Therapeutic acts on the sphenoid sinus,,,,Non-standard
01.03.01,Therapeutic acts on the spinal cord and the intraspinal portion of the spinal [spinal] nerves,,,,Non-standard
05.03.01,Therapeutic acts on the spleen,,,,Non-standard
07.03.02,Therapeutic acts on the stomach and duodenum,,,,Non-standard
07.03.02.09,Therapeutic acts on the stomach for morbid obesity,,,,Non-standard
04.04.02,Therapeutic acts on the superior vena cava,,,,Non-standard
16.04.03,Therapeutic acts on the sweat and sebaceous glands,,,,Non-standard
14.02.05,Therapeutic acts on the tarsal bones,,,,Non-standard
07.02.02,Therapeutic acts on the teeth,,,,Non-standard
11.03,THERAPEUTIC ACTS ON THE TEMPOROMANDIBULAR JOINT,,,,Non-standard
04.03.01,Therapeutic acts on the thoracic aorta,,,,Non-standard
05.02.02.01,Therapeutic acts on the thoracic duct [canal],,,,Non-standard
12.03,THERAPEUTIC ACTS ON THE THORACIC WALL,,,,Non-standard
05.02.01.03,Therapeutic acts on the thymus,,,,Non-standard
10.02.03,Therapeutic acts on the thyroid gland,,,,Non-standard
06.02.06,Therapeutic acts on the trachea and bronchial tree,,,,Non-standard
01.05.01.02,Therapeutic acts on the trigeminal nerve [V] and its branches,,,,Non-standard
03.03.02,Therapeutic acts on the tympanic cavum and the cavities of the middle ear,,,,Non-standard
08.02.02,Therapeutic acts on the upper urinary tract,,,,Non-standard
08.02.04,Therapeutic acts on the urethra,,,,Non-standard
08.02,THERAPEUTIC ACTS ON THE URINARY SYSTEM,,,,Non-standard
08.04.03,Therapeutic acts on the uterus,,,,Non-standard
08.04.04,Therapeutic acts on the vagina,,,,Non-standard
01.05.01.05,Therapeutic acts on the vagus nerve [X],,,,Non-standard
11.02.01,Therapeutic acts on the vault of the skull [calvaria],,,,Non-standard
04.04.03,Therapeutic acts on the veins of the lower limb,,,,Non-standard
07.03.05,Therapeutic acts on the vermiform appendix [appendix],,,,Non-standard
12.02.01,Therapeutic acts on the vertebrae,,,,Non-standard
04.03.07,Therapeutic acts on the vertebral and basilar arteries,,,,Non-standard
12.02,THERAPEUTIC ACTS ON THE VERTEBRAL COLUMN,,,,Non-standard
04.05.07,Therapeutic acts on the vessels of the lower limbs,,,,Non-standard
04.05.01,Therapeutic acts on the vessels of the neck and the extracranial vessels of the head,,,,Non-standard
04.05.05,Therapeutic acts on the vessels of the spine and its contents,,,,Non-standard
04.05.03,Therapeutic acts on the vessels of the upper limb,,,,Non-standard
01.05.01.04,Therapeutic acts on the vestibulocochlear nerve [VIII],,,,Non-standard
08.04.05,Therapeutic acts on the vulva and the female perineum,,,,Non-standard
04.02.01,"Therapeutic acts on the walls, cavities and partitions of the heart",,,,Non-standard
13.03.04,Therapeutic acts on the wrist joints,,,,Non-standard
04.04,THERAPEUTIC ACTS ON VEINS,,,,Non-standard
17.03,"THERAPEUTIC ACTS, WITHOUT TOPOGRAPHICAL PRECISION",,,,Non-standard
FEJF003,Therapeutic bleeding,,,,Non-standard
FEJF008,"Therapeutic bleeding with transfusion of concentrated red blood cells, in newborns",,,,Non-standard
FEJF006,"Therapeutic bleeding, with transfusion of red blood cell concentrate",,,,Non-standard
GLBP001,"Therapeutic compression with inhalation of a mixture of oxygenated or pure oxygen at an initial pressure equal to or greater than 280 kilopascals [kPa], lasting 3 to 7 hours",,,,Non-standard
GLBP002,"Therapeutic compression with inhalation of a mixture of superoxygenated or pure oxygen at an initial pressure equal to or greater than 280 kilopascals [kPa], lasting 1 to 3 hours",,,,Non-standard
GLBP003,"Therapeutic compression with inhalation of a mixture of superoxygenated or pure oxygen at an initial pressure equal to or greater than 280 kilopascals [kPa], lasting 7 hours or more",,,,Non-standard
LJLH002,"Therapeutic costovertebral joint infiltration, transcutaneously with CT guidance",,,,Non-standard
LJLH001,"Therapeutic costovertebral joint infiltration, transcutaneously with radiological guidance",,,,Non-standard
JDPA002,"Therapeutic cystotomy, by laparotomy",,,,Non-standard
AHLH006,"Therapeutic deep nerve infiltration of a limb, with radiological guidance",,,,Non-standard
AHLB012,"Therapeutic deep nerve infiltration of a limb, without guidance",,,,Non-standard
AHLH004,"Therapeutic deep pelvic nerve infiltration, with CT guidance",,,,Non-standard
AHLH010,"Therapeutic deep pelvic nerve infiltration, with radiological guidance",,,,Non-standard
FEPF005,Therapeutic erythrapheresis session with infusion [intentional normovolemic hemodilution],,,,Non-standard
FEPF003,Therapeutic erythrapheresis session with transfusion of red blood cells [erythrocyte exchange],,,,Non-standard
01.05.03.01,Therapeutic infiltration and anesthetic block of the brachial plexus,,,,Non-standard
01.05.06.01,Therapeutic infiltration and anesthetic block of the lumbosacral plexus,,,,Non-standard
01.05.02.01,Therapeutic infiltration and destruction of the neck nerve by the transcutaneous route,,,,Non-standard
12.02.01.02,Therapeutic infiltration and posterior joint destruction of the spine,,,,Non-standard
AHLH015,"Therapeutic infiltration of a deep nerve in an osteofibrous duct, with CT guidance",,,,Non-standard
AHLB004,"Therapeutic infiltration of a deep nerve in an osteofibrous duct, without guidance",,,,Non-standard
ADLB001,Therapeutic infiltration of terminal branch of the trigeminal nerve,,,,Non-standard
01.06.01,Therapeutic infiltration of the autonomic nervous system,,,,Non-standard
AHLB016,Therapeutic infiltration of the brachial plexus,,,,Non-standard
AJLH017,"Therapeutic infiltration of the celiac plexus and / or the splanchnic chain, with CT guidance",,,,Non-standard
AJLB001,"Therapeutic infiltration of the cervicothoracic [stellate] ganglion, without guidance",,,,Non-standard
AJLH020,"Therapeutic infiltration of the cervicothoracic ganglion [stellate], with radiological guidance",,,,Non-standard
AHLH017,"Therapeutic infiltration of the dorsal branch of the spinal nerve, with CT guidance",,,,Non-standard
AHLH018,"Therapeutic infiltration of the dorsal branch of the spinal nerve, with radiological guidance",,,,Non-standard
AJLH008,"Therapeutic infiltration of the hypogastric or sacral plexus, with CT guidance",,,,Non-standard
AJLH003,"Therapeutic infiltration of the hypogastric or sacral plexus, with radiological guidance",,,,Non-standard
AJLH009,"Therapeutic infiltration of the lumbar sympathetic chain, with CT guidance",,,,Non-standard
AJLH016,"Therapeutic infiltration of the lumbar sympathetic chain, with radiological guidance",,,,Non-standard
AHLH003,"Therapeutic infiltration of the lumbosacral plexus, with CT guidance",,,,Non-standard
AHLH002,"Therapeutic infiltration of the lumbosacral plexus, with radiological guidance",,,,Non-standard
AHLB006,Therapeutic infiltration of the median nerve into the carpal tunnel,,,,Non-standard
LHLB002,"Therapeutic infiltration of the perivertebral ligaments, by the transcutaneous route",,,,Non-standard
AJLH019,"Therapeutic infiltration of the pterygopalatine lymph node, with radiological guidance",,,,Non-standard
AHLB002,"Therapeutic infiltration of the superficial nerve of a limb, with electrical stimulodetection",,,,Non-standard
NZLH001,"Therapeutic injection of pharmacological agent into a joint or a bursa of the lower limb, by the transcutaneous route with CT guidance",,,,Non-standard
NZLH002,"Therapeutic injection of pharmacological agent into a joint or bursa of the lower limb, by the transcutaneous route with radiological guidance",,,,Non-standard
NZLB001,"Therapeutic injection of pharmacological agent into a joint or bursa of the lower limb, by the transcutaneous route without guidance",,,,Non-standard
MZLH001,"Therapeutic injection of pharmacological agent into a joint or bursa of the upper limb, by the transcutaneous route with CT guidance",,,,Non-standard
MZLH002,"Therapeutic injection of pharmacological agent into a joint or bursa of the upper limb, by the transcutaneous route with radiological guidance",,,,Non-standard
MZLB001,"Therapeutic injection of pharmacological agent into a joint or bursa of the upper limb, by the transcutaneous route without guidance",,,,Non-standard
JHLB001,"Therapeutic injection of vasoactive pharmacological agent into the cavernous bodies of the penis, by the transcutaneous route",,,,Non-standard
02.03.01,Therapeutic instrumental maneuvers on the tear ducts,,,,Non-standard
FCFA028,"Therapeutic lymph node [lymph node] excision, by cervicotomy",,,,Non-standard
01.05.07.04,Therapeutic nerve infiltration of the limbs,,,,Non-standard
AHLB010,"Therapeutic nerve infiltration of the trunk wall, with stimulodetection",,,,Non-standard
AHLB015,"Therapeutic nerve infiltration of the trunk wall, without stimulodetection",,,,Non-standard
01.05.04.01,Therapeutic nerve infiltration of the upper limb,,,,Non-standard
LHLH002,"Therapeutic posterior vertebral joint infiltration, transcutaneously with CT guidance",,,,Non-standard
LHLH003,"Therapeutic posterior vertebral joint infiltration, transcutaneously with radiological guidance",,,,Non-standard
LHLB001,"Therapeutic posterior vertebral joint infiltration, transcutaneously without guidance",,,,Non-standard
01.05.07.01,Therapeutic spinal nerve infiltration at its spinal emergence,,,,Non-standard
AHLH007,"Therapeutic spinal nerve infiltration at spinal emergence, with CT guidance",,,,Non-standard
AHLH014,"Therapeutic spinal nerve infiltration at spinal emergence, with radiological guidance",,,,Non-standard
AHLB011,"Therapeutic spinal nerve infiltration at spinal emergence, without guidance",,,,Non-standard
AHLB014,"Therapeutic superficial nerve infiltration of a limb, without electrical stimulodetection",,,,Non-standard
FEPF002,Therapeutic thrombocytapheresis session,,,,Non-standard
AJLJ002,"Therapeutic transgastric infiltration of splanchnic nerves, with endoscopic ultrasound guidance",,,,Non-standard
16.03.06.02,Thermal or chemical destruction of superficial skin lesions,,,,Non-standard
LHNH001,"Thermocoagulation of facet articular vertebrae, transcutaneously with radiological guidance",,,,Non-standard
AJNH009,"Thermocoagulation of the cervicothoracic ganglion [stellate], by the transcutaneous route with radiological guidance",,,,Non-standard
LABA002,Thinning of the covering tissue of an implant site,,,,Non-standard
04.03.01.04,Thoracic aortic bypass,,,,Non-standard
04.03.01.03,Thoracic aortic clearance,,,,Non-standard
04.03.01.05,Thoracic aortic enlargement angioplasty,,,,Non-standard
04.03.01.07,Thoracic aortic replacement,,,,Non-standard
04.03.01.06,Thoracic aortic resection-anastomosis,,,,Non-standard
04.03.01.01,Thoracic aortic wound suture,,,,Non-standard
12.03.06,Thoracoplasty,,,,Non-standard
LJMA001,Thoracoplasty of 6 or more ribs,,,,Non-standard
07.03.01.11,Thoracotomy esophagectomy,,,,Non-standard
ZBQA001,"Thorax exploration with lung biopsy, by thoracotomy",,,,Non-standard
NKQP003,Three-dimensional analysis of walking on a force platform,,,,Non-standard
LAQK007,Three-dimensional craniofacial cephalometric analysis,,,,Non-standard
ZZQP004,Three-dimensional reproduction of images acquired by CT scan,,,,Non-standard
ZZQN002,Three-dimensional reproduction of images acquired by remnography [MRI],,,,Non-standard
DGFA012,"Thrombectomy of a bypass or thromboendarterectomy of the abdominal aorta or its branches, by inguinofemoral approach",,,,Non-standard
EBFA004,"Thrombectomy of a bypass or thromboendarterectomy of the supraortic trunks, by thoracotomy",,,,Non-standard
EBFA013,"Thrombectomy of an artery bypass or thromboendarterectomy for cervicocephalic destination, by cervicotomy",,,,Non-standard
ECFA002,"Thrombectomy of an artery of the upper limb, by direct approach",,,,Non-standard
DGFA005,"Thrombectomy of bypass or thromboendarterectomy of the abdominal aorta or its branches, by laparotomy",,,,Non-standard
DGFA004,"Thrombectomy of the abdominal aorta, common iliac artery and / or external iliac artery, by bilateral inguinofemoral approach",,,,Non-standard
DGFA010,"Thrombectomy of the abdominal aorta, common iliac artery and / or external iliac artery, by laparotomy",,,,Non-standard
EBFA005,"Thrombectomy of the common carotid artery, by cervicotomy",,,,Non-standard
DHFA003,"Thrombectomy of the iliac veins and / or the inferior vena cava, by laparotomy",,,,Non-standard
EHFA001,"Thrombectomy of the portal vein and / or one of its main tributaries, by laparotomy",,,,Non-standard
EDFA008,"Thrombectomy of the renal artery, by laparotomy or by lumbotomy",,,,Non-standard
ENFF001,"Thrombectomy or mechanical embolectomy of a non-anatomical arterial bypass of the limbs, via the transcutaneous arterial route",,,,Non-standard
EZJF001,"Thromboaspiration of an arteriovenous vascular access of a limb with intraluminal dilation and stenting, by the transcutaneous vascular route",,,,Non-standard
EZJF002,"Thromboaspiration of an arteriovenous vascular access of a limb with intraluminal dilation without stenting, by the transcutaneous vascular route",,,,Non-standard
EGJF001,"Thromboaspiration of the renal vein, via the transcutaneous venous route",,,,Non-standard
EFJF001,"Thromboaspiration of the subclavian vein and / or the brachiocephalic vein, by the transcutaneous venous route",,,,Non-standard
EDFA004,"Thromboendarterectomy of renal arteries by aortotomy, by laparotomy",,,,Non-standard
DGFA001,"Thromboendarterectomy of the abdominal aortic trunk, by laparotomy",,,,Non-standard
ECFA001,"Thromboendarterectomy of the brachiocephalic arterial trunk, by thoracotomy",,,,Non-standard
04.03.05.02,Thromboendarterectomy of the carotid bifurcation,,,,Non-standard
EBFA015,"Thromboendarterectomy of the carotid bifurcation by reversal, by cervicotomy with vascular bypass",,,,Non-standard
EBFA008,"Thromboendarterectomy of the carotid bifurcation by reversal, by cervicotomy without vascular bypass",,,,Non-standard
EBFA002,"Thromboendarterectomy of the carotid bifurcation with enlargement angioplasty, by cervicotomy with vascular bypass",,,,Non-standard
EBFA016,"Thromboendarterectomy of the carotid bifurcation with enlargement angioplasty, by cervicotomy without vascular bypass",,,,Non-standard
EBFA006,"Thromboendarterectomy of the carotid bifurcation without enlargement angioplasty, by cervicotomy with vascular bypass",,,,Non-standard
EBFA012,"Thromboendarterectomy of the carotid bifurcation without enlargement angioplasty, by cervicotomy without vascular bypass",,,,Non-standard
EBFA003,"Thromboendarterectomy of the common carotid artery, by cervicotomy",,,,Non-standard
EBFA010,"Thromboendarterectomy of the common carotid artery, by cervicotomy and thoracotomy",,,,Non-standard
EBFA009,"Thromboendarterectomy of the external carotid artery, by cervicotomy",,,,Non-standard
EEFA001,"Thromboendarterectomy of the femoral artery and / or its branches, by direct approach",,,,Non-standard
DGFA002,"Thromboendarterectomy of the horizontal thoracic aorta and supraaortic trunks, by thoracotomy with CEC",,,,Non-standard
EEFA003,"Thromboendarterectomy of the popliteal artery, by direct approach",,,,Non-standard
EBFA017,"Thromboendarterectomy of the proximal vertebral artery, by cervicotomy",,,,Non-standard
EDFA001,"Thromboendarterectomy of the renal artery by renal arteriotomy, by laparotomy or by lumbotomy",,,,Non-standard
ECFA004,"Thromboendarterectomy of the subclavian artery, by cervicotomy",,,,Non-standard
ECFA003,"Thromboendarterectomy of the subclavian artery, by thoracotomy",,,,Non-standard
EDFA005,"Thromboendarterectomy of the superior mesenteric artery and / or the celiac trunk or its branches, by thoraco-phreno-laparotomy",,,,Non-standard
DFFA003,"Thromboendarterectomy of the trunk and / or branches of the pulmonary artery, by thoracotomy with CEC",,,,Non-standard
DGFA011,"Thromboendarterectomy of the trunk and visceral branch of the juxtadiaphragmatic aorta, by thoraco-phreno-laparotomy without CEC",,,,Non-standard
EEJF001,"Thrombosuction of artery or arterial bypass of the lower limb, via the transcutaneous arterial route",,,,Non-standard
ECJF001,"Thrombosuction of artery or arterial bypass of the upper limb, via the transcutaneous arterial route",,,,Non-standard
EDJF002,"Thrombosuction of digestive artery, via the transcutaneous arterial route",,,,Non-standard
EGJF002,"Thrombosuction of the external iliac vein and / or the common iliac vein, via the transcutaneous venous route",,,,Non-standard
EDJF001,"Thrombosuction of the renal artery, via the transcutaneous arterial route",,,,Non-standard
10.02.03.02,Thyroid gland excision,,,,Non-standard
KCQL003,Thyroid Gland Scintigraphy,,,,Non-standard
KCQL001,Thyroid gland scintigraphy with radioisotopic measurement of thyroid uptake of iodine,,,,Non-standard
GEFA010,"Thyrotracheal resection-anastomosis, by cervicotomy",,,,Non-standard
NGDA003,"Tibio-talo-calcaneal and mediotarsal arthrodesis, by arthrotomy",,,,Non-standard
NGDA001,"Tibio-talo-calcaneal arthrodesis, by arthrotomy",,,,Non-standard
NGDC001,"Tibiotal arthrodesis, by arthroscopy",,,,Non-standard
NGDA002,"Tibiotal arthrodesis, by arthrotomy",,,,Non-standard
NGDA004,"Tibiotal or talocalcaneal arthritis, by direct approach",,,,Non-standard
14.03.04.05,Tibiotalar joint cleaning [Debridement],,,,Non-standard
EQRP008,Tilt test with study of variations in intra-arterial pressure and heart rate,,,,Non-standard
CDRP001,Tinnitus electrostimulation,,,,Non-standard
HBMD018,"Tissue preparation [conditioning] session of the mucous support surfaces of a dental prosthesis, on an arch",,,,Non-standard
02.04.07,Tissue removal from the eye bulb,,,,Non-standard
DAQL900,"Tomoscintigraphy of the cardiac chambers after stress test or pharmacological test, with synchronization to the electrocardiogram",,,,Non-standard
CDQP012,Tonal and vocal audiometry,,,,Non-standard
CDQP002,Tonal and vocal audiometry with tympanometry,,,,Non-standard
CDQP015,Tonal audiometry with tympanometry,,,,Non-standard
CDQP010,Tonal or vocal audiometry,,,,Non-standard
HAJA009,Tongue wound trimming and / or suturing,,,,Non-standard
FAFA014,Tonsillectomy by dissection,,,,Non-standard
FAFA015,"Tonsillectomy by dissection, with adenoidectomy",,,,Non-standard
FAFA010,"Tonsillectomy by dissection, with adenoidectomy and bilateral transtympanic aerator placement",,,,Non-standard
FAFA005,"Tonsillectomy by dissection, with adenoidectomy and unilateral installation of a tympanostomy tube",,,,Non-standard
FAFA006,"Tonsillectomy by dissection, with adenoidectomy and unilateral or bilateral myringotomy",,,,Non-standard
HBFD010,Tooth pulp wound trimming with direct capping,,,,Non-standard
07.02.02.03,Tooth reimplantation and autograft germ,,,,Non-standard
HBLD009,Topical application for dentin hypersensitivity,,,,Non-standard
BDQP001,Topographic and quantitative keratoesthesiometry [quantitative keratesthesia],,,,Non-standard
FEQL003,"Topographic search for digestive blood loss, by radioisotopic method",,,,Non-standard
BDQP002,Topographic video-photo-keratography,,,,Non-standard
KEFA001,"Total adrenalectomy for pheochromocytoma, by direct approach",,,,Non-standard
KEFC001,"Total adrenalectomy for pheochromocytoma, by laparoscopy or by retroperitoneoscopy",,,,Non-standard
JHFA011,Total amputation of the penis,,,,Non-standard
ZZNL047,Total body irradiation session [ICT],,,,Non-standard
QZRP003,"Total body phototherapy session, using ultraviolet A [UVA] or ultraviolet B [UVB] rays",,,,Non-standard
DFCA004,"Total cavopulmonary or atriopulmonary anastomosis, by thoracotomy with SCC",,,,Non-standard
HHFA004,"Total colectomy with preservation of the rectum, with ileorectal anastomosis, by laparoscopy or by laparotomy with preparation by laparoscopy",,,,Non-standard
HHFA022,"Total colectomy with preservation of the rectum, with ileorectal anastomosis, by laparotomy",,,,Non-standard
HHFA005,"Total colectomy with preservation of the rectum, without restoration of continuity, by laparoscopy or by laparotomy with preparation by laparoscopy",,,,Non-standard
HHFA021,"Total colectomy with preservation of the rectum, without restoration of continuity, by laparotomi",,,,Non-standard
HHQE002,Total colonoscopy with crossing of the ileocolic opening,,,,Non-standard
HHQE005,"Total colonoscopy with visualization of the cecal basement, without crossing the ileocolic opening",,,,Non-standard
HHFA028,"Total coloproctectomy with ileoanal anastomosis, by laparoscopy or by laparotomy with preparation by laparoscopy",,,,Non-standard
HHFA031,"Total coloproctectomy with ileoanal anastomosis, by laparotomi",,,,Non-standard
HHFA029,"Total coloproctectomy without restoration of continuity, by laparoscopy or by laparotomy with preparation by laparoscopy",,,,Non-standard
HHFA030,"Total coloproctectomy without restoration of continuity, by laparotomi",,,,Non-standard
JKFA027,"Total colpohysterectomy extended to the parameters, by laparotomy",,,,Non-standard
08.02.03.07,Total cystectomy,,,,Non-standard
JDFA001,"Total cystectomy with cutaneous ureterostomy, by laparotomy",,,,Non-standard
JDFA009,"Total cystectomy with direct ureterocolic anastomosis, by laparotomy",,,,Non-standard
JDFA016,"Total cystectomy with replacement enterocystoplasty [neobladder] orthotopic by detubulated loop, by laparotomy",,,,Non-standard
JDFA003,"Total cystectomy with transintestinal cutaneous ureterostomy by continent detubulated loop, by laparotomy",,,,Non-standard
JDFA008,"Total cystectomy with transintestinal cutaneous ureterostomy by non-detubulated loop, by laparotomy",,,,Non-standard
JDFA006,"Total cystectomy with ureterocolic anastomosis and preparation of a detubulated rectosigmoid or ileo-recto-sigmoid reservoir, by laparotomy",,,,Non-standard
JDFA005,"Total cystectomy, by laparotomy",,,,Non-standard
HNFA004,"Total duodenopancreatectomy with splenectomy [Total splenopancreatectomy], by laparotomy",,,,Non-standard
MFFA002,"Total elbow synovectomy, by anterior arthrotomy and by posterior arthrotomy",,,,Non-standard
MFFC001,"Total elbow synovectomy, by arthroscopy",,,,Non-standard
HEFA004,"Total esophagectomy with esophagogastroplasty, cervicotomy and laparotomy",,,,Non-standard
HEFA006,"Total esophagectomy with oesophagocoloplasty, cervicotomy and laparotomy",,,,Non-standard
HEFA020,"Total esophagectomy without restoration of continuity, by cervicotomy and by laparotomy",,,,Non-standard
HEFA022,"Total esophagectomy without restoration of continuity, by thoracotomy",,,,Non-standard
HEFA017,"Total esophago-pharyngolaryngectomy with esophagocoloplasty, by cervicotomy and by laparotomy",,,,Non-standard
HEFA008,"Total esophago-pharyngolaryngectomy with esophagogastroplasty, cervicotomy and laparotomy",,,,Non-standard
QZFA029,Total excision of the nail apparatus,,,,Non-standard
LHFA031,"Total excision of the vertebral arch, by posterior approach",,,,Non-standard
HFFC017,"Total gastrectomy with restoration of continuity, by laparoscopy",,,,Non-standard
HFFA005,"Total gastrectomy with restoration of continuity, by laparotomy",,,,Non-standard
HAFA003,"Total glossectomy of mobile tongue, by cervicofacial approach",,,,Non-standard
HAFA013,"Total glossectomy of mobile tongue, by intraoral approach",,,,Non-standard
HAFA016,Total glossectomy with total pharyngolaryngectomy,,,,Non-standard
08.04.03.05,Total hysterectomy,,,,Non-standard
08.04.03.06,Total hysterectomy extended to parameters,,,,Non-standard
JKFA002,"Total hysterectomy with anterior and posterior colpoperineorrhaphy, by vaginal approach",,,,Non-standard
JKFA025,"Total hysterectomy with anterior or posterior colpoperineorrhaphy, by vaginal approach",,,,Non-standard
JKFA013,"Total hysterectomy with posterior suspension of the dome of the vagina, by laparotomy",,,,Non-standard
JKFC003,"Total hysterectomy with unilateral or bilateral adnexectomy, by laparoscopy",,,,Non-standard
JKFA005,"Total hysterectomy with unilateral or bilateral adnexectomy, by vaginal approach",,,,Non-standard
JKFA007,"Total hysterectomy with unilateral or bilateral annexectomy and anterior and posterior colpoperineorrhaphy, by vaginal approach",,,,Non-standard
JKFA021,"Total hysterectomy with unilateral or bilateral annexectomy and anterior or posterior colpoperineorrhaphy, by vaginal approach",,,,Non-standard
JKFA004,"Total hysterectomy with unilateral or bilateral annexectomy and posterior suspension of the dome of the vagina, by laparotomy",,,,Non-standard
JKFA006,"Total hysterectomy with unilateral or bilateral annexectomy, by laparoscopy and by vaginal approach",,,,Non-standard
JKFA028,"Total hysterectomy with unilateral or bilateral annexectomy, by laparotomy",,,,Non-standard
JKFC005,"Total hysterectomy, by laparoscopy",,,,Non-standard
JKFA018,"Total hysterectomy, by laparoscopy and by vaginal approach",,,,Non-standard
JKFA015,"Total hysterectomy, by laparotomy",,,,Non-standard
JKFA026,"Total hysterectomy, by vaginal approach",,,,Non-standard
BBFA001,Total lacrimal gland resection with osteotomy,,,,Non-standard
BBFA004,Total lacrimal gland resection without osteotomy,,,,Non-standard
GDFA005,Total laryngectomy,,,,Non-standard
GDFA018,Total laryngectomy extended to the base of the tongue,,,,Non-standard
HLEA001,Total liver transplant,,,,Non-standard
QEFA019,Total mastectomy,,,,Non-standard
16.06.03,Total mastectomy,,,,Non-standard
QEFA003,Total mastectomy with lymphonodal axillary and parasternal [internal mammary] dissection,,,,Non-standard
QEFA010,Total mastectomy with lymphonodal axillary and supraclavicular dissection,,,,Non-standard
QEFA005,Total mastectomy with pectoral resection and axillary lymphonodal dissection,,,,Non-standard
QEFA020,Total mastectomy with preservation of the pectorals and axillary lymphonodal dissection,,,,Non-standard
LBFA005,Total maxillectomy without reconstruction,,,,Non-standard
LBFA007,"Total maxillectomy, with reconstruction of the floor of the orbit using a nasal septum flap",,,,Non-standard
LARA004,"Total mobilization of a frame of the orbit, by craniotomy",,,,Non-standard
LARA003,"Total mobilization of the orbit frames horizontally or by facial bipartition, by craniotomy",,,,Non-standard
08.02.01.03,Total nephrectomy,,,,Non-standard
JAFA012,"Total nephrectomy by laparotomy, with retrograde endoscopic extraction of the ureter [ureter stripping]",,,,Non-standard
JAFA025,"Total nephrectomy enlarged to the renal compartment with adrenalectomy and thrombectomy by cavotomy, by thoraco-phreno-laparotomy",,,,Non-standard
JAFC010,"Total nephrectomy enlarged to the renal compartment with adrenalectomy, by laparoscopy or retroperitoneoscopy",,,,Non-standard
JAFC019,"Total nephrectomy enlarged to the renal compartment, by laparoscopy or retroperitoneoscopy",,,,Non-standard
JAFA009,"Total nephrectomy enlarged to the renal compartment, by laparotomy or by lumboabdominal approach",,,,Non-standard
JAFA031,"Total nephrectomy enlarged to the renal compartment, by thoraco-phreno-laparotomy",,,,Non-standard
JAFA002,"Total nephrectomy, by lumbotomy",,,,Non-standard
JAFA032,"Total nephro-ureterectomy, by direct approach",,,,Non-standard
JAFC001,"Total nephro-ureterectomy, by laparoscopy or by retroperitoneoscopy",,,,Non-standard
HGEH001,"Total or partial reduction of acute intussusception by opaque enema or insufflation, with radiological guidance",,,,Non-standard
HNFA006,"Total or subtotal pancreatectomy with preservation of the duodenum and splenectomy, by laparotomy",,,,Non-standard
HNFA011,"Total or subtotal pancreatectomy with preservation of the duodenum, without splenectomy, by laparotomy",,,,Non-standard
KDFA001,Total parathyroidectomy with immediate parathyroid reimplantation,,,,Non-standard
HCFA013,"Total parotidectomy by cervicofacial approach, with excision of the parapharyngeal prolongation [process] by pharyngeal approach",,,,Non-standard
HCFA009,Total parotidectomy with dissection and conservation of the facial nerve,,,,Non-standard
HCFA002,Total parotidectomy with resection of the facial nerve,,,,Non-standard
HCFA010,Total parotidectomy with resection of the facial nerve and immediate repair by suture or graft,,,,Non-standard
HCFA005,"Total parotidectomy with resection of the parapharyngeal extension [process], by cervicofacial approach",,,,Non-standard
NBFA009,"Total patellectomy, by direct approach",,,,Non-standard
JFFA008,"Total pelvectomy with cutaneous ureterostomy, by laparotomy and perineal approach",,,,Non-standard
JFFA013,"Total pelvectomy with transintestinal cutaneous ureterostomy by continent detubulated loop, by laparotomy and by perineal approach",,,,Non-standard
JFFA011,"Total pelvectomy with transintestinal cutaneous ureterostomy by non-detubulated loop, by laparotomy and by perineal approach",,,,Non-standard
LAFA005,Total petrectomy,,,,Non-standard
HDFA005,Total pharyngolaryngectomy,,,,Non-standard
HDFA003,Total pharyngolaryngectomy extended to the base of the tongue,,,,Non-standard
CAMA004,Total reconstruction of the auricle by autografting of costal cartilage,,,,Non-standard
CAMA001,Total reconstruction of the auricle in one step,,,,Non-standard
BKMA001,Total reconstruction of the orbital cavity by autograft,,,,Non-standard
HJFC003,"Total rectocolic resection for congenital aganglionosis by laparoscopy, with restoration of continuity via the anal route",,,,Non-standard
HJFA015,"Total rectocolic resection for congenital aganglionosis by laparotomy, with restoration of continuity by laparotomy or anal route",,,,Non-standard
JRGA003,"Total removal of a synthetic infraurethral sling, by laparotomy and by vaginal approach",,,,Non-standard
JRGA004,"Total removal of an infraurethral synthetic sling, by laparoscopy and by vaginal approach",,,,Non-standard
JCKA002,"Total replacement of the ureter by a digestive segment, by direct approach",,,,Non-standard
MDFA006,Total resection of a carpal bone with intracarpal arthrodesis,,,,Non-standard
CAFA007,Total resection of the auricle and cartilage of the external acoustic meatus,,,,Non-standard
CAFA003,"Total resection of the auricle, without removal of the cartilage of the external acoustic meatus",,,,Non-standard
LGFA004,"Total resection of the sacrum [Total sacrectomy], by anterior approach and by posterior approach",,,,Non-standard
HGFA013,"Total resection of the small intestine, by laparotomy",,,,Non-standard
JJFC006,"Total salpingectomy, by laparoscopy",,,,Non-standard
JJFA007,"Total salpingectomy, by laparotomy",,,,Non-standard
QZEA024,Total skin autograft on a location with an area equal to or greater than 10 cm?,,,,Non-standard
QZNL001,Total skin irradiation session,,,,Non-standard
QAEA015,Total skin micrografts on 1 to 5 facial scars,,,,Non-standard
QAEA014,Total skin micrografts on 6 or more facial scars,,,,Non-standard
FFFC001,"Total splenectomy, by laparoscopy",,,,Non-standard
FFFA001,"Total splenectomy, by laparotomy",,,,Non-standard
LDFA010,"Total spondylectomy, by anterior or anterolateral cervicotomy and by posterior approach",,,,Non-standard
LFFA012,"Total spondylectomy, by laparotomy or lumbotomy and by posterior approach",,,,Non-standard
LEFA009,"Total spondylectomy, by thoraco-phreno-laparotomy and by posterior approach",,,,Non-standard
LEFA005,"Total spondylectomy, by thoracotomy and by posterior approach",,,,Non-standard
LBPA018,"Total subalveolar osteotomy of the mandible, by intraoral approach",,,,Non-standard
MEFC002,"Total synovectomy of the scapulohumeral joint, by arthroscopy",,,,Non-standard
MEFA003,"Total synovectomy of the scapulohumeral joint, by arthrotomy",,,,Non-standard
MGFC003,"Total synovectomy of the wrist joints, by arthroscopy",,,,Non-standard
MGFA003,"Total synovectomy of the wrist joints, by arthrotomy",,,,Non-standard
LEFA001,"Total thoracic spondylectomy, by posterior approach",,,,Non-standard
KCFA006,"Total thyroidectomy with interrupting resection and anastomosis of the trachea, by cervicotomy",,,,Non-standard
KCFA003,"Total thyroidectomy with non-interrupting resection of the trachea, by cervicotomy",,,,Non-standard
KCFA002,"Total thyroidectomy with partial resection of laryngeal cartilage, by cervicotomy",,,,Non-standard
KCFA007,"Total thyroidectomy, by cervicothoracotomy",,,,Non-standard
KCFA005,"Total thyroidectomy, by cervicotomy",,,,Non-standard
08.02.02.14,Total ureterectomy,,,,Non-standard
JCFA001,"Total ureterectomy, by direct approach",,,,Non-standard
JCFC001,"Total ureterectomy, by laparoscopy or by retroperitoneoscopy",,,,Non-standard
JEFA007,Total urethrectomy,,,,Non-standard
ELCA002,"Total vascular exclusion, during hepatectomy",,,,Non-standard
LDFA012,"Total vertebral corporectomy, by anterior or anterolateral cervicotomy",,,,Non-standard
LFFA013,"Total vertebral corporectomy, by laparotomy or by lumbotomy",,,,Non-standard
LEFA004,"Total vertebral corporectomy, by thoraco-phreno-laparotomy",,,,Non-standard
LEFA006,"Total vertebral corporectomy, by thoracotomy",,,,Non-standard
JDFA021,"Total vesiculo-prostato-cystectomy with replacement enterocystoplasty [neobladder] orthotopic by detubulated loop, by laparotomy",,,,Non-standard
JGFC001,"Total vesiculoprostatectomy, by laparoscopy",,,,Non-standard
JGFA006,"Total vesiculoprostatectomy, by laparotomy",,,,Non-standard
JGFA011,"Total vesiculoprostatectomy, by perineal approach",,,,Non-standard
JDFA023,"Total vesiculoprostato-cystectomy with cutaneous ureterostomy, by laparotomy",,,,Non-standard
JDFA019,"Total vesiculoprostato-cystectomy with direct ureterocolic anastomosis, by laparotomy",,,,Non-standard
JDFA020,"Total vesiculoprostato-cystectomy with transintestinal cutaneous ureterostomy by continente detubulated loop, by laparotomy",,,,Non-standard
JDFA025,"Total vesiculoprostato-cystectomy with transintestinal cutaneous ureterostomy by non-detubulated loop, by laparotomy",,,,Non-standard
JDFA022,"Total vesiculoprostato-cystectomy with ureterocolic anastomosis and preparation of a rectosigmoid or ileo-recto-sigmoid detubulated reservoir, by laparotomy",,,,Non-standard
JDFA024,"Total vesiculoprostato-cystectomy, by laparotomy",,,,Non-standard
JMFA004,Total vulvectomy with bilateral inguinal and iliac lymph node dissection,,,,Non-standard
JMFA009,Total vulvectomy with bilateral inguinal lymphonodal dissection,,,,Non-standard
JMFA010,Total vulvectomy with unilateral inguinal lymphonodal and iliac dissection,,,,Non-standard
JMFA005,Total vulvectomy with unilateral inguinal lymphonodal dissection,,,,Non-standard
JMFA007,Total vulvectomy without lymphonodal dissection,,,,Non-standard
BEFA008,Trabeculectomy [Transfixing sclerectomy],,,,Non-standard
BEPA003,"Trabeculotomy, by sclerotomy",,,,Non-standard
GEHE001,"Tracheal and / or bronchial biopsy, during diagnostic airway endoscopy",,,,Non-standard
GELD004,Tracheal intubation,,,,Non-standard
GELE001,"Tracheal intubation by fibroscopy or specific laryngeal device, during general anesthesia",,,,Non-standard
GELD002,Tracheal intubation outside of a medico-technical block,,,,Non-standard
GELD003,Tracheal intubation with instillation of exogenous surfactant,,,,Non-standard
GELE004,"Tracheal intubation, by fibroscopy or special laryngeal device",,,,Non-standard
GEFE001,"Tracheal stenosis resection and / or dilation session, by laser endoscopy",,,,Non-standard
GEFE002,"Tracheal stenosis resection and / or dilation session, by laser-less endoscopy",,,,Non-standard
JKFA008,"Trachelectomy [Cervicectomy] [Amputation of the cervix], by vaginal approach",,,,Non-standard
JKFA009,"Trachelectomy on the remaining cervix, by laparotomy",,,,Non-standard
JKFA011,"Trachelectomy on the remaining cervix, by vaginal approach",,,,Non-standard
GEQE003,Tracheobronchial fibroscopy with photodetection of lesion by autofluorescence with laser,,,,Non-standard
GEQE010,Tracheobronchial fibroscopy with photodetection of lesion by autofluorescence without laser,,,,Non-standard
06.02.06.01,Tracheobronchial wound suture,,,,Non-standard
GESA002,Tracheostomy closure,,,,Non-standard
GEPA004,"Tracheostomy, by cervicotomy",,,,Non-standard
06.02.06.02,Tracheotomy,,,,Non-standard
14.05.03,"Traction of the lower limb, for non-traumatic injury",,,,Non-standard
LDCA006,"Transarticular and / or transpedicular osteosynthesis of the atlas and axis, by posterior approach",,,,Non-standard
EAQM003,"Transcranial Doppler ultrasound of intracranial vessels, with pharmacodynamic test",,,,Non-standard
EAQM004,"Transcranial Doppler ultrasound of intracranial vessels, without pharmacodynamic testing",,,,Non-standard
DERP003,"Transcutaneous cardiac electric shock [External cardioversion], outside of emergency",,,,Non-standard
DERP004,"Transcutaneous cardiac electric shock [External cardioversion], urgent",,,,Non-standard
JHFB001,"Transcutaneous collection of sperm from the testis, epididymis or vas deferens",,,,Non-standard
ZCQJ001,Transcutaneous Doppler ultrasound and rectal and / or vaginal [cavitary] Doppler ultrasound of the female small pelvis [pelvis],,,,Non-standard
ZZQM001,"Transcutaneous Doppler ultrasound, at bedside",,,,Non-standard
GLQP013,Transcutaneous measurement of partial oxygen tension [TcPO2] at rest,,,,Non-standard
GLQP010,Transcutaneous measurement of partial oxygen tension [TcPO2] in hyperemia,,,,Non-standard
JACH002,"Transcutaneous nephrostomy with internalized drainage of the urinary excretory tract, with ultrasound and / or radiological guidance",,,,Non-standard
JQQP900,Transcutaneous oximetry of the fetus on presentation [Fetal pulse oximetry],,,,Non-standard
JAHJ004,"Transcutaneous puncture of the kidney cavities with ultrasound guidance, with recording of pyelic pressure under perfusion",,,,Non-standard
JAGF003,Transcutaneous removal of a coralliform or complex stone from the kidney,,,,Non-standard
JAGF002,Transcutaneous removal of a simple kidney stone,,,,Non-standard
12.02.02.01,Transcutaneous resection and destruction of intervertebral disc,,,,Non-standard
ABMP001,Transcutaneous secondary control and / or adjustment of a cerebrospinal fluid shunt valve with adjustable opening pressure,,,,Non-standard
DERP005,Transcutaneous temporary cardiac stimulation,,,,Non-standard
AELB001,"Transcutaneous therapeutic spinal cord stimulation electrode implantation, with subcutaneous implantation of a neurological stimulation generator",,,,Non-standard
JDQJ002,Transcutaneous ultrasound and rectal and / or vaginal [cavitary] ultrasound of the bladder,,,,Non-standard
ZCQM008,Transcutaneous ultrasound of the abdomen,,,,Non-standard
ZCQM001,"Transcutaneous ultrasound of the abdomen, with Doppler ultrasound of the digestive vessels",,,,Non-standard
ZCQM005,"Transcutaneous ultrasound of the abdomen, with transcutaneous ultrasound of the small pelvis [pelvis",,,,Non-standard
ZCQM002,"Transcutaneous ultrasound of the abdomen, with transcutaneous ultrasound of the small pelvis [pelvis] and Doppler ultrasound of the digestive vessels",,,,Non-standard
JDQM001,Transcutaneous ultrasound of the bladder and / or prostate,,,,Non-standard
HZQM001,Transcutaneous ultrasound of the digestive tract and / or peritoneum,,,,Non-standard
ZCQM003,Transcutaneous ultrasound of the female small pelvis,,,,Non-standard
HLQM001,Transcutaneous ultrasound of the liver and bile ducts,,,,Non-standard
KDQM001,Transcutaneous ultrasound of the parathyroid glands,,,,Non-standard
HCQM001,Transcutaneous ultrasound of the salivary glands,,,,Non-standard
AEQM001,Transcutaneous ultrasound of the spinal cord,,,,Non-standard
KCQM001,Transcutaneous ultrasound of the thyroid gland,,,,Non-standard
ZCQM006,Transcutaneous ultrasound of the upper abdomen,,,,Non-standard
ZCQM010,Transcutaneous ultrasound of the upper abdomen and small pelvis [pelvis],,,,Non-standard
ZCQM011,Transcutaneous ultrasound of the upper abdomen and small pelvis [pelvis] with doppler ultrasound of the digestive vessels,,,,Non-standard
ZCQM004,Transcutaneous ultrasound of the upper abdomen with doppler ultrasound of the digestive vessels,,,,Non-standard
ZCQJ006,Transcutaneous ultrasound with rectal and / or vaginal [cavitary] ultrasound of the female small pelvis [pelvis],,,,Non-standard
ZZQM004,"Transcutaneous ultrasound, at bedside",,,,Non-standard
07.03.01.13,Transection of the esophagus,,,,Non-standard
HEPA004,"Transection of the esophagus with splenectomy and portosystemic disconnection, by laparotomy",,,,Non-standard
HEPA007,"Transection of the esophagus with splenectomy and portosystemic disconnection, by thoracotomy and by laparotomy",,,,Non-standard
HEPA005,"Transection of the esophagus, by thoracotomy or by laparotomy",,,,Non-standard
NZFA007,Transfemoral amputation,,,,Non-standard
NJEA001,"Transfer of the psoas through or anteriorly to the iliac wing, with osteotomy of the hip bone and femur",,,,Non-standard
NJEA004,"Transfer of the psoas through or anteriorly to the iliac wing, with osteotomy of the hip bone or femur",,,,Non-standard
NJEA012,Transfer of the psoas through or in front of the iliac wing,,,,Non-standard
BDMA008,Transfixing keratoplasty [Transfixing corneal transplantation],,,,Non-standard
BDMA003,"Transfixing keratoplasty [Transfixing corneal transplantation], with extracapsular extraction of the lens",,,,Non-standard
BAFA002,"Transfixing resection of an eyelid lesion, with release of the lateral canthus",,,,Non-standard
BAFA014,"Transfixing resection of an eyelid lesion, without release of the lateral canthus",,,,Non-standard
GAFA005,Transfixing resection of lesion of the skin of the nose and / or the nasal mucosa,,,,Non-standard
HAFA020,"Transfixing resection of lip lesion, or excision of a labial commissure",,,,Non-standard
HAFA022,"Transfixing resection of the lesion of the cheek, by facial approach",,,,Non-standard
JCMA001,Transformation of a cutaneous ureterostomy into a direct ureterocolic anastomosis,,,,Non-standard
JCMA003,Transformation of a cutaneous ureterostomy into an internal bypass by ureterovesical reimplantation,,,,Non-standard
JCMA002,Transformation of a cutaneous ureterostomy into an internal bypass with preparation of a detubulated rectosigmoid or ileo-recto-sigmoid reservoir,,,,Non-standard
JCMA005,Transformation of a cutaneous ureterostomy into an internal bypass with replacement enterocystoplasty [neobladder] orthotopic by detubulated intestinal loop,,,,Non-standard
HBMP001,Transformation of a preimplant radiological guide into a surgical guide,,,,Non-standard
JQLF001,"Transfusion in the fetus, by puncture of the umbilical cord",,,,Non-standard
FELF004,Transfusion of concentrated red blood cells with a volume greater than half a blood mass in adults or 40 milliliters per kilogram [ml / kg] in newborns in less than 24 hours,,,,Non-standard
FELF001,"Transfusion of concentrated red blood cells with a volume greater than half a blood mass, during an operation under general or locoregional anesthesia",,,,Non-standard
FELF011,Transfusion of concentrated red blood cells with a volume less than half a blood mass,,,,Non-standard
FELF007,"Transfusion of concentrated red blood cells with a volume of less than 40 ml / kg, in newborns",,,,Non-standard
FELF008,"Transfusion of concentrated red blood cells, at home",,,,Non-standard
FELF006,Transfusion of non-erythrocyte labile blood product,,,,Non-standard
FELF002,Transfusion of non-erythrocyte labile blood product in newborns,,,,Non-standard
MZFA002,Transhumeral amputation,,,,Non-standard
JCCA006,"Transintestinal cutaneous ureterostomy by non-detubulated loop, by direct approach",,,,Non-standard
JCCC002,"Transintestinal cutaneous ureterostomy by non-detubulated loop, by laparoscopy or by retroperitoneoscopy",,,,Non-standard
JCCA011,"Transintestinal cutaneous ureterostomy with creation of a continent reservoir, by direct approach",,,,Non-standard
PDT,Transitional crown Free rate,,,,Non-standard
EAQM005,Transontanellar Doppler ultrasound of intracranial vessels,,,,Non-standard
AAQM002,Transontanellar ultrasound of the brain,,,,Non-standard
MJEA004,"Transosseous tendon reinsertion on a phalanx of a finger, by direct approach",,,,Non-standard
PCEA002,"Transosseous tendon reinsertion, by direct approach",,,,Non-standard
JJFA010,"Transparietal ovarian cystectomy, by laparotomy with preparation by laparoscopy",,,,Non-standard
LDCA009,"Transpedicular osteosynthesis of the axis, by posterior approach",,,,Non-standard
QAEA007,Transplantation of 201 or more scalp grafts,,,,Non-standard
QAEA005,Transplantation of 50 to 200 scalp grafts,,,,Non-standard
GFEA007,"Transplantation of a lung, by thoracotomy with SCC",,,,Non-standard
DZEA004,"Transplantation of heart-lung block, by thoracotomy with CEC",,,,Non-standard
QAEA001,Transplantation of less than 50 scalp grafts,,,,Non-standard
HGEA002,"Transplantation of small intestine and reduced liver, by laparotomy",,,,Non-standard
HGEA004,"Transplantation of small intestine and total liver, by laparotomy",,,,Non-standard
NZEA003,Transplantation of the foot to the thigh with preservation of the neurovascular pedicles,,,,Non-standard
BJEA001,Transposition of oculomotor muscles for substitution,,,,Non-standard
CAEA001,Transposition of the auricle lobule,,,,Non-standard
JMEA001,Transposition of the clitoris,,,,Non-standard
LBPA013,"Transposition osteotomy of the bony chin, by intraoral approach",,,,Non-standard
BGNP005,Transpupillary photocoagulation session for retinopathy of prematurity,,,,Non-standard
MZFA005,Transradio-ulnar amputation,,,,Non-standard
BGDA007,Transscleral balloon indentation,,,,Non-standard
BHNL001,Transscleral brachytherapy of the ocular bulb [globe],,,,Non-standard
BGLP001,Transscleral cryoapplication session for retinopathy of prematurity,,,,Non-standard
BGQP005,"Transscleral transillumination of lesion of the posterior segment of the eye, with conjunctival disinsertion",,,,Non-standard
BGQP001,"Transscleral transillumination of lesion of the posterior segment of the eye, without conjunctival disinsertion",,,,Non-standard
DZQJ008,Transthoracic doppler ultrasound and esophageal doppler ultrasound of the heart and intrathoracic vessels,,,,Non-standard
DZQJ010,"Transthoracic Doppler ultrasound and esophageal Doppler ultrasound of the heart and intrathoracic vessels, with intravenous injection of ultrasound contrast medium that does not cross the lung",,,,Non-standard
DZQM006,Transthoracic Doppler ultrasound of the heart and intrathoracic vessels,,,,Non-standard
DZQM005,"Transthoracic Doppler ultrasound of the heart and intrathoracic vessels, at bedside",,,,Non-standard
DZQM003,"Transthoracic Doppler ultrasound of the heart and intrathoracic vessels, during an intracavitary cardiac therapeutic act by the transcutaneous vascular route",,,,Non-standard
DZQJ009,"Transthoracic Doppler ultrasound of the heart and intrathoracic vessels, with intravenous injection of ultrasound contrast medium that does not cross the lung",,,,Non-standard
DHQM001,Transthoracic Doppler ultrasound of the superior vena cava and its tributaries in children,,,,Non-standard
GFQM001,"Transthoracic ultrasound of the mediastinum, lung and / or pleural cavity",,,,Non-standard
NZFA002,Transtibial amputation,,,,Non-standard
CCRD001,"Transtympanic electrostimulation of the inner ear under general anesthesia, with recording",,,,Non-standard
CCRD002,Transtympanic electrostimulation of the inner ear without general anesthesia,,,,Non-standard
HHFA023,"Transverse colectomy, by laparoscopy or by laparotomy with preparation by laparoscopy",,,,Non-standard
HHFA018,"Transverse colectomy, by laparotomi",,,,Non-standard
JGFA005,"Transvesical adenomectomy of the prostate, by laparotomy",,,,Non-standard
MHDA003,"Trapezometacarpal arthrodesis, by arthrotomy",,,,Non-standard
MHMA005,Trapezometacarpal arthroplasty,,,,Non-standard
07.03.08.05,Treatment of abscesses and anorectal fistulas,,,,Non-standard
07.03.01.08,Treatment of esophageal diverticulum,,,,Non-standard
09.03.04,Treatment of immediate complications of childbirth,,,,Non-standard
07.03.07.05,Treatment of rectal fistula,,,,Non-standard
02.04.05.07,Treatment of retinal detachment,,,,Non-standard
MDGA005,Triangular phalanx deepiphysiodesis of finger,,,,Non-standard
QAQP001,Trichogram,,,,Non-standard
DERP001,"Triggering of ventricular fibrillation or tachycardia, for monitoring and measuring the defibrillation threshold in a defibrillator wearer",,,,Non-standard
QZJA022,Trimming and / or suturing a pulpungual wound,,,,Non-standard
HAJA010,Trimming and / or suturing an intraoral mucosal wound,,,,Non-standard
16.03.03.02,Trimming and / or suturing deep wounds of skin and soft tissue,,,,Non-standard
QZJA016,"Trimming and / or suturing deep wounds of skin and soft tissues less than 3 cm in major axis, outside the face and hand",,,,Non-standard
QZJA001,"Trimming and / or suturing deep wounds of the skin and soft tissues of more than 10 cm in long axis, outside the face and the hand",,,,Non-standard
QAJA004,Trimming and / or suturing deep wounds of the skin and soft tissues of the face of less than 3 cm long axis,,,,Non-standard
QAJA012,Trimming and / or suturing deep wounds of the skin and soft tissues of the face of more than 10 cm long axis,,,,Non-standard
QCJA001,Trimming and / or suturing deep wounds of the skin and soft tissues of the hand,,,,Non-standard
HAJA007,Trimming and / or suturing multiple intraoral mucosal wounds,,,,Non-standard
HAJA003,Trimming and / or suturing of a non-transfixing lip cutaneous wound,,,,Non-standard
QZJA002,"Trimming and / or suturing of a superficial wound of the skin less than 3 cm in long axis, outside the face",,,,Non-standard
QZJA015,"Trimming and / or suturing of a superficial wound of the skin of more than 10 cm of long axis, outside the face",,,,Non-standard
QAJA013,Trimming and / or suturing of a superficial wound of the skin of the face of less than 3 cm of major axis,,,,Non-standard
QAJA002,Trimming and / or suturing of a superficial wound of the skin of the face of more than 10 cm of long axis,,,,Non-standard
CAJA002,Trimming and / or suturing of auricle wound,,,,Non-standard
QZJA012,"Trimming and / or suturing of deep wounds of the skin and soft tissues 3 cm to 10 cm long axis, outside the face and hand",,,,Non-standard
QAJA006,Trimming and / or suturing of deep wounds of the skin and soft tissues of the face 3 cm to 10 cm long axis,,,,Non-standard
QZJA021,Trimming and / or suturing of several pulpungual wounds,,,,Non-standard
HAJA008,Trimming and / or suturing of soft palate wounds,,,,Non-standard
QZJA017,"Trimming and / or suturing of superficial wound of the skin 3 cm to 10 cm long axis, outside the face",,,,Non-standard
QAJA005,Trimming and / or suturing of superficial wound of the skin of the face of 3 cm to 10 cm of long axis,,,,Non-standard
HAJA006,Trimming and / or suturing of transfixing lip wound,,,,Non-standard
AEJA002,"Trimming and closing of penetrating vertebrospinal wounds with vertebral osteosynthesis, by anterior or anterolateral approach",,,,Non-standard
AEJA005,"Trimming and closing of penetrating vertebrospinal wounds with vertebral osteosynthesis, by posterior approach",,,,Non-standard
AEJA001,"Trimming and closing of penetrating vertebrospinal wounds, by anterior or anterolateral approach",,,,Non-standard
AEJA004,"Trimming and closing of penetrating vertebrospinal wounds, by posterior approach",,,,Non-standard
AFJA005,"Trimming of epiduritis and / or spondylodiscitis with vertebral reconstruction by graft and / or osteosynthesis, by direct approach",,,,Non-standard
AFJA002,"Trimming of epiduritis and / or spondylodiscitis without vertebral reconstruction, by direct approach",,,,Non-standard
NCCA015,"Triplane fracture osteosynthesis of the distal end of the tibia, open focus",,,,Non-standard
JPHB002,Trophoblast biopsy,,,,Non-standard
ADPA024,"Truncal vagotomy with gastric antrectomy, by laparotomy",,,,Non-standard
ADPA018,"Truncal vagotomy with gastrojejunostomy, by laparotomy",,,,Non-standard
ADPC001,"Truncal vagotomy, by laparoscopy",,,,Non-standard
ADPA022,"Truncal vagotomy, by laparotomy",,,,Non-standard
ADPA014,"Truncal vagotomy, by thoracotomy",,,,Non-standard
EHCA003,"Truncular or portorenal portocave anastomosis, by laparotomy",,,,Non-standard
ADPC004,"Truncular vagotomy, by thoracoscopy",,,,Non-standard
JJJC002,"Tubal expression for tuboabdominal evacuation of ectopic pregnancy, by laparoscopy",,,,Non-standard
JJJA002,"Tubal expression for tuboabdominal evacuation of ectopic pregnancy, by laparotomy",,,,Non-standard
08.02.03.01,Tube placement and bladder evacuation,,,,Non-standard
HGHD003,"Tubing of duodenal fluid, with pharmacological test",,,,Non-standard
ACFA014,"Tumor excision of the cerebellar angle and / or of the internal acoustic meatus [internal auditory canal], by two approaches",,,,Non-standard
04.05.04.03,Tumor resection of pulmonary vessels,,,,Non-standard
DFFA004,"Tumor resection of pulmonary vessels, by thoracotomy without CEC",,,,Non-standard
LMFA002,"Tumor resection of the anterior abdominal wall with closure by prosthesis, by direct approach",,,,Non-standard
ACFA026,"Tumor resection of the anterior level of the base of the skull, by bilateral frontal craniotomy and ethmoidal approach",,,,Non-standard
ACFA001,"Tumor resection of the anterior level of the base of the skull, by unilateral frontal craniotomy",,,,Non-standard
ACFA027,"Tumor resection of the cerebellar angle and / or of the internal acoustic meatus [internal auditory canal], by transotic approach",,,,Non-standard
ACFA010,"Tumor resection of the cerebellar angle and / or the internal acoustic meatus [internal auditory canal], by retrosigmoid infraoccipital approach",,,,Non-standard
ACFA012,"Tumor resection of the cerebellar angle and / or the internal acoustic meatus [internal auditory canal], by suprapetrous approach",,,,Non-standard
ACFA004,"Tumor resection of the clivus, by craniotomy",,,,Non-standard
ACFA020,"Tumor resection of the clivus, by transoral or nasosphenoid approach",,,,Non-standard
ACFA019,"Tumor resection of the foramen magnum with diversion of the vertebral artery, by craniotomy",,,,Non-standard
ACFA013,"Tumor resection of the inner third of the middle floor of the base of the skull involving the sphenoorbital angle, by craniotomy",,,,Non-standard
ACFA011,"Tumor resection of the middle level of the base of the skull, by craniotomy",,,,Non-standard
ABFA009,"Tumor resection of the notch in the tent, by sustentorial craniotomy",,,,Non-standard
ACFA022,"Tumor resection of the optochiasmatic and / or hypothalamic region, by craniotomy",,,,Non-standard
ACFA025,"Tumor resection of the petroclival region with disruption of the facial nerve, by transpetrous approach",,,,Non-standard
ACFA016,"Tumor resection of the petroclival region without disruption of the facial nerve, by transpetrous approach",,,,Non-standard
GGFA003,"Tumor resection of the pleura, by thoracotomy",,,,Non-standard
GGFA001,"Tumor resection of the pleura, by thoracotomy with preparation by thoracoscopy",,,,Non-standard
ACFA005,"Tumor resection of the pontocerebellar angle and / or the internal acoustic meatus [internal auditory canal], by presigmoid retrolabyrinthine approach",,,,Non-standard
ACFA007,"Tumor resection of the pontocerebellar angle and / or the internal acoustic meatus [internal auditory canal], by translabyrinthine approach",,,,Non-standard
HJFD002,"Tumor resection of the rectum, by anal route",,,,Non-standard
HJFA018,"Tumor resection of the rectum, by transsacrococcygeal approach [from Kraske]",,,,Non-standard
HJFA003,"Tumor resection of the rectum, by transsphincteric approach",,,,Non-standard
ABFA008,"Tumor resection of the tent of the cerebellum, by subtentorial craniotomy",,,,Non-standard
ACFA006,"Tumor resection of the tip of the rock without rerouting the facial nerve, by transpetrous approach",,,,Non-standard
ZZQL014,"Tumor scintigraphy search by tumor-specific single-photon emitter, with whole body scintigraphy",,,,Non-standard
HPBA001,"Tumor volume reduction in gelatinous disease of the peritoneum, by laparotomy",,,,Non-standard
ZZQL002,"Tumor-specific single-photon emitter scintigraphic search for tumors, with complementary tomoscintigraphy, complementary whole-body scintigraphy of a segmental image and 72-hour whole-body scintigraphy",,,,Non-standard
LAQK004,Two-dimensional craniofacial cephalometric analysis,,,,Non-standard
LAQK010,Two-dimensional craniofacial cephalometric analysis with simulation of therapeutic objectives,,,,Non-standard
04.05.02.02,Tympanojugular chemodectoma resection,,,,Non-standard
CBQD001,Tympanometry,,,,Non-standard
CBMD001,"Tympanoplasty in closed technique, with posterior tympanotomy",,,,Non-standard
03.03.01.03,Tympanosclerosis excision,,,,Non-standard
CBFA012,"Tympanosclerosis excision with opening of the labyrinth and restoration of the columellar effect, with laser",,,,Non-standard
MCPA005,Ulna osteotomy with arthrodesis of the distal radioulnar joint,,,,Non-standard
19.01.04,Ultrasound,,,,Non-standard
ADE,Ultrasound act,,,,Non-standard
YYYY172,"Ultrasound and / or Doppler ultrasound for monitoring or monitoring pathology of one or two intra-abdominal and / or intrapelvic organs, or peripheral vessels",,,,Non-standard
BZQP003,Ultrasound biomicroscopy of the eye,,,,Non-standard
06.01.08.05,Ultrasound endoscopy of the trachea and bronchi,,,,Non-standard
YYYY075,Ultrasound examination or monitoring of fetal or maternal pregnancy pathology during a multifetal pregnancy,,,,Non-standard
YYYY088,Ultrasound examination or surveillance of fetal or maternal pregnancy pathology during a single fetal pregnancy,,,,Non-standard
YYYY028,Ultrasound guidance,,,,Non-standard
AHQJ021,"Ultrasound guidance for peripheral locoregional anesthesia of the neck, breast, chest wall, abdominal wall or limb, or for spinal anesthesia in patients with a body mass index greater than or equal to 30 kg / m2",,,,Non-standard
JQQM007,"Ultrasound of a multifetal pregnancy from the 2nd trimester with doppler ultrasound of the uterine arteries of the mother and the vessels of the fetus, for fetal distress",,,,Non-standard
JQQM002,"Ultrasound of a single fetal pregnancy from the 2nd trimester with Doppler ultrasound of the uterine arteries of the mother and the vessels of the fetus, for fetal distress",,,,Non-standard
04.01.03.03,Ultrasound of cervicocephalic arteries [arteries of the head and neck],,,,Non-standard
QZQM001,"Ultrasound of skin, nails and / or soft tissue",,,,Non-standard
04.01.03.06,Ultrasound of the arteries of the lower limb,,,,Non-standard
JDQJ003,"Ultrasound of the bladder and prostate, rectally",,,,Non-standard
JDQJ001,"Ultrasound of the bladder and prostate, via the urethra",,,,Non-standard
04.01.03,Ultrasound of the circulatory system,,,,Non-standard
02.01.02,Ultrasound of the eye,,,,Non-standard
BZQM002,Ultrasound of the eye and / or orbit with biometry,,,,Non-standard
ZCQM007,Ultrasound of the female small pelvis for ovulation monitoring,,,,Non-standard
04.01.03.01,Ultrasound of the heart and intrathoracic vessels [Echocardiography],,,,Non-standard
14.01.01,Ultrasound of the lower limb,,,,Non-standard
GFQJ002,"Ultrasound of the mediastinum and / or lung, by esophageal or bronchial route",,,,Non-standard
15.01.01,"Ultrasound of the osteoarticular and muscular apparatus, without topographic precision",,,,Non-standard
JHQM002,Ultrasound of the penis,,,,Non-standard
09.01.02,Ultrasound of the pregnant uterus,,,,Non-standard
JGQJ001,"Ultrasound of the prostate and seminal vesicles, rectally",,,,Non-standard
HJQJ003,"Ultrasound of the rectum and anus, rectally and / or vaginally [cavitary]",,,,Non-standard
ZCQJ003,"Ultrasound of the small pelvis [pelvis] female, rectally and / or vaginally [cavitarily]",,,,Non-standard
08.01.02,Ultrasound of the urinary and genital tract,,,,Non-standard
04.01.03.07,Ultrasound of the veins,,,,Non-standard
17.01.01,"Ultrasound, without topographic precision",,,,Non-standard
CBPA001,Unblocking of attical ossicular ankylosis,,,,Non-standard
HPPA004,Unburying the subcutaneous end of a peritoneal dialysis catheter,,,,Non-standard
LDFA002,"Uncectomy [Uncus resection] or unilateral foraminotomy of a vertebra, by anterior cervicotomy",,,,Non-standard
JDJD002,"Unclotting of the bladder by catheter, urethral route",,,,Non-standard
JDJE001,"Unclotting of the bladder, by endoscopy",,,,Non-standard
GGJA003,"Unclotting of the pleural cavity, by thoracotomy",,,,Non-standard
NAHB001,"Unicortical biopsy of the hip bone, transcutaneously",,,,Non-standard
YYYY029,Unified or bilateral intratubary maneuvers after catheterization of the uterine tube with radiological guidance,,,,Non-standard
NACA001,"Unifocal osteosynthesis of fracture or fracture-dislocation of the pelvic girdle [pelvis], with open focus",,,,Non-standard
BLMP007,Unilateral adaptation of scleral glass obtained by molding,,,,Non-standard
LAFA023,"Unilateral anterior ethmoidectomy with nasal septoplasty, by endoscopy",,,,Non-standard
DGCA018,"Unilateral anterograde aortorenal bypass, by laparotomy or lumbotomy",,,,Non-standard
DGFA007,"Unilateral aorto-iliofemoral thromboendarterectomy, by laparotomy",,,,Non-standard
DGCA009,"Unilateral aortofemoral bypass, by laparotomy with infrenal clamping",,,,Non-standard
DGCA019,"Unilateral aortofemoral bypass, by laparotomy with suprarenal clamping",,,,Non-standard
DGFA009,"Unilateral aortoiliac thromboendarterectomy, by laparotomy",,,,Non-standard
ECQH003,"Unilateral arteriography of the hand, by transcutaneous intraarterial injection",,,,Non-standard
EEQH006,"Unilateral arteriography of the lower limb, by intraarterial transcutaneous femoral injection",,,,Non-standard
ECQH004,"Unilateral arteriography of the upper limb by arterial route or transcutaneous intraarterial injection, with positional maneuver",,,,Non-standard
LBQH001,Unilateral arthrography of the temporomandibular joint,,,,Non-standard
QEMA003,"Unilateral augmentation mastoplasty, with prosthetic implant placement",,,,Non-standard
JHHA002,"Unilateral biopsy of the testis, by direct approach",,,,Non-standard
QEGA003,"Unilateral breast prosthetic implant removal, with capsulectomy",,,,Non-standard
QEGA001,"Unilateral breast prosthetic implant removal, without capsulectomy",,,,Non-standard
QAMA001,"Unilateral cervicofacial smoothing [Facial hemilifting] with platysmaplasty, by direct approach",,,,Non-standard
QAMA006,"Unilateral cervicofacial smoothing [Facial hemilifting], by direct approach",,,,Non-standard
HASA022,"Unilateral closure of the lip and soft palate of a labio-maxillo-palatal cleft, in one step [Unilateral cheilorhinoplasty with staphylorrhaphy for orofacial cleft]",,,,Non-standard
HASA017,"Unilateral closure of the lip and the bony palate of a labio-maxillo-palatal cleft, in one step [Unilateral cheilochineural surgery for orofacial cleft]",,,,Non-standard
EBNE002,"Unilateral coagulation of the sphenopalatine artery, by nasal endoscopy",,,,Non-standard
BLMP003,Unilateral contact lens adaptation for keratoconus or irregular astigmatism,,,,Non-standard
LMMC002,"Unilateral cure of a groin hernia with prosthesis, by video surgery",,,,Non-standard
LMMA017,"Unilateral cure of a groin hernia without fitting a prosthesis under general or locoregional anesthesia, by inguinal approach",,,,Non-standard
LMMA008,"Unilateral cure of a hernia in the groin with prosthesis, by preperitoneal approach",,,,Non-standard
LMMC003,"Unilateral cure of a hernia in the groin without fitting a prosthesis, by video surgery",,,,Non-standard
LMMA012,"Unilateral cure of a hernia of the groin with placement of prosthesis, by inguinal approach",,,,Non-standard
LMMA016,"Unilateral cure of a hernia of the groin without fitting a prosthesis under local anesthesia, by inguinal approach",,,,Non-standard
BAFA007,"Unilateral cutaneous, muscular and / or fatty resection in the eyelids, by skin approach",,,,Non-standard
BAFA016,"Unilateral fat resection of the eyelids, by conjunctival approach",,,,Non-standard
QEFA011,Unilateral gynecomastia resection,,,,Non-standard
QEEA002,Unilateral invagination of the inverted nipple,,,,Non-standard
NFQK001,Unilateral knee x-ray according to 1 or 2 views,,,,Non-standard
GDFA004,"Unilateral laryngeal cordectomy, by thyrotomy",,,,Non-standard
EBSA008,Unilateral ligation of the anterior ethmoid artery and / or posterior ethmoid artery,,,,Non-standard
KCFA001,"Unilateral lobectomy of the thyroid gland, by cervicotomy",,,,Non-standard
KCFA008,"Unilateral lobo-isthmectomy of the thyroid gland, by cervicotomy",,,,Non-standard
LFFA005,"Unilateral lumbar or total lumbosacral laminarthrectomy with osteosynthesis, by posterior approach",,,,Non-standard
LFFA006,"Unilateral lumbar or total lumbosacral laminarthrectomy without osteosynthesis, by posterior approach",,,,Non-standard
QEQK005,Unilateral mammogram,,,,Non-standard
QEDA001,"Unilateral mastopexy, with prosthetic implant placement",,,,Non-standard
QEDA002,"Unilateral mastopexy, without prosthetic implant placement",,,,Non-standard
JJFC008,"Unilateral oophorectomy, by laparoscopy",,,,Non-standard
JJFA003,"Unilateral oophorectomy, by laparotomy",,,,Non-standard
HCGE271,Unilateral or bilateral ablation of ductal stones from several salivary glands by endoscopy [sialendoscopy],,,,Non-standard
BLMP005,Unilateral or bilateral adaptation of rigid contact lens,,,,Non-standard
BLMP002,Unilateral or bilateral adaptation of soft contact lens,,,,Non-standard
BDMP002,Unilateral or bilateral adaptation of therapeutic contact lens or dressing lens,,,,Non-standard
AHLH008,"Unilateral or bilateral anesthetic infiltration of the greater occipital nerve [Arnold] with diagnostic and prognostic evaluation, with radiological guidance",,,,Non-standard
JJQC001,"Unilateral or bilateral antegrade exploration of the uterine tube [Gynecological salpingoscopy], by laparoscopy",,,,Non-standard
CBLD002,Unilateral or bilateral auditory tube insufflation,,,,Non-standard
CAHA002,Unilateral or bilateral biopsy of the outer ear cartilage,,,,Non-standard
CAHA001,Unilateral or bilateral biopsy of the skin of the outer ear,,,,Non-standard
EBHA001,"Unilateral or bilateral biopsy of the superficial temporal artery, by direct approach",,,,Non-standard
GAND001,Unilateral or bilateral cauterization of the inferior turbinate mucosa,,,,Non-standard
AJNC001,"Unilateral or bilateral chemical destruction of the splanchnic chain, by laparoscopy",,,,Non-standard
AJNA001,"Unilateral or bilateral chemical destruction of the splanchnic chain, by laparotomy",,,,Non-standard
AJNC002,"Unilateral or bilateral chemical destruction of the splanchnic chain, by thoracoscopy",,,,Non-standard
BDFA007,"Unilateral or bilateral corneal harvesting with scleral collar during multiorgan harvesting from a brain-dead subject, with prosthesis placement",,,,Non-standard
BDFA006,"Unilateral or bilateral corneal harvesting with scleral collar from a deceased subject, with prosthesis placement",,,,Non-standard
LBQH002,Unilateral or bilateral CT arthrography of the temporomandibular joint,,,,Non-standard
NZQH001,"Unilateral or bilateral CT scan of lower limb segment, with injection of contrast product",,,,Non-standard
NZQK002,"Unilateral or bilateral CT scan of lower limb segment, without injection of contrast medium",,,,Non-standard
LAQK011,Unilateral or bilateral CT scan of the cerebellar angle and / or the internal acoustic meatus [internal auditory canal],,,,Non-standard
LAQK002,Unilateral or bilateral CT scan of the petrous part of the temporal bone [rock] and of the middle ear,,,,Non-standard
MZQH002,"Unilateral or bilateral CT scan of upper limb segment, with injection of contrast product",,,,Non-standard
MZQK002,"Unilateral or bilateral CT scan of upper limb segment, without injection of contrast medium",,,,Non-standard
JGQH003,"Unilateral or bilateral deferentovesiculography, by endoscopic catheterization of the ejaculatory ducts",,,,Non-standard
HCAE192,"Unilateral or bilateral dilation of stenosis of the duct of several salivary glands, by endoscopy [sialendoscopy]",,,,Non-standard
ELQM002,Unilateral or bilateral Doppler ultrasound of the bursa vessels and the spermatic cord,,,,Non-standard
BZQM003,Unilateral or bilateral Doppler ultrasound of the eye and / or orbit,,,,Non-standard
BANP004,Unilateral or bilateral electric hair removal session,,,,Non-standard
ADQB002,"Unilateral or bilateral electromyography [EMG] to detect the levator muscle of the upper eyelid and / or the oculomotor muscles, by needle electrode",,,,Non-standard
