code,label
AAFA001,"Exérèse de tumeur intraparenchymateuse du cervelet, par craniotomie"
AAFA002,"Exérèse de tumeur intraparenchymateuse du cerveau, par craniotomie"
AAFA003,"Exérèse de lésion du tronc cérébral, par craniotomie"
AAFA004,"Hémisphérectomie fonctionnelle, par craniotomie"
AAFA005,"Exérèse de lésion du corps calleux, du fornix hypothalamique ou du septum pellucide, par craniotomie"
AAFA006,"Résection de parenchyme cérébral pour infarctus expansif, par craniotomie"
AAFA007,"Excision d'une zone épileptogène, par craniotomie"
AAFA008,"Résection de parenchyme cérébelleux pour infarctus expansif, par craniotomie"
AAGA001,"Ablation d’électrode corticale cérébrale, par craniotomie"
AAGB001,Ablation d'électrode intracérébrale
AAJA001,"Évacuation de collection intracérébrale, par craniotomie"
AAJA002,"Évacuation d'hématome intracérébral traumatique [contusion], par craniotomie"
AAJA003,"Évacuation d'hématome intracérébelleux, par craniotomie"
AAJA004,"Évacuation d'hématome intracérébral non traumatique, par craniotomie"
AAJA005,"Évacuation de collection intracrânienne postopératoire, par reprise de la craniotomie précédente"
AAJA006,Parage de plaie craniocérébrale
AAJH001,"Évacuation de collection intracérébrale, par voie transcrânienne avec guidage scanographique"
AAJH002,"Évacuation d'hématome intracérébral non traumatique, par voie transcrânienne avec guidage scanographique"
AAJH003,"Évacuation de collection intracérébrale, par voie transcrânienne avec guidage radiologique"
AAJH004,"Évacuation d'hématome intracérébral non traumatique, par voie transcrânienne avec guidage radiologique"
AALA001,"Implantation d’électrode de stimulation corticale cérébrale à visée thérapeutique, par craniotomie"
AALA002,"Implantation d'électrode subdurale pour enregistrement électrocorticographique, par craniotomie"
AALA003,Perfusion peropératoire de protection du parenchyme encéphalique
AALB001,"Implantation d'électrode de stimulation intracérébrale à visée thérapeutique, par voie stéréotaxique"
AALB002,"Implantation d'électrode intracérébrale pour enregistrement électroencéphalographique, par voie stéréotaxique"
AANB001,"Destruction d'une cible intracérébrale à visée fonctionnelle, par voie stéréotaxique"
AANL001,"Irradiation encéphalique en conditions stéréotaxiques avec cadre effractif, en dose unique"
AANL002,"Séance d'irradiation encéphalique en conditions stéréotaxiques avec cadre non effractif, à dose fractionnée"
AAPA001,"Callosotomie fonctionnelle, par craniotomie"
AAPA002,"Isolement d'une zone épileptogène, par craniotomie"
AAQM002,Échographie transfontanellaire de l'encéphale
AAQN001,Spectroscopie par résonance magnétique cérébrale du phosphore
AAQN002,Spectroscopie par résonance magnétique cérébrale protonique localisée
AAQN003,Spectroscopie par résonance magnétique cérébrale protonique [Chemical shift imaging] [CSI]
AAQN004,Remnographie [IRM] fonctionnelle du cerveau pour étude des fonctions motrices
AAQN005,Remnographie [IRM] fonctionnelle du cerveau pour étude des fonctions visuelles ou phasiques
AAQP001,"Électroencéphalographie avec modélisation de sources, sur au moins 32 dérivations"
AAQP002,"Electroencéphalographie continue ambulatoire sur 8 dérivations ou plus, pendant au moins 24 heures [Holter EEG]"
AAQP003,"Surveillance électroencéphalographique continue sans enregistrement vidéo, par 24 heures"
AAQP004,"Surveillance électroencéphalographique peropératoire sur au moins 8 dérivations, pendant moins de 4 heures"
AAQP005,Surveillance électrocorticographique peropératoire de l'activité encéphalique spontanée et/ou provoquée
AAQP006,"Electroencéphalographie de longue durée de 1 à 4 heures sur 8 dérivation ou plus, avec enregistrement vidéo"
AAQP007,Électroencéphalographie sur 8 dérivations ou plus avec enregistrement d'une durée minimale de 20 minutes sans numérisation et sans enregistrement vidéo
AAQP008,"Surveillance électroencéphalographique peropératoire sur au moins 8 dérivations, pendant 4 heures ou plus"
AAQP009,Electroencéphalographie avec quantification sur 32 dérivations ou plus
AAQP010,"Electroencéphalographie de longue durée de plus de 4 heures sur 8 dérivations ou plus, avec enregistrement vidéo"
AAQP011,"Electroencéphalographie sur 8 dérivations ou plus avec enregistrement d'une durée minimale de 20 minutes, au lit du malade"
AAQP012,"Surveillance électroencéphalographique continue avec enregistrement vidéo, par 24 heures"
AAQP013,"Surveillance électrocorticographique continue avec enregistrement vidéo, par 24 heures"
ABCA001,"Ventriculoventriculostomie, ventriculocisternostomie, kystocisternostomie ou kystoventriculostomie, par craniotomie"
ABCA002,"Dérivation péritonéale ou atriale du liquide cérébrospinal ventriculaire, par abord direct"
ABCA003,"Dérivation péritonéale d'une collection subdurale du liquide cérébrospinal crânien, par abord direct"
ABCA004,"Dérivation péritonéale ou atriale de kyste intracrânien, par abord direct"
ABCA005,"Ventriculocisternostomie, par craniotomie"
ABCB001,"Dérivation externe du liquide cérébrospinal ventriculaire ou subdural, par voie transcrânienne"
ABCC001,"Ventriculoventriculostomie, ventriculocisternostomie, kystocisternostomie ou kystoventriculostomie, par vidéochirurgie intracrânienne"
ABCC002,"Ventriculocisternostomie, par vidéochirurgie intracrânienne"
ABFA001,"Exérèse et/ou fermeture de méningoencéphalocèle de la base du crâne, sans rapprochement orbitaire"
ABFA002,"Exérèse de lésion du troisième ventricule, par craniotomie"
ABFA003,Exérèse et/ou fermeture de méningoencéphalocèle de la voûte crânienne
ABFA004,"Exérèse et/ou fermeture de méningoencéphalocèle de la base du crâne, avec rapprochement orbitaire"
ABFA005,"Exérèse de lésion d'un ventricule latéral cérébral, par craniotomie"
ABFA006,"Exérèse de lésion du quatrième ventricule, par craniotomie"
ABFA007,Exérèse d'une fistule dermique avec prolongement intradural occipital
ABFA008,"Exérèse de tumeur de la tente du cervelet, par craniotomie soustentorielle"
ABFC001,"Exérèse de lésion du troisième ventricule, par vidéochirurgie intracrânienne"
ABFC002,"Exérèse de lésion d'un ventricule latéral cérébral, par vidéochirurgie intracrânienne"
ABGA001,Ablation d'un capteur de pression intracrânienne
ABGA002,"Ablation d'une dérivation interne du liquide cérébrospinal intracrânien, par abord direct"
ABGA003,Ablation d'un système diffuseur implanté et du cathéter intraventriculaire ou intrakystique cérébral
ABGA004,Ablation d'une dérivation externe du liquide cérébrospinal
ABHB001,"Ponction de liquide cérébrospinal ventriculaire, par voie transcrânienne"
ABHB002,"Ponction de liquide cérébrospinal ou de collection intracrânienne, par voie transfontanellaire"
ABJA001,"Évacuation d'une hémorragie intraventriculaire cérébrale, par craniotomie"
ABJA002,"Évacuation d'un hématome subdural aigu, par craniotomie"
ABJA003,"Évacuation d'un hématome subdural chronique unilatéral, par craniotomie"
ABJA004,"Évacuation d'un hématome extradural infratentoriel, par craniotomie"
ABJA005,"Évacuation d'un hématome extradural supratentoriel, par craniotomie"
ABJA006,"Évacuation d'un hématome subdural chronique bilatéral, par craniotomie"
ABJA007,"Évacuation d'un hématome extradural plurifocal supratentoriel et/ou infratentoriel, par craniotomie"
ABJA008,"Évacuation d'un empyème intracrânien extracérébral, par craniotomie"
ABJB001,"Évacuation de liquide cérébrospinal ventriculaire avec injection à visée thérapeutique, par voie transcrânienne"
ABJB002,"Évacuation de liquide cérébrospinal ou de collection intracrânienne, par voie transfontanellaire"
ABLB001,"Pose d'un cathéter ventriculaire cérébral par voie transcrânienne, avec mesure instantanée de la pression intracrânienne et tests dynamiques"
ABLB002,"Pose d'un capteur ventriculaire de pression intracrânienne, par voie transcrânienne"
ABLB003,"Pose d'un capteur extraventriculaire de pression intracrânienne, par voie transcrânienne"
ABLB004,"Pose d'un cathéter intraventriculaire ou intrakystique cérébral pour injection d'agent pharmacologique, par voie transcrânienne"
ABLF003,"Séance d'administration intraventriculaire ou intrakystique cérébrale d'agent pharmacologique anticancéreux, par un dispositif implanté"
ABLF004,"Administration intraventriculaire ou intrakystique cérébrale d'agent pharmacologique au long cours par un dispositif implanté, par 24 heures"
ABMA001,Révision ou changement d'élément d'une dérivation interne du liquide cérébrospinal
ABML001,Vérification radio-isotopique d'une dérivation du liquide cérébrospinal
ABMP001,Contrôle et/ou réglage secondaire transcutané d'une valve de dérivation de liquide cérébrospinal à pression d'ouverture réglable
ABQL002,Cisternographie radio-isotopique
ABQL003,Recherche radio-isotopique d'une brèche ostéoméningée
ABQP001,"Surveillance continue de la pression intracrânienne, par 24 heures"
ABSA001,"Fermeture d'une brèche ostéodurale de l'étage moyen de la base du crâne, par craniotomie"
ABSA002,"Fermeture d'une brèche ostéodurale de l'étage moyen de la base du crâne, par abord translabyrinthique"
ABSA003,"Fermeture d'une brèche ostéodurale du sinus frontal, par abord coronal"
ABSA004,"Fermeture d'une brèche ostéodurale de l'étage moyen de la base du crâne, par abord mastoïdoattical"
ABSA005,"Fermeture d'une brèche ostéodurale ou d'une méningocèle de l'étage antérieur de la base du crâne, par abord orbitaire"
ABSA006,"Fermeture d'une brèche ostéodurale de l'étage moyen de la base du crâne, par abord suprapétreux"
ABSA007,"Fermeture d'une brèche ostéodurale ou d'une méningocèle de l'étage antérieur de la base du crâne, par craniotomie"
ABSA008,Fermeture d'une fistule postopératoire de liquide cérébrospinal de la base du crâne
ABSA009,"Fermeture d'une fistule de liquide cérébrospinal ou d'une méningocèle postopératoire de la voûte crânienne, par craniotomie"
ABSA010,"Fermeture d'une brèche ostéodurale ou d'une méningocèle de l'étage antérieur de la base du crâne, par abord paralatéronasal"
ABSA011,"Fermeture d'une brèche ostéodurale ou d'une méningocèle de l'étage antérieur de la base du crâne, par abord nasosphénoïdal"
ABSE001,"Fermeture d'une brèche ostéodurale ou d'une méningocèle de l'étage antérieur de la base du crâne, par endoscopie"
ACFA001,"Exérèse de tumeur de l'étage antérieur de la base du crâne, par craniotomie frontale unilatérale"
ACFA002,"Exérèse de tumeur extraparenchymateuse de la convexité du cerveau sans atteinte de sinus veineux dural, par craniotomie"
ACFA003,"Exérèse de tumeur de la pointe du rocher, par abord translabyrinthique"
ACFA004,"Exérèse de tumeur du clivus, par craniotomie"
ACFA005,"Exérèse de tumeur de l'angle pontocérébelleux et/ou du méat acoustique interne [conduit auditif interne], par abord rétrolabyrinthique présigmoïdien"
ACFA006,"Exérèse de tumeur de la pointe du rocher sans déroutement du nerf facial, par abord transpétreux"
ACFA007,"Exérèse de tumeur de l'angle pontocérébelleux et/ou du méat acoustique interne [conduit auditif interne], par abord translabyrinthique"
ACFA008,"Exérèse de tumeur extraparenchymateuse de la convexité du cervelet sans atteinte de sinus veineux dural, par craniotomie"
ACFA009,"Exérèse de tumeur de la pointe du rocher, par abord suprapétreux"
ACFA010,"Exérèse de tumeur de l'angle pontocérébelleux et/ou du méat acoustique interne [conduit auditif interne], par abord infraoccipital rétrosigmoïdien"
ACFA011,"Exérèse de tumeur de l'étage moyen de la base du crâne, par craniotomie"
ACFA012,"Exérèse de tumeur de l'angle pontocérébelleux et/ou du méat acoustique interne [conduit auditif interne], par abord suprapétreux"
ACFA013,"Exérèse de tumeur du tiers interne de l'étage moyen de la base du crâne intéressant l'angle sphénoorbitaire, par craniotomie"
ACFA014,"Exérèse de tumeur de l'angle pontocérébelleux et/ou du méat acoustique interne [conduit auditif interne], par deux abords"
ACFA015,"Exérèse de tumeur de l'étage antérieur de la base du crâne, par craniotomie frontale bilatérale"
ACFA016,"Exérèse de tumeur de la région pétroclivale sans déroutement du nerf facial, par abord transpétreux"
ACFA017,"Exérèse de tumeur de l'incisure de la tente, par craniotomie"
ACFA018,"Exérèse de tumeur extraparenchymateuse de la convexité du cervelet envahissant un sinus veineux dural, par craniotomie"
ACFA019,"Exérèse de tumeur du foramen magnum avec déroutement de l'artère vertébrale, par craniotomie"
ACFA020,"Exérèse de tumeur du clivus, par abord transoral ou nasosphénoïdal"
ACFA021,"Exérèse de tumeur de la faux du cerveau, par craniotomie"
ACFA022,"Exérèse de tumeur de la région optochiasmatique et/ou hypothalamique, par craniotomie"
ACFA023,"Exérèse de tumeur du foramen jugulaire, par craniotomie"
ACFA024,"Exérèse de tumeur du foramen magnum sans déroutement de l'artère vertébrale, par craniotomie"
ACFA025,"Exérèse de tumeur de la région pétroclivale avec déroutement du nerf facial, par abord transpétreux"
ACFA026,"Exérèse de tumeur de l'étage antérieur de la base du crâne, par craniotomie frontale bilatérale et abord ethmoïdal"
ACFA027,"Exérèse de tumeur de l'angle pontocérébelleux et/ou du méat acoustique interne [conduit auditif interne], par abord transotique"
ACFA028,"Exérèse de tumeur extraparenchymateuse de la convexité du cerveau envahissant un sinus veineux dural, par craniotomie"
ACFA029,"Exérèse de tumeur de la pointe du rocher avec déroutement du nerf facial, par abord transpétreux"
ACHA001,"Biopsie de lésion de la base du crâne, par abord transoral ou nasosphénoïdal"
ACHA002,"Biopsie de lésion intracrânienne, par craniotomie"
ACHB001,"Biopsie de lésion intracrânienne, par voie transcrânienne stéréotaxique"
ACHE001,"Biopsie de lésion de la base du crâne, par endoscopie transorale ou nasosphénoïdale"
ACPA001,"Libération d'un conflit vasculonerveux intracrânien, par craniotomie"
ACQC001,"Exploration intracrânienne, par vidéochirurgie"
ACQH001,"Scanographie du crâne et de son contenu, avec injection intrathécale de produit de contraste [Cysternoscanner]"
ACQH002,"Scanographie du crâne, de son contenu et du thorax, avec injection intraveineuse de produit de contraste"
ACQH003,"Scanographie du crâne et de son contenu, avec injection intraveineuse de produit de contraste"
ACQH004,"Scanographie du crâne, de son contenu et du tronc, avec injection intraveineuse de produit de contraste"
ACQJ001,"Remnographie [IRM] du crâne et de son contenu avec étude de la viabilité du parenchyme cérébral par imagerie de diffusion et de perfusion, avec remnographie des vaisseaux [angio-IRM] cervicocéphaliques"
ACQJ002,"Remnographie [IRM] du crâne et de son contenu, avec injection intraveineuse de produit de contraste"
ACQK001,"Scanographie du crâne et de son contenu, sans injection de produit de contraste"
ACQK002,Scanographie du crâne et de son contenu et/ou du massif facial pour planification dosimétrique
ACQK003,Scanographie du crâne et de son contenu et/ou du massif facial pour repérage stéréotaxique
ACQL001,Tomoscintigraphie cérébrale à l'aide de marqueur de la neurotransmission et/ou du métabolisme
ACQL002,Tomoscintigraphie cérébrale par émission de positons
ACQL003,Tomoscintigraphie cérébrale pour diagnostic et bilan de tumeur cérébrale
ACQL004,Tomoscintigraphie de perfusion cérébrale en période critique
ACQL005,Tomoscintigraphie de perfusion cérébrale avec test d'activation et quantification complexe
ACQL006,Tomoscintigraphie cérébrale à l'aide d'un émetteur de positons sans tépographe [caméra TEP] dédié
ACQL007,Tomoscintigraphie de perfusion cérébrale sans test d'activation
ACQL008,Tomoscintigraphie de perfusion cérébrale après épreuve pharmacodynamique
ACQN001,"Remnographie [IRM] du crâne et de son contenu, sans injection intraveineuse de produit de contraste"
ACQN002,Remnographie [IRM] du crâne et de son contenu et/ou du massif facial pour planification dosimétrique
ACQN003,Remnographie [IRM] du crâne et de son contenu pour procédure stéréotaxique
ACQN004,"Remnographie [IRM] du crâne et de son contenu, avec étude de la viabilité du parenchyme cérébral par imagerie de diffusion et de perfusion"
ACQP001,Repérage d'une structure nerveuse et guidage peropératoires assistés par ordinateur [Neuronavigation]
ADCA001,"Déroutement et suture du nerf facial, par abord transmastoïdien"
ADCA002,Suture de plaie du nerf facial extrapétreux
ADCA003,"Déroutement et suture du nerf facial, par abord suprapétreux"
ADCA004,"Déroutement du nerf alvéolaire inférieur [dentaire inférieur], par abord intrabuccal"
ADCA005,Anastomose extracrânienne entre deux nerfs crâniens
ADCA006,"Suture de plaie d'un nerf crânien, par craniotomie"
ADCA007,"Déroutement et suture du nerf facial, par abord translabyrinthique"
ADEA001,"Autogreffe du nerf facial, par abord transmastoïdien"
ADEA002,Autogreffe du nerf facial extrapétreux
ADEA003,"Autogreffe du nerf facial avec déroutement, par abord translabyrinthique"
ADEA004,"Autogreffe du nerf facial, par abord suprapétreux et/ou par abord rétrosigmoïdien"
ADEA005,"Autogreffe de nerf crânien, par craniotomie"
ADFA002,Exérèse de lésion extracrânienne d'un nerf crânien avec réparation immédiate par autogreffe
ADFA003,Exérèse de lésion du nerf facial extrapétreux sans réparation immédiate
ADFA004,Exérèse de lésion du nerf facial intrapétreux avec réparation immédiate
ADFA005,Exérèse de lésion extracrânienne d'un nerf crânien sans réparation immédiate
ADFA006,Exérèse de lésion du nerf facial extrapétreux avec réparation immédiate
ADLB001,Infiltration thérapeutique de branche terminale du nerf trijumeau
ADLH001,"Infiltration anesthésique du ganglion trigéminal avec évaluation diagnostique et pronostique, avec guidage radiologique"
ADLH002,"Infiltration anesthésique d'une branche de division du nerf trijumeau avec évaluation diagnostique et pronostique, avec guidage radiologique"
ADLH003,"Infiltration anesthésique du nerf glossopharyngien avec évaluation diagnostique et pronostique, avec guidage radiologique"
ADNB001,"Destruction sélective de branche terminale du nerf trijumeau, par voie transcutanée ou transmuqueuse sans guidage"
ADNH001,"Destruction sélective du nerf glossopharyngien, par voie transcutanée avec guidage radiologique"
ADNH002,"Destruction sélective de branche terminale du nerf trijumeau, par voie transcutanée avec guidage radiologique"
ADPA001,"Décompression du nerf optique, par craniotomie"
ADPA002,"Vagotomie tronculaire postérieure avec séromyotomie oesogastrique antérieure, par laparotomie"
ADPA003,"Section d'une branche extracrânienne du nerf trijumeau, par abord direct"
ADPA004,"Décompression du nerf alvéolaire inférieur [dentaire inférieur], par abord intrabuccal"
ADPA005,"Neurotomie vestibulaire, par abord translabyrinthique"
ADPA007,"Neurotomie vestibulaire, par abord suprapétreux"
ADPA008,"Décompression du nerf facial, par abord transmastoïdien"
ADPA009,"Section des nerfs pétreux, par abord suprapétreux"
ADPA010,"Neurotomie vestibulaire, par abord rétrolabyrinthique"
ADPA011,"Décompression du nerf facial, par abord suprapétreux"
ADPA012,Section du nerf ampullaire postérieur
ADPA013,"Section de nerf crânien, par abord infraoccipital rétrosigmoïdien"
ADPA014,"Vagotomie tronculaire, par thoracotomie"
ADPA015,Section du nerf du canal ptérygoïdien [Neurotomie vidienne]
ADPA016,"Décompression du nerf infraorbitaire, par abord direct"
ADPA017,Section du nerf tympanique [de Jacobson] dans le cavum tympanique
ADPA018,"Vagotomie tronculaire avec gastrojéjunostomie, par laparotomie"
ADPA019,"Vagotomie suprasélective, par laparotomie"
ADPA020,"Décompression du nerf optique, par abord orbitaire"
ADPA021,"Décompression du nerf facial, par abord transmastoïdien et par abord suprapétreux"
ADPA022,"Vagotomie tronculaire, par laparotomie"
ADPA023,"Décompression du nerf optique, par abord transsinusien [transethmoïdal]"
ADPA024,"Vagotomie tronculaire avec antrectomie gastrique, par laparotomie"
ADPC001,"Vagotomie tronculaire, par coelioscopie"
ADPC002,"Vagotomie suprasélective, par coelioscopie"
ADPC003,"Vagotomie tronculaire postérieure avec séromyotomie oesogastrique antérieure, par coelioscopie"
ADPC004,"Vagotomie tronculaire, par thoracoscopie"
ADQB001,"Électromyographie de détection du muscle ptérygoïdien latéral, par électrode aiguille"
ADQB002,"Électromyographie [EMG] unilatérale ou bilatérale de détection du muscle releveur de la paupière supérieure et/ou des muscles oculomoteurs, par électrode aiguille"
ADQB003,Examen du nerf facial par stimulation électrique et détection clinique
ADQB007,Mesure du réflexe trigéminopalpébral [réflexe de clignement] [Blink test] et/ou du réflexe massétérin
ADQP002,Électrooculographie sensorielle [EOG sensorielle]
ADQP003,Électrooculographie motrice [EOG motrice]
ADQP004,Électroneurographie faciale
ADQP006,Électrogustométrie
ADQP007,"Électrorétinographie [ERG] par flash lumineux, avec mesure des amplitudes et latences des réponses, et étude des potentiels évoqués visuels [PEV]"
AEFA001,"Exérèse de lésion de la moelle épinière sur un étage vertébral, par abord postérieur"
AEFA002,"Exérèse de lésion de la moelle épinière sur plusieurs étages vertébraux, par abord postérieur"
AEFA003,"Exérèse de lésion du cône médullaire, par abord postérieur"
AEGA001,"Ablation d'électrode de stimulation de la moelle épinière, par abord direct"
AEGB001,"Ablation d'électrode de stimulation de la moelle épinière, par voie transcutanée"
AEJA001,"Parage et fermeture de plaie pénétrante vertébrospinale, par abord antérieur ou antérolatéral"
AEJA002,"Parage et fermeture de plaie pénétrante vertébrospinale avec ostéosynthèse vertébrale, par abord antérieur ou antérolatéral"
AEJA003,Évacuation d'hématome intraspinal [hématomyélie]
AEJA004,"Parage et fermeture de plaie pénétrante vertébrospinale, par abord postérieur"
AEJA005,"Parage et fermeture de plaie pénétrante vertébrospinale avec ostéosynthèse vertébrale, par abord postérieur"
AELA001,"Implantation d'électrode de stimulation de la moelle épinière à visée thérapeutique, par abord direct"
AELB001,"Implantation d'électrode de stimulation de la moelle épinière à visée thérapeutique par voie transcutanée, avec implantation souscutanée d'un générateur de stimulation neurologique"
AELB002,"Implantation d'électrode de stimulation de la moelle épinière à visée thérapeutique, par voie transcutanée"
AENA001,"Destruction sélective de la corne postérieure de la moelle épinière ou de la jonction radicellospinale, par abord postérieur"
AEPA001,"Libération de moelle attachée, par abord postérieur"
AEPA002,"Myélotomie, commissurotomie ou cordotomie spinale, par abord postérieur"
AEPA004,"Libération d'une diastématomyélie, par abord postérieur"
AEPB001,"Cordotomie spinale, par voie transcutanée"
AEQH001,Myélographie dorsale et/ou lombale
AEQH002,Myélographie cervicale
AEQM001,Échographie transcutanée de la moelle épinière
AFCA001,"Dérivation d'une cavité liquidienne intraspinale [syringomyélique] ou périspinale dans l'espace subarachnoïdien rachidien, par abord direct"
AFCA002,"Dérivation lombopéritonéale du liquide cérébrospinal subarachnoïdien rachidien, par abord direct"
AFCA003,"Dérivation d'une cavité liquidienne intraspinale [syringomyélique] ou périspinale en dehors de l'espace subarachnoïdien rachidien, par abord direct"
AFCA004,Dérivation externe du liquide cérébrospinal subarachnoïdien rachidien
AFFA001,"Exérèse de tumeur intradurale extraspinale sans reconstruction vertébrale, par abord antérieur ou antérolatéral"
AFFA002,"Exérèse de tumeur en sablier extracanalaire et intracanalaire vertébrale avec reconstruction vertébrale, par abord postérieur ou postérolatéral"
AFFA003,"Exérèse de tumeur en sablier extracanalaire et intracanalaire vertébrale sans reconstruction vertébrale, par abord postérieur ou postérolatéral"
AFFA004,"Exérèse de kyste méningé intracanalaire vertébral, par abord postérieur"
AFFA005,"Exérèse de tumeur épidurale rachidienne avec ostéosynthèse vertébrale, par abord postérieur"
AFFA006,Exérèse d'une fistule dermique avec prolongement intradural rachidien
AFFA007,"Exérèse de tumeur intradurale extraspinale, par abord postérieur ou postérolatéral"
AFFA008,"Exérèse de tumeur en sablier extracanalaire et intracanalaire vertébrale sans reconstruction vertébrale, par abord antérieur ou antérolatéral"
AFFA009,"Exérèse de tumeur intradurale extraspinale avec reconstruction vertébrale, par abord antérieur ou antérolatéral"
AFFA010,"Exérèse de tumeur épidurale rachidienne, par abord postérieur"
AFFA011,"Exérèse de tumeur en sablier extracanalaire et intracanalaire vertébrale avec reconstruction vertébrale, par abord antérieur ou antérolatéral"
AFGA001,Ablation d'un système diffuseur ou d'une pompe implanté souscutané et du cathéter péridural [épidural] ou intrathécal spinal
AFGA002,"Ablation d'une dérivation interne intraspinale du liquide cérébrospinal rachidien, par abord direct"
AFGA003,Ablation d'une pompe souscutanée à infusion continue et du cathéter péridural [épidural] ou intrathécal spinal
AFHB001,"Ponction de liquide cérébrospinal, par voie infraoccipitale ou latérocervicale transcutanée [Ponction sousoccipitale]"
AFHB002,"Ponction de liquide cérébrospinal, par voie lombale transcutanée [Ponction lombaire]"
AFJA001,"Évacuation d'hématome péridural [épidural] rachidien, par abord direct"
AFJA002,"Parage d'une épidurite et/ou d'une spondylodiscite sans reconstruction vertébrale, par abord direct"
AFJA003,"Évacuation d'hématome intradural rachidien, par abord direct"
AFJA004,"Évacuation d'hématome péridural [épidural] rachidien postopératoire, par abord direct"
AFJA005,"Parage d'une épidurite et/ou d'une spondylodiscite avec reconstruction vertébrale par greffe et/ou ostéosynthèse, par abord direct"
AFJB002,"Évacuation de liquide cérébrospinal, par voie transcutanée lombale"
AFKB001,Changement d'un cathéter intrathécal spinal relié à un système diffuseur ou une pompe implanté souscutané
AFKB002,Changement d'un cathéter péridural [épidural] relié à un système diffuseur ou à une pompe implanté souscutané
AFLA001,"Pose d'une pompe souscutanée à infusion continue, avec cathéter intrathécal spinal"
AFLA002,"Pose d'une pompe souscutanée à infusion continue, avec cathéter péridural [épidural] rachidien"
AFLA003,"Pose d'un cathéter intrathécal ou intrakystique spinal, avec pose d'un système diffuseur ou d'une pompe implantable souscutané"
AFLB001,Injection péridurale [épidurale] de sang autologue [Blood patch]
AFLB003,"Séance d'injection intrathécale d'agent pharmacologique anticancéreux, par voie transcutanée"
AFLB004,"Pose d'un cathéter intrathécal spinal par voie lombale transcutanée, avec mesure instantanée de la pression du liquide cérébrospinal et tests dynamiques"
AFLB006,"Injection thérapeutique intrathécale d'agent pharmacologique, par voie transcutanée sans guidage"
AFLB007,"Injection thérapeutique péridurale [épidurale] d'agent pharmacologique, sans guidage"
AFLB008,"Pose d'un cathéter péridural [épidural], avec pose d'un système diffuseur ou d'une pompe implantable souscutané"
AFLB009,"Pose d'un cathéter intrathécal spinal, sans pose de système diffuseur implantable souscutané"
AFLB010,Anesthésie rachidienne au cours d'un accouchement par voie basse
AFLF004,Séance d'administration intrathécale d'agent pharmacologique anticancéreux par un dispositif implanté
AFLF005,"Administration intrathécale ou intrakystique spinale d'agent pharmacologique au long cours par un dispositif implanté, par 24 heures"
AFLF006,"Administration péridurale [épidurale] d'agent pharmacologique au long cours par un dispositif implanté, par 24 heures"
AFLH001,"Injection thérapeutique péridurale [épidurale] d'agent pharmacologique, par voie transcutanée avec guidage radiologique"
AFLH002,"Injection thérapeutique intrathécale d'agent pharmacologique, par voie transcutanée avec guidage radiologique"
AFPA001,"Mise à plat de lésion infectieuse péridurale rachidienne et/ou paravertébrale postopératoire [sepsis], par abord direct"
AFQH001,Saccoradiculographie avec scanographie de la colonne vertébrale
AFQH002,Saccoradiculographie
AFSA001,"Fermeture d'un spina bifida avec myéloméningocèle, par abord postérieur"
AFSA002,"Fermeture d'un spina bifida avec méningocèle, par abord postérieur"
AFSA003,Fermeture d'une fistule de liquide cérébrospinal ou d'une méningocèle postopératoire spinale
AGLB001,"Injection péridurale [épidurale] d'agent pharmacologique à visée antalgique, avec évaluation diagnostique et pronostique"
AGMA001,"Réparation de perte de substance durale de plus de 10 cm² par greffe ou substitut, au cours d'une intervention intracrânienne ou intrarachidienne"
AGQC001,Endoscopie intradurale peropératoire
AGQP004,"Surveillance peropératoire des potentiels évoqués moteurs, sensoriels ou somesthésiques, pendant plus de 4 heures"
AGQP005,"Surveillance peropératoire des potentiels évoqués moteurs, sensoriels ou somesthésiques pendant 2 à 4 heures"
AGQP006,"Surveillance peropératoire des potentiels évoqués moteurs, sensoriels ou somesthésiques, pendant moins de 2 heures"
AHCA001,"Suture, autogreffe non pédiculée et/ou neurotisation du plexus brachial, par abord supraclaviculaire"
AHCA002,"Suture de plaies de 2 nerfs digitaux palmaires et d'une artère digitale palmaire, sur un rayon de la main"
AHCA003,"Suture de plaie de nerf à la cheville ou au pied, par abord direct"
AHCA004,"Suture de plaie du nerf fémoral [crural], par abord direct"
AHCA005,"Suture de plaie du nerf musculocutané, par abord direct"
AHCA006,"Suture de plaies du nerf médian et du nerf ulnaire au poignet, par abord direct"
AHCA007,"Suture de plaie d'un nerf cervicofacial, par abord direct"
AHCA008,"Suture de plaies du nerf médian et du nerf ulnaire au poignet avec suture de plaie de l'artère radiale ou de l'artère ulnaire, par abord direct"
AHCA009,"Suture de plaie du nerf radial au bras ou au coude, par abord direct"
AHCA010,"Suture de plaie du nerf sciatique à la cuisse, par abord direct"
AHCA011,"Suture de plaie du nerf tibial [sciatique poplité interne], par abord direct"
AHCA012,"Suture de plaie du nerf médian ou du nerf ulnaire au poignet avec suture de plaie de l'artère radiale ou de l'artère ulnaire, par abord direct"
AHCA013,"Suture de plaies de 2 nerfs digitaux palmaires, sur un rayon de la main"
AHCA014,"Suture, greffe et/ou neurotisation du plexus lombosacral, par abord direct"
AHCA015,"Suture de plaies d'un nerf digital palmaire et d'une artère digitale palmaire, sur un rayon de la main"
AHCA016,"Suture de plaie de nerf profond du membre supérieur en amont du poignet, par abord direct"
AHCA017,"Suture de plaies du nerf médian et du nerf ulnaire au poignet avec suture de plaies de l'artère radiale et de l'artère ulnaire, par abord direct"
AHCA018,"Suture de plaie du nerf médian ou du nerf ulnaire au poignet, par abord direct"
AHCA019,"Suture de plaie du nerf circonflexe, par abord direct"
AHCA020,"Suture, autogreffe non pédiculée et/ou neurotisation du plexus brachial, par abord supraclaviculaire et par abord infraclaviculaire"
AHCA021,"Suture de plaie du nerf fibulaire commun [sciatique poplité externe], par abord direct"
AHCA022,"Suture, autogreffe non pédiculée et/ou neurotisation du plexus brachial, par abord infraclaviculaire"
AHCA023,"Suture de plaie d'un nerf digital palmaire, sur un rayon de la main"
AHEA001,"Autogreffe pédiculée d'un nerf spinal profond, par abord direct"
AHEA002,"Autogreffe du nerf musculocutané, par abord direct"
AHEA003,"Autogreffe nerveuse à la cheville ou au pied, par abord direct"
AHEA004,"Autogreffe du nerf médian à l'avant-bras, par abord direct"
AHEA005,"Autogreffe du nerf médian et du nerf ulnaire au poignet, par abord direct"
AHEA006,"Autogreffe du nerf sciatique à la cuisse, par abord direct"
AHEA007,"Neurotisation d'un nerf spinal profond sans libération nerveuse, par abord direct"
AHEA008,"Autogreffe du nerf médian ou du nerf ulnaire au poignet, par abord direct"
AHEA009,"Autogreffe du nerf tibial [sciatique poplité interne] ou du nerf fibulaire commun [sciatique poplité externe], par abord direct"
AHEA010,"Autogreffe du nerf circonflexe, par abord direct"
AHEA011,"Autogreffe du nerf ulnaire à l'avant-bras, par abord direct"
AHEA012,"Autogreffe d'un nerf cervicofacial, par abord direct"
AHEA013,"Autogreffe du nerf fémoral [crural], par abord direct"
AHEA014,"Autogreffe du nerf radial, par abord direct"
AHEA015,"Neurotisation d'un nerf spinal profond avec libération nerveuse, par abord direct"
AHEA016,"Autogreffe nerveuse à la main, par abord direct"
AHEA017,"Autogreffe du nerf sciatique à la fesse, par abord direct"
AHEA018,"Autogreffe pédiculée du plexus brachial, par abord supraclaviculaire et par abord infraclaviculaire"
AHFA001,"Exérèse de tumeur d'un nerf spinal avec réparation immédiate, par abord direct"
AHFA002,"Exérèse de tumeur nerveuse cervicale superficielle, par cervicotomie"
AHFA003,"Exérèse de lésion de la queue de cheval étendue sur plusieurs étages vertébraux [lésion géante de la queue de cheval], par abord postérieur"
AHFA004,"Exérèse de tumeur d'un nerf spinal sans réparation immédiate, par abord direct"
AHFA005,"Résection du nerf présacral, par laparotomie"
AHFA007,"Exérèse de lésion de la queue de cheval sur un étage vertébral, par abord postérieur"
AHFA008,"Exérèse de tumeur du plexus brachial ou du plexus lombosacral avec réparation immédiate, par abord direct"
AHFA009,Prélèvement peropératoire d'autogreffe nerveuse sur un membre différent du membre opéré
AHFA010,"Exérèse de tumeur nerveuse cervicale profonde, par cervicotomie"
AHFA011,"Exérèse de tumeur nerveuse cervicale profonde, par cervicotomie et par thoracotomie"
AHFA012,"Exérèse de lipome de la queue de cheval avec fermeture de méningocèle ou de myéloméningocèle, par abord postérieur"
AHHA001,"Biopsie de nerf périphérique, par abord direct"
AHHA002,"Biopsie neuromusculaire, par abord direct"
AHHB001,"Biopsie de nerf périphérique, par voie transcutanée"
AHLB001,Bloc anesthésique continu du plexus brachial
AHLB002,"Infiltration thérapeutique de nerf superficiel d'un membre, avec stimulodétection électrique"
AHLB003,Infiltration thérapeutique unilatérale ou bilatérale du nerf grand occipital [grand nerf occipital d'Arnold]
AHLB004,"Infiltration thérapeutique d'un nerf profond dans un canal ostéofibreux, sans guidage"
AHLB005,"Infiltration anesthésique de tronc nerveux profond avec évaluation diagnostique et pronostique, sans guidage"
AHLB006,Infiltration thérapeutique du nerf médian dans le canal carpien
AHLB007,"Infiltration anesthésique de tronc nerveux superficiel avec évaluation diagnostique et pronostique, sans stimulodétection électrique"
AHLB008,"Infiltration anesthésique du plexus brachial, avec évaluation diagnostique et pronostique"
AHLB009,Bloc anesthésique continu d'un nerf profond d'un membre
AHLB010,"Infiltration thérapeutique de nerf de la paroi du tronc, avec stimulodétection"
AHLB011,"Infiltration thérapeutique de nerf spinal à l'émergence rachidienne, sans guidage"
AHLB012,"Infiltration thérapeutique de nerf profond d'un membre, sans guidage"
AHLB013,"Bloc anesthésique continu du plexus lombosacral, sans guidage"
AHLB014,"Infiltration thérapeutique de nerf superficiel d'un membre, sans stimulodétection électrique"
AHLB015,"Infiltration thérapeutique de nerf de la paroi du tronc, sans stimulodétection"
AHLB016,Infiltration thérapeutique du plexus brachial
AHLB017,"Infiltration anesthésique de tronc nerveux superficiel avec évaluation diagnostique et pronostique, avec stimulodétection électrique"
AHLH001,"Infiltration anesthésique de nerf spinal à son émergence rachidienne avec évaluation diagnostique et pronostique, avec guidage radiologique"
AHLH002,"Infiltration thérapeutique du plexus lombosacral, avec guidage radiologique"
AHLH003,"Infiltration thérapeutique du plexus lombosacral, avec guidage scanographique"
AHLH004,"Infiltration thérapeutique de nerf pelvien profond, avec guidage scanographique"
AHLH005,"Infiltration anesthésique du plexus lombosacral avec évaluation diagnostique et pronostique, avec guidage scanographique"
AHLH006,"Infiltration thérapeutique de nerf profond d'un membre, avec guidage radiologique"
AHLH007,"Infiltration thérapeutique de nerf spinal à l'émergence rachidienne, avec guidage scanographique"
AHLH008,"Infiltration anesthésique unilatérale ou bilatérale du nerf grand occipital [d'Arnold] avec évaluation diagnostique et pronostique, avec guidage radiologique"
AHLH009,"Infiltration anesthésique de tronc nerveux profond avec évaluation diagnostique et pronostique, avec guidage radiologique"
AHLH010,"Infiltration thérapeutique de nerf pelvien profond, avec guidage radiologique"
AHLH011,"Infiltration anesthésique de branche dorsale de nerf spinal avec évaluation diagnostique et pronostique, avec guidage radiologique"
AHLH012,"Bloc anesthésique continu d'un nerf spinal à son émergence rachidienne, avec guidage radiologique"
AHLH013,"Bloc anesthésique continu d'un nerf spinal à son émergence rachidienne, avec guidage scanographique"
AHLH014,"Infiltration thérapeutique de nerf spinal à l'émergence rachidienne, avec guidage radiologique"
AHLH015,"Infiltration thérapeutique d'un nerf profond dans un canal ostéofibreux, avec guidage scanographique"
AHLH016,"Infiltration anesthésique du plexus lombosacral avec évaluation diagnostique et pronostique, avec guidage radiologique"
AHLH017,"Infiltration thérapeutique de rameau dorsal de nerf spinal, avec guidage scanographique"
AHLH018,"Infiltration thérapeutique de rameau dorsal de nerf spinal, avec guidage radiologique"
AHLH019,"Bloc anesthésique continu du plexus lombosacral, avec guidage scanographique"
AHLH020,"Infiltration anesthésique de tronc nerveux profond avec évaluation diagnostique et pronostique, avec guidage scanographique"
AHNB001,"Destruction de nerf de la paroi du tronc, par voie transcutanée"
AHNB002,"Destruction sélective unilatérale ou bilatérale du nerf grand occipital [grand nerf occipital d'Arnold], par voie transcutanée"
AHNH001,"Destruction du rameau dorsal d'un nerf spinal, par voie transcutanée avec guidage radiologique"
AHNH002,"Destruction du rameau dorsal d'un nerf spinal, par voie transcutanée avec guidage scanographique"
AHPA001,"Libération de nerf à la cheville et/ou au pied, par abord direct"
AHPA002,"Libération du plexus lombosacral, par abord direct"
AHPA003,"Section de nerf spinal profond avec déroutement, par abord direct"
AHPA004,"Libération du plexus brachial avec scalénotomie, par abord supraclaviculaire"
AHPA005,"Libération du plexus brachial avec scalénotomie et ablation de côte cervicale, par abord supraclaviculaire"
AHPA006,"Libération du plexus brachial, par abord supraclaviculaire et par abord infraclaviculaire"
AHPA007,"Neurotomie ou neurectomie intrafasciculaire ou extrafasciculaire des troncs et/ou des rameaux moteurs au membre supérieur, pour hyponeurotisation"
AHPA008,"Libération du nerf tibial [sciatique poplité interne] à la jambe et/ou au canal calcanéen, par abord direct"
AHPA009,"Libération du nerf médian au canal carpien, par abord direct"
AHPA010,"Libération du nerf fibulaire commun [sciatique poplité externe] au genou, par abord direct"
AHPA011,"Libération ou résection d'un nerf digital plantaire, par abord direct"
AHPA012,"Libération du nerf supraclaviculaire et/ou de ses branches, par abord direct"
AHPA013,"Libération du nerf musculocutané, par abord direct"
AHPA014,"Libération de nerf de la paroi du tronc, par abord direct"
AHPA015,"Neurotomie ou neurectomie intrafasciculaire ou extrafasciculaire des troncs ou des rameaux moteurs au membre inférieur, pour hyponeurotisation"
AHPA016,"Libération du nerf circonflexe, par abord direct"
AHPA017,"Libération du nerf fémoral [crural], du nerf sciatique et/ou de leurs branches à la racine du membre inférieur ou à la cuisse, par abord direct"
AHPA018,"Section de nerf spinal superficiel avec déroutement, par abord direct"
AHPA019,"Section, résection ou destruction de nerf spinal superficiel, par abord direct"
AHPA020,"Libération du plexus brachial, par abord infraclaviculaire"
AHPA021,"Libération du nerf ulnaire au poignet et/ou à la main, par abord direct"
AHPA022,"Libération du nerf ulnaire au coude, par abord direct"
AHPA023,"Libération du nerf radial au coude, par abord direct"
AHPA024,"Libération de nerf spinal superficiel des membres, par abord direct"
AHPA025,"Radicotomie spinale, par abord postérieur"
AHPA026,"Dénervation complète du poignet, par abord direct"
AHPC001,"Libération du nerf médian au canal carpien, par vidéochirurgie"
AHQB001,"Électromyographie, au lit du malade"
AHQB002,Électromyographie analytique du périnée avec étude de la latence du réflexe bulbocaverneux et des potentiels évoqués somesthésiques cérébraux par stimulation du nerf pudendal [nerf honteux]
AHQB003,"Électromyographie analytique du périnée avec étude de la latence motrice du nerf pudendal [nerf honteux], par électrode aiguille"
AHQB004,Mesure des vitesses de conduction sensitive du nerf dorsal du pénis
AHQB006,"Macroélectromyographie, par électrode aiguille"
AHQB007,"Électromyographie de stimulodétection peropératoire, pendant 2 à 4 heures"
AHQB008,Électromyographie analytique du périnée par électrode aiguille
AHQB009,Mesure des vitesses de la conduction sensitive et de l'amplitude du potentiel sensitif de plus de 4nerfs
AHQB010,"Mesure des vitesses de conduction motrice et de l'amplitude des réponses musculaires de plus de 4 nerfs, sans étude de la conduction proximale"
AHQB011,Mesure des vitesses de la conduction sensitive et de l'amplitude du potentiel sensitif de 2 à 4 nerfs
AHQB012,"Électromyographie de stimulodétection peropératoire, pendant moins de 2 heures"
AHQB013,"Électromyographie de 7 muscles striés ou plus au repos et à l'effort, par électrode aiguille"
AHQB014,Mesure du réflexe nociceptif R III
AHQB015,"Électromyographie de fibre unique, par électrode aiguille"
AHQB016,"Électromyographie analytique du périnée, avec étude des latences des réflexes sacraux, de la vitesse de conduction sensitive du nerf dorsal du pénis, des potentiels évoqués somesthésiques cérébraux et des réponses cutanées sympathiques périnéales"
AHQB017,"Électromyographie de stimulodétection peropératoire, pendant plus de 4 heures"
AHQB018,"Mesure des réflexes nociceptifs spinaux d'au moins 2 nerfs, avec mesure des latences et des amplitudes"
AHQB019,Mesure des latences des réflexes sacraux
AHQB020,"Électromyographie de fibre unique du périnée avec étude de 20 paires de fibres, par électrode aiguille"
AHQB021,"Macroélectromyographie de fibre unique du périnée avec étude de 20 paires de fibres, par électrode aiguille"
AHQB022,"Mesure des vitesses de conduction motrice et de l'amplitude des réponses musculaires de plus de 4 nerfs, avec étude de la conduction proximale sur au moins 4 nerfs"
AHQB023,"Mesure des vitesses de conduction motrice et de l'amplitude des réponses musculaires de 2 à 4 nerfs, avec étude de la conduction proximale sur au moins 2 nerfs"
AHQB024,"Électromyographie de 3 à 6 muscles striés au repos et à l'effort sans stimulodétection, par électrode aiguille"
AHQB025,"Électromyographie de 1 ou 2 muscles striés au repos et à l'effort avec stimulodétection, par électrode aiguille"
AHQB026,"Électromyographie de 3 à 6 muscles striés au repos et à l'effort avec stimulodétection, par électrode aiguille"
AHQB027,"Électromyographie de 1 ou 2 muscles striés au repos et à l'effort sans stimulodétection, par électrode aiguille"
AHQB028,"Électromyographie analytique du périnée avec étude des latences des réflexes sacraux, par électrode aiguille"
AHQB029,Mesure des réflexes H et/ou T
AHQB030,"Électromyographie du diaphragme par électrodes aiguilles, sans épreuve de stimulation du nerf phrénique"
AHQB031,"Électromyographie du diaphragme par électrodes aiguilles, avec épreuve de stimulation du nerf phrénique"
AHQD001,"Électromyographie analytique du périnée, avec étude des latences des réflexes sacraux et des latences distales du nerf pudendal [nerf honteux] par stimulation intrarectale"
AHQD002,"Électromyographie analytique du périnée, avec étude des latences des réflexes sacraux, des latences distales du nerf pudendal [nerf honteux] par stimulation intrarectale et des potentiels évoqués somesthésiques cérébraux par stimulation du nerf pudendal"
AHQD003,"Mesure des latences distales du nerf pudendal [nerf honteux], par stimulation intrarectale"
AHQE001,"Électromyographie de la paroi de la vessie [du détrusor], par endoscopie"
AHQE002,"Électromyographie de détection des muscles du larynx par électrode aiguille, par laryngoscopie"
AHQH001,Myélographie avec scanographie de la colonne vertébrale [Myéloscanner]
AHQP001,"Électromyographie par électrode de surface, sans enregistrement vidéo"
AHQP002,"Électromyographie par électrode de surface, avec enregistrement vidéo"
AHQP003,"Mesure des vitesses de conduction motrice et de l'amplitude des réponses musculaires de 2 à 4 nerfs, sans étude de la conduction proximale"
AHQP004,Enregistrement des potentiels moteurs par stimulation corticale et/ou spinale
AHQP005,"Électromyographie du diaphragme par électrodes de surface, sans épreuve de stimulation du nerf phrénique"
AHQP006,Électromyographie de détection des muscles du larynx par électrode externe
AHQP007,"Électromyographie du diaphragme par électrodes de surface, avec épreuve de stimulation du nerf phrénique"
AHRP001,Épreuve de stimulation répétitive d'au moins 2 nerfs pour recherche de bloc de la jonction neuromusculaire
AJFA001,"Sympathectomie lombale, par laparotomie"
AJFA002,"Sympathectomie des artères métacarpiennes et digitales, par abord direct"
AJFA003,"Sympathectomie cervicothoracique ou thoracique, par thoracotomie"
AJFC001,"Sympathectomie lombale, par coelioscopie ou par rétropéritonéoscopie"
AJFC002,"Sympathectomie cervicothoracique ou thoracique, par thoracoscopie"
AJLB001,"Infiltration thérapeutique du ganglion cervicothoracique [stellaire], sans guidage"
AJLB002,"Infiltration anesthésique du ganglion cervicothoracique [stellaire], avec évaluation diagnostique et pronostique"
AJLF001,"Bloc sympathique médicamenteux périphérique, par injection intraveineuse transcutanée sous garrot ischémique"
AJLH001,"Infiltration anesthésique de la chaîne sympathique lombale avec évaluation diagnostique et pronostique, avec guidage scanographique"
AJLH002,"Infiltration anesthésique du plexus hypogastrique ou sacral avec évaluation diagnostique et pronostique, avec guidage radiologique"
AJLH003,"Infiltration thérapeutique du plexus hypogastrique ou sacral, avec guidage radiologique"
AJLH004,"Infiltration anesthésique du ganglion ptérygopalatin avec évaluation diagnostique et pronostique, avec guidage radiologique"
AJLH005,"Bloc anesthésique continu de la chaîne sympathique lombale, avec guidage radiologique"
AJLH006,"Infiltration anesthésique des nerfs splanchniques avec évaluation diagnostique et pronostique, avec guidage radiologique"
AJLH007,"Infiltration anesthésique du plexus coeliaque avec évaluation diagnostique et pronostique, avec guidage radiologique"
AJLH008,"Infiltration thérapeutique du plexus hypogastrique ou sacral, avec guidage scanographique"
AJLH009,"Infiltration thérapeutique de la chaîne sympathique lombale, avec guidage scanographique"
AJLH010,"Infiltration anesthésique du plexus hypogastrique ou sacral avec évaluation diagnostique et pronostique, avec guidage scanographique"
AJLH011,"Bloc anesthésique continu du plexus coeliaque et/ou de la chaîne splanchnique, avec guidage scanographique"
AJLH012,"Infiltration anesthésique du ganglion ptérygopalatin avec évaluation diagnostique et pronostique, avec guidage scanographique"
AJLH013,"Bloc anesthésique continu de la chaîne sympathique lombale, avec guidage scanographique"
AJLH014,"Infiltration anesthésique de la chaîne sympathique thoracique avec évaluation diagnostique et pronostique, avec guidage radiologique"
AJLH015,"Infiltration anesthésique de la chaîne sympathique lombale avec évaluation diagnostique et pronostique, avec guidage radiologique"
AJLH016,"Infiltration thérapeutique de la chaîne sympathique lombale, avec guidage radiologique"
AJLH017,"Infiltration thérapeutique du plexus coeliaque et/ou de la chaîne splanchnique, avec guidage scanographique"
AJLH018,"Infiltration anesthésique de la chaîne sympathique thoracique avec évaluation diagnostique et pronostique, avec guidage scanographique"
AJLH019,"Infiltration thérapeutique du ganglion ptérygopalatin, avec guidage radiologique"
AJLH020,"Infiltration thérapeutique du ganglion cervicothoracique [stellaire], avec guidage radiologique"
AJLJ001,"Infiltration anesthésique des nerfs splanchniques avec évaluation diagnostique et pronostique, avec guidage échographique"
AJLJ002,"Infiltration thérapeutique transgastrique des nerfs splanchniques, avec guidage échoendoscopique"
AJLJ003,"Infiltration anesthésique du plexus coeliaque avec évaluation diagnostique et pronostique, avec guidage échographique"
AJNH001,"Destruction chimique de la chaîne sympathique cervicale ou thoracique, par voie transcutanée avec guidage scanographique"
AJNH002,"Destruction chimique de la chaîne sympathique cervicale ou thoracique, par voie transcutanée avec guidage radiologique"
AJNH003,"Destruction chimique de la chaîne ganglionnaire sympathique lombale, par voie transcutanée avec guidage radiologique"
AJNH004,"Destruction chimique de la chaîne ganglionnaire sympathique lombale, par voie transcutanée avec guidage scanographique"
AJNH005,"Destruction chimique du ganglion ptérygopalatin, par voie transcutanée avec guidage radiologique"
AJNH006,"Destruction chimique du plexus hypogastrique ou sacral, par voie transcutanée avec guidage radiologique"
AJNH007,"Destruction chimique du plexus hypogastrique ou sacral, par voie transcutanée avec guidage scanographique"
AJNH008,"Destruction chimique du plexus coeliaque et/ou de la chaîne splanchnique, par voie transcutanée avec guidage scanographique"
AJNH009,"Thermocoagulation du ganglion cervicothoracique [stellaire], par voie transcutanée avec guidage radiologique"
AJNJ001,"Destruction chimique du plexus coeliaque et/ou de la chaîne splanchnique, par voie transcutanée avec guidage échographique"
AJQP001,Mesure des réponses cutanées sympathiques par électrode de surface
ALQP001,Enregistrement des potentiels évoqués cognitifs événementiels
ALRP001,Test d'évaluation de l'efficience intellectuelle de l'enfant
ALRP002,Test d'évaluation d'une dépression
ALRP003,Test d'évaluation des aspects psychopathologiques de la personnalité
ALRP004,Test d'évaluation de l'efficience intellectuelle de l'adulte
ALRP005,Test d'évaluation d'un déficit cognitif
AMQP001,"Polysomnographie de sieste, sans enregistrement vidéo"
AMQP002,"Hypnographie de 12 à 24 heures, sans enregistrement vidéo"
AMQP003,"Polysomnographie de sieste, avec enregistrement vidéo"
AMQP004,"Hypnographie de 8 à 12 heures, avec enregistrement vidéo"
AMQP005,"Polysomnographie nocturne, avec enregistrement vidéo"
AMQP006,"Hypnographie de 12 à 24 heures, avec enregistrement vidéo"
AMQP007,"Hypnographie de 8 à 12 heures, sans enregistrement vidéo"
AMQP008,"Polysomnographie nocturne, sans enregistrement vidéo"
AMQP009,Évaluation diurne de la vigilance ou de l'endormissement par épreuves itératives
ANLB002,Pose d'une stimulation électrique externe à visée antalgique
ANLB003,Séance de mésothérapie à visée antalgique
ANLB004,"Injection intrathécale d'agent pharmacologique à visée antalgique, avec évaluation diagnostique et pronostique"
ANMP001,Mise en place et surveillance d'une analgésie contrôlée par le patient [ACP] [PAC]
ANQP001,Enregistrement des potentiels évoqués somesthésiques cérébraux par stimulation du nerf trijumeau
ANQP002,Enregistrement des potentiels évoqués somesthésiques cérébraux par stimulation des nerfs pudendaux [nerfs honteux]
ANQP003,Esthésiométrie qualitative et quantitative
ANQP004,Enregistrement des potentiels évoqués somesthésiques cérébraux par stimulation bilatérale d'un ou de 2 nerfs des membres supérieurs ou inférieurs
ANQP005,"Enregistrement des potentiels évoqués nociceptifs avec mesure des amplitudes et des latences des réponses corticales, par stimulation au laser"
ANQP006,Enregistrement des potentiels évoqués somesthésiques cérébraux par stimulation bilatérale de 3 nerfs ou plus des membres supérieurs et inférieurs
ANRB001,Séance d'acupuncture à visée antalgique
ANRP001,Séance d'hypnose à visée antalgique
AZMP001,Préparation à une irradiation externe du névraxe [irradiation craniospinale]
AZMP002,Réglage secondaire ou reprogrammation transcutané d'un générateur souscutané de stimulation du système nerveux central
AZNL001,Séance d'irradiation externe du névraxe [irradiation craniospinale]
AZQP001,Actimétrie de longue durée
AZQP002,"Enregistrement de potentiels évoqués, au lit du malade"
AZRP001,Séance d'électroconvulsivothérapie [sismothérapie]
BAAA001,"Allongement du muscle releveur de la paupière supérieure et/ou section de sa lame profonde [muscle de Müller], avec interposition de matériau inerte ou autogreffe"
BAAA002,"Allongement du muscle releveur de la paupière supérieure et/ou section de sa lame profonde [muscle de Müller], sans interposition de matériau inerte ni autogreffe"
BABA001,Raccourcissement du muscle releveur de la paupière supérieure
BACA001,"Suture de plaies cutanées multiples unilatérales ou bilatérales des paupières avec atteinte du bord libre, du tarse et/ou du muscle releveur de la paupière supérieure, avec repositionnement du ligament palpébral"
BACA002,"Suture d'une plaie cutanée d'une paupière, sans atteinte du bord libre"
BACA003,Suture partielle ou totale des bords libres des paupières supérieure et inférieure
BACA004,Ouverture partielle ou totale de blépharorraphie ou de tarsorraphie
BACA005,"Suture d'une plaie cutanée d'une paupière, avec atteinte du bord libre"
BACA006,"Suture de plaies cutanées multiples unilatérales ou bilatérales des paupières avec atteinte du bord libre, du tarse et/ou du muscle releveur de la paupière supérieure, sans repositionnement du ligament palpébral"
BACA007,"Suture de plaies cutanées multiples unilatérales ou bilatérales des paupières, sans atteinte du bord libre"
BACA008,Suture de plaie du sourcil
BADA001,Canthopexie médiale pour dystopie traumatique
BADA002,"Suspension bilatérale de la paupière supérieure au muscle frontal, avec autogreffe"
BADA003,Canthopexie latérale
BADA004,"Suspension de la paupière supérieure au muscle frontal, sans autogreffe"
BADA005,Canthopexie médiale pour dystopie congénitale
BADA006,"Suspension unilatérale de la paupière supérieure au muscle frontal, avec autogreffe"
BADA007,Fixation du sourcil au rebord supraorbitaire
BAEA001,"Repositionnement du bord libre de la paupière, sans autogreffe ni lambeau"
BAEA002,"Repositionnement du bord libre de la paupière, avec autogreffe ou lambeau"
BAFA001,Résection du muscle orbiculaire de l'oeil
BAFA002,"Exérèse transfixiante de lésion d'une paupière, avec libération du canthus latéral"
BAFA003,Résection cutanée suprasourcilière bilatérale
BAFA004,Résection de la lame profonde du muscle releveur de la paupière supérieure [muscle de Müller] et/ou résection tarsoconjonctivale
BAFA005,Exérèse non transfixiante de lésions multiples unilatérales de paupière
BAFA006,Exérèse non transfixiante d'une lésion d'une paupière
BAFA007,"Résection unilatérale cutanée, musculaire et/ou graisseuse au niveau des paupières, par abord cutané"
BAFA008,"Résection bilatérale cutanée, musculaire et/ou graisseuse au niveau des paupières supérieures, par abord cutané"
BAFA009,"Résection bilatérale cutanée, musculaire et/ou graisseuse au niveau des paupières, par abord cutané"
BAFA010,Exérèse de lésion souscutanée du sourcil
BAFA011,"Résection bilatérale cutanée, musculaire et/ou graisseuse au niveau des paupières inférieures, par abord cutané"
BAFA012,Exérèse de lésion cutanée du sourcil
BAFA013,Exérèse de chalazion
BAFA014,"Exérèse transfixiante de lésion d'une paupière, sans libération du canthus latéral"
BAFA015,"Résection cutanée, musculaire et/ou graisseuse au niveau d'une paupière, par abord cutané"
BAFA016,"Résection graisseuse unilatérale des paupières, par abord conjonctival"
BAFA017,"Résection graisseuse bilatérale des paupières, par abord conjonctival"
BAFA018,Résection cutanée suprasourcilière unilatérale
BAFA019,Exérèse d'un kyste de la queue du sourcil
BAGA001,Ablation secondaire de corps étranger de la paupière
BAHA001,Biopsie unilatérale ou bilatérale de paupière
BALB001,Séance d'injection unilatérale ou bilatérale de toxine botulique au niveau des paupières
BAMA001,"Réparation de perte de substance de la paupière inférieure par lambeau frontal, avec autogreffe muqueuse ou chondromuqueuse"
BAMA002,Canthoplastie médiale avec rétablissement de la continuité des voies lacrymales
BAMA003,"Plastie en Z de la paupière pour correction de l'épicanthus, sans autogreffe de peau"
BAMA004,Réparation de perte de substance cutanée de la paupière par lambeau local ou autogreffe
BAMA005,Reconstruction d'un sourcil par autogreffe de cuir chevelu ou de sourcil opposé
BAMA006,Correction de la lagophtalmie par une technique autre qu'un transfert de muscle temporal
BAMA007,"Plastie en Z bilatérale de la paupière pour correction de l'épicanthus, avec autogreffe de peau"
BAMA008,"Réparation de perte de substance de la paupière supérieure par lambeau palpébral inférieur, avec réparation de la zone de prélèvement par lambeau cutané et autogreffe muqueuse ou chondromuqueuse"
BAMA009,Canthoplastie latérale
BAMA010,Réparation de perte de substance de la paupière inférieure par lambeau de rotation temporojugal
BAMA011,Reconstruction d'un sourcil par lambeau pédiculé de cuir chevelu ou de sourcil opposé
BAMA012,"Reconstruction du bord libre de la paupière avec repositionnement des cils, sans autogreffe ni lambeau"
BAMA013,"Réparation de perte de substance de la paupière inférieure par lambeau régional, avec autogreffe"
BAMA014,Correction de la lagophtalmie par transfert de muscle temporal
BAMA015,"Réparation de perte de substance de la paupière supérieure par lambeau palpébral inférieur, avec réparation de la zone de prélèvement par suture directe"
BAMA016,"Reconstruction du bord libre de la paupière avec repositionnement des cils, avec autogreffe ou lambeau"
BAMA017,Reformation du pli palpébral supérieur
BAMA018,"Réparation de perte de substance de la paupière supérieure par lambeau palpébral inférieur, avec réparation de la zone de prélèvement par lambeau cutané"
BAMA019,Réparation de perte de substance de la paupière par autogreffe composée
BAMA020,Canthoplastie médiale sans rétablissement de la continuité des voies lacrymales
BAMB001,Séance de réfection de l'aspect du sourcil par dermopigmentation
BANP001,Destruction de lésions multiples unilatérales ou bilatérales des paupières avec laser
BANP002,Séance de dermabrasion des paupières et de la région périorbitaire
BANP003,Destruction d'une lésion d'une paupière avec laser
BANP004,Séance d'épilation ciliaire électrique unilatérale ou bilatérale
BANP005,Séance de dermabrasion [resurfacing] des paupières par laser
BAPA001,Section du pédicule [Sevrage] d'un lambeau hétéropalpébral
BAPA002,Incision unilatérale ou bilatérale de collection de paupière
BAPA003,"Désinsertion musculaire sans autogreffe, pour correction de rétraction de la paupière inférieure"
BAPA004,Canthotomie latérale
BAPA005,"Désinsertion musculaire avec autogreffe, pour correction de rétraction de la paupière inférieure"
BAQP001,Examen fonctionnel de la motricité palpébrale avec épreuves pharmacologiques
BASA001,Fermeture de colobome palpébral
BBCA001,Laco-dacryo-cysto-rhinostomie sans laser
BBCA002,Laco-dacryo-cysto-rhinostomie avec laser
BBCA003,"Dacryo-cysto-rhinostomie [DCR], par abord facial"
BBCE001,"Dacryo-cysto-rhinostomie [DCR], par endoscopie nasale"
BBFA001,Exérèse totale de la glande lacrymale avec ostéotomie
BBFA002,Exérèse et/ou plastie d'un point lacrymal
BBFA003,Exérèse du sac lacrymal
BBFA004,Exérèse totale de la glande lacrymale sans ostéotomie
BBGA001,"Ablation de corps étranger des voies lacrymales, par abord direct"
BBHA001,Biopsie de glande lacrymale
BBHA002,Biopsie de sac lacrymal
BBJD001,Lavage des voies lacrymales
BBLA001,Pose de pompe à larmes
BBLD001,Intubation bicanaliculaire homolatérale des voies lacrymales
BBLD002,Pose d'obturateur ou de clou-trou méatique sur un point lacrymal
BBLD003,Sondage des voies lacrymales
BBLD004,Intubation monocanaliculaire unilatérale ou bilatérale des voies lacrymales
BBMA001,Rétablissement de la continuité des canalicules lacrymaux pour sténose
BBMA002,Rétablissement de la continuité des canalicules lacrymaux pour rupture
BBMA003,"Rétablissement de la continuité des canalicules lacrymaux pour sténose, avec intubation canaliculaire"
BBMA004,"Rétablissement de la continuité des canalicules lacrymaux pour rupture, avec intubation canaliculaire"
BBPA001,Incision ou exérèse partielle de la glande lacrymale
BBPB001,Incision des points et/ou des canalicules lacrymaux
BBPB002,Incision du sac lacrymal
BBQE001,Endoscopie des voies lacrymales
BBQH001,Lacrymo-dacryo-cystographie unilatérale ou bilatérale
BBQL001,Scintigraphie unilatérale ou bilatérale des voies lacrymales
BBQP001,Exploration fonctionnelle des flux lacrymaux
BBSP001,"Fermeture d'un point lacrymal, par cautérisation ou avec laser"
BCBP001,Recouvrement conjonctival partiel ou total de la cornée
BCCA001,Suture de plaie de la conjonctive
BCFA001,"Exérèse de ptérygion récidivant, avec greffe lamellaire unique de cornée"
BCFA002,"Exérèse de ptérygion récidivant, avec greffes lamellaires multiples de cornée"
BCFA003,"Exérèse primitive de ptérygion, avec autogreffe de conjonctive ou de muqueuse"
BCFA004,"Exérèse de lésion de la conjonctive, avec autogreffe de muqueuse"
BCFA005,"Exérèse de ptérygion récidivant, avec autogreffe de conjonctive ou de muqueuse"
BCFA006,"Exérèse de ptérygion récidivant, sans autogreffe"
BCFA007,"Exérèse primitive de ptérygion, avec greffe lamellaire de cornée"
BCFA008,"Exérèse de lésion de la conjonctive, sans autogreffe"
BCFA009,"Exérèse primitive de ptérygion, sans autogreffe"
BCHA001,Biopsie de la conjonctive
BCHP001,Empreintes diagnostiques sur la conjonctive oculaire
BCLA001,Autohémothérapie ou libération d'adhérence subconjonctivale après opération fistulisante
BCLB001,Injection subconjonctivale ou subtenonienne unilatérale ou bilatérale d'agent pharmacologique
BCMA001,Conjonctivoplastie par autogreffe de conjonctive ou de muqueuse
BCNP001,Destruction de lésion de la conjonctive par agent physique
BCPA001,Incision de la conjonctive
BCPA002,"Libération de symblépharon, avec autogreffe de conjonctive ou de muqueuse"
BCPA003,"Désinsertion de la conjonctive oculaire au limbe [Péritomie], avec autogreffe muqueuse"
BCPA004,"Libération de symblépharon, sans autogreffe"
BCPA005,"Désinsertion de la conjonctive oculaire au limbe [Péritomie], sans autogreffe"
BCQP001,Capillaroscopie conjonctivale
BDCA001,Suture d'une plaie non linéaire de la cornée
BDCA002,Suture de plaies multiples unilatérales ou bilatérales de la cornée
BDCA003,Suture d'une plaie linéaire non transfixiante de la cornée
BDCA004,Suture d'une plaie linéaire transfixiante de la cornée
BDCB001,"Microponctions [Micropunctures] mécaniques antérieures de la cornée, à visée thérapeutique"
BDEA001,Kératophakie ou épikératophakie
BDFA001,Exérèse de tumeur du limbe de la cornée avec greffe de cornée
BDFA002,Kératectomie lamellaire
BDFA003,Exérèse de tumeur du limbe de la cornée sans greffe de cornée
BDFA004,Excision de fistule du limbe de la cornée
BDFA005,Kératomileusis sans laser
BDFA006,"Prélèvement unilatéral ou bilatéral de cornée avec collerette sclérale sur un sujet décédé, avec pose de prothèse"
BDFA007,"Prélèvement unilatéral ou bilatéral de cornée avec collerette sclérale au cours d'un prélèvement multiorgane sur un sujet en état de mort encéphalique, avec pose de prothèse"
BDFL001,Exérèse de tumeur du limbe de la cornée avec implantation de source de rayonnement
BDFP001,Photokératectomie réfractive [de confort] avec laser excimère
BDFP002,Photokératectomie avec laser excimère
BDFP003,Kératomileusis in situ avec laser excimère
BDGA001,Ablation d'un corps étranger superficiel de la cornée
BDGA002,Ablation de corps étrangers profonds [stromaux] multiples unilatéraux ou bilatéraux de la cornée
BDGA003,Ablation de corps étrangers superficiels multiples unilatéraux ou bilatéraux de la cornée
BDGA004,Ablation de corps étrangers superficiels et profonds multiples unilatéraux ou bilatéraux de la cornée
BDGA005,Ablation d'un corps étranger profond [stromal] de la cornée
BDHA001,Biopsie de la cornée
BDHP001,Prélèvement superficiel unilatéral ou bilatéral de la cornée pour frottis et/ou culture
BDJP001,Irrigation continue de la cornée et/ou de la conjonctive
BDLA001,Pose d'implant intracornéen [anneau] à but réfractif [de confort]
BDLA002,Pose de kératoprothèse en un temps
BDLA003,Pose de kératoprothèse biocolonisable
BDLA004,Pose de kératoprothèse selon Strampelli
BDMA001,Autokératoplastie par rotation
BDMA002,Kératoplastie lamellaire profonde [Transplantation cornéenne lamellaire]
BDMA003,"Kératoplastie transfixiante [Transplantation cornéenne transfixiante], avec extraction extracapsulaire du cristallin"
BDMA004,"Kératoplastie transfixiante [Transplantation cornéenne transfixiante], avec iridotomie ou iridectomie périphérique"
BDMA005,Kératoplastie lamellaire avec conjonctivoplastie [Transplantation cornéoconjonctivale]
BDMA006,Conjonctivokératoplastie par greffe de membrane amniotique humaine
BDMA007,Kératoplastie transfixiante [Transplantation cornéenne transfixiante]
BDNP001,Destruction de lésion superficielle de la cornée par moyen physique
BDNP002,Abrasion mécanique de l'épithélium de la cornée sans laser
BDNP003,Abrasion mécanique de l'épithélium de la cornée avec laser
BDPA001,Kératotomie relaxante pour correction de l'astigmatisme cornéen induit
BDPA002,Kératotomies radiaires à but réfractif
BDQP001,Kératoesthésiométrie topographique et quantitative [kératesthésie quantitative]
BDQP002,Vidéo-photo-kératographie topographique
BDQP003,Pachymétrie cornéenne
BDQP004,"Microscopie spéculaire de la cornée, avec analyse morphométrique et/ou quantitative numérisée de l'endothélium cornéen"
BECA001,Suture de plaie de la sclère
BEEA001,Corépraxie
BEEA002,Réinsertion de la racine de l'iris
BEFA001,Exérèse de lésion de l'iris
BEFA002,Exérèse de lésion de la sclère
BEFA003,"Exérèse d'une invasion épithéliale de la chambre antérieure de l'oeil, sans autogreffe"
BEFA004,Exérèse de lésion du corps ciliaire
BEFA005,"Exérèse d'une invasion épithéliale de la chambre antérieure de l'oeil, avec autogreffe cornéenne ou cornéosclérale"
BEFA006,Sclérectomie profonde non transfixiante ou sclérokératectomie profonde
BEFA007,Résection ou réintégration secondaire de hernie de l'iris
BEFA008,Trabéculectomie [Sclérectomie transfixiante]
BEFA009,Iridocyclectomie pour tumeur du corps ciliaire
BEGA002,Ablation de système mécanique de drainage de l'humeur aqueuse
BEGA003,"Ablation de corps étranger intraoculaire du segment antérieur avec réparation de plaie perforante de l'oeil intéressant au moins 2 des structures suivantes : cornée, iris, cristallin"
BEHA001,Biopsie de la sclère [sclérotique]
BEHB001,Ponction de la chambre antérieure de l'oeil [humeur aqueuse]
BEJB001,"Évacuation de collection de la chambre antérieure de l'oeil, par voie transsclérale ou par voie transcornéenne avec irrigation-aspiration automatisée"
BEJB002,"Évacuation de collection de la chambre antérieure de l'oeil, par voie transsclérale ou par voie transcornéenne sans irrigation-aspiration automatisée"
BELA001,Pose de repère radioopaque du segment antérieur de l'oeil
BELA002,Pose d'implant à but réfractif dans la chambre antérieure de l'oeil
BELB001,"Injection de substance inerte ou organique dans la chambre antérieure de l'oeil, par voie transcornéenne [Reformation de la chambre antérieure]"
BEMA001,"Renforcement scléral rétroéquatorial de l'oeil, avec autogreffe tissulaire"
BEMA002,"Plastie de la pupille ou de l'iris, sans laser"
BEMA003,"Renforcement scléral prééquatorial de l'oeil, par matériau de synthèse"
BEMA004,"Renforcement scléral prééquatorial de l'oeil, avec autogreffe tissulaire"
BEMA005,"Renforcement scléral rétroéquatorial de l'oeil, par matériau de synthèse"
BEMA006,"Renforcement scléral rétroéquatorial de l'oeil, sans autogreffe ni matériau de synthèse [Plissementscléral]"
BEMP001,"Plastie de la pupille ou de l'iris, avec laser"
BENA001,Destruction de lésion de l'iris ou du corps ciliaire
BENA002,Destruction partielle du corps ciliaire
BENP001,Séance de photocoagulation de l'angle iridocornéen avec laser
BEPA001,"Libération de synéchies et/ou de brides du segment antérieur de l'oeil, par kératotomie"
BEPA002,Décollement du corps ciliaire [Cyclodialyse]
BEPA003,"Trabéculotomie, par sclérotomie"
BEPA004,Iridotomie ou iridectomie périphérique ou sectorielle sans laser
BEPB001,"Goniotomie oculaire, par voie transsclérale"
BEPP001,Section de synéchies et/ou de brides du segment antérieur de l'oeil avec laser
BEPP002,Iridotomie avec laser
BEQP001,Fluorométrie de la chambre antérieure de l'oeil
BEQP002,Photographies diagnostiques du segment antérieur de l'oeil après instillation de colorants vitaux
BEQP004,Photographies diagnostiques du segment antérieur de l'oeil en biomicroscopie
BEQP007,Photographies diagnostiques du segment antérieur de l'oeil
BESA001,Fermeture de fistule de la sclère
BFEA001,Repositionnement de cristallin artificiel ou de lentille intraoculaire
BFGA001,Extraction de cristallin luxé
BFGA002,"Extraction extracapsulaire manuelle du cristallin, avec implantation de cristallin artificiel dans la chambre postérieure de l'oeil"
BFGA003,"Extraction extracapsulaire manuelle du cristallin, sans implantation de cristallin artificiel"
BFGA004,"Extraction extracapsulaire du cristallin par phakoémulsification, avec implantation de cristallin artificiel dans la chambre postérieure de l'oeil"
BFGA005,Ablation de matériel implanté dans le segment antérieur de l'oeil
BFGA006,"Extraction intracapsulaire ou extracapsulaire du cristallin, avec implantation de cristallin artificiel dans la chambre antérieure de l'oeil en cas d'impossibilité d'implantation dans la chambre postérieure"
BFGA007,Extraction de cristallin subluxé ou ectopique
BFGA008,"Extraction extracapsulaire du cristallin par phakoémulsification, sans implantation de cristallin artificiel"
BFGA009,"Extraction intracapsulaire du cristallin, sans implantation de cristallin artificiel"
BFGA010,Extraction du cristallin par sclérotomie postérieure [pars plana] [Phakophagie]
BFKA001,Changement de matériel implanté dans le segment antérieur de l'oeil
BFLA001,Implantation secondaire d'un cristallin artificiel non suturé
BFLA002,"Insertion d'un anneau de contention intrasacculaire, au cours d'une extraction du cristallin"
BFLA003,Implantation secondaire d'un cristallin artificiel suturé
BFLA004,Implantation secondaire de cristallin artificiel sur un oeil pseudophake
BFPA001,"Capsulotomie cornéenne pour cataracte secondaire, avec laser"
BFPA002,"Capsulotomie ou exérèse partielle ou totale de reliquats de la capsule du cristallin, par kératotomie"
BFQM001,Biométrie oculaire par échographie avec mesure des différents paramètres oculaires pour détermination de la puissance d'un implant
BGBA001,"Tamponnement interne du segment postérieur de l'oeil par fossette colobomateuse ou par trou maculaire, pour décollement de rétine"
BGBA002,Tamponnement intraoculaire provisoire par utilisation peropératoire de perfluorocarbone
BGDA001,"Rétinopexie par coagulation par cryoapplication ou avec laser extraoculaire avec indentation sclérale sur plus d'un quadrant, avec tamponnement interne par gaz"
BGDA002,"Rétinopexie par coagulation par cryoapplication ou avec laser extraoculaire avec indentation sclérale sur plus d'un quadrant, sans tamponnement"
BGDA003,"Rétinopexie par coagulation par cryoapplication ou avec laser extraoculaire avec indentation sclérale limitée à un quadrant, avec tamponnement interne par gaz"
BGDA004,"Rétinopexie par coagulation par cryoapplication ou avec laser extraoculaire avec indentation sclérale limitée à un quadrant, sans tamponnement"
BGDA005,"Rétinopexie par coagulation par cryoapplication ou avec laser extraoculaire avec indentation sclérale sur 360° [cerclage], sans tamponnement"
BGDA006,"Rétinopexie par coagulation par cryoapplication ou avec laser extraoculaire avec indentation sclérale sur 360° [cerclage], avec tamponnement interne par gaz"
BGDA007,Indentation transsclérale par ballonnet
BGDA008,"Rétinopexie par coagulation par cryoapplication ou avec laser extraoculaire sans indentation, avec tamponnement interne par gaz"
BGFA001,"Vitrectomie par sclérotomie postérieure, sans coagulation de la rétine"
BGFA002,"Exérèse de néovaisseaux choroïdiens de topographie maculaire, par rétinotomie"
BGFA003,"Vitrectomie avec dissection des membranes, coagulation et tamponnement intraoculaire ou indentation transsclérale, pour rétinopathie du prématuré"
BGFA004,Exérèse de tumeur de la choroïde sans iridocyclectomie
BGFA005,"Vitrectomie par sclérotomie postérieure, avec dissection du cortex vitréen [pelage] et tamponnement interne par gaz"
BGFA006,"Vitrectomie par sclérotomie postérieure, avec coagulation transsclérale de la rétine sans tamponnement"
BGFA007,Exérèse de tumeur de la choroïde avec iridocyclectomie
BGFA008,"Vitrectomie mécanique complémentaire, par abord antérieur"
BGFA009,"Vitrectomie par sclérotomie postérieure, avec endocoagulation de la rétine avec laser ou par diathermie sans tamponnement"
BGFA010,"Vitrectomie par sclérotomie postérieure, avec coagulation de la rétine et tamponnement interne provisoire"
BGFA011,"Vitrectomie par sclérotomie postérieure, avec extraction du cristallin"
BGGA001,Ablation secondaire de corps étranger du segment postérieur de l'oeil avec électroaimant
BGGA002,Ablation secondaire de corps étranger du segment postérieur de l'oeil sans électroaimant
BGGA003,"Ablation de matériel implanté ou de matériel d'indentation du segment postérieur de l'oeil, extériorisé"
BGGA004,"Ablation de matériel implanté ou de matériel d'indentation du segment postérieur de l'oeil, non extériorisé"
BGGA005,Ablation d'huile de silicone intravitréenne
BGHA001,Biopsie rétinochoroïdienne
BGHB001,Ponction du corps vitré à l'aiguille
BGHB002,Ponction de la choroïde
BGHB003,Ponction du corps vitré par aspiration-section automatisée
BGJA001,Évacuation d'hématome prérétinien avec laser
BGJA002,"Évacuation de collection subrétinienne, par rétinotomie"
BGJB001,"Évacuation de collection de la choroïde, par voie transsclérale"
BGLA001,Pose de repère radioopaque du segment postérieur de l'oeil
BGLA002,Pose d'un système de repérage d'une lésion choriorétinienne préalable à sa destruction par radiothérapie externe ou protonthérapie
BGLB001,Injection d'agent pharmacologique dans le corps vitré
BGLB002,Injection de gaz dans le corps vitré
BGLP001,Séance de cryoapplication transsclérale pour rétinopathie du prématuré
BGMA001,"Opération rétinovitréenne associant une indentation et au moins 4 des actes suivants : coagulation, vitrectomie, endocoagulation avec laser, rétinotomie, tamponnement interne, échange fluide-gaz, dissection de brides"
BGMA002,"Opération rétinovitréenne associant au moins 4 des actes suivants : coagulation, vitrectomie, endocoagulation avec laser, rétinotomie, tamponnement interne, échange fluide-gaz, dissection de brides, rétinectomie"
BGMA003,Modification d'indentation sclérale pour décollement de rétine persistant
BGNA001,"Destruction de lésion choriorétinienne par agent physique, par sclérotomie"
BGNP001,"Séance de photocoagulation choriorétinienne du pôle postérieur, avec laser monochromatique ou laser à colorants"
BGNP002,Séance de destruction de lésion choriorétinienne par cryoapplication transsclérale
BGNP003,"Séance de destruction de lésion choriorétinienne par photocoagulation avec laser, à l'aide de verre de contact"
BGNP004,Séance de destruction de lésion choriorétinienne par photocoagulation transpupillaire avec laser
BGNP005,Séance de photocoagulation transpupillaire pour rétinopathie du prématuré
BGNP006,Destruction de lésion choriorétinienne par photocoagulation transsclérale
BGNP007,"Séance de destruction de lésion choriorétinienne par photocoagulation avec laser, à l'aide d'ophtalmoscope indirect"
BGNP008,"Séance de photocoagulation choriorétinienne du pôle postérieur, avec laser à argon ou diode"
BGPA001,Rétinotomie relaxante et/ou dissection de membrane rétrorétinienne
BGPA002,Dissection de la membrane épirétinienne et/ou de la membrane vitrée [hyaloïde]
BGPA003,"Section ou libération de brides, de membranes et/ou d'adhérences vitréorétiniennes postopératoires"
BGPP001,Vitréosection ou vitréolyse au laser
BGQP001,"Transillumination transsclérale de lésion du segment postérieur de l'oeil, sans désinsertion conjonctivale"
BGQP002,Examen du fond d'oeil par biomicroscopie avec verre de contact
BGQP003,"Examen du fond d'oeil, au lit du malade"
BGQP004,"Examen du fond d'oeil par ophtalmoscopie indirecte à image inversée, chez le prématuré ou le nouveau-né"
BGQP005,"Transillumination transsclérale de lésion du segment postérieur de l'oeil, avec désinsertion conjonctivale"
BGQP006,"Rétinographie par stéréophotographie, clichés composés de la périphérie rétinienne ou cliché grand champ supérieur à 60°"
BGQP007,"Rétinographie en couleur ou en lumière monochromatique, sans injection [Photographie du segment postérieur de l'oeil, sans injection]"
BGQP008,Fluorométrie du corps vitré et du segment postérieur de l'oeil
BGQP009,Rétinographie en lumière bleue avec analyse des fibres optiques
BGQP010,"Électrorétinographie [ERG] par flash lumineux, avec mesure des amplitudes et latences des réponses"
BGQP011,Électrorétinographie [ERG] avec enregistrement des potentiels évoqués visuels [PEV] et électrooculographie [EOG]
BGQP012,Électrorétinographie [ERG] avec adaptation à l'obscurité
BGRF001,Séance de photothérapie dynamique de la région maculaire avec injection de produit photosensibilisant
BHFA001,"Prélèvement unilatéral ou bilatéral du bulbe [globe] oculaire, au cours d'un prélèvement multiorgane sur un sujet en état de mort encéphalique"
BHGA001,"Énucléation du bulbe [globe] oculaire, sans insertion d'implant ni autogreffe"
BHGA002,"Éviscération du bulbe [globe] oculaire, sans comblement de la cavité sclérale"
BHGA003,"Énucléation du bulbe [globe] oculaire, avec insertion d'un implant habillé dans la gaine du bulbe [capsule de Tenon]"
BHGA004,Énucléation du bulbe [globe] oculaire sans mobilisation [no touch]
BHGA005,"Énucléation du bulbe [globe] oculaire, avec insertion d'un implant nu dans la gaine du bulbe [capsule de Tenon]"
BHGA006,"Éviscération du bulbe [globe] oculaire, avec comblement de la cavité sclérale"
BHGA007,"Énucléation du bulbe [globe] oculaire, avec insertion d'un implant biocolonisable dans la gaine du bulbe [capsule de Tenon]"
BHGA008,Extraction secondaire de corps étranger intraoculaire du segment antérieur
BHJB001,Drainage de l'humeur aqueuse de l'oeil
BHMA001,"Réparation de plaie linéaire perforante du bulbe [globe] oculaire, avec suture cornéosclérale"
BHMA002,"Réparation de plaie non linéaire perforante du bulbe [globe] oculaire intéressant au moins 3 des structures suivantes : cornée, sclère, iris, corps ciliaire, cristallin, corps vitré, rétine"
BHMA003,Correction chirurgicale d'une fistule ou d'un drainage de l'humeur aqueuse
BHNL001,Curiethérapie transsclérale du bulbe [globe] oculaire
BHQB001,"Mesure de la pression [tension] intraoculaire [Tonométrie intraoculaire], sous anesthésie générale"
BHQP001,Mesure de la pression [tension] intraoculaire avec courbe nycthémérale comportant au moins 6 mesures
BHQP002,Gonioscopie oculaire
BHRP001,Épreuve de provocation du glaucome
BJCA001,Suture de plaie des muscles oculomoteurs
BJDA001,Myopexie bilatérale rétroéquatoriale des muscles oculomoteurs
BJDA002,Myopexie unilatérale rétroéquatoriale des muscles oculomoteurs
BJEA001,Transposition de muscles oculomoteurs pour suppléance
BJEA002,Réinsertion posttraumatique de muscle oculomoteur
BJLB001,Injection unilatérale ou bilatérale de toxine botulique dans les muscles oculomoteurs
BJMA001,"Renforcement ou affaiblissement unilatéral ou bilatéral de muscle oculomoteur, avec suture ajustable"
BJMA002,"Renforcement, affaiblissement ou déplacement de l'insertion d'un muscle oculomoteur droit"
BJMA003,"Renforcement, affaiblissement ou déplacement bilatéral de l'insertion d'un muscle oculomoteur"
BJMA004,"Renforcement, affaiblissement ou déplacement de l'insertion d'un muscle oculomoteur oblique"
BJMA005,"Renforcement, affaiblissement ou déplacement unilatéral de l'insertion de 2 muscles oculomoteurs"
BJMA006,"Renforcement, affaiblissement ou déplacement de l'insertion de 2 muscles oculomoteurs d'un côté et d'un muscle oculomoteur de l'autre"
BJMA007,"Renforcement, affaiblissement ou déplacement de l'insertion de 4 muscles oculomoteurs ou plus"
BJMA008,"Renforcement, affaiblissement ou déplacement itératif de l'insertion de 2 muscles oculomoteurs"
BJMA009,"Renforcement, affaiblissement ou déplacement itératif de l'insertion d'un muscle oculomoteur"
BJQP001,Photographies diagnostiques du regard dans ses différentes positions et au cours d'épreuves de duction
BJQP002,Examen fonctionnel de la motricité oculaire
BJQP003,Enregistrement de la cinétique du regard [motricité oculopalpébrale]
BKBA001,Comblement de cavité d'exentération de l'orbite par autogreffe cutanée et lambeau musculaire temporal
BKCP001,Forage secondaire d'un implant intraorbitaire pour fixation d'une prothèse oculaire
BKFA001,"Exérèse de lésion de l'orbite, par abord latéral"
BKFA002,"Exérèse de lésion de l'orbite, par abord conjonctivopalpébral"
BKFA003,"Exérèse de lésion de l'orbite, par abord coronal"
BKFA004,"Résection de graisse orbitaire pour décompression de l'orbite, par voie palpébrale"
BKGA001,"Ablation d'un implant intraorbitaire, après énucléation ou éviscération du bulbe [globe] oculaire"
BKGA002,"Ablation de corps étranger de l'orbite avec électroaimant, avec orbitotomie osseuse"
BKGA003,"Ablation de corps étranger de l'orbite sans électroaimant, avec orbitotomie osseuse"
BKGA004,"Exentération de l'orbite étendue aux structures musculaires adjacentes et/ou aux parois osseuses, avec comblement par autogreffe cutanée et lambeau musculaire temporal"
BKGA005,"Ablation de corps étranger de l'orbite sans électroaimant, sans orbitotomie osseuse"
BKGA006,"Exentération de l'orbite étendue aux structures musculaires adjacentes et/ou aux parois osseuses, sans comblement"
BKGA007,Exentération de l'orbite
BKGA008,"Ablation de corps étranger de l'orbite avec électroaimant, sans orbitotomie osseuse"
BKHA001,"Biopsie des organes accessoires de l'oeil, par voie orbitaire avec guidage échographique"
BKHA002,"Biopsie de lésion de l'orbite, par abord conjonctivopalpébral"
BKHA003,"Biopsie de lésion de l'orbite, par abord latéral ou par abord ethmoïdal"
BKHA004,"Biopsie des organes accessoires de l'oeil, par voie orbitaire sans guidage"
BKHA005,"Biopsie des organes accessoires de l'oeil, par voie orbitaire avec guidage radiologique"
BKJA001,Évacuation de collection de l'orbite
BKKP003,"Changement d'un implant intraorbitaire, après énucléation ou éviscération du bulbe [globe] oculaire"
BKLA001,Pose de matériau inerte intraorbitaire pour correction d'énophtalmie
BKLA002,"Insertion secondaire d'un implant intraorbitaire, après énucléation ou éviscération du bulbe [globe] oculaire"
BKLA003,Pose d'autogreffe intraorbitaire pour correction d'énophtalmie
BKLB001,"Injection thérapeutique intraorbitaire, rétrobulbaire ou latérobulbaire, d'agent pharmacologique"
BKLP001,Pose ou changement de conformateur ou de prothèse d'expansion orbitaire
BKMA001,Reconstruction totale de la cavité orbitaire par autogreffe
BKMA002,"Reconstruction orbitopalpébrale par matériau inerte et/ou autogreffe, après exentération de l'orbite"
BKMA003,Reconstruction partielle de la cavité orbitaire par autogreffe
BKMA004,Restauration du volume orbitaire par matériau inerte et/ou autogreffe
BKMP001,"Moulage de la cavité de l'orbite pour fabrication de conformateur ou de prothèse d'expansion orbitaire, sous anesthésie générale ou locorégionale"
BLLP001,Pose d'une épithèse orbitopalpébrale
BLMP001,Adaptation bilatérale de lentille de contact pour kératocône ou astigmatisme irrégulier
BLMP002,Adaptation unilatérale ou bilatérale de lentille de contact souple
BLMP003,Adaptation unilatérale de lentille de contact pour kératocône ou astigmatisme irrégulier
BLMP004,Adaptation unilatérale ou bilatérale de lentille cornéenne thérapeutique ou de lentille-pansement
BLMP005,Adaptation unilatérale ou bilatérale de lentille de contact rigide
BLQP001,Enregistrement des potentiels évoqués visuels avec stimulation par flash lumineux
BLQP002,"Campimétrie ou périmétrie manuelle ou automatisée, sans programme spécifique de mesure de seuils"
BLQP003,"Mesure de l'acuité visuelle, par étude de la sensibilité au contraste"
BLQP004,"Campimétrie ou périmétrie manuelle ou automatisée, avec programmes spécifiques de mesure de seuils"
BLQP005,Mesure de l'adaptation visuelle à l'obscurité avec courbe d'adaptation
BLQP006,Nystagmographie optocinétique
BLQP007,Exploration du sens chromatique [vision des couleurs] par assortiment
BLQP008,Exploration du sens chromatique [vision des couleurs] par épreuves pseudo-isochromatiques
BLQP009,Enregistrement des potentiels évoqués visuels par inversion du stimulus de contraste
BLQP010,Examen de la vision binoculaire
BLQP011,Mesure de l'acuité visuelle potentielle par interférométrie au laser
BLQP012,"Évaluation de l'acuité visuelle par la technique du regard préférentiel, avant l'âge de 2 ans"
BLQP013,Évaluation de l'acuité visuelle résiduelle par aide optique
BLQP014,Détermination objective de l'acuité visuelle par étude des potentiels évoqués visuels [PEV]
BLQP015,Mesure de la fonction visuelle centrale et scotométrie par ophtalmoscope à balayage laser
BLQP016,Exploration du sens chromatique [vision des couleurs] assistée par ordinateur avec enregistrement et mesures
BLRP001,Séance de stimulation de la vision binoculaire et de l'amblyopie
BZMP001,Adaptation bilatérale de verre scléral obtenu par moulage
BZMP002,Adaptation unilatérale de verre scléral obtenu par moulage
BZQC001,Endoscopie de l'oeil assistée par ordinateur
BZQK001,Tomographie unilatérale ou bilatérale de l'oeil par scanographie à cohérence optique
BZQM001,Échographie de l'oeil et/ou de l'orbite en mode B
BZQM002,Échographie de l'oeil et/ou de l'orbite avec biométrie
BZQM003,Échographie-doppler unilatérale ou bilatérale de l'oeil et/ou de l'orbite
BZQP001,Tyndallométrie oculaire [laser cell flare meter]
BZQP002,Fluoroscopie de l'oeil
BZQP003,Biomicroscopie de l'oeil aux ultrasons
CAEA001,Transposition du lobule de l'auricule
CAEA002,"Repositionnement de tout ou partie de l'auricule, sans anastomose vasculaire"
CAEA003,Réimplantation de tout ou partie de l'auricule avec anastomoses vasculaires
CAFA001,Exérèse de l'oreille externe élargie au rocher
CAFA002,Exérèse partielle non transfixiante de l'auricule
CAFA003,"Exérèse totale de l'auricule, sans exérèse du cartilage du méat acoustique externe"
CAFA004,Exérèse de l'oreille externe élargie à l'oreille moyenne
CAFA005,Exérèse partielle transfixiante de l'auricule
CAFA006,Excision de chondrite de l'auricule
CAFA007,Exérèse totale de l'auricule et du cartilage du méat acoustique externe
CAFA008,"Exérèse de l'oreille externe élargie au rocher, à la glande parotide et à la fosse infratemporale"
CAFA009,Exérèse de lésion osseuse oblitérante du méat acoustique externe
CAFA010,Exérèse de l'oreille externe élargie à la glande parotide et à la fosse infratemporale
CAFA011,Exérèse partielle du méat acoustique externe
CAGD001,Ablation unilatérale ou bilatérale de bouchon de cérumen ou de corps étranger du méat acoustique externe
CAGD002,Extraction unilatérale ou bilatérale de bouchon épidermique du méat acoustique externe
CAHA001,Biopsie unilatérale ou bilatérale de la peau de l'oreille externe
CAHA002,Biopsie unilatérale ou bilatérale du cartilage de l'oreille externe
CAJA001,Évacuation de collection de l'auricule
CAJA002,Parage et/ou suture de plaie de l'auricule
CAJD001,"Soin instrumental unilatéral ou bilatéral d'oreille externe, sous microscope"
CALD001,Pose d'un conformateur du méat acoustique externe
CALP001,Pose d'une épithèse auriculaire
CAMA001,Reconstruction totale de l'auricule en un temps
CAMA002,Reconstruction du tragus par lambeau cutané et autogreffe de peau
CAMA003,Reconstruction du sillon rétroauriculaire par lambeau cutané d'avancement et autogreffe de peau
CAMA004,Reconstruction totale de l'auricule par autogreffe de cartilage costal
CAMA005,Réparation de perte de substance partielle de l'auricule par autogreffe de cartilage costal
CAMA006,"Reconstruction de l'auricule par lambeau pédiculé de fascia temporal, avec autogreffe chondrocutanée et autogreffe de peau"
CAMA007,Correction secondaire du résultat esthétique d'une reconstruction totale de l'auricule
CAMA008,Plastie unilatérale d'oreille décollée
CAMA009,"Reconstruction du méat acoustique externe par lambeau cutané et/ou autogreffe de peau, avec myringoplastie et ossiculoplastie, avec ouverture du labyrinthe, avec laser"
CAMA010,"Reconstruction du méat acoustique externe par lambeau cutané et/ou autogreffe de peau, sans temps de caisse"
CAMA011,Plastie du pore acoustique externe cartilagineux [Méatoplastie]
CAMA012,Reconstruction du tragus par autogreffe chondrocutanée de conque controlatérale et autogreffe de peau
CAMA013,Plastie bilatérale d'oreille décollée
CAMA014,"Reconstruction du sillon rétroauriculaire par lambeau de fascia temporal ou occipital, et autogreffe de peau"
CAMA015,"Reconstruction du méat acoustique externe par lambeau cutané et/ou autogreffe de peau, avec myringoplastie et ossiculoplastie, avec ouverture du labyrinthe, sans laser"
CAMA016,"Reconstruction du méat acoustique externe par lambeau cutané et/ou autogreffe de peau, avec myringoplastie et ossiculoplastie, sans ouverture du labyrinthe"
CAMA017,Réparation de perte de substance partielle de l'auricule par autogreffe de cartilage de l'auricule controlatéral ou du septum nasal
CAMA018,"Reconstruction du méat acoustique externe par lambeau cutané et/ou autogreffe de peau, avec myringoplastie"
CAMA019,Réparation de perte de substance partielle de l'auricule par puits de bourgeonnement chondrocutané
CAMA020,"Reconstruction du méat acoustique externe par lambeau de fascia temporal et autogreffe de peau, sans temps de caisse"
CAMA021,Réparation de perte de substance partielle de l'auricule par autogreffe chondrocutanée
CAMA022,Réparation de perte de substance partielle de l'auricule par lambeau local cutané ou chondrocutané
CAPA001,Incision de collection du méat acoustique externe
CASA001,Hémostase secondaire à un acte sur l'oreille externe ou l'oreille moyenne
CBCA001,Exclusion de l'oreille moyenne et de l'oreille externe avec suture du pore acoustique externe
CBFA001,"Exérèse de tympanosclérose sans ouverture du labyrinthe, avec ossiculoplastie"
CBFA002,Exérèse de cholestéatome avec tympanoplastie en technique fermée et ossiculoplastie
CBFA003,Exérèse de cholestéatome avec tympanoplastie en technique ouverte et ossiculoplastie
CBFA004,Exérèse de tympanosclérose sans ouverture du labyrinthe
CBFA005,"Exérèse de cholestéatome limitée au cavum tympanique, sans exploration antroatticale"
CBFA006,Exérèse de cholestéatome avec tympanoplastie en technique fermée
CBFA007,Exérèse de cholestéatome avec tympanoplastie en technique ouverte
CBFA008,"Exérèse de tumeur non cholestéatomateuse de l'oreille moyenne, étendue à l'ensemble des cavités de l'oreille moyenne, sans laser"
CBFA009,"Exérèse de tumeur non cholestéatomateuse de l'oreille moyenne, étendue à l'ensemble des cavités de l'oreille moyenne, avec laser"
CBFA010,"Exérèse de tumeur non cholestéatomateuse de l'oreille moyenne, limitée au cavum tympanique"
CBFA011,Mastoïdectomie ou atticomastoïdectomie totale
CBFA012,"Exérèse de tympanosclérose avec ouverture du labyrinthe et rétablissement de l'effet columellaire, avec laser"
CBFA013,"Exérèse de tympanosclérose avec ouverture du labyrinthe et rétablissement de l'effet columellaire, sans laser"
CBGA001,Ablation de corps étranger de l'oreille moyenne avec décollement du lambeau tympanoméatal
CBGA002,Évidement pétromastoïdien
CBGA003,Ablation d'une prothèse auditive implantée ou d'un appareillage auditif ostéo-intégré
CBGD001,"Ablation unilatérale ou bilatérale d'aérateur transtympanique en place sur le tympan, sous anesthésie générale"
CBJD001,Soin instrumental unilatéral ou bilatéral d'oreille moyenne sous microscope
CBKA001,Changement ou repositionnement de prothèse ossiculaire après platinotomie ou platinectomie
CBLA001,Pose d'une prothèse auditive implantable dans l'oreille moyenne
CBLA002,"Pose d'un appareillage auditif ostéo-intégré dans l'oreille moyenne, en un temps"
CBLD001,Pose bilatérale d'aérateur transtympanique
CBLD002,Insufflation unilatérale ou bilatérale de trompe auditive
CBLD003,Pose unilatérale d'aérateur transtympanique
CBMA001,Ossiculoplastie
CBMA002,"Tympanoplastie secondaire sur technique ouverte, sans reconstruction de cadre"
CBMA003,"Ossiculoplastie pour malformation ossiculaire avec ouverture du labyrinthe, avec laser"
CBMA004,"Tympanoplastie secondaire sur technique ouverte, avec reconstruction de cadre"
CBMA005,"Myringoplastie avec ossiculoplastie, sans exploration mastoïdoatticale"
CBMA006,Ossiculoplastie pour malformation ossiculaire sans ouverture du labyrinthe
CBMA007,Myringoplastie avec ossiculoplastie et exploration mastoïdoatticale
CBMA008,Myringoplastie sans décollement du lambeau tympanoméatal
CBMA009,"Myringoplastie avec décollement du lambeau tympanoméatal, sans exploration mastoïdoatticale"
CBMA010,"Ossiculoplastie pour malformation ossiculaire avec ouverture du labyrinthe, sans laser"
CBMA011,Myringoplastie avec décollement du lambeau tympanoméatal et exploration mastoïdoatticale
CBMD001,"Tympanoplastie en technique fermée, avec tympanotomie postérieure"
CBMD002,Tympanoplastie secondaire en technique fermée
CBMD003,"Tympanoplastie secondaire en technique fermée, avec ossiculoplastie"
CBMP001,Séance d'adaptation et de réglage secondaires d'une prothèse auditive implantée dans l'oreille moyenne
CBPA001,Déblocage d'une ankylose ossiculaire atticale
CBPA002,"Platinotomie sans laser ou platinectomie, avec rétablissement de l'effet columellaire"
CBPA003,"Platinotomie avec laser, avec rétablissement de l'effet columellaire"
CBPD001,Myringotomie unilatérale ou bilatérale
CBQA001,"Exploration du cavum tympanique [caisse du tympan], avec décollement du lambeau tympanoméatal"
CBQD001,Tympanométrie
CBQE001,"Examen unilatéral ou bilatéral de l'oreille externe et/ou moyenne, sous microscope ou par endoscopie méatale"
CBQE002,"Fibroendoscopie de l'oreille moyenne, par voie tubaire"
CCCA001,Ouverture avec laser et occlusion du conduit semicirculaire postérieur
CCCA002,Ouverture sans laser et occlusion du conduit semicirculaire postérieur
CCFA001,"Labyrinthectomie partielle ou totale, par abord direct"
CCFB001,"Labyrinthectomie chimique, par voie transtympanique"
CCGA001,Ablation d'un implant cochléaire
CCLA001,Pose d'un implant auditif à électrodes du tronc cérébral
CCLA002,Pose d'un implant auditif à électrodes intracochléaires
CCLA003,Pose d'un implant auditif à électrodes extracochléaires
CCMP001,Séance d'adaptation et de réglage d'implant cochléaire
CCPA001,"Décompression intralabyrinthique par abord des fenêtres, sans laser"
CCPA002,"Décompression intralabyrinthique par abord des fenêtres, avec laser"
CCPA003,Décompression ou dérivation du sac endolymphatique
CCRA001,Électrostimulation de l'oreille interne avec décollement du lambeau tympanoméatal
CCRD001,"Électrostimulation transtympanique de l'oreille interne sous anesthésie générale, avec enregistrement"
CCRD002,Électrostimulation transtympanique de l'oreille interne sans anesthésie générale
CCSA001,Fermeture de fistule de périlymphe
CDMP001,Conditionnement d'un enfant pour test audiométrique sans mesure
CDQD001,Tubomanométrie auditive [Sonotubomanométrie]
CDQD002,Sonomanométrie
CDQP001,"Enregistrement des potentiels évoqués auditifs précoces pour recherche de seuil, sans anesthésie générale"
CDQP002,Audiométrie tonale et vocale avec tympanométrie
CDQP003,"Enregistrement des potentiels évoqués auditifs précoces pour recherche de seuil, sous anesthésie générale"
CDQP004,Enregistrement des produits de distorsion des otoémissions
CDQP005,Audiométrie en hautes fréquences
CDQP006,"Enregistrement des potentiels évoqués auditifs précoces pour recherche de seuil, étude des temps de conduction et mesure des amplitudes, sans anesthésie générale"
CDQP007,Audiométrie en champ libre et en cabine chez l'enfant [tests conditionnés]
CDQP008,Enregistrement des potentiels évoqués auditifs de moyennes et de longues latences avec mesure des amplitudes et latences des réponses
CDQP009,Enregistrement des otoémissions
CDQP010,Audiométrie tonale ou vocale
CDQP011,Audiométrie vocale dans le bruit
CDQP012,Audiométrie tonale et vocale
CDQP013,Audiométrie avec tests osmotiques
CDQP014,"Enregistrement des potentiels évoqués auditifs précoces pour recherche de seuil, étude des temps de conduction et mesure des amplitudes, sous anesthésie générale"
CDQP015,Audiométrie tonale avec tympanométrie
CDQP016,Audiométrie automatique
CDQP017,Enregistrement des potentiels évoqués auditifs précoces pour étude des temps de conduction et mesure des amplitudes
CDRP001,Électrostimulation des acouphènes
CDRP002,Épreuves de dépistage de surdité avant l'âge de 3 ans
CEQP001,Électrocochléographie sans anesthésie générale
CEQP002,Statokinésimétrie avec stabilométrie
CEQP003,Nystagmographie optocinétique avec étude des poursuites et des saccades
CEQP004,Examen vestibulaire clinique
CEQP005,Analyse de la posture verticale statique et/ou dynamique sur plateforme de force [Posturographie]
CEQP006,Électrocochléographie sous anesthésie générale
CEQP007,Vidéonystagmoscopie
CEQP008,Enregistrement des potentiels évoqués vestibulaires d'origine sacculaire [potentiels évoqués otolithiques] [potentiels évoqués sacculocolliques] par électromyographie
CERP001,Épreuve vestibulaire bicalorique calibrée avec électronystagmographie ou vidéonystagmographie
CERP002,Séance de rééducation de la fonction vestibulaire labyrinthique
CERP003,"Épreuve vestibulaire bicalorique calibrée, pendulaire ou rotatoire avec électronystagmographie ou vidéonystagmographie, et tests oculographiques"
CERP004,Épreuve vestibulaire pendulaire ou rotatoire avec électronystagmographie ou vidéonystagmographie
CERP005,Épreuve vestibulaire bicalorique calibrée sans enregistrement [clinique]
DAAA001,"Agrandissement d'une communication interventriculaire ou du foramen bulboventriculaire, par thoracotomie avec CEC"
DAAF001,"Dilatation intraluminale de la voie d'éjection du ventricule droit et du tronc de l'artère pulmonaire, par voie veineuse transcutanée"
DAAF002,"Dilatation intraluminale de la voie d'éjection infraaortique, par voie artérielle transcutanée"
DAAF003,"Agrandissement d'une communication interatriale, par voie veineuse transcutanée"
DABA001,"Réduction du volume ventriculaire gauche par remodelage, par thoracotomie avec CEC"
DACA001,"Suture de plaie du coeur, par thoracotomie sans CEC"
DAFA001,"Exérèse d'un diverticule du coeur, par thoracotomie sans CEC"
DAFA002,"Résection ou consolidation d'une zone myocardique infarcie, par thoracotomie sans CEC"
DAFA003,"Résection d'un anévrisme de la paroi ventriculaire du coeur, par thoracotomie avec CEC"
DAFA005,"Exérèse d'une tumeur du coeur, par thoracotomie sans CEC"
DAFA006,"Résection d'un bourrelet musculaire infraaortique pour cardiomyopathie obstructive, par thoracotomie avec CEC"
DAFA007,"Résection musculaire cardiaque intraventriculaire, par thoracotomie avec CEC"
DAFA008,"Résection ou consolidation d'une zone myocardique infarcie, par thoracotomie avec CEC"
DAFA009,"Exérèse d'une tumeur du coeur, par thoracotomie avec CEC"
DAFA010,"Résection d'une sténose congénitale infraorificielle de l'aorte, par thoracotomie avec CEC"
DAGA001,"Ablation de corps étranger ou exérèse de végétation ou de caillot intracardiaque, par thoracotomie avec CEC"
DAGA002,"Ablation d'électrode intracardiaque de stimulation ou de défibrillation, par thoracotomie sans CEC"
DAGF001,"Ablation de corps étranger intracardiaque ou intravasculaire, par voie vasculaire transcutanée"
DAHF001,"Biopsie de l'endocarde et du myocarde, par voie vasculaire transcutanée"
DAMA001,"Plastie d'agrandissement de l'infundibulum pulmonaire avec section de l'anneau pulmonaire, par thoracotomie avec CEC"
DAMA002,"Plastie d'agrandissement de l'infundibulum pulmonaire, par thoracotomie avec CEC"
DAMA003,"Création d'une communication interatriale, par thoracotomie"
DAMA004,"Cardiomyoplastie de substitution ventriculaire, par thoracotomie avec CEC"
DAMA005,"Correction d'une malformation sténosante intraatriale droite ou gauche congénitale, par thoracotomie avec CEC"
DAMA006,"Revascularisation transmyocardique par laser, par thoracotomie"
DAMA007,"Reconstruction de la voie aortique par élargissement antérogauche de l'anneau et ouverture de l'infundibulum pulmonaire, avec remplacement de la valve, par thoracotomie avec CEC"
DAMC001,"Revascularisation transmyocardique par laser, par thoracoscopie"
DAMF001,"Création d'une communication interatriale, par voie veineuse transcutanée"
DAMF002,"Revascularisation transmyocardique par laser intracavitaire, par voie vasculaire transcutanée"
DAPA001,"Interruption du conduit artériel, par thoracotomie sans CEC"
DAPC001,"Interruption du conduit artériel, par thoracoscopie sans CEC"
DAQJ001,"Échocardiographie continue avec épreuve pharmacologique de stress pour étude de la viabilité et de l'ischémie du myocarde, par voie oesophagienne"
DAQJ002,"Échocardiographie transthoracique continue avec épreuve pharmacologique de stress, pour étude de laviabilité et de l'ischémie du myocarde"
DAQJ003,"Échocardiographie continue avec épreuve pharmacologique de stress pour étude de la viabilité du myocarde, par voie oesophagienne"
DAQL001,"Tomoscintigraphie de perfusion myocardique après épreuve d'effort ou épreuve pharmacologique, sans synchronisation à l'électrocardiogramme"
DAQL002,Scintigraphie des cavités cardiaques au repos selon 1 incidence
DAQL003,"Tomoscintigraphie de perfusion myocardique de repos, sans synchronisation à l'électrocardiogramme"
DAQL004,Scintigraphie des cavités cardiaques pendant une épreuve d'effort ou une épreuve pharmacologique
DAQL005,Recherche radio-isotopique de thrombose intracardiaque
DAQL006,Tomoscintigraphie myocardique par émission de positons
DAQL007,Scintigraphie myocardique sans utilisation de traceur de perfusion
DAQL008,Scintigraphie des cavités cardiaques au repos selon plusieurs incidences
DAQL009,"Tomoscintigraphie de perfusion myocardique de repos, avec tomoscintigraphie de perfusion myocardique après épreuve d'effort ou épreuve pharmacologique avec synchronisation à l'électrocardiogramme"
DAQL010,"Tomoscintigraphie de perfusion myocardique après épreuve d'effort ou épreuve pharmacologique, avec synchronisation à l'électrocardiogramme"
DAQL011,"Tomoscintigraphie de perfusion myocardique de repos, avec tomoscintigraphie de perfusion myocardique après épreuve d'effort ou épreuve pharmacologique sans synchronisation à l'électrocardiogramme"
DAQL012,Scintigraphie des cavités cardiaques à visée rythmologique
DAQL013,Tomoscintigraphie myocardique à l'aide d'émetteur de positons sans tépographe [caméra TEP] dédié
DAQL014,"Tomoscintigraphie de perfusion myocardique de repos, avec synchronisation à l'électrocardiogramme"
DAQM001,"Échocardiographie transthoracique continue avec épreuve pharmacologique de stress, pour étude de laviabilité du myocarde"
DASA001,"Fermeture d'une communication interventriculaire avec pose d'un conduit extracardiaque, par thoracotomie avec CEC"
DASA002,"Fermeture d'une communication atrioventriculaire sans geste sur le septum interventriculaire, par thoracotomie avec CEC"
DASA003,"Fermeture d'une communication interatriale, par thoracotomie avec CEC"
DASA004,"Fermeture d'une communication interventriculaire pour discordance atrioventriculaire et transposition ou malposition des gros vaisseaux, par thoracotomie avec CEC"
DASA006,"Fermeture d'une rupture du septum interventriculaire cardiaque, par thoracotomie avec CEC"
DASA007,"Fermeture d'une communication interventriculaire avec correction d'une sténose de l'aorte thoracique horizontale et/ou de l'isthme aortique, avec commissurotomie ou valvectomie pulmonaire, par thoracotomie avec CEC"
DASA008,"Fermeture d'une communication atrioventriculaire avec geste sur le septum interventriculaire, par thoracotomie avec CEC"
DASA009,"Fermeture d'une communication interventriculaire avec correction d'une sténose de l'aorte thoracique horizontale et/ou de l'isthme aortique, par thoracotomie avec CEC"
DASA010,"Fermeture de communications interventriculaires multiples, avec résection musculaire cardiaque intraventriculaire, par thoracotomie avec CEC"
DASA011,"Fermeture de communications interventriculaires multiples, par thoracotomie avec CEC"
DASA012,"Fermeture d'une communication interventriculaire sans pose d'un conduit extracardiaque, par thoracotomie avec CEC"
DASA013,"Fermeture d'une communication atrioventriculaire, avec geste sur le septum interventriculaire et correction d'une sténose de la voie pulmonaire, par thoracotomie avec CEC"
DASA014,"Fermeture d'une communication interventriculaire avec résection musculaire cardiaque intraventriculaire, par thoracotomie avec CEC"
DASF001,"Fermeture du conduit artériel, par voie vasculaire transcutanée"
DASF002,"Fermeture d'une déhiscence d'une prothèse de cloisonnement intraatrial, par voie vasculaire transcutanée"
DASF003,"Fermeture de communication interventriculaire, par voie veineuse transcutanée"
DASF004,"Fermeture d'une communication interatriale, par voie veineuse transcutanée"
DBAF001,"Dilatation intraluminale de l'orifice aortique, par voie artérielle transcutanée"
DBAF002,"Dilatation intraluminale de l'orifice pulmonaire sans perforation de la valve atrésique, par voie veineuse transcutanée"
DBAF003,"Dilatation intraluminale de l'orifice atrioventriculaire droit, par voie veineuse transcutanée"
DBAF004,"Dilatation intraluminale de l'orifice atrioventriculaire gauche, par voie veineuse transcutanée avec perforation du septum interatrial"
DBAF005,"Dilatation intraluminale de l'orifice pulmonaire avec perforation de la valve atrésique, par voie veineuse transcutanée"
DBEA001,"Réinsertion d'une prothèse orificielle cardiaque, par thoracotomie avec CEC"
DBFA001,"Résection d'une fibrose endocardique, par thoracotomie avec CEC"
DBFA002,"Thrombectomie de prothèse orificielle cardiaque, par thoracotomie avec CEC"
DBKA001,"Remplacement de la valve aortique par homogreffe, par thoracotomie avec CEC"
DBKA002,"Remplacement de la valve atrioventriculaire gauche par prothèse en position non anatomique, par thoracotomie avec CEC"
DBKA003,"Remplacement de la valve aortique par bioprothèse sans armature, par thoracotomie avec CEC"
DBKA004,"Remplacement de la valve atrioventriculaire droite par prothèse mécanique ou bioprothèse avec armature, par thoracotomie avec CEC"
DBKA005,"Remplacement de la valve atrioventriculaire gauche par homogreffe, par thoracotomie avec CEC"
DBKA006,"Remplacement de la valve aortique par prothèse mécanique ou bioprothèse avec armature, par thoracotomie avec CEC"
DBKA007,"Remplacement de la valve pulmonaire par prothèse mécanique ou bioprothèse avec armature, par thoracotomie avec CEC"
DBKA008,"Remplacement de la valve atrioventriculaire droite par homogreffe, par thoracotomie avec CEC"
DBKA009,"Remplacement de la valve aortique et de la valve atrioventriculaire gauche par prothèse mécanique ou par bioprothèse avec armature, par thoracotomie avec CEC"
DBKA010,"Remplacement de la valve atrioventriculaire gauche par prothèse mécanique ou bioprothèse avec armature, par thoracotomie avec CEC"
DBKA011,"Remplacement de la valve aortique par prothèse en position non anatomique, par thoracotomie avec CEC"
DBKA012,"Remplacement de la valve pulmonaire par homogreffe ou bioprothèse sans armature, par thoracotomie avec CEC"
DBLA001,"Pose d'un tube valvé ou non entre un ventricule et l'artère pulmonaire, par thoracotomie avec CEC"
DBLA002,"Pose d'un tube valvé entre un ventricule et l'aorte, par thoracotomie avec CEC"
DBLA003,"Pose d'un tube valvé entre le ventricule gauche et l'aorte [tube apicoaortique], par thoraco-phréno-laparotomie avec CEC"
DBMA001,"Reconstruction de la voie aortique par élargissement antérodroit de l'anneau avec remplacement de la valve, par thoracotomie avec CEC"
DBMA002,"Valvoplastie atrioventriculaire gauche, par thoracotomie avec CEC"
DBMA003,"Annuloplastie atrioventriculaire gauche, par thoracotomie avec CEC"
DBMA004,"Reconstruction de la voie aortique par transfert de la valve pulmonaire en position aortique avec reconstruction de la voie pulmonaire, par thoracotomie avec CEC"
DBMA005,"Reconstruction de l'anneau atrioventriculaire gauche avec remplacement de la valve par homogreffe, par thoracotomie avec CEC"
DBMA006,"Reconstruction de l'anneau aortique avec remplacement de la valve par bioprothèse sans armature, par thoracotomie avec CEC"
DBMA007,"Reconstruction de l'anneau atrioventriculaire gauche avec valvoplastie, par thoracotomie avec CEC"
DBMA008,"Annuloplastie atrioventriculaire droite, par thoracotomie avec CEC"
DBMA009,"Reconstruction de l'anneau aortique avec remplacement de la valve par prothèse mécanique ou bioprothèse avec armature, par thoracotomie avec CEC"
DBMA010,"Reconstruction de l'anneau aortique avec remplacement de la valve par homogreffe, par thoracotomie avec CEC"
DBMA011,"Valvoplastie aortique, par thoracotomie avec CEC"
DBMA012,"Valvoplastie atrioventriculaire droite, par thoracotomie avec CEC"
DBMA013,"Reconstruction de l'anneau atrioventriculaire gauche avec remplacement de la valve par prothèse mécanique ou bioprothèse avec armature, par thoracotomie avec CEC"
DBPA001,"Commissurotomie [Valvulotomie] ou valvectomie [valvulectomie] pulmonaire avec fermeture d'une communication interatriale, par thoracotomie avec CEC"
DBPA002,"Commissurotomie ou valvectomie atrioventriculaire droite, par thoracotomie avec CEC"
DBPA003,"Commissurotomie [Valvulotomie] ou valvectomie [valvulectomie] pulmonaire, par thoracotomie avec clampage cave"
DBPA004,"Commissurotomie ou valvectomie pulmonaire, par thoracotomie avec CEC"
DBPA005,"Commissurotomie de la valve atrioventriculaire gauche, par thoracotomie sans CEC"
DBPA006,"Commissurotomie de la valve atrioventriculaire gauche, par thoracotomie avec CEC"
DBPA007,"Commissurotomie de la valve aortique, par thoracotomie avec CEC"
DBQM001,"Échographie-doppler transthoracique continue du coeur avec épreuve pharmacologique de stress, pour étude de valvopathie [valvulopathie]"
DBSF001,"Fermeture d'une déhiscence par désinsertion de prothèse orificielle cardiaque, par voie vasculaire transcutanée"
DCFA001,"Péricardectomie subtotale, par thoracotomie"
DCJA001,"Drainage d'une collection du péricarde, par thoracotomie ou par abord infraxiphoïdien"
DCJB001,"Drainage d'une collection du péricarde, par voie transcutanée"
DCJB002,"Évacuation d'une collection du péricarde, par voie transcutanée"
DCLB002,"Pose d'un cathéter intrapéricardique pour injection d'agent pharmacologique, par voie transcutanée"
DCLF001,"Séance d'administration intrapéricardique d'agent pharmacologique anticancéreux, par un dispositif implanté"
DCMA001,"Création d'une fenêtre péricardopéritonéale, par abord infraxiphoïdien"
DCMC001,"Création d'une fenêtre péricardopleurale, par thoracoscopie"
DDAF001,"Dilatation intraluminale d'un vaisseau coronaire sans pose d'endoprothèse, par voie artérielle transcutanée"
DDAF002,"Dilatation intraluminale de 2 vaisseaux coronaires sans pose d'endoprothèse, par voie artérielle transcutanée"
DDAF003,"Dilatation intraluminale de 3 vaisseaux coronaires ou plus avec pose d'endoprothèse, par voie artérielle transcutanée"
DDAF004,"Dilatation intraluminale de 2 vaisseaux coronaires avec pose d'endoprothèse, par voie artérielle transcutanée"
DDAF005,"Dilatation intraluminale de 3 vaisseaux coronaires ou plus sans pose d'endoprothèse, par voie artérielle transcutanée"
DDAF006,"Dilatation intraluminale d'un vaisseau coronaire avec pose d'endoprothèse, par voie artérielle transcutanée"
DDEA001,"Réimplantation d'une artère coronaire pour anomalie congénitale d'origine, par thoracotomie avec CEC"
DDFF001,"Athérectomie intraluminale d'artère coronaire par méthode rotatoire [rotationnelle], par voie artérielle transcutanée"
DDFF002,"Athérectomie intraluminale d'artère coronaire, par voie artérielle transcutanée"
DDMA001,"Angioplastie d'élargissement du tronc commun de l'artère coronaire gauche, par thoracotomie avec CEC"
DDMA002,"Revascularisation coronaire par greffon artériel ou veineux avec une anastomose distale, par thoracotomie sans CEC"
DDMA003,"Revascularisation coronaire par 3 greffons artériels avec 3 anastomoses distales, par thoracotomie avec CEC"
DDMA004,"Revascularisation coronaire par greffon veineux avec 4 anastomoses distales ou plus, par thoracotomie avec CEC"
DDMA005,"Revascularisation coronaire par 2 greffons artériels et par greffon veineux avec 3 anastomoses distales, par thoracotomie avec CEC"
DDMA006,"Revascularisation coronaire par 2 greffons artériels avec 3 anastomoses distales, par thoracotomie avec CEC"
DDMA007,"Revascularisation coronaire par greffon veineux avec une anastomose distale, par thoracotomie avec CEC"
DDMA008,"Revascularisation coronaire par 2 greffons artériels avec 4 anastomoses distales ou plus, par thoracotomie avec CEC"
DDMA009,"Revascularisation coronaire par 2 greffons artériels et par greffon veineux avec 4 anastomoses distales ou plus, par thoracotomie avec CEC"
DDMA010,"Revascularisation coronaire par greffon artériel ou veineux avec trois anastomoses distales, par thoracotomie sans CEC"
DDMA011,"Revascularisation coronaire par un greffon artériel et par greffon veineux avec 2 anastomoses distales, par thoracotomie avec CEC"
DDMA012,"Revascularisation coronaire par 3 greffons artériels et par greffon veineux avec 4 anastomoses distales ou plus, par thoracotomie avec CEC"
DDMA013,"Revascularisation coronaire par 3 greffons artériels avec 4 anastomoses distales ou plus, par thoracotomie avec CEC"
DDMA014,"Revascularisation coronaire par greffon artériel ou veineux avec deux anastomoses distales, par thoracotomie sans CEC"
DDMA015,"Revascularisation coronaire par un greffon artériel avec une anastomose distale, par thoracotomie avec CEC"
DDMA016,"Revascularisation coronaire par greffon veineux avec 3 anastomoses distales, par thoracotomie avec CEC"
DDMA017,"Revascularisation coronaire par un greffon artériel avec 2 anastomoses distales, par thoracotomie avec CEC"
DDMA018,"Revascularisation coronaire par un greffon artériel et par greffon veineux avec 3 anastomoses distales, par thoracotomie avec CEC"
DDMA019,"Revascularisation coronaire par greffon veineux avec 2 anastomoses distales, par thoracotomie avec CEC"
DDMA020,"Revascularisation coronaire par 2 greffons artériels avec 2 anastomoses distales, par thoracotomie avec CEC"
DDMA021,"Revascularisation coronaire par un greffon artériel et par greffon veineux avec 4 anastomoses distales ou plus, par thoracotomie avec CEC"
DDQF001,"Échographie et/ou échographie-doppler intraartérielle coronaire, aortique ou rénale, au cours d'un acte diagnostique ou thérapeutique par voie vasculaire transcutanée"
DDQH001,"Artériographie coronaire avec angiographie de plusieurs pontages coronaires, par voie artérielle transcutanée"
DDQH002,"Artériographie coronaire, par voie artérielle"
DDQH003,"Artériographie coronaire avec ventriculographie gauche et artériographie thoracique [mammaire] interne unilatérale ou bilatérale, par voie artérielle transcutanée"
DDQH004,"Artériographie coronaire avec angiographie d'un pontage coronaire, ventriculographie gauche et artériographie de l'aorte suprasigmoïdienne, par voie artérielle transcutanée"
DDQH005,"Artériographie coronaire avec angiographie d'un pontage coronaire, par voie artérielle transcutanée"
DDQH006,"Angiographie de pontage coronaire, par voie artérielle transcutanée"
DDQH007,"Artériographie coronaire avec ventriculographie gauche et artériographie de l'aorte suprasigmoïdienne, par voie artérielle transcutanée"
DDQH008,"Artériographie coronaire avec angiographie de plusieurs pontages coronaires, ventriculographie gauche et artériographie de l'aorte suprasigmoïdienne, par voie artérielle transcutanée"
DDQM001,Échographie-doppler des vaisseaux coronaires pour surveillance postopératoire de greffon artériel coronaire
DDRH001,"Épreuve pharmacodynamique de provocation de spasme coronaire, au cours d'une artériographie coronaire"
DDSA001,"Fermeture de fistule coronarocardiaque, par thoracotomie avec CEC"
DDSA002,"Fermeture de fistule coronarocardiaque, par thoracotomie sans CEC"
DDSF001,"Embolisation ou fermeture d'une fistule ou d'un anévrisme coronaire, par voie vasculaire transcutanée"
DEEA001,Repositionnement souscutané d'un générateur implantable de stimulation ou de défibrillation cardiaque
DEEF001,"Repositionnement de sonde définitive intracavitaire de stimulation cardiaque, par voie veineuse transcutanée"
DEEF002,"Repositionnement de sonde définitive intracavitaire de défibrillation cardiaque, par voie veineuse transcutanée"
DEFA001,"Exérèse ou destruction de foyer arythmogène pour tachycardie ventriculaire, par thoracotomie avec CEC"
DEFA002,"Exérèse ou destruction de foyer arythmogène ou de faisceau cardionecteur pour tachycardie supraventriculaire, par thoracotomie avec CEC"
DEGA002,"Ablation d'électrode épicardique définitive, par thoracotomie"
DEGF001,"Ablation d'une sonde définitive intracavitaire de stimulation ou de défibrillation cardiaque avec utilisation de dispositif spécifique, par voie veineuse transcutanée"
DEGF002,"Ablation de plusieurs sondes définitives intracavitaires de stimulation cardiaque sans utilisation de dispositif spécifique, par voie veineuse transcutanée"
DEGF003,"Ablation de plusieurs sondes définitives intracavitaires de stimulation cardiaque avec utilisation de dispositif spécifique, par voie veineuse transcutanée"
DEGF004,"Ablation d'une sonde définitive intracavitaire de stimulation ou de défibrillation cardiaque sans utilisation de dispositif spécifique, par voie veineuse transcutanée"
DEKF001,"Changement d'une sonde définitive de stimulation intracardiaque avec utilisation de dispositif spécifique, par voie veineuse transcutanée"
DEKF002,"Changement d'une sonde de défibrillation intracardiaque, par voie veineuse transcutanée"
DEKF003,"Changement de plusieurs sondes définitives de stimulation intracardiaque avec utilisation de dispositif spécifique, par voie veineuse transcutanée"
DEKF004,"Changement de plusieurs sondes définitives de stimulation intracardiaque sans utilisation de dispositif spécifique, par voie veineuse transcutanée"
DEKF005,"Changement d'une sonde définitive de stimulation intracardiaque sans utilisation de dispositif spécifique, par voie veineuse transcutanée"
DELA001,"Implantation souscutanée d'un stimulateur cardiaque avec pose d'électrodes épicardiques atriale et ventriculaire pour stimulation définitive, par abord direct"
DELA002,Pose peropératoire d'électrode épicardique sans pose de générateur
DELA003,"Implantation souscutanée d'un stimulateur cardiaque avec pose d'électrode épicardique ventriculaire pour stimulation définitive, par abord direct"
DELA004,"Implantation souscutanée d'un défibrillateur cardiaque avec pose d'électrode épicardique, par abord direct"
DELF001,"Implantation souscutanée d'un stimulateur cardiaque définitif, avec pose d'une sonde intraatriale ou intraventriculaire droite, et d'une sonde dans une veine cardiaque gauche par voie veineuse transcutanée"
DELF002,"Implantation d'un défibrillateur cardiaque automatique, avec pose d'une sonde intraatriale et d'unesonde intraventriculaire droites, par voie veineuse transcutanée"
DELF004,"Implantation d'un stimulateur cardiaque définitif, avec pose de 2 sondes dans le sinus coronaire, d'une sonde intraatriale et d'une sonde intraventriculaire droites par voie veineuse transcutanée"
DELF005,"Implantation souscutanée d'un stimulateur cardiaque définitif, avec pose d'une sonde intraatriale et d'une sonde intraventriculaire droites par voie veineuse transcutanée"
DELF006,"Pose d'une sonde intraventriculaire droite et d'une sonde dans le sinus coronaire ou l'oreillette droite pour stimulation cardiaque temporaire, par voie veineuse transcutanée"
DELF007,"Implantation souscutanée d'un stimulateur cardiaque définitif, avec pose d'une sonde intraatriale ou intraventriculaire droite par voie veineuse transcutanée"
DELF008,"Implantation d'un stimulateur cardiaque définitif, avec pose de 2 sondes dans le sinus coronaire par voie veineuse transcutanée"
DELF009,"Implantation d'un stimulateur cardiaque définitif, avec pose de 2 sondes dans le sinus coronaire etd'une sonde intraatriale ou intraventriculaire droite par voie veineuse transcutanée"
DELF010,"Implantation souscutanée d'un stimulateur cardiaque définitif, avec pose d'une sonde intraatriale et intraventriculaire droite unique par voie veineuse transcutanée"
DELF011,"Pose d'une sonde intraventriculaire droite pour stimulation cardiaque temporaire, par voie veineuse transcutanée"
DELF012,"Implantation souscutanée d'un stimulateur cardiaque définitif, avec pose d'une sonde dans une veine cardiaque gauche par voie veineuse transcutanée"
DELF013,"Implantation souscutanée d'un défibrillateur cardiaque automatique, avec pose d'une sonde intraventriculaire droite par voie veineuse transcutanée"
DELF014,"Implantation souscutanée d'un défibrillateur cardiaque automatique, avec pose d'une sonde intraatriale et d'une sonde intraventriculaire droites, et d'une sonde dans une veine cardiaque gauche par voie veineuse transcutanée"
DEMP001,Contrôle et réglage transcutané secondaires d'un défibrillateur cardiaque
DEMP002,Contrôle et réglage transcutané secondaires d'un stimulateur cardiaque
DEMP003,Reconstruction tridimensionnelle informatisée de l'activité électrophysiologique cardiaque [Cartographie cardiaque tridimensionelle]
DENF001,"Destruction de foyer arythmogène atrial droit par méthode physique, par voie veineuse transcutanée"
DENF002,"Destruction de foyer arythmogène ventriculaire par méthode physique, par voie vasculaire transcutanée"
DENF003,"Destruction de foyer arythmogène atrial gauche par méthode physique, par voie veineuse transcutanée"
DEPF001,"Interruption complète du tissu nodal de la jonction atrioventriculaire par méthode physique, par voie veineuse transcutanée"
DEPF002,"Interruption complète de plusieurs voies accessoires de conduction cardiaque par méthode physique, par voie vasculaire transcutanée"
DEPF003,"Interruption complète d'une voie accessoire de conduction cardiaque par méthode physique, par voie vasculaire transcutanée"
DEQA001,Électrocardiographie avec implantation souscutanée d'un dispositif d'enregistrement continu
DEQA002,Enregistrement épicardique [Cartographie épicardique] peropératoire
DEQD001,"Exploration électrophysiologique de l'oreillette, par voie oesophagienne"
DEQF001,"Exploration électrophysiologique cardiaque par sonde intracavitaire droite par voie veineuse transcutanée, avec manoeuvres provocatrices d'une tachycardie à l'étage ventriculaire"
DEQF002,"Exploration électrophysiologique cardiaque par sonde intracavitaire droite par voie veineuse transcutanée, avec manoeuvres provocatrices d'une tachycardie à l'étage atrial et à l'étage ventriculaire"
DEQF003,"Exploration électrophysiologique cardiaque par sonde intracavitaire droite, par voie veineuse transcutanée"
DEQF004,"Exploration électrophysiologique cardiaque par sonde intracavitaire droite par voie veineuse transcutanée, avec manoeuvres provocatrices d'une tachycardie à l'étage atrial"
DEQF005,"Exploration électrophysiologique cardiaque par sondes intracavitaires droite et gauche par voie vasculaire transcutanée, avec manoeuvres provocatrices d'une tachycardie"
DEQP001,"Électrocardiographie, avec enregistrement événementiel déclenché et télétransmission"
DEQP002,Électrocardiographie à haute amplification
DEQP003,Électrocardiographie sur au moins 12 dérivations
DEQP004,"Surveillance continue de l'électrocardiogramme par oscilloscopie et/ou télésurveillance, par 24 heures"
DEQP005,"Électrocardiographie sur au moins 2 dérivations, avec enregistrement continu pendant au moins 24 heures"
DEQP006,Vectocardiographie
DEQP007,"Surveillance continue de l'électrocardiogramme par oscilloscopie et/ou télésurveillance, avec surveillance continue de la pression intraartérielle et/ou de la saturation artérielle en oxygène par méthodes non effractives, par 24 heures"
DERD001,"Stimulation électrique temporaire de l'oreillette par voie oesophagienne, pour interrompre une tachycardie supraventriculaire"
DERF001,"Choc électrique cardiaque à basse énergie, par voie vasculaire transcutanée"
DERF002,"Choc électrique cardiaque à haute énergie, par voie vasculaire transcutanée"
DERF003,"Stimulation électrique temporaire de l'oreillette pour interrompre une tachycardie supraventriculaire, par voie veineuse transcutanée"
DERF004,"Stimulation électrique temporaire de l'oreillette et/ou du ventricule pour interrompre une tachycardie ventriculaire, par voie vasculaire transcutanée"
DERP001,"Déclenchement de fibrillation ou de tachycardie ventriculaire, pour contrôle et mesure du seuil de défibrillation chez un porteur de défibrillateur"
DERP002,"Déclenchement de fibrillation atriale, pour contrôle et mesure du seuil de défibrillation chez un porteur de défibrillateur"
DERP003,"Choc électrique cardiaque transcutané [Cardioversion externe], en dehors de l'urgence"
DERP004,"Choc électrique cardiaque transcutané [Cardioversion externe], en urgence"
DERP005,Stimulation cardiaque temporaire transcutanée
DERP006,Épreuve d'inclinaison [Tilt test] avec étude des variations de la pression intraartérielle et de lafréquence cardiaque
DFAF001,"Dilatation intraluminale de plusieurs branches de l'artère pulmonaire avec pose d'endoprothèse, par voie veineuse transcutanée"
DFAF002,"Dilatation intraluminale d'une branche de l'artère pulmonaire sans pose d'endoprothèse, par voie veineuse transcutanée"
DFAF003,"Dilatation intraluminale d'une branche de l'artère pulmonaire avec pose d'endoprothèse, par voie veineuse transcutanée"
DFAF004,"Dilatation intraluminale de plusieurs branches de l'artère pulmonaire sans pose d'endoprothèse, par voie veineuse transcutanée"
DFBA001,"Cerclage de l'artère pulmonaire, par thoracotomie sans CEC"
DFCA001,"Suture de plaie d'artère pulmonaire ou de veine pulmonaire, par thoracotomie sans CEC"
DFCA002,"Anastomose cavopulmonaire fonctionnellement terminoterminale, par thoracotomie sans CEC"
DFCA003,"Anastomose artérielle systémicopulmonaire avec prothèse, par thoracotomie sans CEC"
DFCA004,"Anastomose cavopulmonaire ou atriopulmonaire totale, par thoracotomie avec CEC"
DFCA005,"Anastomose cavopulmonaire bidirectionnelle, par thoracotomie sans CEC"
DFCA006,"Anastomose entre le tronc de l'artère pulmonaire et l'aorte thoracique ascendante, par thoracotomie avec CEC"
DFCA007,"Anastomose cavopulmonaire bidirectionnelle, par thoracotomie avec CEC"
DFCA008,"Anastomose cavopulmonaire fonctionnellement terminoterminale, par thoracotomie avec CEC"
DFCA009,"Anastomose artérielle systémicopulmonaire sans prothèse, par thoracotomie sans CEC"
DFCA010,"Anastomose entre le tronc pulmonaire et l'aorte avec anastomose systémicopulmonaire, par thoracotomie avec CEC"
DFEA001,"Réimplantation d'une artère pulmonaire pour anomalie d'origine, par thoracotomie"
DFFA001,"Embolectomie de l'artère pulmonaire, par thoracotomie avec CEC"
DFFA002,"Embolectomie de l'artère pulmonaire, par thoracotomie sans CEC"
DFFA003,"Thromboendartériectomie du tronc et/ou des branches de l'artère pulmonaire, par thoracotomie avec CEC"
DFFA004,"Exérèse de tumeur des vaisseaux pulmonaires, par thoracotomie sans CEC"
DFFA005,"Thromboendartériectomie de l'artère pulmonaire, par thoracotomie sans CEC"
DFGA001,"Ablation d'un cerclage pulmonaire, par thoracotomie avec CEC"
DFGA002,"Ablation d'un cerclage pulmonaire avec fermeture de communications interventriculaires multiples, par thoracotomie avec CEC"
DFGA003,"Ablation d'un cerclage pulmonaire, par thoracotomie sans CEC"
DFGA004,"Ablation d'un cerclage pulmonaire avec fermeture d'une communication interventriculaire unique, par thoracotomie avec CEC"
DFMA001,"Réparation d'une obstruction du retour veineux pulmonaire, par thoracotomie avec CEC"
DFMA002,"Angioplastie d'élargissement d'une sténose congénitale d'une branche de l'artère pulmonaire, par thoracotomie avec CEC"
DFMA003,"Unifocalisation artérielle pulmonaire, par thoracotomie sans CEC"
DFMA004,"Réparation du retour veineux pulmonaire anormal total, par thoracotomie avec CEC"
DFMA005,"Angioplastie d'élargissement d'une sténose congénitale du tronc de l'artère pulmonaire, par thoracotomie avec CEC"
DFMA006,"Unifocalisation artérielle pulmonaire, par thoracotomie avec CEC"
DFMA007,"Angioplastie d'élargissement d'une sténose congénitale de la bifurcation de l'artère pulmonaire, par thoracotomie avec CEC"
DFMA008,"Réparation du retour veineux pulmonaire anormal partiel, par thoracotomie avec CEC"
DFMA009,"Angioplastie d'élargissement d'une sténose congénitale d'une branche de l'artère pulmonaire, par thoracotomie sans CEC"
DFMA010,"Démontage d'une anastomose cavopulmonaire totale, par thoracotomie avec CEC"
DFMA011,"Réparation d'une atrésie de l'artère pulmonaire avec fermeture d'une communication interventriculaire avec prothèse [tube valvé ou non], par thoracotomie avec CEC"
DFMA012,"Réparation d'une atrésie de l'artère pulmonaire avec fermeture d'une communication interventriculaire sans prothèse [tube valvé ou non], par thoracotomie avec CEC"
DFNF001,"Fibrinolyse in situ de l'artère pulmonaire, par voie veineuse transcutanée"
DFNF002,"Thrombolyse mécanique ou thromboaspiration de l'artère pulmonaire, par voie veineuse transcutanée"
DFQH001,"Artériographie sélective du tronc et/ou des branches de l'artère pulmonaire, par voie veineuse transcutanée"
DFQH002,"Artériographie hypersélective des artères pulmonaires, par voie veineuse transcutanée"
DFQL001,"Recherche d'une thrombose artérielle pulmonaire, par injection de traceur radio-isotopique spécifique"
DFSA001,"Suppression de circulation systémique pulmonaire, par thoracotomie"
DFSA002,"Fermeture de fistule ou exclusion d'anévrisme artérioveineux pulmonaire, par thoracotomie sans CEC"
DFSF001,"Oblitération d'anévrisme sacculaire de l'artère pulmonaire, par voie veineuse transcutanée"
DFSF002,"Embolisation de fistule artérioveineuse intrathoracique, par voie artérielle transcutanée"
DGAF001,"Dilatation intraluminale de l'aorte thoracique sans pose d'endoprothèse, par voie artérielle transcutanée"
DGAF002,"Dilatation intraluminale supraorificielle de l'aorte thoracique ascendante, par voie artérielle transcutanée"
DGAF003,"Dilatation intraluminale d'une coarctation de l'aorte abdominale, par voie artérielle transcutanée"
DGAF004,"Dilatation intraluminale d'une coarctation de l'aorte thoracique avec pose d'endoprothèse, par voie artérielle transcutanée"
DGAF005,"Dilatation intraluminale de l'aorte abdominale avec pose d'endoprothèse, par voie artérielle transcutanée"
DGAF006,"Dilatation intraluminale d'une coarctation de l'aorte thoracique sans pose d'endoprothèse, par voie artérielle transcutanée"
DGAF007,"Dilatation intraluminale de l'aorte thoracique avec pose d'endoprothèse, par voie artérielle transcutanée"
DGAF008,"Dilatation intraluminale de l'aorte abdominale sans pose d'endoprothèse, par voie artérielle transcutanée"
DGCA001,"Suture de plaie de l'aorte abdominale, d'une artère iliaque commune et/ou d'une artère iliaque externe, par laparotomie"
DGCA002,"Suture d'une rupture de l'isthme de l'aorte, par thoracotomie sans CEC"
DGCA003,"Pontage rétropéritonéal entre l'aorte thoracique descendante et les artères fémorales, par abord direct"
DGCA004,"Pontage bifurqué aortobifémoral, par laparotomie avec clampage infrarénal"
DGCA005,"Pontage aortohépatique, par laparotomie"
DGCA006,"Suture d'une rupture de l'isthme de l'aorte, par thoracotomie avec CEC"
DGCA007,"Pontage aortoaortique infrarénal par laparotomie, avec clampage infrarénal"
DGCA008,"Pontage entre l'aorte thoracique ascendante et l'aorte abdominale avec exclusion de l'aorte thoracique descendante, par thoracotomie et par laparotomie sans CEC"
DGCA009,"Pontage aortofémoral unilatéral, par laparotomie avec clampage infrarénal"
DGCA010,"Pontage bifurqué aortobifémoral, par laparotomie avec clampage suprarénal"
DGCA011,"Pontages multiples entre l'aorte et les troncs supraaortiques, par thoracotomie avec CEC"
DGCA012,"Pontage aortoaortique infrarénal par laparotomie, avec clampage suprarénal"
DGCA013,"Pontages multiples entre l'aorte et les troncs supraaortiques, par thoracotomie sans CEC"
DGCA014,"Pontage rétrograde aortomésentérique ou iliomésentérique supérieur, par laparotomie"
DGCA015,"Pontage entre l'aorte thoracique ascendante et l'aorte abdominale sans exclusion de l'aorte thoracique descendante, par thoracotomie et par laparotomie sans CEC"
DGCA016,"Pontage antérograde aortomésentérique supérieur, par laparotomie"
DGCA017,"Suture latérale de plaie de l'aorte thoracique, par thoracotomie avec CEC"
DGCA018,"Pontage aortorénal antérograde unilatéral, par laparotomie ou par lombotomie"
DGCA019,"Pontage aortofémoral unilatéral, par laparotomie avec clampage suprarénal"
DGCA020,"Pontage bifurqué aorto-ilio-fémoral, par laparotomie avec clampage suprarénal"
DGCA021,"Pontage aortobirénal, par laparotomie"
DGCA022,"Pontage bifurqué aortobisiliaque, par laparotomie avec clampage infrarénal"
DGCA023,"Pontage entre l'aorte thoracique descendante ou l'aorte juxtadiaphragmatique et l'aorte abdominale infrarénale, par thoraco-phréno-laparotomie sans CEC"
DGCA024,"Pontage aortorénal rétrograde unilatéral, par laparotomie ou par lombotomie"
DGCA025,"Suture latérale de plaie de l'aorte thoracique, par thoracotomie sans CEC"
DGCA026,"Pontage bifurqué aortobisiliaque, par laparotomie avec clampage suprarénal"
DGCA027,"Pontage entre l'aorte thoracique ascendante et l'aorte abdominale sans exclusion de l'aorte thoracique descendante, par thoracotomie et par laparotomie avec CEC"
DGCA028,"Pontage entre l'aorte thoracique ascendante et l'aorte thoracique descendante, par thoracotomie avec CEC"
DGCA029,"Pontage bifurqué aorto-ilio-fémoral, par laparotomie avec clampage infrarénal"
DGCA030,"Pontage bifurqué aortobifémoral itératif [redux] sans ablation de prothèse, par laparotomie"
DGCA031,"Pontage entre l'aorte thoracique ascendante et l'aorte thoracique descendante, par thoracotomie sans CEC"
DGCA032,"Pontage entre l'aorte et le tronc artériel brachiocéphalique, par thoracotomie"
DGDA001,Aortopexie rétrosternale
DGFA001,"Thromboendartériectomie du tronc de l'aorte abdominale, par laparotomie"
DGFA002,"Thromboendartériectomie de l'aorte thoracique horizontale et des troncs supraaortiques, par thoracotomie avec CEC"
DGFA003,"Thromboendartériectomie aortobisiliaque, par laparotomie"
DGFA004,"Thrombectomie de l'aorte abdominale, de l'artère iliaque commune et/ou de l'artère iliaque externe, par abord inguinofémoral bilatéral"
DGFA005,"Thrombectomie d'un pontage ou d'une thromboendartériectomie de l'aorte abdominale ou de ses branches, par laparotomie"
DGFA006,"Prélèvement de greffe artérielle aorto-iliaque par laparotomie, sur un sujet en état de mort encéphalique"
DGFA007,"Thromboendartériectomie aorto-ilio-fémorale unilatérale, par laparotomie"
DGFA008,"Thromboendartériectomie aorto-ilio-fémorale bilatérale, par laparotomie"
DGFA009,"Thromboendartériectomie aorto-iliaque unilatérale, par laparotomie"
DGFA010,"Thrombectomie de l'aorte abdominale, de l'artère iliaque commune et/ou de l'artère iliaque externe, par laparotomie"
DGFA011,"Thromboendartériectomie du tronc et de branche viscérale de l'aorte juxtadiaphragmatique, par thoraco-phréno-laparotomie sans CEC"
DGFA012,"Thrombectomie d'un pontage ou d'une thromboendartériectomie de l'aorte abdominale ou de ses branches, par abord inguinofémoral"
DGFA013,"Résection-anastomose de l'isthme de l'aorte, par thoracotomie avec dérivation vasculaire"
DGFA014,"Résection-anastomose de l'aorte thoracique descendante ou de l'aorte juxtadiaphragmatique, par thoracotomie avec dérivation vasculaire"
DGFA015,"Résection-anastomose de l'aorte abdominale ou de l'artère iliaque commune, par laparotomie"
DGFA016,"Résection-anastomose de l'isthme de l'aorte, par thoracotomie sans dérivation vasculaire ni CEC, après l'âge de 3 ans"
DGFA017,"Résection-anastomose de l'aorte thoracique descendante ou de l'aorte juxtadiaphragmatique, par thoracotomie avec CEC"
DGFA018,"Résection-anastomose de l'isthme de l'aorte, par thoracotomie avec CEC"
DGFA019,"Résection-anastomose de l'aorte thoracique descendante ou de l'aorte juxtadiaphragmatique, par thoracotomie sans dérivation vasculaire ni CEC"
DGFA020,"Résection-anastomose de l'isthme de l'aorte, par thoracotomie sans CEC, avant l'âge de 3 ans"
DGGA001,"Ablation d'un dispositif de contrepulsion diastolique intraaortique, par thoracotomie"
DGGA002,"Ablation de prothèse de l'aorte abdominale avec pontage axillobifémoral, par abord direct"
DGGA003,"Ablation de prothèse de l'aorte abdominale avec pontage aortobisiliaque ou aortobifémoral, par laparotomie"
DGGA004,"Ablation d'un dispositif de contrepulsion diastolique intraaortique avec rétablissement de la continuité artérielle, par abord artériel périphérique"
DGKA001,"Remplacement de l'aorte thoracique ascendante et de l'aorte horizontale sans remplacement de la valve aortique, sans réimplantation des artères coronaires, par thoracotomie avec CEC"
DGKA002,"Remplacement de l'isthme de l'aorte, par thoracotomie sans dérivation vasculaire ni CEC"
DGKA003,"Remplacement de l'aorte thoracique ascendante sans remplacement de la valve aortique, avec réimplantation des artères coronaires, par thoracotomie avec CEC"
DGKA004,"Remplacement de l'aorte abdominale ou de l'artère iliaque commune, par laparotomie"
DGKA005,"Remplacement de l'aorte thoracique horizontale, par thoracotomie avec CEC"
DGKA006,"Remplacement de l'aorte thoracique descendante et de l'aorte juxtadiaphragmatique, par thoraco-phréno-laparotomie sans dérivation vasculaire ni CEC"
DGKA007,"Remplacement de l'aorte thoracique descendante, par thoracotomie avec CEC"
DGKA008,"Remplacement de l'aorte thoracique descendante et de l'aorte juxtadiaphragmatique, par thoraco-phréno-laparotomie avec CEC"
DGKA009,"Remplacement de l'aorte thoracique descendante, par thoracotomie sans CEC"
DGKA010,"Remplacement de l'aorte juxtadiaphragmatique, par thoraco-phréno-laparotomie avec CEC"
DGKA011,"Remplacement de l'aorte thoracique ascendante avec remplacement de la valve aortique, sans réimplantation des artères coronaires, par thoracotomie avec CEC"
DGKA012,"Remplacement de l'ensemble de l'aorte thoracique, par thoraco-phréno-laparotomie avec CEC"
DGKA013,"Remplacement de l'aorte juxtadiaphragmatique, par thoraco-phréno-laparotomie sans dérivation vasculaire ni CEC"
DGKA014,"Remplacement de l'aorte thoracique ascendante et de l'aorte horizontale avec remplacement de la valve aortique, avec réimplantation des artères coronaires, par thoracotomie avec CEC"
DGKA015,"Remplacement de l'aorte thoracique ascendante avec remplacement de la valve aortique, avec réimplantation des artères coronaires, par thoracotomie avec CEC"
DGKA016,"Remplacement de l'aorte juxtadiaphragmatique, par thoraco-phréno-laparotomie avec dérivation vasculaire"
DGKA017,"Remplacement de l'aorte thoracique descendante pour sténose congénitale, par thoracotomie sans CEC"
DGKA018,"Remplacement de l'aorte thoracique ascendante et de l'aorte horizontale avec remplacement de la valve aortique, sans réimplantation des artères coronaires, par thoracotomie avec CEC"
DGKA019,"Remplacement de l'isthme de l'aorte, par thoracotomie avec dérivation vasculaire"
DGKA020,"Remplacement de l'aorte thoracique descendante et de l'aorte juxtadiaphragmatique, par thoraco-phréno-laparotomie avec dérivation vasculaire"
DGKA021,"Remplacement de l'aorte thoracique descendante pour sténose congénitale, par thoracotomie avec CEC"
DGKA022,"Remplacement de l'isthme de l'aorte pour coarctation, par thoracotomie sans CEC"
DGKA023,"Remplacement de l'isthme de l'aorte, par thoracotomie avec CEC"
DGKA024,"Remplacement de l'isthme de l'aorte pour coarctation, par thoracotomie avec CEC"
DGKA025,"Remplacement de l'aorte thoracique ascendante sans remplacement de la valve aortique, sans réimplantation des artères coronaires, par thoracotomie avec CEC"
DGKA026,"Remplacement de l'aorte thoracique ascendante et de l'aorte horizontale sans remplacement de la valve aortique, avec réimplantation des artères coronaires, par thoracotomie avec CEC"
DGLA001,"Pose d'un dispositif de contrepulsion diastolique intraaortique, au cours d'une intervention par thoracotomie avec CEC"
DGLA002,"Pose d'un ballon de contrepulsion diastolique intraaortique, par abord artériel périphérique"
DGLF001,"Pose d'endoprothèse couverte bifurquée aortobisiliaque, par voie artérielle transcutanée"
DGLF002,"Pose d'endoprothèse couverte aorto-uniiliaque, par voie artérielle transcutanée"
DGLF003,"Pose d'endoprothèse couverte dans l'aorte thoracique, par voie artérielle transcutanée"
DGLF005,"Pose d'endoprothèse couverte rectiligne dans l'aorte abdominale infrarénale, par voie artérielle transcutanée"
DGLF006,"Pose d'un ballon de contrepulsion diastolique intraaortique, par voie artérielle transcutanée"
DGMA001,"Correction d'une interruption de l'aorte thoracique horizontale avec prothèse, par thoracotomie sans CEC"
DGMA002,"Correction d'une interruption de l'aorte thoracique horizontale sans prothèse, avec réparation du tronc artériel commun [truncus arteriosus], par thoracotomie avec CEC"
DGMA003,"Angioplastie d'élargissement ou résection-anastomose d'une sténose de l'aorte thoracique horizontale et de l'isthme aortique avec réparation de lésion intracardiaque, par thoracotomie avec CEC"
DGMA005,"Correction d'une interruption de l'aorte thoracique horizontale avec réparation de lésion intracardiaque associée, par thoracotomie avec CEC"
DGMA006,"Angioplastie d'élargissement de l'aorte thoracique horizontale avec réimplantation des troncs supraaortiques, par thoracotomie avec CEC"
DGMA007,"Angioplastie d'élargissement ou résection-anastomose d'une sténose de l'aorte thoracique horizontale et de l'isthme aortique avec cerclage de l'artère pulmonaire, par thoracotomie avec CEC"
DGMA008,"Angioplastie d'élargissement ou résection-anastomose d'une sténose de l'aorte thoracique horizontale et de l'isthme aortique, par thoracotomie sans CEC"
DGMA009,"Plastie d'une sténose supraorificielle de l'aorte, par thoracotomie avec CEC"
DGMA010,"Correction d'une interruption de l'aorte thoracique horizontale avec prothèse, par thoracotomie avec CEC"
DGMA011,"Correction d'une interruption de l'aorte thoracique horizontale sans prothèse, par thoracotomie sans CEC"
DGMA012,"Correction d'une interruption de l'aorte thoracique horizontale sans prothèse, par thoracotomie avec CEC"
DGMA013,"Angioplastie d'élargissement de l'aorte thoracique horizontale sans réimplantation des troncs supraaortiques, par thoracotomie avec CEC"
DGPA001,"Mise à plat d'un anévrisme aorto-ilio-fémoral avec remplacement prothétique bifurqué aorto-ilio-fémoral, par laparotomie avec clampage suprarénal"
DGPA005,"Mise à plat d'un anévrisme aortique infrarénal non rompu avec remplacement prothétique aortoaortique infrarénal, par laparotomie avec clampage infrarénal"
DGPA008,"Mise à plat d'un anévrisme aortique infrarénal ou aortobisiliaque non rompu avec remplacement prothétique aortobisiliaque, par laparotomie avec clampage suprarénal"
DGPA010,"Mise à plat d'un anévrisme aortique infrarénal ou aortobisiliaque non rompu avec remplacement prothétique aortobifémoral, par laparotomie avec clampage infrarénal"
DGPA012,"Mise à plat d'un anévrisme aortique infrarénal ou aortobisiliaque non rompu avec remplacement prothétique aortobisiliaque, par laparotomie avec clampage infrarénal"
DGPA013,"Mise à plat d'un anévrisme aortique infrarénal ou aortobisiliaque non rompu avec remplacement prothétique aortobifémoral, par laparotomie avec clampage suprarénal"
DGPA014,"Désobstruction d'une prothèse de l'aorte thoracique, par thoracotomie"
DGPA016,"Mise à plat d'un anévrisme aorto-ilio-fémoral avec remplacement prothétique bifurqué aorto-ilio-fémoral, par laparotomie avec clampage infrarénal"
DGPA017,"Mise à plat d'un anévrisme aortique infrarénal non rompu avec remplacement prothétique aortoaortique infrarénal, par laparotomie avec clampage suprarénal"
DGPF001,"Désobstruction de la bifurcation aortique, par voie artérielle transcutanée"
DGPF002,"Recanalisation de la bifurcation aortique avec pose d'endoprothèse, par voie artérielle transcutanée bilatérale"
DGQH001,"Artériographie globale de l'aorte abdominale et des membres inférieurs, par voie artérielle transcutanée"
DGQH002,"Artériographie globale de l'aorte abdominale, par voie artérielle transcutanée"
DGQH003,"Artériographie de l'aorte abdominale et des membres inférieurs, par injection intraaortique transcutanée lombale"
DGQH004,"Artériographie de l'aorte et de ses branches, par injection intraveineuse transcutanée"
DGQH005,"Artériographie globale de l'aorte thoracique et abdominale, par voie artérielle transcutanée"
DGQH006,"Artériographie globale de l'aorte thoracique, par voie artérielle transcutanée"
DGQH007,"Artériographie globale de la crosse de l'aorte et de ses branches cervicocéphaliques [Gerbe aortique], par voie artérielle transcutanée"
DGQM001,"Échographie-doppler de l'aorte abdominale, de ses branches viscérales, des artères iliaques et des artères des membres inférieurs"
DGQM002,"Échographie-doppler de l'aorte abdominale, de ses branches viscérales et des artères iliaques"
DGSA001,"Fermeture de fistule aortodigestive ou iliodigestive avec pontage non anatomique de l'aorte abdominale, par abord direct"
DGSA002,"Fermeture de fistule artérioveineuse aortocave, iliocave ou ilio-iliaque avec pontage artériel, par laparotomie"
DGSA003,"Fermeture d'une fenêtre [fistule] aortopulmonaire, par thoracotomie avec CEC"
DGSA004,"Fermeture de fistule aortodigestive ou iliodigestive avec pontage aortoaortique abdominal, par laparotomie"
DGSA005,"Hémostase secondaire à un acte sur l'aorte abdominale ou ses branches, par laparotomie"
DHAF001,"Dilatation intraluminale de la veine cave supérieure avec pose d'endoprothèse, par voie veineuse transcutanée"
DHAF002,"Dilatation intraluminale de la veine cave inférieure sans pose d'endoprothèse, par voie veineuse transcutanée"
DHAF003,"Dilatation intraluminale de la veine cave supérieure sans pose d'endoprothèse, par voie veineuse transcutanée"
DHAF004,"Dilatation intraluminale de la veine cave inférieure avec pose d'endoprothèse, par voie veineuse transcutanée"
DHCA001,"Suture de plaie de la veine cave inférieure rétrohépatique ou suprahépatique, ou des veines hépatiques, par laparotomie"
DHCA002,"Pontage de la veine brachiocéphalique ou de la veine cave supérieure, par thoracotomie"
DHCA003,"Suture de plaie de la veine brachiocéphalique ou de la veine cave supérieure, par thoracotomie"
DHCA004,"Pontage veineux ilio-iliaque ou iliocave, par laparotomie"
DHFA001,"Résection de la veine cave inférieure suprarénale rétrohépatique et/ou suprahépatique avec reconstruction, par laparotomie"
DHFA002,"Résection de la veine cave inférieure infrarénale sans reconstruction, par laparotomie"
DHFA003,"Thrombectomie des veines iliaques et/ou de la veine cave inférieure, par laparotomie"
DHFA004,"Résection de la veine cave inférieure suprarénale infrahépatique sans reconstruction, par laparotomie"
DHFA005,"Résection de la veine cave inférieure suprarénale rétrohépatique et/ou suprahépatique sans reconstruction, par laparotomie"
DHFA006,"Résection de la veine cave inférieure suprarénale infrahépatique avec reconstruction, par laparotomie"
DHFA007,"Résection de la veine cave inférieure infrarénale avec reconstruction, par laparotomie"
DHGA001,"Ablation d'un filtre de la veine cave inférieure sans reconstruction de la veine, par laparotomie"
DHGA002,"Ablation d'un filtre de la veine cave inférieure avec reconstruction de la veine, par laparotomie"
DHGF001,"Ablation d'un filtre temporaire de la veine cave inférieure, par voie veineuse transcutanée"
DHLF001,"Pose d'un cathéter épicutanéocave, par voie transcutanée"
DHNF001,"Thrombolyse mécanique ou thromboaspiration de la veine cave supérieure, par voie veineuse transcutanée"
DHNF002,"Fibrinolyse in situ fémoro-ilio-cave, par voie veineuse transcutanée"
DHNF003,"Thrombolyse mécanique ou thromboaspiration de la veine cave inférieure, par voie veineuse transcutanée"
DHNF004,"Fibrinolyse in situ de la veine cave inférieure, par voie veineuse transcutanée"
DHNF005,"Fibrinolyse in situ de la veine cave supérieure, par voie veineuse transcutanée"
DHNF006,"Fibrinolyse in situ fémoro-ilio-cave avec oblitération partielle de la veine cave inférieure [pose d'un filtre cave], par voie veineuse transcutanée"
DHPA001,"Désobstruction de la veine cave supérieure, par thoracotomie"
DHPF001,"Recanalisation de la veine cave supérieure sans pose d'endoprothèse, par voie veineuse transcutanée"
DHPF002,"Recanalisation de la veine cave supérieure avec pose d'endoprothèse, par voie veineuse transcutanée"
DHPF003,"Recanalisation de la veine cave inférieure sans pose d'endoprothèse, par voie veineuse transcutanée"
DHQH001,"Phlébographie sélective de plusieurs branches des veines iliaques communes et/ou de la veine cave inférieure, par voie veineuse transcutanée"
DHQH002,"Phlébographie de la veine cave inférieure [Cavographie inférieure], par voie veineuse transcutanée"
DHQH003,"Phlébographie de la veine cave supérieure [Cavographie supérieure], par injection intraveineuse transcutanée"
DHQH004,"Phlébographie sélective d'une branche de la veine iliaque commune ou de la veine cave inférieure, par voie veineuse transcutanée"
DHQH005,"Phlébographie des veines iliaque et cave inférieure [Iliocavographie], par injection intraveineuse transcutanée fémorale unilatérale ou bilatérale"
DHQH006,"Phlébographie globale de la veine cave supérieure [Cavographie supérieure], par voie veineuse transcutanée"
DHQM001,Échographie-doppler transthoracique de la veine cave supérieure et de ses affluents chez l'enfant
DHQM002,Échographie-doppler de la veine cave inférieure et de ses affluents
DHSA001,"Oblitération partielle de la veine cave inférieure, par laparotomie"
DHSA002,"Ligature de la veine cave inférieure et/ou de l'une de ses branches viscérales, par laparotomie"
DHSF001,"Oblitération partielle temporaire de la veine cave inférieure, par voie veineuse transcutanée"
DHSF002,"Oblitération partielle définitive de la veine cave inférieure, par voie veineuse transcutanée"
DKMD001,"Ressuscitation cardiorespiratoire avec intubation trachéale, en dehors d'un bloc médicotechnique"
DKMD002,"Ressuscitation cardiorespiratoire avec intubation trachéale, dans un bloc médicotechnique"
DKRP001,Séance de réentraînement cardiaque et/ou vasculaire progressif à l'effort sur machine et à la réalisation de tâches de la vie quotidienne
DKRP002,"Séance de réentraînement cardiaque et/ou vasculaire progressif à l'effort sur machine, à la réalisation de tâches de la vie quotidienne et à l'activité sportive collective"
DKRP003,Séance de réentraînement cardiaque et/ou vasculaire progressif à l'effort sur machine et à l'activité sportive collective
DZEA001,"Transplantation itérative du coeur, par thoracotomie avec CEC"
DZEA002,"Transplantation orthotopique du coeur, par thoracotomie avec CEC"
DZEA003,"Transplantation hétérotopique du coeur, par thoracotomie avec CEC"
DZEA004,"Transplantation du bloc coeur-poumons, par thoracotomie avec CEC"
DZFA001,"Prélèvement du coeur, au cours d'un prélèvement multiorgane sur un sujet en état de mort encéphalique"
DZFA002,"Prélèvement du coeur pour préparation de greffe orificielle, au cours d'un prélèvement multiorgane sur un sujet en état de mort encéphalique"
DZFA003,"Prélèvement du bloc coeur-poumons, au cours d'un prélèvement multiorgane sur un sujet en état de mort encéphalique"
DZFA004,"Exérèse d'un greffon de transplantation du coeur avec pose d'une assistance circulatoire mécanique biventriculaire interne, par thoracotomie avec CEC"
DZMA001,"Réparation d'une malposition des gros vaisseaux avec communication interventriculaire, sans conduit extracardiaque ni mobilisation de l'artère pulmonaire, par thoracotomie avec CEC"
DZMA002,"Réparation anatomique de la discordance atrioventriculaire et de la transposition ou malposition des gros vaisseaux avec communication interventriculaire et sténose pulmonaire à l'étage ventriculaire et atrial, par thoracotomie avec CEC"
DZMA003,"Réparation anatomique à l'étage artériel et atrial de la discordance atrioventriculaire et de la transposition ou malposition des gros vaisseaux avec communication interventriculaire, par thoracotomie avec CEC"
DZMA004,"Réparation à l'étage artériel d'une transposition ou d'une malposition des gros vaisseaux avec fermeture d'une communication interventriculaire, par thoracotomie avec CEC"
DZMA005,"Réparation de la tétralogie de Fallot sans section de l'anneau pulmonaire, par thoracotomie avec CEC"
DZMA006,"Réparation à l'étage atrial d'une transposition ou d'une malposition des gros vaisseaux avec fermeture d'une communication interventriculaire, par thoracotomie avec CEC"
DZMA007,"Réparation à l'étage artériel de la transposition des gros vaisseaux, par thoracotomie avec CEC"
DZMA009,"Réparation du tronc artériel commun [truncus arteriosus], par thoracotomie avec CEC"
DZMA010,"Réparation d'une malposition des gros vaisseaux avec communication interventriculaire, par pose de conduit extracardiaque ou mobilisation de l'artère pulmonaire, par thoracotomie avec CEC"
DZMA011,"Réparation de la tétralogie de Fallot avec section de l'anneau pulmonaire, par thoracotomie avec CEC"
DZMA012,"Réparation à l'étage atrial de la transposition des gros vaisseaux, par thoracotomie avec CEC"
DZQJ001,"Échographie-doppler du coeur et des vaisseaux intrathoraciques, par voie oesophagienne [Échocardiographie-doppler transoesophagienne]"
DZQJ002,"Échographie-doppler peropératoire du coeur et des vaisseaux intrathoraciques par voie oesophagienne, pour contrôle de la correction chirurgicale d'une cardiopathie congénitale ou d'une valvopathie [valvulopathie]"
DZQJ005,"Remnographie [IRM] fonctionnelle du coeur, avec épreuve pharmacologique de stress"
DZQJ006,"Échographie-doppler du coeur et des vaisseaux intrathoraciques par voie oesophagienne, au lit du malade"
DZQJ007,"Échographie-doppler peropératoire du coeur et des vaisseaux intrathoraciques par voie oesophagienne, pour surveillance de défaillance cardiocirculatoire à l'issue d'une CEC"
DZQJ008,Échographie-doppler transthoracique et échographie-doppler par voie oesophagienne du coeur et des vaisseaux intrathoraciques
DZQJ009,"Échographie-doppler transthoracique du coeur et des vaisseaux intrathoraciques, avec injection intraveineuse de produit de contraste ultrasonore ne franchissant pas le poumon"
DZQJ010,"Échographie-doppler transthoracique et échographie-doppler par voie oesophagienne du coeur et des vaisseaux intrathoraciques, avec injection intraveineuse de produit de contraste ultrasonore ne franchissant pas le poumon"
DZQJ011,"Échographie-doppler du coeur et des vaisseaux intrathoraciques par voie oesophagienne, avec injection intraveineuse de produit de contraste ultrasonore ne franchissant pas le poumon"
DZQM001,"Échographie transthoracique du coeur et des gros vaisseaux, au lit du malade"
DZQM002,Échocardiographie transthoracique continue avec épreuve de stress sur lit ergométrique
DZQM003,"Échographie-doppler transthoracique du coeur et des vaisseaux intrathoraciques, au cours d'un acte thérapeutique intracavitaire cardiaque par voie vasculaire transcutanée"
DZQM005,"Échographie-doppler transthoracique du coeur et des vaisseaux intrathoraciques, au lit du malade"
DZQM006,Échographie-doppler transthoracique du coeur et des vaisseaux intrathoraciques
DZQM007,Échographie transthoracique du coeur et des gros vaisseaux
DZQN001,Remnographie [IRM] morphologique du coeur
DZQN002,"Remnographie [IRM] fonctionnelle du coeur, sans épreuve pharmacologique de stress"
DZRP001,"Épreuve d'effort sur tapis roulant ou bicyclette ergométrique, avec électrocardiographie discontinue"
DZSA001,"Suppression d'une anastomose palliative pour cardiopathie congénitale, avec angioplastie d'agrandissement d'une branche de l'artère pulmonaire, par thoracotomie avec CEC"
DZSA002,"Hémostase secondaire à un acte sur le coeur et/ou les vaisseaux intrathoraciques, par thoracotomie"
DZSA004,"Suppression d'une anastomose palliative, avec CEC, au cours d'une correction chirurgicale secondaire de cardiopathie congénitale"
EAAF001,"Dilatation intraluminale de branche de la carotide interne sans pose d'endoprothèse, par voie artérielle transcutanée"
EAAF002,"Dilatation intraluminale du tronc de l'artère carotide interne intracrânienne avec pose d'endoprothèse, par voie artérielle transcutanée"
EAAF003,"Dilatation intraluminale de branche de l'artère carotide interne avec pose d'endoprothèse, par voieartérielle transcutanée"
EAAF004,"Dilatation intraluminale du tronc de l'artère carotide interne intracrânienne sans pose d'endoprothèse, par voie artérielle transcutanée"
EABA001,"Enrobage d'un anévrisme artériel intracrânien, par craniotomie"
EACA001,"Exclusion de fistule artérioveineuse de la faux du cerveau ou de la tente du cervelet, par craniotomie"
EACA002,"Exclusion d'anévrismes artériels intracrâniens multiples, par craniotomie unique"
EACA003,"Exclusion d'un anévrisme artériel intracrânien d'un diamètre supérieur à 20 mm, par craniotomie"
EACA004,"Exclusion d'un anévrisme artériel vertébrobasilaire d'un diamètre inférieur ou égal à 20 mm, par craniotomie"
EACA005,"Exclusion de fistule artérioveineuse d'un sinus veineux dural [fistule ostéodurale], par craniotomie"
EACA006,"Exclusion de fistule artérioveineuse durale de la convexité, par craniotomie"
EACA007,"Exclusion d'un anévrisme artériel supratentoriel d'un diamètre inférieur ou égal à 20 mm, par craniotomie"
EACF001,"Inversion du flux d'un anévrisme artériel intracrânien en période aigüe hémorragique, par voie artérielle transcutanée"
EACF002,"Inversion du flux d'un anévrisme artériel intracrânien en dehors d'une période aigüe hémorragique, par voie artérielle transcutanée"
EAFA001,"Embolectomie ou thromboendartériectomie de vaisseau intracrânien, par craniotomi"
EAFA002,"Exérèse d'une tumeur du glomus [corpuscule] tympanojugulaire par abord transpétreux, avec déroutement du nerf facial"
EAFA003,"Exérèse de malformation artérioveineuse cérébrale superficielle supratentorielle d'un diamètre inférieur ou égal à 30 mm, par craniotomie"
EAFA004,"Exérèse d'une tumeur du glomus [corpuscule] tympanojugulaire étendue à la fosse postérieure, par craniotomie"
EAFA005,"Exérèse de malformation artérioveineuse encéphalique infratentorielle, par craniotomie"
EAFA006,"Exérèse d'une tumeur du glomus [corpuscule] tympanojugulaire par abord transpétreux, sans déroutement du nerf facial"
EAFA007,"Exérèse d'une tumeur du glomus [corpuscule] tympanojugulaire étendue aux structures cervicales, par craniocervicotomie"
EAFA008,"Exérèse de malformation artérioveineuse cérébrale profonde supratentorielle, par craniotomie"
EAFA009,"Exérèse de malformation artérioveineuse cérébrale superficielle supratentorielle d'un diamètre supérieur à 30 mm, par craniotomie"
EAHF001,"Prélèvements sanguins hypersélectifs étagés des sinus pétreux, par voie veineuse transcutanée"
EAMA001,"Reconstruction d'un sinus veineux de la dure-mère ou d'une artère intracrânienne par autogreffe, au cours d'une intervention intracrânienne"
EAMA002,"Réparation de plaie d'un sinus veineux de la dure-mère par suture ou angioplastie [patch], au cours d'une intervention intracrânienne"
EANF001,"Fibrinolyse in situ sélective ou hypersélective d'artère intracrânienne, par voie artérielle transcutanée"
EANF002,"Fibrinolyse in situ suprasélective d'artère intracrânienne, par voie artérielle transcutanée"
EAQF001,"Angiographie unilatérale ou bilatérale du segment postérieur de l'oeil par injection intraveineuse transcutanée de vert d'indocyanine, avec examen à l'ophtalmoscope à balayage laser"
EAQH001,"Artériographie cérébrale sélective, avec exploration comparative des fonctions cognitives des hémisphères cérébraux par injection intracarotidienne de barbiturique à action rapide [test de Wada]"
EAQH002,Scanographie des vaisseaux encéphaliques [Angioscanner cérébral]
EAQJ001,Remnographie des vaisseaux encéphaliques [Angio-IRM cérébrale]
EAQM001,"Surveillance continue de la circulation artérielle intracrânienne par doppler transcrânien, par 24 heures"
EAQM002,Monitorage de la circulation artérielle intracrânienne par doppler pulsé transcrânien
EAQM003,"Échographie-doppler transcrânienne des vaisseaux intracrâniens, avec épreuve pharmacodynamique"
EAQM004,"Échographie-doppler transcrânienne des vaisseaux intracrâniens, sans épreuve pharmacodynamique"
EAQM005,Échographie-doppler transfontanellaire des vaisseaux intracrâniens
EASA001,"Ligature de vaisseau intracrânien supratentoriel, par craniotomie"
EASA002,"Ligature de vaisseau intracrânien infratentoriel, par craniotomie"
EASF001,"Oblitération de plusieurs anévrismes sacculaires artériels intracrâniens en dehors d'une période aigüe hémorragique, par voie artérielle transcutanée"
EASF002,"Occlusion intraluminale d'un vaisseau intracrânien afférent à une tumeur, par voie vasculaire transcutanée"
EASF003,"Occlusion intraluminale de plusieurs vaisseaux intracrâniens afférents à une tumeur, par voie vasculaire transcutanée"
EASF004,"Embolisation suprasélective unilatérale ou bilatérale de branche de l'artère carotide interne, par voie artérielle transcutanée"
EASF005,"Embolisation d'une fistule artérioveineuse durale cranioencéphalique multipédiculaire, par voie artérielle et par voie veineuse transcutanées"
EASF006,"Embolisation d'une fistule artérioveineuse durale cranioencéphalique unipédiculaire, par voie artérielle ou veineuse transcutanée"
EASF007,"Oblitération intraluminale d'une artère intracrânienne porteuse d'un anévrisme en période aigüe hémorragique, par voie artérielle transcutanée"
EASF008,"Oblitération intraluminale d'une artère intracrânienne porteuse d'un anévrisme en dehors d'une période aigüe hémorragique, par voie artérielle transcutanée"
EASF009,"Embolisation d'une fistule artérioveineuse durale cranioencéphalique unipédiculaire, par voie artérielle et par voie veineuse transcutanées"
EASF010,"Oblitération d'un anévrisme sacculaire artériel intracrânien en période aigüe hémorragique, par voie artérielle transcutanée"
EASF011,"Oblitération d'un anévrisme sacculaire artériel intracrânien en dehors d'une période aigüe hémorragique, par voie artérielle transcutanée"
EASF012,"Occlusion intraluminale d'un vaisseau intracrânien, par voie vasculaire transcutanée"
EASF013,"Oblitération de plusieurs anévrismes sacculaires artériels intracrâniens en période aigüe hémorragique, par voie artérielle transcutanée"
EASF014,"Embolisation sélective ou hypersélective unilatérale ou bilatérale de branche de l'artère carotide interne, par voie artérielle transcutanée"
EASF015,"Embolisation d'une fistule artérioveineuse durale cranioencéphalique multipédiculaire, par voie artérielle ou veineuse transcutanée"
EBAF001,"Dilatation intraluminale de l'artère carotide interne extracrânienne avec pose d'endoprothèse, par voie artérielle transcutanée"
EBAF002,"Dilatation intraluminale de l'artère basilaire avec pose d'endoprothèse, par voie artérielle transcutanée"
EBAF003,"Dilatation intraluminale de l'artère carotide interne extracrânienne sans pose d'endoprothèse, par voie artérielle transcutanée"
EBAF004,"Dilatation intraluminale de l'artère carotide commune cervicale sans pose d'endoprothèse, par voie artérielle transcutanée"
EBAF005,"Dilatation intraluminale de l'artère carotide externe sans pose d'endoprothèse, par voie artérielle transcutanée"
EBAF006,"Dilatation intraluminale de l'artère carotide externe avec pose d'endoprothèse, par voie artérielle transcutanée"
EBAF007,"Dilatation intraluminale de l'artère vertébrale extracrânienne ou intracrânienne avec pose d'endoprothèse, par voie artérielle transcutanée"
EBAF008,"Dilatation intraluminale de l'artère vertébrale extracrânienne ou intracrânienne sans pose d'endoprothèse, par voie artérielle transcutanée"
EBAF009,"Dilatation intraluminale de la bifurcation carotidienne sans pose d'endoprothèse, par voie artérielle transcutanée"
EBAF010,"Dilatation intraluminale de l'artère carotide commune cervicale avec pose d'endoprothèse, par voie artérielle transcutanée"
EBAF011,"Dilatation intraluminale de la bifurcation carotidienne avec pose d'endoprothèse, par voie artérielle transcutanée"
EBAF012,"Dilatation intraluminale de l'artère basilaire sans pose d'endoprothèse, par voie artérielle transcutanée"
EBCA001,"Pontage croisé carotidosubclavier ou carotidoaxillaire, par cervicotomie"
EBCA002,"Pontage de l'artère carotide externe, par cervicotomie"
EBCA003,"Suture de plaie de l'artère carotide commune, par cervicotomie et par thoracotomie"
EBCA004,"Pontage croisé intercarotidien, par cervicotomie"
EBCA005,"Pontage carotidovertébral distal ou subclaviovertébral distal, par cervicotomie"
EBCA006,"Suture de plaie de l'artère carotide externe, par cervicotomie"
EBCA007,"Suture de plaie de l'artère carotide interne extracrânienne, par cervicotomie"
EBCA008,"Pontage homolatéral carotidosubclavier ou carotidoaxillaire, par cervicotomie"
EBCA009,"Suture de plaie de l'artère carotide commune, par cervicotomie"
EBCA010,"Pontage artériel extra-intracrânien sans autogreffe, par craniotomie et par cervicotomie"
EBCA011,"Pontage artériel extra-intracrânien avec autogreffe, par craniotomie et par cervicotomie"
EBCA012,"Pontage veineux juguloaxillaire, par cervicotomie"
EBCA013,"Pontage carotidohuméral ou subclaviohuméral, par abord direct"
EBCA014,"Pontage carotidovertébral proximal ou subclaviovertébral proximal, par cervicotomie"
EBCA015,"Pontage aortocarotidien, par cervicotomie et par thoracotomie"
EBCA016,"Suture de plaie de l'artère vertébrale proximale, par cervicotomie"
EBEA001,"Réimplantation de la veine jugulaire interne dans la veine axillaire, par abord direct"
EBEA002,"Réimplantation de l'artère vertébrale proximale dans l'artère subclavière ou dans l'artère carotide commune, par cervicotomie"
EBEA003,"Réimplantation de l'artère subclavière dans l'artère carotide commune, par cervicotomie"
EBEA004,"Réimplantation de l'artère vertébrale distale dans l'artère carotide interne ou dans l'artère carotide externe, par cervicotomie"
EBEA005,"Réimplantation de l'artère carotide commune dans l'artère subclavière, par cervicotomie"
EBFA001,"Exérèse d'une tumeur du glomus [corpuscule] carotidien avec conservation de l'axe carotidien, par cervicotomie"
EBFA002,"Thromboendartériectomie de la bifurcation carotidienne avec angioplastie d'élargissement, par cervicotomie avec dérivation vasculaire"
EBFA003,"Thromboendartériectomie de l'artère carotide commune, par cervicotomie"
EBFA004,"Thrombectomie d'un pontage ou d'une thromboendartériectomie des troncs supraaortiques, par thoracotomie"
EBFA005,"Thrombectomie de l'artère carotide commune, par cervicotomie"
EBFA006,"Thromboendartériectomie de la bifurcation carotidienne sans angioplastie d'élargissement, par cervicotomie avec dérivation vasculaire"
EBFA007,"Exérèse d'une malformation vasculaire de la région parotidienne avec dissection du nerf facial, par abord direct"
EBFA008,"Thromboendartériectomie de la bifurcation carotidienne par retournement, par cervicotomie sans dérivation vasculaire"
EBFA009,"Thromboendartériectomie de l'artère carotide externe, par cervicotomie"
EBFA010,"Thromboendartériectomie de l'artère carotide commune, par cervicotomie et par thoracotomie"
EBFA011,"Exérèse d'une tumeur du glomus [corpuscule] carotidien avec reconstruction de l'axe carotidien, par cervicotomie"
EBFA012,"Thromboendartériectomie de la bifurcation carotidienne sans angioplastie d'élargissement, par cervicotomie sans dérivation vasculaire"
EBFA013,"Thrombectomie d'un pontage ou d'une thromboendartériectomie d'artère à destination cervicocéphalique, par cervicotomie"
EBFA014,"Résection de l'artère carotide interne avec réimplantation dans l'artère carotide commune, par cervicotomie"
EBFA015,"Thromboendartériectomie de la bifurcation carotidienne par retournement, par cervicotomie avec dérivation vasculaire"
EBFA016,"Thromboendartériectomie de la bifurcation carotidienne avec angioplastie d'élargissement, par cervicotomie sans dérivation vasculaire"
EBFA017,"Thromboendartériectomie de l'artère vertébrale proximale, par cervicotomie"
EBFA018,"Résection-anastomose ou remplacement de l'artère vertébrale proximale, par cervicotomie"
EBFA019,"Résection-anastomose de l'artère carotide interne, par cervicotomie"
EBFA020,"Résection-anastomose de l'artère carotide commune, par cervicotomie et par thoracotomie"
EBFA021,"Résection-anastomose de l'artère carotide commune, par cervicotomie"
EBGA001,Ablation d'un système diffuseur implanté et du cathéter relié à une veine profonde du membre supérieur ou du cou
EBHA001,"Biopsie unilatérale ou bilatérale de l'artère temporale superficielle, par abord direct"
EBHA002,"Biopsie d'artère des membres ou du cou, par abord direct"
EBKA001,"Remplacement de l'artère carotide commune, par cervicotomie"
EBKA002,"Remplacement de l'artère carotide interne, par cervicotomie"
EBKA003,"Remplacement de l'artère carotide commune, par cervicotomie et par thoracotomie"
EBLA001,"Pose d'un cathéter dans une artère cervicocéphalique pour chimiothérapie, par cervicotomie"
EBLA002,"Pose d'un cathéter dans la veine jugulaire interne, par cervicotomie"
EBLA003,"Pose d'un cathéter relié à une veine profonde du membre supérieur ou du cou par voie transcutanée, avec pose d'un système diffuseur implantable souscutané"
EBLB001,Pose d'une voie d'abord vasculaire intraosseuse ou dans le sinus veineux sagittal [longitudinal] supérieur
EBLF001,"Injection intraartérielle cervicocéphalique in situ d'agent pharmacologique anticancéreux , par voie artérielle transcutanée"
EBMA001,"Angioplastie d'élargissement de la bifurcation carotidienne sans thromboendartériectomie, par cervicotomie"
EBNE001,"Coagulation bilatérale de l'artère sphénopalatine, par endoscopie nasale"
EBNE002,"Coagulation unilatérale de l'artère sphénopalatine, par endoscopie nasale"
EBNF001,"Fibrinolyse in situ sélective ou hypersélective d'une artère extracrânienne à destination cervicocéphalique, par voie artérielle transcutanée"
EBNH001,"Sclérose d'une malformation vasculaire cervicale et/ou faciale, par injection transcutanée intralésionnelle d'agent pharmacologique avec guidage radiologique"
EBPA003,"Décompression de l'artère vertébrale intratransversaire, par cervicotomie"
EBQF001,"Angiographie du segment postérieur de l'oeil, par injection intraveineuse transcutanée de fluorescéine, avec examen à l'ophtalmoscope à balayage laser"
EBQF002,"Angiographie du segment postérieur de l'oeil, par injection intraveineuse transcutanée de fluorescéine, avec superposition d'images"
EBQF003,"Angiographie du segment antérieur de l'oeil, par injection intraveineuse transcutanée de fluorescéine"
EBQF004,"Angiographie du segment postérieur de l'oeil, par injection intraveineuse transcutanée de fluorescéine"
EBQF005,"Angiographie du segment postérieur de l'oeil, par injection intraveineuse transcutanée de vert d'indocyanine"
EBQH001,"Phlébographie globale d'un axe cervicocéphalique, par voie veineuse transcutanée"
EBQH002,"Artériographie sélective de 3 axes cervicocéphaliques ou plus, par voie artérielle transcutanée"
EBQH003,"Artériographie cervicocéphalique par voie vasculaire transcutanée, pour diagnostic de mort cérébrale"
EBQH004,Scanographie des vaisseaux cervicocéphaliques [Angioscanner cervicocérébral]
EBQH005,"Artériographie hypersélective cervicocéphalique, par voie artérielle transcutanée"
EBQH006,Scanographie des vaisseaux cervicaux [Angioscanner cervical]
EBQH007,"Artériographie suprasélective cervicocéphalique, par voie artérielle transcutanée"
EBQH008,"Artériographie de plusieurs axes cervicocéphaliques, par injections intraartérielles transcutanées multiples"
EBQH009,"Phlébographie d'un axe cervicocéphalique, par injection intrajugulaire transcutanée"
EBQH010,"Artériographie d'un axe cervicocéphalique, par injection intraartérielle transcutanée unique"
EBQH011,"Artériographie sélective d'un ou 2 axes cervicocéphaliques, par voie artérielle transcutanée"
EBQJ001,Remnographie des vaisseaux cervicocéphaliques [Angio-IRM cervicocérébrale]
EBQJ002,Remnographie des vaisseaux cervicaux [Angio-IRM cervicale]
EBQM001,"Échographie-doppler des artères cervicocéphaliques extracrâniennes, sans mesure de l'épaisseur de l'intima-média"
EBQM002,"Échographie-doppler des artères cervicocéphaliques extracrâniennes, avec échographie-doppler des artères des membres inférieurs"
EBQM003,Échographie-doppler des vaisseaux cervicocéphaliques extracrâniens avec échographie-doppler transcrânienne des vaisseaux intracrâniens
EBQM004,"Échographie-doppler des artères cervicocéphaliques extracrâniennes, avec mesure de l'épaisseur de l'intima-média"
EBSA001,"Ligature de l'artère sphénopalatine ou de l'artère maxillaire, par abord transnasal ou transantral"
EBSA002,"Ligature de l'artère vertébrale distale, par cervicotomie"
EBSA003,"Ligature de l'artère carotide commune, par cervicotomie"
EBSA004,Ligature bilatérale de l'artère ethmoïdale antérieure et/ou de l'artère ethmoïdale postérieure
EBSA005,"Occlusion progressive de l'artère carotide commune ou de l'artère carotide interne par pose de clamp, par cervicotomie"
EBSA006,"Ligature de l'artère carotide interne, par cervicotomie"
EBSA007,"Ligature de l'artère vertébrale proximale, par cervicotomie"
EBSA008,Ligature unilatérale de l'artère ethmoïdale antérieure et/ou de l'artère ethmoïdale postérieure
EBSA009,Ligature de l'artère sphénopalatine et de l'artère ethmoïdale
EBSA010,"Ligature du tronc ou de branche de l'artère carotide externe, par cervicotomie"
EBSA011,"Hémostase secondaire, par reprise de cervicotomie"
EBSA012,"Hémostase secondaire à un acte sur les vaisseaux cervicocéphaliques, par cervicotomie"
EBSF001,"Occlusion d'une fistule artérioveineuse directe cervicale ou crânienne, par voie vasculaire transcutanée"
EBSF003,"Embolisation sélective ou hypersélective unilatérale ou bilatérale de branche de l'artère carotide externe, par voie artérielle transcutanée"
EBSF004,"Embolisation suprasélective unilatérale ou bilatérale de branche de l'artère carotide externe, par voie artérielle transcutanée"
EBSH001,"Occlusion d'une malformation vasculaire cervicale et/ou faciale, par injection transcutanée intralésionnelle de colle avec guidage radiologique"
ECAF001,"Dilatation intraluminale d'une artère du membre supérieur avec pose d'endoprothèse, par voie artérielle transcutanée"
ECAF002,"Dilatation intraluminale d'une artère du membre supérieur sans pose d'endoprothèse, par voie artérielle transcutanée"
ECAF003,"Dilatation intraluminale du tronc artériel brachiocéphalique ou de l'artère carotide commune intrathoracique sans pose d'endoprothèse, par voie artérielle transcutanée"
ECAF004,"Dilatation intraluminale du tronc artériel brachiocéphalique ou de l'artère carotide commune intrathoracique avec pose d'endoprothèse, par voie artérielle transcutanée"
ECCA001,"Suture de plaies de 2 artères, sur un rayon de la main"
ECCA002,"Pontage d'une artère de la main, par abord direct"
ECCA003,"Pontage d'une artère du membre supérieur, par abord direct"
ECCA004,"Suture de plaie d'une artère du membre supérieur, par abord direct"
ECCA005,"Suture de plaie d'une artère, sur un rayon de la main"
ECCA006,"Suture de plaie du tronc artériel brachiocéphalique, par thoracotomie"
ECCA007,"Pontage homolatéral subclavioaxillaire, par abord direct"
ECCA009,"Pontage croisé intersubclavier, interaxillaire ou intersubclavioaxillaire, par cervicotomie"
ECCA010,"Suture de plaie de l'artère subclavière, par cervicotomie"
ECFA001,"Thromboendartériectomie du tronc artériel brachiocéphalique, par thoracotomie"
ECFA002,"Thrombectomie d'une artère du membre supérieur, par abord direct"
ECFA003,"Thromboendartériectomie de l'artère subclavière, par thoracotomie"
ECFA004,"Thromboendartériectomie de l'artère subclavière, par cervicotomie"
ECFA005,"Résection-anastomose d'artère du membre supérieur, par abord direct"
ECFA006,"Résection-anastomose de l'artère subclavière, par cervicotomie"
ECJF001,"Thromboaspiration d'artère ou de pontage artériel du membre supérieur, par voie artérielle transcutanée"
ECKA001,"Remplacement du tronc artériel brachiocéphalique, par thoracotomie"
ECKA002,"Remplacement de l'artère subclavière, par cervicotomie"
ECLF001,"Injection intraartérielle in situ d'agent pharmacologique anticancéreux au membre supérieur, par voie artérielle transcutanée"
ECLF002,"Injection sélective in situ d'agent pharmacologique anticancéreux dans une artère à destinée bronchique et/ou pleuropulmonaire, par voie artérielle transcutanée"
ECLF003,"Pose d'endoprothèse couverte dans une artère du membre supérieur, par voie artérielle transcutanée"
ECLF004,"Pose d'endoprothèse couverte dans le tronc artériel brachiocéphalique ou l'artère carotide commune intrathoracique, par voie artérielle transcutanée"
ECMA001,"Reconstruction de l'artère et/ou de la veine subclavière avec résection de côte, par abord direct"
ECNF001,"Fibrinolyse in situ suprasélective d'une artère ou d'un pontage artériel du membre supérieur, par voie artérielle transcutanée"
ECNF002,"Fibrinolyse in situ sélective ou hypersélective d'une artère ou d'un pontage artériel du membre supérieur, par voie artérielle transcutanée"
ECNH001,"Sclérose d'une tumeur ou d'une malformation vasculaire du membre supérieur, par injection transcutanée intralésionnelle d'agent pharmacologique avec guidage radiologique"
ECPA003,"Section-anastomose d'un vaisseau pour anomalie des arcs aortiques, par thoracotomie sans CEC"
ECPF001,"Recanalisation d'une artère du membre supérieur avec pose d'endoprothèse couverte, par voie artérielle transcutanée"
ECPF002,"Recanalisation d'une artère du membre supérieur avec pose d'endoprothèse, par voie artérielle transcutanée"
ECPF003,"Recanalisation d'une artère du membre supérieur sans pose d'endoprothèse, par voie artérielle transcutanée"
ECQH001,"Artériographie bilatérale du membre supérieur par voie artérielle ou injection intraartérielle transcutanée, avec manoeuvre positionnelle"
ECQH002,"Artériographie suprasélective du membre supérieur, par voie artérielle transcutanée"
ECQH003,"Artériographie unilatérale de la main, par injection intraartérielle transcutanée"
ECQH004,"Artériographie unilatérale du membre supérieur par voie artérielle ou injection intraartérielle transcutanée, avec manoeuvre positionnelle"
ECQH005,"Artériographie sélective ou hypersélective du membre supérieur, par voie artérielle transcutanée"
ECQH006,"Artériographie du membre supérieur par injection intraartérielle transcutanée, sans manoeuvre positionnelle"
ECQH007,"Artériographie bilatérale de la main, par injection intraartérielle transcutanée"
ECQH008,"Artériographie sélective de branche de l'aorte thoracique à destinée bronchique et/ou pleuropulmonaire, par voie artérielle transcutanée"
ECQH009,"Artériographie suprasélective de branche de l'aorte thoracique à destinée bronchique et/ou pleuropulmonaire, par voie artérielle transcutanée"
ECQH010,Scanographie des vaisseaux du thorax et/ou du coeur [Angioscanner thoracique]
ECQH011,"Scanographie des vaisseaux du thorax et/ou du coeur, avec scanographie des vaisseaux de l'abdomen et/ou du petit bassin [Angioscanner thoracique avec angioscanner de l'abdomen et/ou du pelvis]"
ECQH012,"Artériographie sélective ou hypersélective de la totalité de la moelle épinière, par voie artérielle transcutanée"
ECQH013,"Artériographie sélective ou hypersélective d'un segment de la moelle épinière, par voie artérielle transcutanée"
ECQH014,"Artériographie suprasélective de la moelle épinière, par voie artérielle transcutanée"
ECQJ001,Remnographie des vaisseaux du thorax [Angio-IRM thoracique]
ECQM001,Examen doppler continu des artères des membres supérieurs avec épreuve dynamique [test d'Allen] et manoeuvres positionnelles
ECQM002,Échographie-doppler des artères des membres supérieurs
ECSA001,"Ligature de l'artère subclavière, par cervicotomie"
ECSA002,"Ligature du tronc artériel brachiocéphalique, par thoracotomie"
ECSA003,"Ligature d'une artère du membre supérieur, par abord direct"
ECSF001,"Oblitération de plusieurs anévrismes sacculaires artériels du membre supérieur, par voie artérielle transcutanée"
ECSF002,"Embolisation suprasélective d'une artère du membre supérieur, par voie artérielle transcutanée"
ECSF003,"Oblitération d'un anévrisme sacculaire artériel du membre supérieur, par voie artérielle transcutanée"
ECSF004,"Embolisation sélective ou hypersélective d'artère à destination bronchique ou pleuropulmonaire, par voie artérielle transcutanée"
ECSF005,"Embolisation hypersélective d'une artère du membre supérieur, par voie artérielle transcutanée"
ECSF006,"Embolisation suprasélective d'artère à destination bronchique ou pleuropulmonaire, par voie artérielle transcutanée"
ECSF007,"Embolisation sélective d'une artère du membre supérieur, par voie artérielle transcutanée"
EDAF001,"Dilatation intraluminale sélective ou hypersélective de l'artère rénale avec pose d'endoprothèse, par voie artérielle transcutanée"
EDAF002,"Dilatation intraluminale de l'artère iliaque commune et/ou de l'artère iliaque externe sans pose d'endoprothèse, par voie artérielle transcutanée"
EDAF003,"Dilatation intraluminale de l'artère iliaque commune et/ou de l'artère iliaque externe avec pose d'endoprothèse, par voie artérielle transcutanée"
EDAF004,"Dilatation intraluminale de l'artère iliaque interne sans pose d'endoprothèse, par voie artérielle transcutanée"
EDAF005,"Dilatation intraluminale d'une artère digestive avec pose d'endoprothèse, par voie artérielle transcutanée"
EDAF006,"Dilatation intraluminale de l'artère iliaque interne avec pose d'endoprothèse, par voie artérielle transcutanée"
EDAF007,"Dilatation intraluminale sélective ou hypersélective de l'artère rénale sans pose d'endoprothèse, par voie artérielle transcutanée"
EDAF008,"Dilatation intraluminale d'une artère digestive sans pose d'endoprothèse, par voie artérielle transcutanée"
EDAF009,"Dilatation intraluminale suprasélective de l'artère rénale sans pose d'endoprothèse, par voie artérielle transcutanée"
EDAF010,"Dilatation intraluminale suprasélective de l'artère rénale avec pose d'endoprothèse, par voie artérielle transcutanée"
EDCA001,"Suture de plaie d'artère digestive, par laparotomie"
EDCA002,"Suture de plaie de l'artère rénale, par laparotomie ou par lombotomie"
EDCA003,"Pontage artériel croisé ilio-iliaque, iliofémoral ou fémorofémoral, par abord direct"
EDEA001,"réimplantation ou pontage de l'artère iliaque interne ou d'une de ses branches, par laparotomie"
EDEA002,"Réimplantation ou pontage de l'artère mésentérique inférieure, au cours d'une intervention sur l'aorte"
EDEA003,"Réimplantation ou pontage de l'artère iliaque interne, au cours d'une intervention sur l'aorte"
EDEA004,"Réimplantation de l'artère rénale dans l'aorte, par laparotomie ou par lombotomie"
EDEA005,"Réimplantation d'une artère digestive dans l'aorte, par laparotomie"
EDFA001,"Thromboendartériectomie de l'artère rénale par artériotomie rénale, par laparotomie ou par lombotomie"
EDFA002,"Thrombectomie d'artère digestive, par laparotomie"
EDFA003,"Thromboendartériectomie iliofémorale, par laparotomie"
EDFA004,"Thromboendartériectomie des artères rénales par aortotomie, par laparotomie"
EDFA005,"Thromboendartériectomie de l'artère mésentérique supérieure et/ou du tronc coeliaque ou de ses branches, par thoraco-phréno-laparotomie"
EDFA006,"Thromboendartériectomie iliaque, par laparotomie"
EDFA007,"Thromboendartériectomie iliofémorale, par abord inguinofémoral"
EDFA008,"Thrombectomie de l'artère rénale, par laparotomie ou par lombotomie"
EDFA009,"Résection-anastomose de l'artère rénale, par laparotomie ou par lombotomie"
EDFA010,"Résection-anastomose d'une artère digestive, par laparotomie"
EDJF001,"Thromboaspiration de l'artère rénale, par voie artérielle transcutanée"
EDJF002,"Thromboaspiration d'artère digestive, par voie artérielle transcutanée"
EDKA002,"Remplacement de l'artère rénale, par laparotomie ou par lombotomie"
EDKA003,"Remplacement d'une artère digestive, par laparotomie"
EDLA001,"Pose d'un cathéter dans une artère digestive, par laparotomie"
EDLF001,"Injection in situ d'agent pharmacologique anticancéreux dans l'artère iliaque interne ou une branche extradigestive de l'aorte abdominale avec embolisation de particules, par voie artérielle transcutanée"
EDLF002,Pose d'un cathéter artériel ombilical
EDLF003,"Injection intraartérielle hépatique in situ d'agent pharmacologique anticancéreux avec embolisationde particules, par voie artérielle transcutanée"
EDLF004,"Pose d'endoprothèse couverte dans l'artère iliaque commune et/ou l'artère iliaque externe avec embolisation de l'artère iliaque interne, par voie artérielle transcutanée"
EDLF005,Pose d'endoprothèse couverte iliaque par voie artérielle transcutanée
EDLF006,"Pose d'endoprothèse couverte dans une artère digestive, par voie artérielle transcutanée"
EDLF007,"pose d'endoprothèse couverte dans l'artère iliaque interne ou une branche extradigestive de l'aorte abdominale, par voie artérielle transcutanée"
EDLF008,"Pose d'endoprothèse couverte dans plusieurs artères digestives, par voie artérielle transcutanée"
EDLF009,"Injection intraartérielle rénale in situ d'agent pharmacologique anticancéreux sans embolisation departicules, par voie artérielle transcutanée"
EDLF010,"Injection intraartérielle hépatique in situ d'agent pharmacologique anticancéreux sans embolisationde particules, par voie artérielle transcutanée"
EDLF011,"Injection intraartérielle rénale in situ d'agent pharmacologique anticancéreux avec embolisation departicules, par voie artérielle transcutanée"
EDLF012,"Injection in situ d'agent pharmacologique anticancéreux dans l'artère iliaque interne ou une branche extradigestive de l'aorte abdominale sans embolisation de particules, par voie artérielle transcutanée"
EDLF013,"Pose d'endoprothèse couverte dans l'artère rénale, par voie artérielle transcutanée"
EDLL001,"Injection intraartérielle hépatique in situ d'agent pharmacologique radio-isotopique avec embolisation de particules, par voie artérielle transcutanée"
EDLL002,"Injection intraartérielle hépatique in situ d'agent pharmacologique radio-isotopique sans embolisation de particules, par voie artérielle transcutanée"
EDMA001,"Revascularisation de l'artère rénale à partir d'une artère digestive, par laparotomie ou par lombotomie"
EDMA002,"Angioplastie de l'artère rénale, par laparotomie ou lombotomie"
EDMA003,"Revascularisation des branches de l'artère rénale sur le rein in situ, par laparotomie ou par lombotomie"
EDMA004,"Réparation de l'artère rénale et/ou de ses branches sur le rein ex situ avec autotransplantation du rein, par laparotomie ou par lombotomie"
EDNF001,"Fibrinolyse in situ suprasélective de l'artère rénale, par voie artérielle transcutanée"
EDNF002,"Fibrinolyse in situ sélective ou hypersélective de l'artère rénale, par voie artérielle transcutanée"
EDNF003,"Fibrinolyse in situ d'une artère digestive, par voie artérielle transcutanée"
EDPA001,"Mise à plat d'un anévrisme iliaque avec remplacement prothétique ilio-iliaque ou iliofémoral unilatéral, par laparotomie"
EDPA002,"Libération d'une artère digestive, par laparotomie"
EDPA005,"Mise à plat d'un anévrisme iliaque avec remplacement prothétique aorto-iliaque ou aortofémoral unilatéral, par laparotomie"
EDPF001,"Recanalisation de l'artère iliaque interne avec pose d'endoprothèse, par voie artérielle transcutanée"
EDPF002,"Recanalisation de l'artère rénale sans pose d'endoprothèse, par voie artérielle transcutanée"
EDPF003,"Recanalisation d'une artère digestive sans pose d'endoprothèse, par voie artérielle transcutanée"
EDPF004,"Recanalisation d'une artère digestive avec pose d'endoprothèse, par voie artérielle transcutanée"
EDPF005,"Recanalisation de l'artère rénale avec pose d'endoprothèse, par voie artérielle transcutanée"
EDPF006,"Recanalisation de l'artère iliaque commune et/ou de l'artère iliaque externe avec pose d'endoprothèse couverte, par voie artérielle transcutanée"
EDPF007,"Recanalisation de l'artère iliaque interne sans pose d'endoprothèse, par voie artérielle transcutanée"
EDPF008,"Recanalisation de l'artère iliaque commune et/ou de l'artère iliaque externe sans pose d'endoprothèse, par voie artérielle transcutanée"
EDPF009,"Recanalisation de l'artère iliaque commune et/ou de l'artère iliaque externe avec pose d'endoprothèse, par voie artérielle transcutanée"
EDQH001,"Artériographie suprasélective de branche extradigestive de l'aorte abdominale ou de branche de l'artère iliaque interne, par voie artérielle transcutanée"
EDQH003,"Artériographie sélective ou hypersélective d'une branche extradigestive de l'aorte abdominale ou d'une branche de l'artère iliaque interne, par voie artérielle transcutanée"
EDQH005,"Artériographie sélective et/ou hypersélective de plusieurs branches extradigestives de l'aorte abdominale ou de plusieurs branches de l'artère iliaque interne, par voie artérielle transcutanée"
EDQH006,"Artériographie sélective et/ou hypersélective de plusieurs branches digestives de l'aorte abdominale, par voie artérielle transcutanée"
EDQH007,"Artériographie suprasélective de branche digestive de l'aorte abdominale, par voie artérielle transcutanée"
EDQH008,"Artériographie sélective ou hypersélective d'une branche digestive de l'aorte abdominale, par voie artérielle transcutanée"
EDQM001,Échographie-doppler des artères iliaques et des artères des membres inférieurs
EDSA001,"Ligature d'une artère digestive, par laparotomie"
EDSA002,"Ligature des artères iliaques internes [hypogastriques] pour hémorragie du post-partum, par laparotomie"
EDSA003,"Ligature des artères iliaques internes, par laparotomie"
EDSF001,"Oblitération suprasélective de plusieurs anévrismes sacculaires d'artère digestive, par voie artérielle transcutanée"
EDSF002,"Oblitération sélective ou hypersélective d'un anévrisme sacculaire de l'artère iliaque interne ou d'une branche extradigestive de l'aorte abdominale, par voie artérielle transcutanée"
EDSF003,"Embolisation sélective ou hypersélective de l'artère rénale, par voie artérielle transcutanée"
EDSF004,"Embolisation suprasélective de branche de l'artère iliaque interne ou de branche extradigestive de l'aorte abdominale, par voie artérielle transcutanée"
EDSF005,"Embolisation sélective ou hypersélective d'une artère digestive, par voie artérielle transcutanée"
EDSF006,"Embolisation suprasélective d'une artère digestive, par voie artérielle transcutanée"
EDSF007,"Oblitération sélective ou hypersélective d'un anévrisme sacculaire de l'artère rénale, par voie artérielle transcutanée"
EDSF008,"Embolisation suprasélective de l'artère rénale, par voie artérielle transcutanée"
EDSF009,"Oblitération suprasélective d'un anévrisme sacculaire d'une artère digestive, par voie artérielle transcutanée"
EDSF010,"Oblitération suprasélective d'un anévrisme sacculaire de l'artère iliaque interne ou d'une branche extradigestive de l'aorte abdominale, par voie artérielle transcutanée"
EDSF011,"Embolisation des artères iliaques internes [hypogastriques] et/ou de ses branches pour hémorragie du post-partum, par voie artérielle transcutanée"
EDSF012,"Embolisation sélective et/ou hypersélective de plusieurs artères digestives, par voie artérielle transcutanée"
EDSF013,"Oblitération suprasélective d'un anévrisme sacculaire de l'artère rénale, par voie artérielle transcutanée"
EDSF014,"Embolisation sélective et/ou hypersélective de plusieurs branches de l'artère iliaque interne ou de plusieurs branches extradigestives de l'aorte abdominale, par voie artérielle transcutanée"
EDSF015,"Embolisation suprasélective de plusieurs artères digestives, par voie artérielle transcutanée"
EDSF016,"Embolisation sélective ou hypersélective de l'artère iliaque interne ou d'une branche extradigestive de l'aorte abdominale, par voie artérielle transcutanée"
EEAA001,"Dilatation intraluminale de l'artère iliaque et/ou de l'artère fémorale, au cours d'une intervention restauratrice de l'aorte, de l'artère iliaque ou de l'artère fémorale"
EEAF001,"Dilatation intraluminale de plusieurs artères du membre inférieur sans pose d'endoprothèse, par voie artérielle transcutanée"
EEAF002,"Dilatation intraluminale d'une artère du membre inférieur avec dilatation intraluminale de l'artère iliaque commune et/ou de l'artère iliaque externe homolatérale avec pose d'endoprothèse, par voie artérielle transcutanée"
EEAF003,"Dilatation intraluminale d'une artère du membre inférieur sans pose d'endoprothèse, par voie artérielle transcutanée"
EEAF004,"Dilatation intraluminale d'une artère du membre inférieur avec pose d'endoprothèse, par voie artérielle transcutanée"
EEAF005,"Dilatation intraluminale d'une artère du membre inférieur avec dilatation intraluminale de l'artère iliaque commune et/ou de l'artère iliaque externe homolatérale sans pose d'endoprothèse, par voie artérielle transcutanée"
EEAF006,"Dilatation intraluminale de plusieurs artères du membre inférieur avec pose d'endoprothèse, par voie artérielle transcutanée"
EECA001,"Pontage artériel fémoropoplité au-dessus de l'interligne articulaire du genou, par abord direct"
EECA002,"Pontage artériel fémorofémoral homolatéral, par abord direct"
EECA003,"Pontage artériel fémoropoplité au-dessous de l'interligne articulaire du genou, par abord direct"
EECA005,"Pontage d'une artère du pied, par abord direct"
EECA006,"Pontage artériel subclaviofémoral ou axillobifémoral, par abord direct"
EECA007,"Pontage artériel subclaviofémoral ou axillofémoral, par abord direct"
EECA008,"Pontage artériel fémorotibial ou fémoropéronier sans collier veineux, par abord direct"
EECA009,"Suture de plaie d'artère du membre inférieur, par abord direct"
EECA010,"Pontage artériel fémorotibial ou fémoropéronier avec collier veineux, par abord direct"
EECA011,"Pontage artériel iliofémoral pour complication anastomotique sur prothèse revascularisant le trépied fémoral, par abord direct"
EECA012,"Pontage multiple étagé [séquentiel] ou bifurqué des artères des membres inférieurs, par abord direct"
EECA013,"Pontage artériel iliofémoral homolatéral, par abord direct"
EEFA001,"Thromboendartériectomie de l'artère fémorale et/ou de ses branches, par abord direct"
EEFA002,"Thrombectomie d'artère du membre inférieur, par abord poplité"
EEFA003,"Thromboendartériectomie de l'artère poplitée, par abord direct"
EEFA004,"Thrombectomie d'artère du membre inférieur, par abord inguinofémoral"
EEFA005,"Résection d'un kyste adventiciel d'une artère du membre inférieur, par abord direct"
EEFA006,"Résection-anastomose d'une artère du membre inférieur, par abord direct"
EEGA001,"Ablation d'une prothèse artérielle du membre inférieur sans revascularisation, par abord direct"
EEGA002,"Ablation d'une prothèse artérielle du membre inférieur avec revascularisation, par abord direct"
EEJF001,"Thromboaspiration d'artère ou de pontage artériel du membre inférieur, par voie artérielle transcutanée"
EEKA001,"Remplacement ou mise à plat d'une artère du membre inférieur, par abord direct"
EELF002,"Pose d'endoprothèse couverte dans une artère du membre inférieur, par voie artérielle transcutanée"
EELF003,"Injection intraartérielle in situ d'agent pharmacologique anticancéreux au membre inférieur, par voie artérielle transcutanée"
EEMA001,"Angioplastie d'élargissement d'un pontage artériel du membre inférieur, par abord direct"
EENF001,"Fibrinolyse in situ suprasélective d'une artère ou d'un pontage artériel du membre inférieur, par voie artérielle transcutanée"
EENF002,"Fibrinolyse in situ sélective ou hypersélective d'une artère ou d'un pontage artériel du membre inférieur, par voie artérielle transcutanée"
EEPF001,"Recanalisation d'une artère du membre inférieur avec pose d'endoprothèse, par voie artérielle transcutanée"
EEPF002,"Recanalisation d'une artère du membre inférieur sans pose d'endoprothèse, par voie artérielle transcutanée"
EEQH001,"Artériographie bilatérale de membre inférieur, par injection intraartérielle fémorale transcutanée bilatérale"
EEQH002,"Artériographie sélective ou hypersélective du membre inférieur, par voie artérielle transcutanée"
EEQH003,"Artériographie du pied, par injection intraartérielle ou voie artérielle transcutanée"
EEQH004,"Artériographie suprasélective du membre inférieur, par voie artérielle transcutanée"
EEQH005,"Artériographie globale du membre inférieur, par voie artérielle transcutanée"
EEQH006,"Artériographie unilatérale du membre inférieur, par injection intraartérielle fémorale transcutanée"
EESA001,"Ligature d'une artère de la cuisse ou de la jambe, par abord direct"
EESF001,"Oblitération d'un anévrisme sacculaire artériel du membre inférieur, par voie artérielle transcutanée"
EESF002,"Embolisation hypersélective d'une artère du membre inférieur, par voie artérielle transcutanée"
EESF003,"Embolisation sélective d'une artère du membre inférieur, par voie artérielle transcutanée"
EESF004,"Embolisation hypersélective de plusieurs artères du membre inférieur, par voie artérielle transcutanée"
EESF005,"Oblitération de plusieurs anévrismes sacculaires artériels du membre inférieur, par voie artérielle transcutanée"
EESF006,"Embolisation suprasélective d'une artère du membre inférieur, par voie artérielle transcutanée"
EFAF001,"Dilatation intraluminale d'une veine du membre supérieur avec pose d'endoprothèse, par voie veineuse transcutanée"
EFAF002,"Dilatation intraluminale d'une veine du membre supérieur sans pose d'endoprothèse, par voie veineuse transcutanée"
EFCA001,"Suture de plaie de veine profonde du membre supérieur ou du cou, par abord direct"
EFCA002,"Suture de plaie de veine superficielle des membres ou du cou, par abord direct"
EFFA001,"Résection ou ligature d'une veine profonde du membre supérieur ou du cou, par abord direct"
EFFA002,"Résection de la veine brachiocéphalique, par thoracotomie"
EFFA003,"Thrombectomie de veine superficielle des membres ou du cou, par abord direct"
EFJF001,"Thromboaspiration de la veine subclavière et/ou de la veine brachiocéphalique, par voie veineuse transcutanée"
EFLF001,"Pose d'endoprothèse couverte dans une veine du membre supérieur, par voie veineuse transcutanée"
EFNF001,"Fibrinolyse in situ de la veine subclavière et/ou de la veine brachiocéphalique, par voie veineuse transcutanée"
EFPF001,"Recanalisation d'une veine du membre supérieur avec pose d'endoprothèse, par voie veineuse transcutanée"
EFPF002,"Recanalisation d'une veine du membre supérieur sans pose d'endoprothèse, par voie veineuse transcutanée"
EFQH001,"Phlébographie sélective du membre supérieur par voie veineuse transcutanée, sans étude des troncs veineux proximaux"
EFQH002,"Phlébographie sélective de la veine brachiocéphalique ou de la veine cave supérieure, par voie veineuse transcutanée"
EFQH003,"Phlébographie bilatérale du membre supérieur par injection intraveineuse transcutanée, avec étude des troncs veineux proximaux et de la veine cave supérieure"
EFQH004,"Phlébographie bilatérale du membre supérieur par injection intraveineuse transcutanée, sans étude des troncs veineux proximaux"
EFQH005,"Phlébographie unilatérale du membre supérieur par injection intraveineuse ou voie veineuse transcutanée, avec étude des troncs veineux proximaux et de la veine cave supérieure"
EFQH006,"Phlébographie unilatérale du membre supérieur par injection intraveineuse transcutanée, sans étude des troncs veineux proximaux"
EFQH007,"Phlébographie hypersélective de la veine brachiocéphalique ou de la veine cave supérieure, par voie veineuse transcutanée"
EFQM001,Échographie-doppler des veines des membres supérieurs
EFSA001,"Ligature de veine superficielle des membres ou du cou, par abord direct"
EGAF001,"Dilatation intraluminale de la veine rénale sans pose d'endoprothèse, par voie veineuse transcutanée"
EGAF002,"Dilatation intraluminale de la veine iliaque externe et/ou de la veine iliaque commune avec pose d'endoprothèse, par voie veineuse transcutanée"
EGAF003,"Dilatation intraluminale de la veine iliaque externe et/ou de la veine iliaque commune sans pose d'endoprothèse, par voie veineuse transcutanée"
EGAF004,"Dilatation intraluminale de la veine rénale avec pose d'endoprothèse, par voie veineuse transcutanée"
EGCA002,"Suture de plaie du tronc ou des branches viscérales de la veine iliaque et/ou de la veine cave inférieure infrahépatique, par laparotomie"
EGCA003,"Pontage veineux fémoro-iliaque homolatéral, fémorocave ou fémororénal, par abord direct"
EGCA004,Anastomose saphénocaverneuse
EGFA001,Hémorroïdectomie pédiculaire semifermée ou fermée
EGFA002,Hémorroïdectomie pédiculaire par résection sousmuqueuse avec anoplastie muqueuse postérieure et sphinctérotomie [léiomyotomie] interne
EGFA003,Hémorroïdectomie pédiculaire par résection sousmuqueuse
EGFA004,"Thrombectomie veineuse fémoro-iliaque, par abord fémoral"
EGFA005,Résection d'un paquet hémorroïdaire isolé
EGFA006,"Résection de la veine fémorale et/ou de la veine iliaque avec reconstruction, par abord direct"
EGFA007,Excision d'une thrombose hémorroïdaire
EGFA008,"Résection ou ligature de la veine testiculaire par abord direct, avec embolisation intraveineuse"
EGFA009,"Résection de la veine fémorale et/ou de la veine iliaque sans reconstruction, par abord direct"
EGFA010,"Résection ou ligature de la veine testiculaire, par abord direct"
EGFC001,"Résection ou ligature de la veine testiculaire, par coelioscopie"
EGHF001,"Prélèvements sanguins bilatéraux étagés ou simultanés des veines rénales, par voie veineuse transcutanée"
EGHF002,"Prélèvements sanguins bilatéraux étagés ou simultanés des veines gonadiques, par voie veineuse transcutanée"
EGHF003,"Prélèvements sanguins bilatéraux étagés ou simultanés des veines surrénales, par voie veineuse transcutanée"
EGJA001,Évacuation d'une thrombose hémorroïdaire externe
EGJF001,"Thromboaspiration de la veine rénale, par voie veineuse transcutanée"
EGLF001,Pose d'un cathéter veineux ombilical
EGLF002,Séance d'injection sclérosante des hémorroïdes
EGNF001,"Fibrinolyse in situ de la veine rénale, par voie veineuse transcutanée"
EGNF002,"Fibrinolyse in situ de la veine iliaque externe et/ou de la veine iliaque commune, par voie veineuse transcutanée"
EGNP001,Séance de traitement instrumental des hémorroïdes par procédé physique
EGPA001,"Décompression de la veine iliaque, par laparotomie"
EGPF001,"Recanalisation de la veine iliaque externe et/ou de la veine iliaque commune avec pose d'endoprothèse, par voie veineuse transcutanée"
EGQH002,"Phlébographie hypersélective d'une branche de la veine iliaque commune ou de la veine cave inférieure, par voie veineuse transcutanée"
EGSA001,"Interruption des veines de drainage du pénis, par abord direct"
EGSA002,"Ligature du plexus pampiniforme ou de la veine testiculaire, par abord scrotal"
EGSF001,"Embolisation suprasélective de la veine testiculaire ou ovarique, par voie veineuse transcutanée"
EGSF002,"Embolisation sélective ou hypersélective de la veine testiculaire ou ovarique, par voie veineuse transcutanée"
EGSF003,"Embolisation des veines de drainage du pénis, par injection intraveineuse transcutanée"
EGSP001,Séance de ligature élastique des hémorroïdes
EHAA001,"Recalibrage d'une anastomose portocave, par laparotomie"
EHAF001,"Dilatation intraluminale de la veine porte ou d'une anastomose portocave avec pose d'endoprothèse, par voie veineuse transcutanée"
EHAF002,"Dilatation intraluminale de la veine porte ou d'une anastomose portocave sans pose d'endoprothèse, par voie veineuse transcutanée"
EHAF003,"Dilatation intraluminale de veine hépatique [veine sushépatique] sans pose d'endoprothèse, par voie veineuse transcutanée"
EHAF004,"Dilatation intraluminale d'une endoprothèse vasculaire intrahépatique pour court-circuit [shunt] vasculaire portosystémique, par voie veineuse transcutanée"
EHBD001,Tamponnement de varices oesogastriques par sonde à ballonnet
EHCA001,"Pontage veineux mésentéricoatrial, par thoracotomie et par laparotomie"
EHCA002,"Anastomose veineuse splénorénale distale sélective avec déconnexion portosystémique, par laparotomie"
EHCA003,"Anastomose portocave tronculaire ou portorénale, par laparotomie"
EHCA004,"Anastomose veineuse splénorénale distale sélective sans déconnexion portosystémique, par laparotomie"
EHCA005,"Anastomose entre une branche du système porte autre que la veine splénique ou la veine mésentérique supérieure et le système cave inférieur, par laparotomie"
EHCA006,"Anastomose mésentéricocave inférieure, par laparotomie"
EHCA007,"Anastomose veineuse splénorénale centrale avec splénectomie, par laparotomie"
EHCA008,"Suture de plaie de la veine porte et/ou de l'une de ses branches principales, par laparotomie"
EHCA009,"Anastomose mésentérico-ilio-cave, par laparotomie"
EHCA010,"Anastomose entre une branche du système porte et le système cave supérieur, par abord direct"
EHFA001,"Thrombectomie de la veine porte et/ou de l'un de ses affluents principaux, par laparotomie"
EHHF001,"Prélèvements sanguins veineux étagés sélectifs ou hypersélectifs de vaisseau affluent de la veine porte, par voie veineuse transhépatique transcutanée"
EHHF002,"Prélèvements sanguins veineux étagés suprasélectifs de vaisseau affluent de la veine porte, par voie veineuse transhépatique transcutanée"
EHLA001,"Pose d'un système diffuseur implantable souscutané avec cathéter relié à une branche de la veine porte, par laparotomie"
EHMF001,"Création d'un court-circuit [shunt] portosystémique intrahépatique par pose d'endoprothèse, par voie veineuse transcutanée"
EHNE001,"Séance de sclérose et/ou de ligature de varices oesogastriques en dehors de la période hémorragique, par endoscopie"
EHNE002,"Sclérose et/ou ligature de varices oesogastriques en période hémorragique, par endoscopie"
EHNF001,"Fibrinolyse in situ de la veine porte et/ou de ses affluents ou d'un court-circuit [shunt] vasculaire portosystémique, par voie veineuse transcutanée"
EHPF001,"Recanalisation d'un court-circuit [shunt] vasculaire portosystémique, par voie veineuse transcutanée"
EHQH001,"Phlébographie sélective de veine hépatique [sushépatique], par voie veineuse transcutanée"
EHSF001,"Embolisation de varices oesogastriques ou des branches intrahépatiques de la veine porte, par voie veineuse transcutanée ou transpariétohépatique"
EJBA001,"Interposition d'un segment veineux valvulé sur la veine poplitée ou la veine fémorale, par abord direct"
EJCA001,"Suture de plaie de veine profonde de la jambe et/ou de la cuisse, par abord direct"
EJCA002,"Pontage veineux poplité-fémoral, par abord direct"
EJCA003,"Pontage veineux croisé fémorofémoral ou fémoro-iliaque, par abord direct"
EJEA001,"Réimplantation de la veine fémorale dans la veine grande saphène ou dans la veine profonde de la cuisse [veine fémorale profonde], par abord direct"
EJFA002,"Exérèses multiples de branches de la grande veine saphène et/ou de la petite veine saphène sous anesthésie générale ou locorégionale, par abord direct"
EJFA004,"Exérèse de la crosse de la petite veine saphène, par abord direct"
EJFA006,"Exérèse secondaire de la crosse de la grande veine saphène ou de la petite veine saphène, par abord direct"
EJFA007,"Exérèse de la crosse de la grande veine saphène, par abord direct"
EJFB001,"Séance d'exérèse de segment de varice ou de veine perforante du membre inférieur, par voie transcutanée sous anesthésie locale"
EJGA001,"Extraction [Stripping] de la petite veine saphène, par abord direct"
EJGA002,"Extraction [Stripping] de la grande veine saphène, par abord direct"
EJGA003,"Extraction [Stripping] de la grande veine saphène et de la petite veine saphène, par abord direct"
EJJF001,"Thromboaspiration d'une veine du membre inférieur, par voie veineuse transcutanée"
EJMA001,"Cure hémodynamique ambulatoire bilatérale de l'insuffisance veineuse [CHIVA bilatérale], par abord direct"
EJMA002,"Cure hémodynamique ambulatoire unilatérale de l'insuffisance veineuse [CHIVA unilatérale], par abord direct"
EJNF001,"Fibrinolyse in situ d'une veine du membre inférieur, par injection transcutanée dans une veine du dos du pied"
EJNF002,"Séance d'occlusion de veine du membre inférieur, par injection intraveineuse transcutanée de produit sclérosant sans guidage"
EJNF003,"Séance de minisclérose de varicosités et télangiectasies des membres inférieurs, par injection intraveineuse transcutanée"
EJNJ001,"Séance de sclérose de veine du membre inférieur, par injection intraveineuse transcutanée avec guidage échographique"
EJQH001,"Varicographie du membre inférieur, par injection intraveineuse transcutanée"
EJQH002,"Phlébographie bilatérale du membre inférieur par injection intraveineuse transcutanée au pied, avec iliocavographie par injection intraveineuse transcutanée fémorale bilatérale"
EJQH003,"Phlébographie rétrograde du membre inférieur, par injection intraveineuse transcutanée fémorale homolatérale ou par voie veineuse fémorale controlatérale"
EJQH004,"Phlébographie bilatérale du membre inférieur, par injection intraveineuse transcutanée au pied"
EJQH005,"Phlébographie rétrograde du membre inférieur, par injection intraveineuse transcutanée poplitée"
EJQH006,"Phlébographie unilatérale du membre inférieur, par injection intraveineuse transcutanée au pied"
EJQM001,"Échographie-doppler des veines des membres inférieurs, avec marquage cutané ou cartographie hémodynamique"
EJQM002,"Échographie-doppler des veines des membres inférieurs et des veines iliaques, sans marquage cutané"
EJQP001,Pléthysmographie veineuse des membres inférieurs
EJSA001,"Ligature de plusieurs veines perforantes jambières, par abord direct"
EJSA002,"Ligature d'une veine perforante jambière ou fémorale, par abord direct susaponévrotique"
EJSA003,"Ligature d'une veine profonde du membre inférieur, par abord direct"
EKLA001,"Pose d'une dérivation artérioveineuse au membre supérieur, par abord direct"
EKQH001,Scanographie des vaisseaux des membres supérieurs [Angioscanner des membres supérieurs]
EKQH002,"Angiographie d'un accès vasculaire artérioveineux du membre supérieur avec exploration des troncs veineux profonds proximaux et de la veine cave supérieure, par injection intravasculaire transcutanée"
EKQJ001,Remnographie des vaisseaux des membres supérieurs [Angio-IRM des membres supérieurs]
EKSA001,"Fermeture de fistule artérioveineuse traumatique du membre supérieur avec reconstruction de l'axe artériel, par abord direct"
EKSA002,"Fermeture de fistule artérioveineuse traumatique du membre supérieur sans reconstruction vasculaire, par abord direct"
ELCA002,"Exclusion vasculaire totale, au cours d'une hépatectomie"
ELCA003,"Anastomose entre l'artère ou la veine dorsale du pénis et l'artère fémorale, par abord direct"
ELCA004,"Anastomose entre l'artère ou la veine dorsale du pénis et l'artère épigastrique inférieure, par abord direct"
ELFA001,"Résection du tronc de la veine porte, des vaisseaux mésentériques supérieurs et/ou de l'artère hépatique avec rétablissement de la continuité vasculaire, au cours d'une exérèse du foie ou du pancréas"
ELGA001,"Ablation d'un cathéter intravasculaire abdominal, par laparotomie"
ELQH001,Scanographie des vaisseaux du foie pour étude de la vascularisation à au moins 3 temps différents
ELQH002,Scanographie des vaisseaux de l'abdomen et/ou du petit bassin [Angioscanner abdominopelvien]
ELQJ001,Remnographie des vaisseaux de l'abdomen et/ou du petit bassin [Angio-IRM abdominopelvien]
ELQJ002,"Échographie-doppler des vaisseaux pelviens et péniens, avec épreuve pharmacodynamique par injection transcutanée intracaverneuse"
ELQJ003,"Remnographie des vaisseaux [Angio-IRM] de l'abdomen et/ou du petit bassin, avec remnographie des vaisseaux [angio-IRM] des membres"
ELQM001,Échographie-doppler des vaisseaux digestifs
ELQM002,Échographie-doppler unilatérale ou bilatérale des vaisseaux des bourses et du cordon spermatique
ELSA001,"Ligature ou section du pédicule testiculaire [spermatique] pour cryptorchidie, par laparotomie"
ELSA002,"Ligature des pédicules vasculaires de l'utérus pour hémorragie du post-partum, par laparotomie"
ELSC001,"Ligature ou section du pédicule testiculaire [spermatique] pour cryptorchidie, par coelioscopie"
ELSF001,"Embolisation d'une fistule artérioveineuse rénale, par voie vasculaire transcutanée"
EMLA001,"Pose d'une dérivation artérioveineuse fémorale, par abord direct"
EMMA001,"Création d'une fistule artérioveineuse pour augmentation locale du débit, au cours d'un pontage artériel des membres inférieurs"
EMNH001,"Sclérose d'une tumeur ou d'une malformation vasculaire du membre inférieur, par injection transcutanée intralésionnelle d'agent pharmacologique avec guidage radiologique"
EMPA001,"Libération d'une artère et/ou d'une veine poplitée piégée, par abord direct"
EMQH001,Scanographie des vaisseaux des membres inférieurs [Angioscanner des membres inférieurs]
EMQJ001,Remnographie des vaisseaux des membres inférieurs [Angio-IRM des membres inférieurs]
EMSA001,"Fermeture d'une fistule artérioveineuse traumatique du membre inférieur avec reconstruction vasculaire, par abord direct"
EMSA002,"Fermeture d'une fistule artérioveineuse traumatique du membre inférieur sans reconstruction vasculaire, par abord direct"
ENAF001,"Dilatation intraluminale d'un pontage artériel non anatomique des membres avec pose d'endoprothèse, par voie artérielle transcutanée"
ENAF002,"Dilatation intraluminale d'un pontage artériel non anatomique des membres sans pose d'endoprothèse, par voie artérielle transcutanée"
ENCA001,"Exclusion de malformation artérioveineuse durale rachidienne, par abord direct"
ENFA001,"Thrombectomie de pontage artériel d'un membre avec réfection d'anastomose sans prolongement du pontage, par abord direct"
ENFA002,"Prélèvement de greffe artérielle des membres, sur un sujet en état de mort encéphalique"
ENFA003,Prélèvement peropératoire d'autogreffe artérielle pour pontage vasculaire
ENFA004,"Thrombectomie de pontage artériel d'un membre avec réfection d'anastomose et prolongement du pontage, par abord direct"
ENFA005,"Changement d'un pontage artériel d'un membre avec thrombectomie de l'axe artériel, par abord direct"
ENFA006,"Thrombectomie de pontage artériel d'un membre sans réfection d'anastomose, par abord direct"
ENFA007,"Exérèse de malformation artérioveineuse intraparenchymateuse de la moelle épinière, par abord direct"
ENFF001,"Thrombectomie ou embolectomie mécanique d'un pontage artériel non anatomique des membres, par voie artérielle transcutanée"
ENLF001,Pose de dispositif intraartériel de surveillance de la pression intraartérielle
ENNF001,"Fibrinolyse in situ d'un pontage artériel non anatomique des membres, par voie artérielle transcutanée"
ENNH001,"Sclérose d'une malformation vasculaire ou d'une lésion vertébrale, par injection transcutanée intralésionnelle d'agent pharmacologique avec guidage radiologique"
ENNH002,"Sclérose d'une lésion vasculaire vertébrale, par injection intralésionnelle d'agent pharmacologique par voie transcutanée avec guidage scanographique"
ENSF001,"Embolisation d'une malformation vasculaire ou d'une lésion vertébrale, par voie vasculaire transcutanée"
ENSF002,"Embolisation de malformation artérioveineuse intraparenchymateuse de la moelle épinière, par voie vasculaire transcutanée"
ENSF003,"Embolisation de malformation artérioveineuse durale spinale, par voie vasculaire transcutanée"
EPCA001,"Superficialisation veineuse après création d'une fistule artérioveineuse, par abord direct"
EPCA002,"Pontage ou angioplastie d'élargissement du tronc veineux axillosubclavier ou fémoral en aval d'un accès vasculaire artérioveineux, par abord direct"
EPCA003,Suture complémentaire d'une veine de drainage sur un lambeau pédiculé
EPFA001,"Exérèse d'une malformation veineuse étendue, avec reconstruction tissulaire par greffe ou lambeau"
EPFA003,"Prélèvement de greffe veineuse des membres, sur un sujet en état de mort encéphalique"
EPFA004,"Exérèse de malformation veineuse musculaire ou osseuse, sans reconstruction"
EPFA005,"Exérèse de malformation veineuse cutanée et/ou souscutanée, sans reconstruction"
EPFA006,Prélèvement peropératoire d'autogreffe veineuse pour pontage vasculaire
EPJB001,"Évacuation de thrombus veineux d'un membre, par voie transcutanée"
EPLF001,Administration intraveineuse d'agent pharmacologique et/ou de soluté chez le nouveau-né à la naissance
EPLF002,"Pose d'un cathéter veineux central, par voie transcutanée"
EPMA001,"Correction d'une anomalie du retour veineux systémique sans prothèse, par thoracotomie avec CEC"
EPMA002,"Correction d'une anomalie du retour veineux systémique avec prothèse, par thoracotomie avec CEC"
EPPF001,"Recanalisation de la veine de drainage d'un accès vasculaire artérioveineux sans pose d'endoprothèse, par voie vasculaire transcutanée"
EPPF002,Désobstruction de site implantable ou de voie veineuse centrale tunnelisée par agent thrombolytique
EPPF003,"Recanalisation de la veine de drainage d'un accès vasculaire artérioveineux avec pose d'endoprothèse, par voie vasculaire transcutanée"
EPQL001,Recherche radio-isotopique de thrombose veineuse périphérique
EQBP001,"Contention veineuse fixe prenant au moins 2 segments de membre, par pose de bande collante ou cohésive"
EQCF001,Circulation extracorporelle pour réchauffement d'une hypothermie accidentelle
EQCF002,"Prolongation ou reprise d'assistance circulatoire par circulation extracorporelle au bloc opératoire à la fin d'une intervention cardiovasculaire, pendant plus d'une demiheure"
EQGA001,Ablation d'une circulation extracorporelle [CEC] établie sur les vaisseaux périphériques
EQGA002,"Ablation d'une circulation extracorporelle [CEC] pour assistance circulatoire de longue durée, par thoracotomie"
EQGA003,"Ablation d'un dispositif d'assistance circulatoire interne ou externe, en dehors d'un dispositif de contrepulsion diastolique intraaortique, par thoracotomie sans CEC"
EQGA004,"Ablation d'un dispositif d'assistance circulatoire interne ou externe, en dehors d'un dispositif de contrepulsion diastolique intraaortique, par thoracotomie avec CEC"
EQKA002,"Changement d'un système d'assistance circulatoire mécanique ventriculaire, par thoracotomie avec CEC"
EQKA003,"Changement d'un système d'assistance circulatoire mécanique ventriculaire, par thoracotomie sans CEC"
EQLA001,"Pose d'une circulation extracorporelle pour assistance circulatoire de longue durée, par thoracotomie"
EQLA002,"Pose d'une circulation extracorporelle en urgence pour assistance circulatoire, par abord vasculaire périphérique"
EQLA003,"Pose d'une assistance circulatoire mécanique monoventriculaire externe, par thoracotomie sans CEC"
EQLA004,"Pose d'une assistance circulatoire mécanique monoventriculaire externe, par thoracotomie avec CEC"
EQLA005,"Pose d'une assistance circulatoire mécanique biventriculaire externe, par thoracotomie sans CEC"
EQLA006,"Pose d'une assistance circulatoire mécanique biventriculaire externe, par thoracotomie avec CEC"
EQLA007,"Pose d'une assistance circulatoire mécanique monoventriculaire interne, par thoracotomie sans CEC"
EQLA008,"Pose d'une assistance circulatoire mécanique monoventriculaire interne, par thoracotomie avec CEC"
EQLA009,"Pose d'une assistance circulatoire mécanique biventriculaire interne, par thoracotomie sans CEC"
EQLA010,"Pose d'une prothèse mécanique biventriculaire orthotopique, par thoracotomie avec CEC"
EQLA011,"Pose d'un dispositif interne d'assistance circulatoire, en dehors de la circulation extracorporelle [CEC] et de ventricule artificiel, par thoracotomie sans CEC"
EQLF001,"Injection intraveineuse continue de dobutamine ou de dopamine à débit inférieur à 8 microgrammes par kilogramme par minute [µg/kg/min], ou de dopexamine en dehors de la période néonatale, par 24 heures"
EQLF002,"Perfusion intraveineuse de produit de remplissage à un débit supérieur à 50 millilitres par kilogramme [ml/kg] en moins de 24 heures, chez l'adulte"
EQLF003,"Injection intraveineuse continue de dobutamine ou de dopamine à débit supérieur à 8 microgrammes par kilogramme par minute [µg/kg/min], d'adrénaline ou de noradrénaline en dehors de la période néonatale, par 24 heures"
EQLF004,"Pose de dispositif de mesure des pressions du coeur droit et du débit cardiaque, par voie veineuse transcutanée"
EQMF002,"Administration intraveineuse continue d'agent pharmacologique vasoactif chez le nouveau-né pour suppléance hémodynamique , par 24 heures"
EQMF003,"Suppléance hémodynamique et ventilatoire d'un patient en état de mort encéphalique, en vue de prélèvement d'organe"
EQMP001,"Suppléance hémodynamique par dispositif de contrepulsion diastolique intraaortique, par 24 heures"
EQQF001,"Mesure et enregistrement des pressions du coeur droit, de l'artère pulmonaire et du coeur gauche, sans injection de produit de contraste, par voie veineuse transcutanée et par voie artérielle transcutanée ou cathétérisme du foramen ovale"
EQQF002,"Mesure et enregistrement des pressions du coeur gauche et de l'aorte, sans injection de produit de contraste, par voie artérielle transcutanée"
EQQF003,"Mesure et enregistrement des pressions intravasculaires pulmonaires et systémiques et des différences artérioveineuses des contenus artériels en oxygène, à l'état basal et après administration d'agent pharmacologique vasodilatateur, par voie vasculaire transcutanée"
EQQF004,"Mesure et enregistrement des pressions du coeur droit, de l'artère pulmonaire et du coeur gauche, sans injection de produit de contraste, par voie veineuse transcutanée avec perforation du septum interatrial"
EQQF006,"Mesure et enregistrement des pressions du coeur droit et de l'artère pulmonaire, sans injection de produit de contraste, par voie veineuse transcutanée"
EQQF007,"Mesure directe unilatérale ou bilatérale de la pression intraveineuse, par ponction transcutanée d'une veine du pied"
EQQH001,"Mesure et enregistrement des pressions du coeur droit et de l'artère pulmonaire, avec injection de produit de contraste, par voie veineuse transcutanée"
EQQH002,"Mesure et enregistrement des pressions du coeur gauche et de l'aorte, avec injection de produit de contraste, par voie artérielle transcutanée"
EQQH003,"Mesure et enregistrement des pressions du coeur droit, de l'artère pulmonaire et du coeur gauche, avec injection de produit de contraste, par voie veineuse transcutanée et par voie artérielle transcutanée ou cathétérisme du foramen ovale"
EQQH004,"Mesure et enregistrement des pressions du coeur droit, de l'artère pulmonaire et du coeur gauche, avec injection de produit de contraste, par voie veineuse transcutanée avec perforation du septum interatrial"
EQQJ001,"Surveillance hémodynamique continue par doppler par voie oesophagienne, par 24 heures"
EQQM001,"Surveillance hémodynamique continue par échocardiographie transthoracique itérative, par 24 heures"
EQQM003,"Étude dynamique de la microcirculation digitale, par pléthysmographie, laser-doppler, thermométrie ou mesure transcutanée de la pression partielle en oxygène [TcPO2]"
EQQM004,"Mesure de la distance de marche sur tapis roulant ou par enregistrement électromagnétique, avec mesures de la pression systolique résiduelle de cheville et du temps de récupération [test de Strandness] par doppler continu transcutané ou pléthysmographie"
EQQM005,"Étude de la fréquence cardiaque et des vitesses circulatoires par doppler pulsé transcrânien, avec épreuve dynamique"
EQQM006,"Mesure de la pression intraartérielle d'un membre en au moins 3 points, par doppler transcutané ou pléthysmographie"
EQQP001,Mesure de la distance de marche sur tapis roulant ou par enregistrement électromagnétique
EQQP002,"Mesure de la distance de marche en terrain plat en 6 minutes, avec surveillance de la saturation en oxygène par mesure transcutanée et mesure du débit d'oxygène utile"
EQQP003,"Mesure de la distance de marche en terrain plat en 6 minutes, avec surveillance de la saturation en oxygène par mesure transcutanée"
EQQP004,"Suppléance hémodynamique par circulation extracorporelle, par 24 heures"
EQQP005,Capillaroscopie périunguéale
EQQP007,Mesure de la pression intraartérielle digitale à la main et/ou au pied
EQQP008,Enregistrement ambulatoire discontinu de la pression intraartérielle par méthode non effractive pendant au moins 24 heures [MAPA] [Holter tensionnel]
EQQP009,Mesure de la pulsatilité artérielle par débitmétrie électromagnétique ou par impédance [irrigraphie]
EQQP010,Mesure de la compliance artérielle
EQQP011,"Surveillance continue de la pression intraartérielle et/ou de la pression intraveineuse centrale par méthodes effractives, par 24 heures"
EQQP012,"Surveillance continue des pressions du coeur droit avec mesure du débit cardiaque ou de la fraction d'éjection du ventricule droit, par 24 heures"
EQQP013,"Suppléance hémodynamique par assistance circulatoire mécanique ventriculaire, par 24 heures"
EQRM001,"Épreuve d'effort sur tapis roulant, avec électrocardiographie discontinue, examen doppler continu des artères des membres inférieurs et mesure de l'index de pression systolique"
EQRP001,Séance de réentraînement cardiaque et/ou vasculaire progressif à l'effort sur machine
EQRP002,"Épreuve d'effort sur tapis roulant ou bicyclette ergométrique, avec électrocardiographie discontinue et mesure du débit d'oxygène consommé [VO2]"
EZAF001,"Dilatation intraluminale d'un accès vasculaire artérioveineux d'un membre sans pose d'endoprothèse, par voie vasculaire transcutanée"
EZAF002,"Dilatation intraluminale d'un accès vasculaire artérioveineux d'un membre avec pose d'endoprothèse, par voie vasculaire transcutanée"
EZBA001,Réduction du débit d'un accès vasculaire artérioveineux avec réfection de l'anastomose artérielle
EZBA002,Réduction du volume d'un anévrisme d'un accès vasculaire artérioveineux
EZBA003,Réduction du débit d'un accès vasculaire artérioveineux par ligature ou réduction de calibre de l'artère
EZCA001,"Pontages artériel et veineux, au cours d'une réparation par lambeau libre"
EZCA002,"Exclusion d'un accès vasculaire artérioveineux avec pontage, par abord direct"
EZCA003,"Pontage artérioveineux pour accès vasculaire, par abord direct"
EZCA004,"Pontage ou angioplastie d'élargissement d'un accès vasculaire artérioveineux, par abord direct"
EZCA005,"Pontage artériel ou veineux, au cours d'une réparation par lambeau libre"
EZFA001,Exérèse de malformation artérioveineuse cutanée et/ou souscutanée
EZFA002,Exérèse d'un accès vasculaire artérioveineux sans reconstruction vasculaire
EZFA003,Exérèse d'un accès vasculaire artérioveineux avec reconstruction vasculaire
EZFA004,Exérèse de malformation artérioveineuse musculaire ou osseuse
EZGF001,"Ablation d'une endoprothèse vasculaire ou d'un filtre cave ayant migré en position intracardiaque ou intravasculaire, par voie vasculaire transcutanée"
EZJF001,"Thromboaspiration d'un accès vasculaire artérioveineux d'un membre avec dilatation intraluminale et pose d'endoprothèse, par voie vasculaire transcutanée"
EZJF002,"Thromboaspiration d'un accès vasculaire artérioveineux d'un membre avec dilatation intraluminale sans pose d'endoprothèse, par voie vasculaire transcutanée"
EZKA001,Changement de la membrane d'un site d'accès vasculaire implanté pour circulation extracorporelle
EZLA001,Implantation souscutanée d'un site d'accès vasculaire pour circulation extracorporelle
EZLA002,"Pose d'un cathéter veineux central tunnelisé à double courant pour circulation extracorporelle, parabord direct"
EZLF001,"Pose d'un cathéter veineux central tunnelisé pour circulation extracorporelle, par voie transcutanée"
EZLF002,"Pose de deux cathéters veineux centraux tunnelisés dans une seule veine pour circulation extracorporelle, par voie transcutanée"
EZLF003,"Pose d'un cathéter veineux central non tunnelisé pour circulation extracorporelle, par voie transcutanée"
EZMA001,"Création d'une fistule artérioveineuse pour accès vasculaire par abord direct sans superficialisation veineuse, chez un sujet de plus de 20 kg"
EZMA002,"Création d'une fistule artérioveineuse pour accès vasculaire par abord direct avec superficialisation veineuse, chez un sujet de moins de 20 kg"
EZMA003,"Création d'une fistule artérioveineuse pour accès vasculaire par abord direct avec superficialisation veineuse, chez un sujet de plus de 20 kg"
EZMA004,"Création d'une fistule artérioveineuse pour accès vasculaire par abord direct sans superficialisation veineuse, chez un sujet de moins de 20 kg"
EZMH001,"Contrôle radiologique secondaire de perméabilité et/ou de position d'un dispositif d'accès vasculaire ou d'une endoprothèse vasculaire, par injection de produit de contraste"
EZNF001,"Fibrinolyse in situ d'un accès vasculaire artérioveineux d'un membre avec dilatation intraluminale sans pose d'endoprothèse, par voie vasculaire transcutanée"
EZNF002,"Fibrinolyse in situ d'un accès vasculaire artérioveineux d'un membre avec dilatation intraluminale et pose d'endoprothèse, par voie vasculaire transcutanée"
EZNF003,"Irradiation intravasculaire, au décours d'une dilatation de vaisseau par voie vasculaire transcutanée"
EZNF004,"Fibrinolyse in situ d'un accès vasculaire artérioveineux des membres, par injection intravasculaire transcutanée"
EZNH001,"Sclérose d'une lésion vasculaire ostéoarticulaire d'un membre, par injection transcutanée intralésionnelle d'agent pharmacologique avec guidage scanographique"
EZNH002,"Sclérose d'une lésion vasculaire ostéoarticulaire d'un membre, par injection transcutanée intralésionnelle d'agent pharmacologique avec guidage radiologique"
EZPA001,"Désobstruction d'un accès vasculaire artérioveineux, par abord direct"
EZPF001,Désobstruction locale d'un cathéter veineux pour circulation extracorporelle
EZPF003,"Désobstruction mécanique d'un accès vasculaire artérioveineux avec dilatation intraluminale et pose d'endoprothèse, par voie vasculaire transcutanée"
EZPF004,"Désobstruction mécanique d'un accès vasculaire artérioveineux avec dilatation intraluminale sans pose d'endoprothèse, par voie vasculaire transcutanée"
EZPF005,Désobstruction locale d'un dispositif de dérivation artérioveineuse des membres
EZQH002,"Angiographie d'un accès vasculaire artérioveineux d'un membre, par voie vasculaire transcutanée"
EZQH003,"Angiographie d'un accès vasculaire artérioveineux d'un membre, par injection intravasculaire transcutanée"
EZQH004,Angiographie peropératoire
EZQL001,Phlébographie radio-isotopique des membres
EZQL002,Mesure de la perméabilité capillaire par méthode radio-isotopique
EZQM001,Échographie-doppler d'une fistule artérioveineuse pour circulation extracorporelle
EZQM002,Échographie-doppler pour repérage préopératoire de pédicule vasculaire d'un lambeau de réparation
EZSA001,"Fermeture d'un accès vasculaire artérioveineux, par abord direct"
EZSA002,"Hémostase d'un accès vasculaire artérioveineux, par abord direct"
EZSA003,"Fermeture d'un faux anévrisme d'un accès vasculaire artérioveineux avec reconstruction des axes vasculaires, par abord direct"
EZSA004,"Hémostase secondaire à un acte sur les vaisseaux des membres, par abord direct"
EZSA005,"Fermeture d'une communication artérioveineuse tronculaire congénitale [d'un shunt artérioveineux tronculaire congénital], par abord direct"
EZSF001,Occlusion définitive peropératoire d'un tronc vasculaire par ballonnet ou embolisation
EZSM001,"Fermeture d'un faux anévrisme ou d'une fistule artérioveineuse, par compression transcutanée avec guidage échographique"
FAFA001,Adénoïdectomie avec pose unilatérale d'aérateur transtympanique
FAFA002,Adénoïdectomie avec pose bilatérale d'aérateur transtympanique
FAFA003,"Amygdalectomie à l'amygdalotome, avec adénoïdectomie et myringotomie unilatérale ou bilatérale"
FAFA004,"Amygdalectomie à l'amygdalotome, avec adénoïdectomie"
FAFA005,"Amygdalectomie par dissection, avec adénoïdectomie et pose unilatérale d'aérateur transtympanique"
FAFA006,"Amygdalectomie par dissection, avec adénoïdectomie et myringotomie unilatérale ou bilatérale"
FAFA007,Exérèse de moignon amygdalien
FAFA008,Adénoïdectomie
FAFA009,"Amygdalectomie à l'amygdalotome, avec adénoïdectomie et pose bilatérale d'aérateur transtympanique"
FAFA010,"Amygdalectomie par dissection, avec adénoïdectomie et pose bilatérale d'aérateur transtympanique"
FAFA011,Amygdalectomie à l'amygdalotome
FAFA012,"Amygdalectomie à l'amygdalotome, avec adénoïdectomie et pose unilatérale d'aérateur transtympanique"
FAFA013,Adénoïdectomie avec myringotomie unilatérale ou bilatérale
FAFA014,Amygdalectomie par dissection
FAFA015,"Amygdalectomie par dissection, avec adénoïdectomie"
FAND001,Séance de destruction de tissu amygdalien pharyngien ou lingual
FASD001,Hémostase secondaire à une amygdalectomie ou une adénoïdectomie
FBFA001,"Exérèse du thymus vestigial, par cervicotomie"
FBFA002,"Exérèse du thymus vestigial, par thoracotomie vidéoassistée"
FBFA003,"Exérèse du thymus vestigial, par thoracotomie"
FBFC001,"Exérèse du thymus vestigial, par thoracoscopie"
FCBP001,Séance de compression [pressothérapie] mercurielle d'un membre
FCBP002,Séance de compression [pressothérapie] pneumatique unilatérale ou bilatérale d'un membre
FCCA001,"Dérivation lympholymphatique ou lymphoveineuse d'un membre, par abord direct"
FCFA001,Exérèse de lymphangiome cervical
FCFA002,"Curage lymphonodal [ganglionnaire] médiastinal supérieur, par cervicotomie"
FCFA003,"Exérèse de lymphangiome cervical avec extension médiastinale, par cervicotomie"
FCFA004,"Curage lymphonodal [ganglionnaire] médiastinal unilatéral ou bilatéral, par thoracotomie"
FCFA005,"Curage lymphonodal [ganglionnaire] cervical complet et médiastinorécurrentiel unilatéral, par cervicotomie"
FCFA006,"Curage lymphonodal [ganglionnaire] pelvien, par laparotomie"
FCFA007,"Lymphangectomie partielle ou totale d'un membre, par abord direct"
FCFA008,"Curage lymphonodal [ganglionnaire] cervical complet unilatéral, par cervicotomie"
FCFA009,"Curage lymphonodal [ganglionnaire] cervical complet et médiastinorécurrentiel bilatéral, par cervicotomie"
FCFA010,"Curage lymphonodal [ganglionnaire] lomboaortique, par laparotomie"
FCFA011,"Curage lymphonodal [ganglionnaire] inguinal, par abord direct"
FCFA012,"Exérèse de noeud [ganglion] lymphatique du cou à visée diagnostique, par cervicotomie"
FCFA013,"Curage lymphonodal [ganglionnaire] cervical complet bilatéral, par cervicotomie"
FCFA014,Exérèse de lymphangiome cervicoparotidien avec extension buccopharyngée
FCFA015,Exérèse de lymphangiome cervicoparotidien
FCFA016,"Curage lymphonodal [ganglionnaire] cervical partiel unilatéral, par cervicotomie"
FCFA017,"Curage lymphonodal du hile du poumon et du médiastin, au cours d'une intervention pleuropulmonaire"
FCFA018,"Exérèse de noeud [ganglion] lymphatique des membres à visée thérapeutique, par abord direct"
FCFA019,"Curage lymphonodal [ganglionnaire] iliaque unilatéral ou bilatéral, par laparotomie"
FCFA020,"Curage lymphonodal [ganglionnaire] cervical partiel bilatéral, par cervicotomie"
FCFA021,"Exérèse de noeud [ganglion] lymphatique des membres à visée diagnostique, par abord direct"
FCFA022,"Curage lymphonodal [ganglionnaire] lomboaortique avec curage iliaque unilatéral ou bilatéral, par laparotomie"
FCFA023,"Exérèse de lymphangiome cervicoparotidien avec extension buccopharyngée et médiastinale, par cervicotomie"
FCFA024,Exérèse d'un lymphangiome superficiel
FCFA025,"Curage lymphonodal [ganglionnaire] cervical complet unilatéral avec curage partiel controlatéral, par cervicotomie"
FCFA026,Exérèse de lymphangiome cervicofacial sans dissection du nerf facial
FCFA027,"Curage lymphonodal [ganglionnaire] cervical complet unilatéral, élargi aux muscles profonds et/ou aux nerfs du cou, à l'artère carotide externe, à la glande parotide, par cervicotomie"
FCFA028,"Exérèse de noeud [ganglion] lymphatique du cou à visée thérapeutique, par cervicotomie"
FCFC001,"Curage lymphonodal [ganglionnaire] iliaque, par coelioscopie ou par rétropéritonéoscopie"
FCFC002,"Exérèse de noeud [ganglion] lymphatique du médiastin, par thoracoscopie ou par médiastinoscopie"
FCFC003,"Curage lymphonodal [ganglionnaire] pelvien, par coelioscopie ou par rétropéritonéoscopie"
FCFC004,"Curage lymphonodal [ganglionnaire] lomboaortique avec curage iliaque unilatéral ou bilatéral, par coelioscopie ou par rétropéritonéoscopie"
FCFC005,"Curage lymphonodal [ganglionnaire] lomboaortique, par coelioscopie ou par rétropéritonéoscopie"
FCHB001,"Ponction ou cytoponction de noeud [ganglion] lymphatique, par voie transcutanée sans guidage"
FCNB001,"Sclérose de lymphangiome cervical ou cervicofacial, par injection transcutanée intralésionnelle d'agent pharmacologique"
FCNH001,"Sclérose de malformation lymphatique, par injection transcutanée intralésionnelle d'agent pharmacologique avec guidage échographique et/ou radiologique"
FCPA001,"Mise à plat d'une lymphocèle d'un membre avec lymphostase, par abord direct"
FCQH001,Lymphographie du membre supérieur
FCQH002,Lymphographie des membres inférieurs
FCQL001,Lymphoscintigraphie
FCSA001,"Fermeture de fistule ou ligature du conduit thoracique, par thoracotomie"
FCSA002,"Ligature du conduit thoracique, par cervicotomie"
FCSC001,"Fermeture de fistule ou ligature du conduit thoracique, par thoracoscopie"
FDFB001,"Prélèvement de cellules souches hématopoïétiques médullaires [Prélèvement de moelle osseuse], pour thérapie cellulaire"
FDHB001,"Ponction de moelle osseuse pour myélogramme dans un territoire, par voie transcutanée"
FDHB002,"Biopsie ostéomédullaire, par voie transcutanée"
FDHB003,"Ponction de moelle osseuse pour myélogramme et analyses biologiques dans plusieurs territoires sous anesthésie générale, par voie transcutanée"
FDHB004,"Ponction de moelle osseuse pour myélogramme et analyses biologiques avec biopsie ostéomédullaire dans le même territoire, par voie transcutanée"
FDHB005,"Ponction de moelle osseuse pour myélogramme dans plusieurs territoires sous anesthésie générale, par voie transcutanée"
FDHB006,"Ponction de moelle osseuse pour myélogramme et analyses biologiques dans un territoire, par voie transcutanée"
FDQL001,Scintigraphie de la moelle osseuse
FEFF001,"Prélèvement de cellules mononucléées par cytaphérèse, pour thérapie cellulaire"
FEFF002,"Prélèvement de cellules souches hématopöétiques sanguines par cytaphérèse, pour thérapie cellulaire"
FEJF001,Séance d'épuration semisélective de substance plasmatique par double filtration [épuration en cascade]
FEJF002,Séance non programmée de soustraction thérapeutique de plasma avec perfusion de produit de substitution [échange plasmatique] pour affection aigüe
FEJF003,Saignée thérapeutique
FEJF004,Séance programmée de soustraction thérapeutique de plasma avec perfusion de produit de substitution [échange plasmatique] pour affection chronique
FEJF005,Séance d'épuration chimique des lipoprotéines [LDLaphérèse] à partir du plasma ou du sang total
FEJF006,"Saignée thérapeutique, avec transfusion de concentré de globules rouges"
FEJF007,Séance d'épuration immunologique de substance plasmatique [immunoadsorption]
FEJF008,"Saignée thérapeutique avec transfusion de concentré de globules rouges, chez le nouveau-né"
FELF001,"Transfusion de concentré de globules rouges d'un volume supérieur à une demimasse sanguine, au cours d'une intervention sous anesthésie générale ou locorégionale"
FELF002,"Transfusion de produit sanguin labile non érythrocytaire, chez le nouveau-né"
FELF003,"Administration intraveineuse simultanée de deux des produits sanguins suivants : plasma frais congelé, plaquettes, facteur antihémophilique, fibrinogène, antithrombine III pour suppléance de coagulopathie, par 24 heures"
FELF004,Transfusion de concentré de globules rouges d'un volume supérieur à une demimasse sanguine chez l'adulte ou à 40 millilitres par kilogramme [ml/kg] chez le nouveau-né en moins de 24 heures
FELF005,"Exsanguinotransfusion d'épuration ou de substitution, chez le nouveau-né"
FELF006,Transfusion de produit sanguin labile non érythrocytaire
FELF007,"Transfusion de concentré de globules rouges d'un volume inférieur à 40 ml/kg, chez le nouveau-né"
FELF008,"Transfusion de concentré de globules rouges, à domicile"
FELF009,Injection intraveineuse d'un produit de thérapie cellulaire pour allogreffe
FELF010,Injection intraveineuse d'un produit de thérapie cellulaire pour autogreffe
FELF011,Transfusion de concentré de globules rouges d'un volume inférieur à une demimasse sanguine
FELF012,Exsanguinotransfusion d'épuration ou de substitution
FENL001,"Irradiation interne pour polyglobulie, par injection intraveineuse de phosphore 32"
FEPF001,Séance programmée de leucaphérèse thérapeutique pour affection chronique
FEPF002,Séance de thrombocytaphérèse thérapeutique
FEPF003,Séance d'érythraphérèse thérapeutique avec transfusion de globules rouges [échange érythrocytaire]
FEPF004,Séance non programmée de leucaphérèse thérapeutique pour affection aigüe
FEPF005,Séance d'érythraphérèse thérapeutique avec perfusion [hémodilution normovolémique intentionnelle]
FEQL001,Mesure radio-isotopique de la durée de vie des hématies
FEQL002,Mesure radio-isotopique de la durée de vie des plaquettes
FEQL003,"Recherche topographique d'une déperdition sanguine digestive, par méthode radio-isotopique"
FEQL004,Mesure radio-isotopique de la disparition plasmatique du fer [fer rapide]
FEQL005,Mesure radio-isotopique de la cinétique érythrocytaire
FEQL006,Recherche radio-isotopique de sang dans les selles
FEQL007,Mesure radio-isotopique du volume sanguin
FERP001,Photochimiothérapie extracorporelle des cellules sanguines mononucléées
FFFA001,"Splénectomie totale, par laparotomie"
FFFA002,"Splénectomie partielle, par laparotomie"
FFFC001,"Splénectomie totale, par coelioscopie"
FFJA001,"Évacuation de collection de la rate, par laparotomie"
FFJC001,"Évacuation de collection de la rate, par coelioscopie"
FFQL001,"Scintigraphie de la rate, par injection de traceur radio-isotopique spécifique"
FFSA001,"Hémostase splénique avec conservation de la rate, par laparotomie"
FGLB001,"Séance d'injection d'extrait allergénique à concentration donnée pour désensibilisation spécifique, par voie souscutanée"
FGLB002,"Injection d'extrait allergénique à concentration croissante par voie souscutanée, jusqu'à obtention de la dose d'entretien pour désensibilisation spécifique par méthode semiaccélérée ou accélérée [semirush ou rush]"
FGLB003,Séance d'injection de produit à concentration croissante pour accoutumance à un ou plusieurs allergènes et/ou médicaments
FGLD001,Séance d'ingestion de produit à concentration croissante pour accoutumance à un ou plusieurs allergènes et/ou médicaments
FGRB001,Test allergologique par injection intradermique de plusieurs substances administrées à concentration croissante avec au moins 2 dilutions
FGRB002,Test allergologique par injection intradermique d'une substance administrée à concentration croissante
FGRB003,Test allergologique par piqûre épidermique avec des substances administrées à concentration fixe
FGRB004,Test allergologique par piqûre épidermique avec des aliments natifs
FGRB005,Test allergologique par injection intradermique de substances administrées à concentration fixe
FGRB006,Test d'introduction ou de réintroduction d'un allergène par injection à concentration fixe
FGRB007,Test d'introduction ou de réintroduction d'un allergène par injection à concentration croissante
FGRP001,Test de provocation par ingestion de 2 allergènes à concentration fixe avec contrôle contre placebo
FGRP002,Test de provocation par ingestion d'un allergène administré à concentration croissante avec contrôle contre placebo
FGRP003,Test allergologique épicutané en chambre close [Patch test] par tests orientés
FGRP004,Test de provocation par agent physique en chambre d'exposition
FGRP005,Test allergologique épicutané en chambre close [Patch test] par batterie standard et tests orientés
FGRP006,Test allergologique de provocation par plusieurs aliments natifs administrés par contact labial
FGRP007,Test allergologique épicutané en chambre close [Patch test] par batterie standard et/ou batterie complémentaire
FGRP008,"Test de provocation par allergène administré à concentration croissante par voie nasale, avec contrôle contre placebo"
FGRP009,Test de provocation conjonctival par allergène administré à concentration croissante
FGRP010,Tests vasomoteurs de stimulation cutanée pour rhinite
GABD001,Tamponnement nasal antérieur et postérieur
GABD002,Tamponnement nasal antérieur
GAEA001,"Repositionnement de fragment de nez amputé, sans anastomose vasculaire"
GAEA002,"Réimplantation de fragment de nez, avec anastomoses vasculaires"
GAFA001,"Excision ou décortication d'un rhinophyma, avec laser"
GAFA002,Exérèse subtotale ou totale [amputation] de la pointe et/ou de l'aile du nez
GAFA003,"Excision ou décortication d'un rhinophyma, sans laser"
GAFA004,Amputation de la pyramide nasale étendue au philtrum et/ou à la joue
GAFA005,Exérèse transfixiante de lésion de la peau du nez et/ou de la muqueuse narinaire
GAFA006,"Exérèse de lésion ou de malformation de la cavité nasale, par abord paralatéronasal"
GAFA007,Exérèse non transfixiante de lésion de la peau du nez ou de la muqueuse narinaire
GAFA008,Amputation de la pyramide nasale
GAFA009,Exérèse d'une fistule congénitale de la columelle nasale ou de la lèvre supérieure [philtrum]
GAFA010,"Exérèse d'une fistule ou d'un kyste congénital du dos du nez avec prolongement intracrânien, par abord coronal"
GAFA011,"Exérèse d'une fistule ou d'un kyste congénital du dos du nez, par abord facial"
GAFD001,"Exérèse de lésion ou de malformation de la cavité nasale, par voie nasale"
GAFD002,Polypectomie intranasale
GAGD001,Ablation unilatérale ou bilatérale de prothèse de calibrage de la cavité nasale
GAGD002,Ablation de corps étranger de la cavité nasale
GAHA001,Biopsie de la peau du nez et/ou de la muqueuse narinaire
GAJA001,Évacuation de collection du septum nasal
GAJA002,Parage et/ou suture de plaie du nez
GALD001,Pose unilatérale ou bilatérale de prothèse de calibrage de la cavité nasale
GALP001,Pose d'une épithèse nasale
GALP002,"Pose préopératoire d'un appareillage orthopédique de correction d'une déformation nasale, pour fente orofaciale"
GAMA001,"Rhinoseptoplastie sans ostéotomie, sans autogreffe de cartilage"
GAMA002,Réparation de perte de substance du nez par lambeau frontal à pédicule inférieur
GAMA003,"Rhinoplastie sans ostéotomie, avec autogreffe de cartilage de septum nasal"
GAMA004,"Rhinoseptoplastie avec ostéotomie, sans autogreffe de cartilage"
GAMA005,Plastie ostéo-cutanéo-cartilagineuse pour sténose narinaire
GAMA006,"Réparation de perte de substance du nez par lambeau scalpant doublé par lambeau en charnière, lambeau frontal, et/ou autogreffe"
GAMA007,Septoplastie nasale
GAMA008,Rhinoplastie primitive de la pointe
GAMA009,"Plastie narinaire pour collapsus de la valve nasale interne, avec septoplastie"
GAMA010,Rhinoseptoplastie avec autogreffe osseuse et cartilagineuse
GAMA011,"Reconstruction de la cavité nasale pour hypoplasie ou aplasie, chez l'enfant"
GAMA012,Réparation de perte de substance du nez par lambeau régional
GAMA013,Rhinoplastie avec ostéotomie et autogreffe de cartilage de septum nasal
GAMA014,Réparation de perte de substance du nez par lambeau scalpant
GAMA015,Plastie narinaire pour collapsus de la valve nasale interne
GAMA016,Rhinoseptoplastie avec ostéotomie et autogreffe de cartilage de septum nasal
GAMA017,Plastie des orifices piriformes du nez chez le nourrisson
GAMA018,Réparation de perte de substance du nez par lambeau local
GAMA019,Réparation de perte de substance du nez par autogreffe composée d'auricule
GAMA020,"Rhinoseptoplastie sans ostéotomie, avec autogreffe de cartilage de septum nasal"
GAMA021,"Reconstruction du nez, de l'héminez ou de la pointe de nez avec armature ostéochondrale, lambeau de couverture cutanée et lambeau de doublure muqueuse"
GAMA022,Correction secondaire du résultat esthétique d'une rhinoplastie ou d'une rhinoseptoplastie
GAMA023,Réparation de perte de substance du nez par lambeau brachial ou antébrachial à pédicule transitoire
GAMA024,"Rhinoplastie avec ostéotomie, sans autogreffe de cartilage"
GAMA025,Correction de séquelle narinaire d'une fente labio-maxillo-palatine unilatérale
GAMA026,Correction de séquelle narinaire d'une fente labio-maxillo-palatine bilatérale
GAME001,"Turbinoplastie ou turbinectomie inférieure et/ou moyenne unilatérale ou bilatérale, par endoscopie"
GAME002,"Plastie unilatérale ou bilatérale de la cavité nasale pour rhinite atrophique, par endoscopie"
GAND001,Cautérisation unilatérale ou bilatérale de la muqueuse du cornet inférieur
GAQD001,Rhinomanométrie postérieure avec test de provocation
GAQD002,Rhinomanométrie antérieure avec test de provocation
GAQD003,Mesure de la différence de potentiel des muqueuses nasales
GAQD004,Rhinométrie acoustique sans test de provocation
GAQD005,Rhinomanométrie postérieure sans test de provocation
GAQD006,Rhinométrie acoustique avec test de provocation
GAQD007,Rhinomanométrie antérieure sans test de provocation
GAQE001,"Endoscopie de la cavité nasale et du rhinopharynx [cavum], par voie nasale"
GAQE003,"Endoscopie de la cavité nasale, par voie nasale"
GASA001,Fermeture de perforation du septum nasal
GASE001,"Hémostase intranasale par cautérisation ou électrocoagulation, par endoscopie"
GASE002,"Hémostase intranasale par injection unilatérale ou bilatérale transmuqueuse d'agent pharmacologique, par endoscopie"
GBBA001,Exclusion unilatérale ou bilatérale du sinus frontal par résection de la paroi postérieure [Cranialisation du sinus frontal]
GBBA002,Comblement préimplantaire sousmuqueux unilatéral du sinus maxillaire
GBCA001,Exclusion unilatérale ou bilatérale de sinus frontal par comblement
GBFA001,"Exérèse de lésion du sinus frontal, par abord frontosourcilier"
GBFA002,"Exérèse de lésion du sinus ethmoïdal, par abord paralatéronasal ou par abord bilatéral de la fosse canine [abord bivestibulaire]"
GBFA003,"Exérèse de lésion du sinus frontal, par abord coronal"
GBFA004,"Résection totale unilatérale du sinus ethmoïdal avec exérèse de la lame criblée et de méninge, par abord paralatéronasal"
GBFA005,"Résection totale unilatérale du sinus ethmoïdal avec sinusotomie sphénoïdale et maxillaire, par abord paralatéronasal"
GBFA006,"Résection totale bilatérale du sinus ethmoïdal avec sinusotomie sphénoïdale et maxillaire, par abord paralatéronasal et/ou par abord infrafronto-orbito-nasal"
GBFE007,"Exérèse de lésion du sinus sphénoïdal, par endoscopie"
GBFE012,"Ethmoïdectomie antérieure bilatérale avec septoplastie, par endoscopie"
GBGD001,"Déméchage et/ou nettoyage postopératoire de sinus paranasal, sous anesthésie générale"
GBJA001,"Évacuation unilatérale ou bilatérale de collection du sinus frontal, par endoscopie nasale et par abord direct"
GBJA002,"Évacuation de collection du sinus frontal, par abord direct"
GBJB001,"Évacuation de collection du sinus frontal, par voie transcutanée"
GBJC001,"Évacuation de collection du sinus maxillaire, par voie méatale inférieure"
GBJD001,Séance de lavage de sinus paranasal par méthode de déplacement
GBJE001,"Évacuation de collection du sinus frontal, par endoscopie nasale"
GBJE002,"Évacuation de collection du sinus sphénoïdal, par endoscopie directe ou transethmoïdale"
GBPA001,"Sinusotomie maxillaire par abord de la fosse canine [abord vestibulaire], avec sinusotomie ethmoïdale et/ou sphénoïdale"
GBPA002,"Sinusotomie maxillaire, par abord de la fosse canine [abord vestibulaire] et par voie méatale moyenne"
GBPA003,"Sinusotomie frontale unilatérale ou bilatérale avec résection du septum et du plancher nasaux, par endoscopie nasale ou par abord direct"
GBPA004,"Sinusotomie maxillaire, par abord de la fosse canine [abord vestibulaire]"
GBPE001,"Méatotomie nasale moyenne, par endoscopie"
GBPE002,"Marsupialisation de mucocèle du sinus ethmoïdal et/ou du sinus frontal, par endoscopie"
GBPE003,"Méatotomie nasale inférieure bilatérale, par endoscopie"
GBQD001,Manométrie des sinus paranasaux
GBQE001,Sinusoscopie sphénoïdale
GBQE002,Sinusoscopie frontale
GBQM001,Échographie unilatérale ou bilatérale du sinus maxillaire et/ou du sinus frontal
GCCD001,Perforation [Discision] unilatérale ou bilatérale des choanes
GCFA001,"Exérèse de lésion du rhinopharynx et/ou de la fosse infratemporale, par abord préauriculaire et/ou par abord transzygomatique"
GCFA002,"Exérèse de lésion du rhinopharynx et/ou de la fosse infratemporale, par abord transpétreux antérieur"
GCFA003,"Exérèse de lésion du rhinopharynx, par abord transpalatin avec laser"
GCFA004,"Exérèse de lésion du rhinopharynx et/ou de la fosse infratemporale, par abord transmandibulaire"
GCFA005,"Exérèse de lésion du rhinopharynx, par abord transpalatin sans laser"
GCFA006,"Exérèse de lésion du rhinopharynx et/ou de la fosse infratemporale, par abord transmaxillaire et par abord transmandibulaire"
GCFA007,"Exérèse de lésion du rhinopharynx et/ou de la fosse infratemporale, par abord transmaxillaire"
GCFD001,"Exérèse de lésion du rhinopharynx, par voie nasale et/ou par voie buccale sans laser"
GCFD002,"Exérèse de lésion du rhinopharynx, par voie nasale et/ou par voie buccale avec laser"
GCMA001,"Plastie des choanes par abord transpalatin, pour imperforation unilatérale ou bilatérale"
GCME001,"Plastie des choanes par endoscopie nasale avec laser, pour imperforation bilatérale"
GCME002,"Plastie des choanes par endoscopie nasale avec laser, pour imperforation unilatérale"
GCME003,"Plastie des choanes par endoscopie nasale sans laser, pour imperforation bilatérale"
GCME004,"Plastie des choanes par endoscopie nasale sans laser, pour imperforation unilatérale"
GCQE001,"Fibroscopie du pharynx et du larynx, par voie nasale"
GCQE002,"Endoscopie du rhinopharynx [cavum], par voie buccale sous anesthésie générale"
GDCA001,Suture de plaie du larynx
GDCA002,Exclusion du larynx
GDEA001,"Médialisation du pli vocal [corde vocale], par cervicotomie"
GDFA001,Hyo-thyro-épiglottectomie
GDFA002,"Cordectomie laryngée bilatérale, par thyrotomie"
GDFA003,Glottectomie horizontale
GDFA004,"Cordectomie laryngée unilatérale, par thyrotomie"
GDFA005,Laryngectomie totale
GDFA006,Laryngectomie partielle verticale
GDFA007,"Exérèse de lésion laryngée infraglottique, par laryngotomie"
GDFA008,Laryngectomie supraglottique étendue à la base de langue
GDFA009,Laryngectomie supracricoïdienne avec cricohyoïdopexie
GDFA010,"Aryténoïdectomie ou aryténoïdopexie, par thyrotomie"
GDFA011,Laryngectomie supracricoïdienne avec crico-hyoïdo-épiglottopexie
GDFA012,Laryngopharyngectomie supracricoïdienne avec cricohyoïdopexie
GDFA013,Hémilaryngopharyngectomie
GDFA014,Laryngectomie supraglottique
GDFA015,"Exérèse de lésion du larynx, par thyrotomie latérale extramuqueuse"
GDFA016,Laryngectomie frontale antérieure avec épiglottoplastie
GDFA017,Laryngopharyngectomie supraglottique
GDFA018,Laryngectomie totale étendue à la base de langue
GDFE001,"Aryténoïdectomie, par laryngoscopie directe"
GDFE002,"Exérèse de lésion ou épluchage de la muqueuse du plan glottique, par laryngoscopie directe avec laser"
GDFE003,"Cordectomie laryngée, par laryngoscopie directe avec laser"
GDFE004,"Exérèse de lésion ou épluchage de la muqueuse du plan glottique, par laryngoscopie directe sans laser"
GDFE005,"Résection ou section des plis aryépiglottiques, par laryngoscopie directe sans laser"
GDFE006,"Exérèse de lésion laryngée infraglottique, par laryngoscopie directe avec laser"
GDFE007,"Cordectomie laryngée, par laryngoscopie directe sans laser"
GDFE008,"Épiglottectomie partielle, par laryngoscopie directe sans laser"
GDFE009,"Épiglottectomie partielle, par laryngoscopie directe avec laser"
GDFE010,"Exérèse du vestibule du larynx, par laryngoscopie directe avec laser"
GDFE011,"Exérèse de lésion laryngée infraglottique, par laryngoscopie directe sans laser"
GDFE012,"Dilatation et/ou résection de sténose du larynx, par endoscopie sans laser"
GDFE013,"Résection ou section des plis aryépiglottiques, par laryngoscopie directe avec laser"
GDFE014,"Exérèse de lésion sousmuqueuse du plan glottique, par laryngoscopie directe"
GDFE015,"Exérèse du vestibule du larynx, par laryngoscopie directe sans laser"
GDFE016,"Dilatation et/ou résection de sténose du larynx, par endoscopie avec laser"
GDGE001,"Ablation de corps étranger du larynx, par laryngoscopie directe"
GDHE001,"Biopsie oro-pharyngo-laryngée, par laryngoscopie indirecte"
GDLB001,"Injection dans le pli vocal [corde vocale], par voie transcutanée"
GDLD001,Pose d'un masque laryngé ou d'un Combitube®
GDLE001,"Pose ou changement de prothèse de calibrage du larynx, par laryngoscopie directe"
GDLE002,"Injection dans le pli vocal [corde vocale], par laryngoscopie directe"
GDMA001,"Laryngoplastie, par cervicotomie"
GDMA002,"Laryngotrachéoplastie, par cervicotomie"
GDMA003,Réparation de fracas du larynx
GDNE001,"Coagulation d'un oedème du larynx, par laryngoscopie directe avec laser"
GDNE002,"Destruction de lésion du larynx, par laryngoscopie directe sans laser"
GDNE003,"Destruction de lésion du larynx, par laryngoscopie directe avec laser"
GDNE004,"Coagulation d'un oedème du larynx, par laryngoscopie directe sans laser"
GDPE001,"Désobstruction du larynx, par laryngoscopie directe avec laser"
GDPE002,"Cordotomie postérieure, par laryngoscopie directe sans laser"
GDPE003,"Cordotomie postérieure, par laryngoscopie directe avec laser"
GDQE001,Laryngo-trachéo-bronchoscopie au tube rigide
GDQE002,"Laryngoscopie indirecte au laryngoscope rigide, avec examen stroboscopique du larynx"
GDQE003,Laryngoscopie indirecte au laryngoscope rigide
GDQE004,Fibroscopie du larynx et de la trachée
GDQE005,Laryngoscopie directe [Laryngoscopie en suspension]
GDQE006,Examen stroboscopique du larynx
GDSA001,Fermeture d'un diastème laryngé congénital
GDSA002,Fermeture d'un diastème laryngotrachéal congénital
GDSA003,"Fermeture d'une fente laryngo-trachéo-pharyngo-oesophagienne congénitale, par cervicotomie et par thoracotomie"
GDSA004,"Fermeture d'une fente laryngo-trachéo-pharyngo-oesophagienne congénitale, par cervicotomie"
GECA001,"Suture de plaie ou de rupture de bronche, par thoracotomie"
GECA002,"Suture de plaie ou de rupture de la trachée, par cervicothoracotomie ou par thoracotomie"
GECA003,"Suture de plaie ou de rupture de la trachée, par cervicotomie"
GEFA001,"Résection-anastomose de la trachée sans mobilisation viscérale cardiopulmonaire par thoracotomie, avec abaissement du larynx par cervicotomie"
GEFA002,"Résection-anastomose cricotrachéale, par cervicotomie"
GEFA003,"Résection-anastomose de la trachée avec abaissement du larynx, par cervicothoracotomie"
GEFA004,"Résection-anastomose de la bifurcation trachéale, par thoracotomie"
GEFA005,"Résection-anastomose de la trachée avec mobilisation viscérale cardiopulmonaire par thoracotomie, avec abaissement du larynx par cervicotomie"
GEFA006,"Résection-anastomose de la trachée sans abaissement du larynx, par thoracotomie"
GEFA007,"Résection-anastomose de la trachée avec abaissement du larynx, par cervicotomie"
GEFA008,"Résection-anastomose de la trachée sans abaissement du larynx, par cervicothoracotomie"
GEFA009,"Résection-anastomose de la trachée avec mobilisation viscérale cardiopulmonaire sans abaissement du larynx, par thoracotomie"
GEFA010,"Résection-anastomose thyrotrachéale, par cervicotomie"
GEFA011,"Résection-anastomose bronchique, par thoracotomie"
GEFA012,"Résection-anastomose de la trachée sans abaissement du larynx, par cervicotomie"
GEFE001,"Séance de résection et/ou de dilatation de sténose de la trachée, par endoscopie avec laser"
GEFE002,"Séance de résection et/ou de dilatation de sténose de la trachée, par endoscopie sans laser"
GEGA001,"Ablation de corps étranger intrabronchique, par thoracotomie"
GEGD001,Ablation directe d'un implant phonatoire oesotrachéal
GEGE001,"Ablation de corps étranger intratrachéal et/ou intrabronchique, par bronchoscopie au tube rigide"
GEGE002,"Ablation d'implant phonatoire oesotrachéal ou de tube de calibrage intralaryngé, par endoscopie"
GEGE003,"Ablation de corps étranger intratrachéal et/ou intrabronchique, par fibroscopie"
GEHD001,"Prélèvement intrabronchique distal protégé sur sonde d'intubation ou sur trachéotomie, sans fibroscopie"
GEHE001,"Biopsie trachéale et/ou bronchique, au cours d'une endoscopie diagnostique des voies aériennes"
GEJD001,"Aspiration intratrachéale d'un nouveau-né à la naissance, en présence d'un liquide amniotique méconial"
GEJE001,"Aspiration intrabronchique à visée thérapeutique, par fibroscopie [Fibroaspiration bronchique]"
GEJE002,"Lavage pulmonaire unilatéral à visée thérapeutique pour protéinose alvéolaire, par endoscopie"
GEJE003,"Aspiration intrabronchique à visée thérapeutique chez un patient intubé ou trachéotomisé, par fibroscopie"
GEKA001,"Remplacement de la trachée par prothèse, par cervicotomie ou par thoracotomie"
GEKD001,Changement direct d'un implant phonatoire oesotrachéal
GEKE001,"Changement d'implant phonatoire oesotrachéal, par endoscopie"
GELA001,"Pose de tuteur trachéal, par cervicotomie"
GELD001,Instillation de surfactant exogène chez un nouveau-né en ventilation mécanique
GELD002,Intubation trachéale en dehors d'un bloc médicotechnique
GELD003,Intubation trachéale avec instillation de surfactant exogène
GELD004,Intubation trachéale
GELE001,"Intubation trachéale par fibroscopie ou dispositif laryngé particulier, au cours d'une anesthésie générale"
GELE002,"Instillation intrabronchique d'agent pharmacologique à visée thérapeutique, par bronchoscopie au tube rigide"
GELE003,"Pose intrabronchique de matériel à visée hémostatique, par fibroscopie"
GELE004,"Intubation trachéale, par fibroscopie ou dispositif laryngé particulier"
GELE005,"Instillation intrabronchique d'agent pharmacologique à visée thérapeutique, par fibroscopie"
GELE006,"Pose de tuteur trachéal, par endoscopie"
GELE007,"Pose intrabronchique de matériel à visée hémostatique, par bronchoscopie au tube rigide"
GELE008,"Pose d'une endoprothèse trachéobronchique, par endoscopie"
GELE009,"Pose de guide intrabronchique pour curiethérapie [endobrachytherapy], par fibroscopie"
GELF001,"Pose de cathéter laryngé ou de cathéter trachéal, par voie transcutanée"
GELP001,"Nébulisation d'agent thérapeutique à destinée bronchique [aérosol] avec surveillance de la saturation en oxygène par mesure transcutanée [SpO2] et de la fréquence cardiaque, pendant au moins 2 heures"
GEMA001,"Plastie d'agrandissement d'un orifice de trachéostomie ou de trachéotomie, par abord direct"
GEMA002,"Plastie de la trachée par autogreffe ou lambeau, par cervicotomie ou par thoracotomie"
GEME001,"Création d'une fistule oesotrachéale avec pose d'implant phonatoire, par endoscopie"
GENE001,"Destruction mécanique de lésion de l'arbre trachéobronchique, par bronchoscopie au tube rigide"
GENE002,"Destruction de lésion de l'arbre trachéobronchique avec laser, par fibroscopie"
GENE003,"Destruction tissulaire photodynamique de lésion de l'arbre trachéobronchique avec laser, par fibroscopie"
GENE004,"Destruction de lésion de l'arbre trachéobronchique avec laser, par bronchoscopie au tube rigide"
GENE005,"Destruction de lésion de l'arbre trachéobronchique par cryothérapie ou thermocoagulation, par fibroscopie"
GENE006,"Destruction de lésion de l'arbre trachéobronchique par cryothérapie ou thermocoagulation, par bronchoscopie au tube rigide"
GENE007,"Destruction tissulaire photodynamique de lésion de l'arbre trachéobronchique par laser, par bronchoscopie au tube rigide"
GENE008,"Destruction mécanique de lésion de l'arbre trachéobronchique, par fibroscopie"
GEPA004,"Trachéotomie, par cervicotomie"
GEQE001,"Bronchoscopie au tube rigide, avec prélèvement médiastinal à l'aiguille par voie transbronchique"
GEQE002,"Fibroscopie bronchique, avec prélèvement lymphonodal à l'aiguille par voie transbronchique"
GEQE003,Fibroscopie trachéobronchique avec photodétection de lésion par autofluorescence avec laser
GEQE004,"Fibroscopie bronchique, avec lavage bronchioloalvéolaire à visée diagnostique"
GEQE005,"Bronchoscopie au tube rigide, avec biopsie pulmonaire par voie transbronchique sans guidage"
GEQE006,"Fibroscopie bronchique, avec biopsie pulmonaire par voie transbronchique sans guidage"
GEQE007,Fibroscopie bronchique
GEQE008,Bronchoscopie au tube rigide
GEQE009,"Fibroscopie bronchique avec lavage bronchioloalvéolaire à visée diagnostique, chez un patient intubé ou trachéotomisé"
GEQE010,Fibroscopie trachéobronchique avec photodétection de lésion par autofluorescence sans laser
GEQE011,"Bronchoscopie au tube rigide, avec lavage bronchioloalvéolaire à visée diagnostique"
GEQE012,"Fibroscopie bronchique, chez un patient intubé ou trachéotomisé"
GEQE013,Examen panendoscopique des voies aérodigestives supérieures avec trachéoscopie et oesophagoscopie
GEQH001,Bronchographie
GEQH002,"Fibroscopie bronchique, avec biopsie pulmonaire par voie transbronchique avec guidage radiologique"
GEQH003,"Bronchoscopie au tube rigide, avec biopsie pulmonaire par voie transbronchique avec guidage radiologique"
GEQL001,Scintigraphie de l'épuration mucociliaire bronchique
GERD001,"Épreuve pharmacodynamique par agent bronchodilatateur, au cours d'une épreuve fonctionnelle respiratoire"
GERD002,"Épreuve de provocation par agent bronchoconstricteur ou facteur physique, au cours d'une épreuve fonctionnelle respiratoire"
GESA001,"Fermeture de fistule oesotrachéale après implant phonatoire, par cervicotomie"
GESA002,Fermeture de trachéotomie
GESA003,"Fermeture de fistule bronchique, par thoracotomie"
GFBA001,"Réduction bilatérale de volume pulmonaire, par thoracotomie unique"
GFBA002,"Réduction unilatérale de volume pulmonaire, par thoracotomie"
GFBA003,"Réduction bilatérale de volume pulmonaire, par thoracotomie bilatérale"
GFBC001,"Réduction de volume pulmonaire, par thoracoscopie"
GFCA001,"Suture de plaie pleuropulmonaire, par thoracotomie"
GFCC001,"Suture de plaie pleuropulmonaire, par thoracoscopie"
GFEA001,"Transplantation séquentielle des 2 poumons, par thoracotomie avec CEC"
GFEA002,"Transplantation de lobe pulmonaire, par thoracotomie avec CEC"
GFEA003,"Transplantation d'un poumon, par thoracotomie sans CEC"
GFEA004,"Transplantation séquentielle des 2 poumons, par thoracotomie sans CEC"
GFEA005,"Transplantation de lobe pulmonaire, par thoracotomie sans CEC"
GFEA006,"Transplantation bipulmonaire, par thoracotomie avec CEC"
GFEA007,"Transplantation d'un poumon, par thoracotomie avec CEC"
GFFA001,"Pneumonectomie avec exérèse totale de la plèvre [Pleuropneumonectomie], par thoracotomie"
GFFA002,"Pneumonectomie avec résection et remplacement prothétique de la veine cave supérieure, par thoracotomie"
GFFA003,"Exérèse de kyste bronchogénique, par thoracotomie"
GFFA004,"Lobectomie pulmonaire avec résection-anastomose ou réimplantation de bronche, par thoracotomie"
GFFA005,"Résection de bulle d'emphysème pulmonaire, par thoracotomie"
GFFA006,"Lobectomie pulmonaire avec résection et remplacement prothétique de la veine cave supérieure, par thoracotomie"
GFFA007,"Pneumonectomie avec résection d'organe et/ou de structure de voisinage, par thoracotomie"
GFFA008,"Lobectomie pulmonaire supérieure avec résection de côte et libération du plexus brachial, par thoracotomie"
GFFA009,"Lobectomie pulmonaire, par thoracotomie avec préparation par thoracoscopie"
GFFA010,"Bilobectomie pulmonaire avec résection de la paroi thoracique, par thoracotomie"
GFFA011,"Pneumonectomie avec résection-anastomose de la bifurcation trachéale, par thoracotomie"
GFFA012,"Pneumonectomie, par thoracotomie avec préparation par thoracoscopie"
GFFA013,"Lobectomie pulmonaire, par thoracotomie"
GFFA014,"Exérèse de kyste hydatique du poumon, par thoracotomie"
GFFA015,"Bilobectomie pulmonaire avec résection et remplacement prothétique de la veine cave supérieure, par thoracotomie"
GFFA016,"Lobectomie pulmonaire avec résection-anastomose de la veine cave supérieure ou résection de l'oreillette gauche, par thoracotomie"
GFFA017,"Exérèse partielle non anatomique unique du poumon, par thoracotomie"
GFFA018,"Bilobectomie pulmonaire, par thoracotomie"
GFFA019,"Exérèse de lobe pulmonaire restant [Totalisation de pneumonectomie], par thoracotomie"
GFFA020,"Prélèvement de poumon au cours d'un prélèvement multiorgane, sur un sujet en état de mort encéphalique"
GFFA021,"Exérèses partielles non anatomiques multiples du poumon, par thoracotomie"
GFFA022,"Lobectomie pulmonaire avec résection d'organe et/ou de structure de voisinage, par thoracotomie"
GFFA023,"Bilobectomie pulmonaire avec résection-anastomose ou réimplantation de bronche, par thoracotomie"
GFFA024,"Pneumonectomie, par thoracotomie"
GFFA025,"Pneumonectomie avec résection de la paroi thoracique, par thoracotomie"
GFFA026,"Lobectomie pulmonaire avec résection-anastomose de la bifurcation trachéale, par thoracotomie"
GFFA027,"Lobectomie pulmonaire avec résection de la paroi thoracique, par thoracotomie"
GFFA028,"Pneumonectomie avec résection-anastomose de la veine cave supérieure ou résection de l'oreillette gauche, par thoracotomie"
GFFA029,"Segmentectomie pulmonaire unique ou multiple, par thoracotomie"
GFFA030,"Lobectomie pulmonaire supérieure avec résection de côte et libération du plexus brachial, par cervicothoracotomie"
GFFA031,"Bilobectomie pulmonaire avec résection-anastomose de la veine cave supérieure ou résection de l'oreillette gauche, par thoracotomie"
GFFA032,"Résection de bulle d'emphysème avec réduction de volume pulmonaire, par thoracotomie"
GFFA033,"Lobectomie pulmonaire supérieure avec résection de côte, de vertèbre, de vaisseau subclavier, exérèse de noeud [ganglion] lymphatique cervical et libération du plexus brachial, par cervicothoracotomie"
GFFA034,"Bilobectomie pulmonaire avec résection d'organe et/ou de structure de voisinage, par thoracotomie"
GFFA035,"Exérèse de séquestration extralobaire, par thoracotomie"
GFFC001,"Lobectomie pulmonaire, par thoracoscopie"
GFFC002,"Exérèse partielle non anatomique du poumon, par thoracoscopie"
GFFC003,"Exérèse de séquestration extralobaire, par thoracoscopie"
GFFC004,"Exérèse de kyste bronchogénique, par thoracoscopie"
GFFC005,"Résection de bulle pulmonaire avec abrasion ou exérèse de la plèvre pariétale, par thoracoscopie"
GFFC006,"Résection de bulle pulmonaire, par thoracoscopie"
GFQL001,Tomoscintigraphie pulmonaire de ventilation
GFQL002,Tomoscintigraphie pulmonaire de ventilation et de perfusion
GFQL004,Scintigraphie pulmonaire de ventilation
GFQL005,Tomoscintigraphie pulmonaire de perfusion
GFQL006,Scintigraphie pulmonaire de ventilation et de perfusion
GFQL007,Scintigraphie pulmonaire de perfusion
GFQP001,Mesure de la compliance [de l'élasticité] pulmonaire
GGBA001,"Interposition ou apposition de lambeau pleural ou péricardique, au cours d'une intervention intrathoracique"
GGCA001,"Pleurostomie cutanée avec résection costale, par thoracotomie [Thoracostomie en gueule de four]"
GGFA001,"Exérèse de tumeur de la plèvre, par thoracotomie avec préparation par thoracoscopie"
GGFA003,"Exérèse de tumeur de la plèvre, par thoracotomie"
GGHB001,"Ponction d'un épanchement pleural, sans guidage"
GGHB002,"Biopsie de la plèvre, par voie transcutanée sans guidage"
GGJA001,"Évacuation de collection septique de la cavité pleurale avec débridement, par thoracotomie"
GGJA002,"Évacuation de collection de la cavité pleurale, par thoracotomie"
GGJA003,"Décaillotage de la cavité pleurale, par thoracotomie"
GGJA004,"Évacuation de collection de la cavité pleurale avec résection costale, par thoracotomie"
GGJB001,"Drainage d'un épanchement de la cavité pleurale, par voie transcutanée sans guidage"
GGJB002,"Évacuation d'un épanchement de la cavité pleurale, par voie transcutanée sans guidage"
GGJB005,"Pose de plusieurs drains thoraciques pour irrigation-lavage pleurale, par voie transcutanée"
GGJC001,"Évacuation de collection septique de la cavité pleurale avec débridement, par thoracoscopie"
GGJC002,"Évacuation d'un hémothorax, par thoracoscopie"
GGJF001,Séance d'irrigation-lavage pleurale
GGJF002,Séance de lavage pleural par un dispositif implanté
GGLB001,"Séance d'injection intrapleurale d'agent pharmacologique anticancéreux, par voie transcutanée"
GGLB002,"Injection intrapleurale d'agent pharmacologique, par voie transcutanée"
GGLB005,"Pose d'un cathéter intrapleural pour injection d'agent pharmacologique, par voie transcutanée"
GGLB006,"Pose d'un drain thoracique pour lavage pleural, par voie transcutanée"
GGLC001,"Instillation intrapleurale de substance irritante, par thoracoscopie"
GGLF001,"Administration intrapleurale d'agent pharmacologique au long cours par un dispositif implanté, par 24 heures"
GGLF002,Séance d'administration intrapleurale d'agent pharmacologique anticancéreux par un dispositif implanté
GGNA001,"Abrasion ou exérèse de la plèvre pariétale, par thoracotomie"
GGNC001,"Abrasion ou exérèse de la plèvre pariétale, par thoracoscopie"
GGPA001,"Décortication pleuropulmonaire, par thoracotomie"
GGPA002,Libération du poumon [Pneumolyse] pour symphyse pleurale
GHFA001,"Exérèse de tumeur du médiastin, par cervicotomie"
GHFA002,"Exérèse de tumeur du médiastin, par thoracotomie avec préparation par thoracoscopie"
GHFA003,"Exérèse de tumeur du médiastin avec résection d'organe et/ou de structure de voisinage, par thoracotomie"
GHFA004,"Exérèse de tumeur du médiastin, par thoracotomie"
GHJA001,"Évacuation de collection du médiastin, par cervicotomie"
GHJA002,"Évacuation de collection du médiastin, par thoracotomie"
GHQA001,"Exploration du médiastin, par cervicotomie"
GHQC001,"Exploration du médiastin, par médiastinoscopie"
GJQP001,Olfactométrie
GKLD001,Pose d'une prothèse phonatoire vélopalatine
GKQE001,Bilan phonétique de la parole avec fibroscopie du pharynx et du larynx par voie nasale
GKQP001,Analyse informatisée acoustique de la voix
GKQP002,Évaluation phoniatrique de la communication chez l'enfant malentendant
GKQP003,Analyse informatisée de la parole
GKQP004,Analyse informatisée acoustique de la phonation
GKQP005,Évaluation phoniatrique de la communication chez l'adulte malentendant
GKQP006,Analyse informatisée acoustique de la parole
GKQP007,Analyse informatisée acoustique du langage
GKQP008,Analyse informatisée de la parole et/ou de la voix par électroglottographie
GKQP009,Bilan phonétique de la parole sans rhinofibroscopie
GKQP010,"Bilan instrumental de la phonation avec enregistrement vidéoscopique et/ou photographique, et examen stroboscopique du larynx"
GKQP011,Analyse informatisée aérodynamique de la phonation
GKRP001,"Séance de rééducation de la voix, de la parole et/ou du langage, avec contrôle instrumental"
GLHF001,"Prélèvement de sang artériel avec gazométrie sanguine et mesure du pH, sans épreuve d'hyperoxie"
GLHF002,"Prélèvement de sang artériel avec gazométrie sanguine et mesure du pH, avec épreuve d'hyperoxie"
GLJF001,"Épuration extracorporelle du dioxyde de carbone [CO2] par voie veinoveineuse, par 24 heures"
GLJF002,"Épuration extracorporelle du dioxide de carbone [CO2] par voie veinoartérielle, par 24 heures"
GLKP001,Changement du revêtement interne d'un masque facial de ventilation nasale
GLLB001,"Pose d'un dispositif de mesure de la saturation jugulaire en oxygène, par voie veineuse transcutanée"
GLLD001,Oxygénothérapie hyperbare avec utilisation de ventilation mécanique
GLLD002,"Ventilation mécanique discontinue au masque facial ou par embout buccal pour kinésithérapie, par 24 heures"
GLLD003,"Ventilation spontanée au masque facial, par canule nasale ou par sonde nasopharyngée, sans aide inspiratoire, avec pression expiratoire positive [VS-PEP] [Continuous positive airway pressure] [CPAP], par 24 heures"
GLLD004,"Ventilation mécanique intratrachéale avec pression expiratoire positive [PEP] supérieure à 6 et/ou FiO2 supérieure à 60%, avec technique de décubitus ventral alterné par 24 heures"
GLLD005,"Administration de monoxyde d'azote [NO] inhalé, chez un patient ventilé"
GLLD006,"Ventilation spontanée sur sonde d'intubation trachéale au cours du sevrage d'une ventilation mécanique, par 24 heures"
GLLD007,"Ventilation mécanique à poumons séparés, par 24 heures"
GLLD008,"Ventilation mécanique intratrachéale avec pression expiratoire positive [PEP] supérieure à 6 et/ou FiO2 supérieure à 60%, par 24 heures"
GLLD009,"Ventilation par oscillations à haute fréquence, par 24 heures"
GLLD010,"Ventilation liquide, par 24 heures"
GLLD011,"Ventilation à fréquence supérieure à 80 par minute [Ventilation à haute fréquence] [VHF], par 24 heures"
GLLD012,"Ventilation mécanique continue au masque facial pour suppléance ventilatoire, par 24 heures"
GLLD013,"Ventilation spontanée sur trachéotomie au cours du sevrage d'une ventilation mécanique, par 24 heures"
GLLD015,"Ventilation mécanique intratrachéale avec pression expiratoire positive [PEP] inférieure ou égale à 6 et FiO2 inférieure ou égale à 60%, par 24 heures"
GLLF001,"Ventilation manuelle d'un nouveau-né à la naissance, au masque facial, avec administration intraveineuse d'agent pharmacologique"
GLLP001,"Oxygénothérapie avec surveillance continue de l'oxymétrie, en dehors de la ventilation mécanique, par 24 heures"
GLLP002,"Ventilation manuelle d'un nouveau-né à la naissance, au masque facial"
GLLP003,Pose d'un masque facial de ventilation nasale
GLLP004,"Ventilation barométrique ou volumétrique non invasive au masque facial pendant au moins 2 heures cumulées au cours des 12 heures, pour insuffisance respiratoire aigüe"
GLLP005,Oxygénothérapie hyperbare sans utilisation de ventilation mécanique ni d'agent pharmacologique vasoactif
GLMF001,"Adaptation des réglages d'une ventilation non effractive par mesures répétées des gaz du sang, par 24 heures"
GLMP001,"Adaptation d'une pression positive continue [PPC] ventilatoire par système de pression autoadaptable avec enregistrement de la pression au masque, par 24 heures"
GLQD001,"Mesure de la capacité de transfert pulmonaire du monoxyde de carbone [TLCO] ou d'un autre gaz en apnée ou en état stable, au cours d'une épreuve fonctionnelle respiratoire"
GLQD002,"Mesure des compliances [de l'élasticité] thoracopulmonaires avec mesure de la pression oesophagienne, avant l'âge de 3 ans"
GLQD003,"Mesure des volumes pulmonaires non mobilisables par dilution ou rinçage d'un gaz indicateur, au cours d'une épreuve fonctionnelle respiratoire"
GLQD004,Mesure de la différence alvéoloartérielle des pressions partielles en oxygène par analyse des gaz expirés et des gaz du sang
GLQD005,Mesure radio-isotopique de la perméabilité alvéolocapillaire
GLQD006,"Mesure de la pression d'occlusion à la bouche à 0,1 seconde d'inspiration [P 0,1]"
GLQD007,Mesure du volume capillaire pulmonaire par mesures de la capacité de transfert pulmonaire
GLQF001,"Réglage du débit d'oxygène par mesures répétées des gaz du sang, pour instauration ou adaptation d'une oxygénothérapie de débit défini, par 24 heures"
GLQP001,"Réglage du débit d'oxygène par surveillance transcutanée de la saturation en oxygène, pour instauration ou adaptation d'une oxygénothérapie de débit défini chez l'enfant, par 24 heures"
GLQP002,"Mesure de la capacité vitale lente et de l'expiration forcée, avec mesure des volumes pulmonaires mobilisables et non mobilisables par pléthysmographie"
GLQP003,Mesure de l'expiration forcée [Courbe débit-volume] avec enregistrement
GLQP004,"Surveillance continue transcutanée de la pression partielle sanguine en oxygène [PO2] et/ou en dioxyde de carbone [PCO2] chez le nouveau-né, par 24 heures"
GLQP005,"Enregistrement continu de la saturation sanguine en oxygène par mesure transcutanée [SpO2] [Oxymétrie de pouls], pendant au moins 6 heures"
GLQP006,Mesure de la réponse au dioxyde de carbone [CO2] par établissement d'une courbe réponse ventilatoire/concentration de CO2
GLQP007,Polygraphie respiratoire nocturne
GLQP008,"Mesure de la capacité vitale lente et de l'expiration forcée, avec gazométrie sanguine artérielle [Spirométrie standard avec gaz du sang]"
GLQP009,Mesure de la capacité vitale et du volume courant par pléthysmographie d'inductance
GLQP010,Mesure transcutanée de la tension partielle d'oxygène [TcPO2] en hyperhémie
GLQP011,Mesure des volumes pulmonaires mobilisables et non mobilisables par pléthysmographie
GLQP012,"Mesure de la capacité vitale lente et de l'expiration forcée, avec enregistrement [Spirométrie standard]"
GLQP013,Mesure transcutanée de la tension partielle en oxygène [TcPO2] au repos
GLQP014,Mesure du débit expiratoire maximal par technique de compression
GLQP015,"Surveillance continue de la saturation jugulaire en oxygène par dispositif intraveineux, par 24 heures"
GLQP016,Mesure des résistances des voies aériennes ou de l'appareil respiratoire par interruption des débits ou des oscillations forcées
GLRP001,"Séance de réentraînement à l'exercice d'un enfant asthmatique, sur machine"
GLRP002,"Séance de réentraînement à l'exercice d'un insuffisant respiratoire chronique, sur machine"
GLRP003,"Épreuve d'effort sur tapis roulant ou bicyclette ergométrique, avec mesure des gaz du sang [Épreuve d'effort simplifiée] [Gazométrie à l'effort]"
GLRP004,"Épreuve d'effort sur tapis roulant ou bicyclette ergométrique, avec mesure des gaz du sang et du débit d'oxygène consommé [VO2], et surveillance électrocardioscopique discontinue"
HAAA001,Approfondissement du vestibule oral [sillon gingivojugal] par section mucopériostée avec greffe cutanée ou muqueuse
HAAA002,Approfondissement du vestibule oral [sillon gingivojugal] par section mucopériostée
HAAA003,Approfondissement du plancher de la bouche par section musculaire
HABA001,"Cerclage des lèvres par greffe tendineuse ou aponévrotique et/ou suspension de la commissure labiale, pour traitement palliatif de la paralysie faciale"
HACA001,Adhésion labiale pour fente labio-maxillo-palatine unilatérale
HACA002,Adhésion labiale pour fente labio-maxillo-palatine bilatérale
HADA001,Labioglossopexie
HADA002,Hyomandibulopexie
HAFA001,"Glossectomie partielle de base, par cervicotomie"
HAFA002,"Pelvi-glosso-mandibulectomie non interruptrice, par abord intrabuccal"
HAFA003,"Glossectomie totale de langue mobile, par abord cervicofacial"
HAFA004,"Pelvimandibulectomie interruptrice, par abord cervicofacial"
HAFA005,"Exérèse partielle de la base de la langue et/ou du sillon amygdaloglosse, par abord intrabuccal"
HAFA006,"Pelviglossectomie de langue mobile, par abord intrabuccal"
HAFA007,"Pelvectomie orale partielle, par abord intrabuccal"
HAFA008,Exérèse non transfixiante de lésion de lèvre
HAFA009,"Exérèse de kyste du plancher de la bouche, par abord intrabuccal et par abord facial"
HAFA010,Uvulectomie
HAFA011,Exérèse de kyste de lèvre
HAFA012,Glossectomie totale de base
HAFA013,"Glossectomie totale de langue mobile, par abord intrabuccal"
HAFA014,Vermillonectomie avec reconstruction de lèvre par lambeau muqueux rétrolabial
HAFA015,"Exérèse de lésion de la muqueuse de la bouche ou de l'oropharynx de moins de 2 cm de grand axe, par abord intrabuccal"
HAFA016,Glossectomie totale avec pharyngolaryngectomie totale
HAFA017,"Pelvi-glosso-mandibulectomie interruptrice, par abord cervicofacial"
HAFA018,Uvulovélectomie avec palatectomie partielle
HAFA019,"Exérèse de lésion de la muqueuse de la bouche ou de l'oropharynx de plus de 4 cm de grand axe, par abord intrabuccal"
HAFA020,"Exérèse transfixiante de lésion de lèvre, ou exérèse d'une commissure labiale"
HAFA021,"Exérèse non transfixiante de lésion infiltrante de la joue, par abord intrabuccal"
HAFA022,"Exérèse transfixiante de lésion de la joue, par abord facial"
HAFA023,"Glossectomie partielle de langue mobile, par abord intrabuccal"
HAFA024,"Pelvimandibulectomie non interruptrice, par abord cervicofacial"
HAFA025,Uvulovélectomie
HAFA026,"Pelvi-glosso-mandibulectomie non interruptrice, par abord cervicofacial"
HAFA027,"Pelviglossectomie de langue mobile, par abord cervicofacial"
HAFA028,Résection de cicatrice de lèvre
HAFA029,Glossectomie totale de base de langue et de langue mobile
HAFA030,"Résection de lèvre, pour traitement palliatif de la paralysie faciale"
HAFA031,Exérèse d'une lèvre débordant sur une ou plusieurs unités adjacentes
HAFA032,"Exérèse de lésion de la muqueuse de la bouche ou de l'oropharynx de 2 cm à 4 cm de grand axe, par abord intrabuccal"
HAFA033,"Pelvimandibulectomie non interruptrice, par abord intrabuccal"
HAFA034,"Exérèse de kyste du plancher de la bouche, par abord intrabuccal"
HAHA001,"Biopsie de la cavité orale et/ou de l'oropharynx, sans coloration vitale"
HAHA002,Biopsie de lèvre
HAHB001,"Biopsie de la cavité orale et/ou de l'oropharynx, avec guidage par des colorations vitales"
HAHD001,Frottis et/ou prélèvement intrabuccal
HAJA002,"Évacuation de collection pelvilinguale, par abord intrabuccal"
HAJA003,Parage et/ou suture de plaie cutanée non transfixiante de lèvre
HAJA006,Parage et/ou suture de plaie transfixiante de lèvre
HAJD001,Parage et/ou suture d'une plaie muqueuse intrabuccale
HAJD002,Parage et/ou suture de plaies muqueuses intrabuccales multiples
HAJD003,"Pansement intrabuccal sous anesthésie générale, dans les suites d'un acte sur la cavité orale"
HAJD004,Évacuation de collection de la base de la langue
HAJD005,Parage et/ou suture de plaie du voile du palais
HAJD006,Parage et/ou suture de plaie de la langue
HALD001,Pose de dispositif intrabuccal d'expansion labiojugale
HALD002,Pose d'un appareillage antiautomorsure
HALD003,Pose d'une plaque palatine active [orthopédique] pour fente orofaciale
HALD004,Pose d'une plaque palatine non active [passive] pour fente orofaciale ou division palatine
HALD005,Pose d'une prothèse intrabuccale pour perte de substance du palais dur et du palais mou
HAMA001,Glossoplastie de réduction
HAMA002,Réparation de perte de substance de lèvre par lambeau bilatéral de lèvre ou de joue
HAMA003,Réparation de perte de substance du vermillon labial par lambeau muqueux hétérolabial [lambeau en rideau]
HAMA004,Réparation de perte de substance du vermillon labial par lambeau de langue
HAMA005,Réparation de perte de substance de lèvre par lambeau libre
HAMA006,Correction primaire unilatérale complète d'une fente labioalvéolaire ou labiomaxillaire
HAMA007,"Reconstruction du philtrum par lambeau hétérolabial, pour séquelle d'une fente orofaciale"
HAMA008,Réparation de perte de substance du vermillon labial par lambeau muqueux rétrolabial ou avancement du vermillon restant
HAMA009,Véloplastie d'allongement avec lambeau palatin
HAMA010,Réparation de perte de substance de la lèvre inférieure par lambeau de glissement ou de rotation mentonnier
HAMA011,Réparation de perte de substance de lèvre par lambeau cutané deltopectoral
HAMA012,Plastie cutanéomuqueuse de symétrisation labiale pour séquelle d'une fente labio-maxillo-palatine
HAMA014,Réparation de perte de substance de lèvre par lambeau musculocutané pédiculé
HAMA015,"Réanimation de la commissure labiale par transfert musculaire pédiculé, pour traitement palliatif de la paralysie faciale"
HAMA016,Réparation de perte de substance de lèvre par lambeau hétérolabial
HAMA017,Correction primaire bilatérale complète d'une fente labioalvéolaire ou labiomaxillaire
HAMA018,Réparation de perte de substance de lèvre par lambeau hétérolabial et lambeau bilatéral de lèvre et/ou de joue
HAMA020,Réparation de perte de substance de lèvre par lambeau de front et/ou de cuir chevelu
HAMA021,Réparation de perte de substance de lèvre par lambeau hétérolabial et lambeau unilatéral de lèvre et/ou de joue
HAMA022,Véloplastie secondaire intravélaire
HAMA023,Réparation de perte de substance de lèvre par lambeau nasogénien unilatéral et lambeau controlatéral de lèvre et/ou de joue
HAMA024,Correction de séquelle labionarinaire d'une fente labio-maxillo-palatine unilatérale
HAMA025,Correction de séquelle labionarinaire d'une fente labio-maxillo-palatine bilatérale
HAMA026,Pelviglossoplastie
HAMA027,Réparation de perte de substance de lèvre par lambeau cutané local
HAMA028,Correction de rétraction de lèvre par autoplastie locale
HAMA029,Réparation de perte de substance de lèvre par lambeau unilatéral de lèvre ou de joue
HAMA030,Commissuroplastie labiale
HAMB001,Réfection de l'aspect du vermillon labial par dermopigmentation
HAND001,"Destruction de lésion de la muqueuse de la bouche ou de l'oropharynx de 2 cm à 4 cm de grand axe, par voie buccale sans laser"
HAND002,"Destruction de lésion de la muqueuse de la bouche ou de l'oropharynx de moins de 2 cm de grand axe, par voie buccale sans laser"
HAND003,"Destruction de lésion de la muqueuse de la bouche ou de l'oropharynx de plus de 4 cm de grand axe, par voie buccale sans laser"
HAND004,"Destruction de lésion de la muqueuse de la bouche ou de l'oropharynx de moins de 2 cm de grand axe, par voie buccale avec laser"
HAND005,"Destruction de lésion de la muqueuse de la bouche ou de l'oropharynx de plus de 4 cm de grand axe, par voie buccale avec laser"
HAND006,"Destruction de lésion de la muqueuse de la bouche ou de l'oropharynx de 2 cm à 4 cm de grand axe, par voie buccale avec laser"
HANP001,Destruction de lésion du vermillon labial avec laser CO2
HANP002,Abrasion de la muqueuse des lèvres et de la peau péribuccale avec laser
HAPA001,Section de bride muqueuse ou de frein intrabuccal avec plastie par lambeau local
HAPA002,Section du pédicule [Sevrage] d'un lambeau hétérolabial ou d'un lambeau de langue
HAPA003,Libération musculaire et muqueuse d'une ankyloglossie
HAPA004,Marsupialisation d'un kyste du plancher de la bouche
HAPD001,Section de bride muqueuse ou de frein intrabuccal
HAQP001,"Exploration du flux aérien bucco-naso-pharyngé par débitmétrie, pour étude de la fonction vélopalatine"
HASA001,"Fermeture labiale primaire unilatérale d'une fente labio-alvéolo-maxillaire, avec correction complète de la déformation nasale [Chéilorhinoplastie unilatérale pour fente labio-alvéolo-maxillaire]"
HASA002,Fermeture d'une fistule bucconasale séquellaire d'une fente orofaciale par plastie locale
HASA003,Fermeture d'une fistule bucconasale séquellaire d'une fente orofaciale par plastie locorégionale ou lambeau de langue
HASA004,"Fermeture bilatérale de la lèvre et du palais osseux d'une fente labio-maxillo-palatine, en un temps [Chéilo-rhino-uranoplastie bilatérale pour fente orofaciale]"
HASA005,Fermeture d'une fente labiale inférieure médiane
HASA006,"Fermeture labiale primaire bilatérale d'une fente labio-alvéolo-maxillaire, sans correction complète de la déformation nasale [Chéiloplastie bilatérale pour fente labio-alvéolo-maxillaire]"
HASA007,"Fermeture unilatérale complète d'une fente labio-maxillo-palatine, en un temps [Chéilo-rhino-urano-staphylorraphie unilatérale pour fente orofaciale]"
HASA008,"Fermeture primaire bilatérale d'une fente labiale sans fente osseuse alvéolomaxillaire, sans réparation complète de la déformation nasale [Chéiloplastie primaire bilatérale pour fente labiale]"
HASA009,"Fermeture d'une communication buccosinusienne et/ou bucconasale par lambeau de muscle temporal, par abord intrabuccal et par abord facial"
HASA010,"Fermeture bilatérale complète d'une fente labio-maxillo-palatine, en un temps [Chéilo-rhino-urano-staphylorraphie bilatérale pour fente orofaciale]"
HASA011,"Fermeture d'une macrostomie congénitale de 3 cm ou plus, avec reconstruction de la commissure labiale"
HASA012,Fermeture d'orostome ou de pharyngostome
HASA013,"Fermeture d'une communication buccosinusienne et/ou bucconasale par lambeau palatin, par abord intrabuccal"
HASA014,"Fermeture primaire bilatérale d'une fente labiale sans fente osseuse alvéolomaxillaire, avec réparation complète de la déformation nasale [Chéilorhinoplastie primaire bilatérale pour fente labiale]"
HASA015,"Fermeture primaire unilatérale d'une fente labiale sans fente osseuse alvéolomaxillaire, sans réparation complète de la déformation nasale [Chéiloplastie primaire unilatérale pour fente labiale]"
HASA016,"Fermeture bilatérale de la lèvre et du voile du palais d'une fente labio-maxillo-palatine, en un temps [Chéilorhinoplastie bilatérale avec staphylorraphie pour fente orofaciale]"
HASA017,"Fermeture unilatérale de la lèvre et du palais osseux d'une fente labio-maxillo-palatine, en un temps [Chéilo-rhino-uranoplastie unilatérale pour fente orofaciale]"
HASA018,"Fermeture d'une communication buccosinusienne par lambeau de glissement vestibulojugal, par abord intrabuccal"
HASA019,"Fermeture labiale primaire unilatérale d'une fente labio-alvéolo-maxillaire, sans correction complète de la déformation nasale [Chéiloplastie unilatérale pour fente labio-alvéolo-maxillaire]"
HASA020,"Fermeture labiale primaire bilatérale d'une fente labio-alvéolo-maxillaire, avec correction complète de la déformation nasale [Chéilorhinoplastie bilatérale pour fente labio-alvéolo-maxillaire]"
HASA021,Fermeture d'une fente labiale supérieure médiane
HASA022,"Fermeture unilatérale de la lèvre et du voile du palais d'une fente labio-maxillo-palatine, en un temps [Chéilorhinoplastie unilatérale avec staphylorraphie pour fente orofaciale]"
HASA023,"Fermeture primaire unilatérale d'une fente labiale sans fente osseuse alvéolomaxillaire, avec réparation complète de la déformation nasale [Chéilorhinoplastie primaire unilatérale pour fente labiale]"
HASA024,"Fermeture d'une macrostomie congénitale de moins de 3 cm, avec reconstruction de la commissure labiale"
HASA025,"Fermeture d'une communication buccosinusienne par lambeau de transposition du corps adipeux de la joue, par abord intrabuccal"
HASD001,"Fermeture secondaire bilatérale d'une fente alvéolaire par gingivopériostoplastie ou lambeau muqueux, avec autogreffe osseuse"
HASD002,Fermeture secondaire unilatérale d'une fente alvéolaire par gingivopériostoplastie ou lambeau muqueux
HASD003,Hémostase secondaire à une électrocoagulation intrabuccale
HASD004,Fermeture secondaire bilatérale d'une fente alvéolaire par gingivopériostoplastie ou lambeau muqueux
HASD005,"Fermeture secondaire unilatérale d'une fente alvéolaire par gingivopériostoplastie ou lambeau muqueux, avec autogreffe osseuse"
HASD006,Fermeture primaire d'une fente du palais osseux [Uranoplastie pour fente orofaciale]
HASD007,Fermeture primaire d'une fente palatovélaire [Uranostaphylorraphie pour fente orofaciale]
HASD008,Fermeture primaire d'une fente vélaire [Staphylorraphie pour fente orofaciale]
HBAD001,Allongement coronaire par gingivectomie sur une dent
HBBA001,"Obturation d'une résorption radiculaire dentaire externe, par abord parodontal"
HBBD001,Obturation radiculaire d'une prémolaire autre que la première prémolaire maxillaire après apexification
HBBD002,Obturation radiculaire d'une molaire après apexification
HBBD003,Obturation radiculaire d'une incisive ou d'une canine après apexification
HBBD004,"Comblement [Scellement] prophylactique des puits, sillons et fissures sur 4 dents"
HBBD005,"Comblement [Scellement] prophylactique des puits, sillons et fissures sur 1 dent"
HBBD006,"Comblement [Scellement] prophylactique des puits, sillons et fissures sur 2 dents"
HBDD001,"Contention d'une arcade dentaire par dispositif fixe, après traitement orthodontique"
HBDD002,"Contention d'une arcade dentaire par dispositif amovible, après traitement orthodontique"
HBDD003,Contention peropératoire d'une arcade dentaire par moyen autre qu'un arc vestibulaire continu
HBDD007,Contention peropératoire des arcades dentaires par moyen autre qu'un arc vestibulaire continu
HBDD008,Contention peropératoire des arcades dentaires par arc vestibulaire continu
HBDD009,"Contention des arcades dentaires par dispositif amovible, après traitement orthodontique"
HBDD010,"Contention des arcades dentaires par dispositif fixe, après traitement orthodontique"
HBDD011,"Contention des arcades dentaires par dispositif amovible bimaxillaire monobloc [tooth positioner], après traitement orthodontique"
HBDD012,Contention peropératoire d'une arcade dentaire par un arc vestibulaire continu
HBDD013,"Contention des arcades dentaires par dispositif fixe sur l'une et dispositif amovible sur l'autre, après traitement orthodontique"
HBDD014,"Contention peropératoire des arcades dentaires par un arc vestibulaire continu sur l'une, par autre moyen sur l'autre"
HBDD015,"Comblement [Scellement] prophylactique des puits, sillons et fissures sur 3 dents"
HBDD016,Recollage d'une prothèse dentaire fixée unitaire ou plurale sur un support d'ancrage
HBED001,Réimplantation d'1 dent permanente expulsée
HBED002,"Réduction d'une malocclusion et/ou d'une malposition alvéolodentaire par dispositif fixe multiattache total sur 2 arcades, avec adjonction d'un dispositif associé"
HBED003,Réimplantation de 2 dents permanentes expulsées
HBED004,"Greffe épithélioconjonctive, conjonctive de surface ou conjonctive enfouie pour perte de substance de la gencive sur un sextant édenté, avant pose de prothèse"
HBED005,"Autogreffe d'une dent sur arcade, dans un site naturel ou préparé chirurgicalement"
HBED006,"Greffe épithélioconjonctive, conjonctive de surface ou conjonctive enfouie pour perte de substance de la gencive sur un secteur édenté de 1 à 3 dents, avant pose de prothèse"
HBED007,"Réduction d'une malocclusion et/ou d'une malposition alvéolodentaire par dispositif fixe multiattache total sur 2 arcades, avec adjonction de 3 dispositifs associés"
HBED008,Réduction d'une malocclusion et/ou d'une malposition alvéolodentaire par dispositif fixe bibague sur 2 arcades
HBED009,Réduction de fracture alvéolaire en denture permanente
HBED010,Réduction d'une malocclusion et/ou d'une malposition alvéolodentaire par dispositif fixe bibague sur 1 arcade
HBED011,Réduction de luxation d'une dent
HBED012,"Réduction d'une malocclusion et/ou d'une malposition alvéolodentaire par dispositif fixe multiattache total sur 1 arcade, sans adjonction de dispositif associé"
HBED013,"Réduction d'une malocclusion et/ou d'une malposition alvéolodentaire par dispositif fixe multiattache total sur 1 arcade, avec adjonction de dispositif associé"
HBED014,"Réduction d'une malocclusion et/ou d'une malposition alvéolodentaire par dispositif fixe multiattache total sur 2 arcades, sans adjonction de dispositif associé"
HBED015,Réduction de fracture alvéolaire en denture mixte ou incomplète
HBED016,Réduction de luxation de plusieurs dents
HBED017,Réduction d'une malocclusion et/ou d'une malposition alvéolodentaire par un dispositif amovible sur 1 arcade
HBED018,"Réduction d'une malocclusion et/ou d'une malposition alvéolodentaire par dispositif fixe multiattache total sur 2 arcades, avec adjonction de 2 dispositifs associés"
HBED019,Réduction d'une malocclusion et/ou d'une malposition alvéolodentaire par un dispositif amovible sur 2 arcades
HBED020,Réduction d'une malocclusion et/ou d'une malposition alvéolodentaire par dispositif fixe multiattache sectoriel
HBED021,"Réimplantation de 3 dents permanentes expulsées, ou plus"
HBED022,"Autogreffe d'un germe ou d'une dent retenue, dans un site naturel ou préparé chirurgicalement"
HBFA001,"Résection osseuse de l'arcade alvéolaire pour allongement coronaire, sur une à trois dents"
HBFA002,"Résection osseuse de l'arcade alvéolaire pour allongement coronaire, sur un sextant"
HBFD001,Exérèse du contenu canalaire non vivant d'une incisive ou d'une canine permanente
HBFD002,"Gingivectomie préprothétique à biseau externe ou interne sur 1 à 3 dents, avec remodelage osseux"
HBFD003,Exérèse du contenu canalaire non vivant d'une prémolaire autre que la première prémolaire maxillaire
HBFD006,Exérèse de la pulpe camérale [Biopulpotomie] d'une dent temporaire
HBFD008,Exérèse de la pulpe vivante d'une molaire permanente
HBFD010,Parage de plaie de la pulpe d'une dent avec coiffage direct
HBFD011,Exérèse du contenu canalaire non vivant d'une dent permanente immature
HBFD014,Amputation et/ou séparation radiculaire ou coronoradiculaire d'une dent
HBFD015,Exérèse du contenu canalaire non vivant d'une incisive ou d'une canine temporaire
HBFD017,Exérèse de la pulpe vivante d'une incisive ou d'une canine temporaire
HBFD019,Exérèse de la pulpe vivante d'une molaire temporaire
HBFD020,"Gingivectomie préprothétique à biseau externe ou interne sur 1 à 3 dents, sans remodelage osseux"
HBFD021,Exérèse de la pulpe vivante d'une première prémolaire maxillaire
HBFD024,Exérèse du contenu canalaire non vivant d'une molaire permanente
HBFD026,Exérèse d'hypertrophie gingivale ou de crête flottante parcellaire
HBFD028,Gingivectomie ou gingivoplastie à biseau externe ou interne sur un sextant denté
HBFD031,Exérèse d'hypertrophie gingivale ou de crête flottante sur une arcade maxillaire ou mandibulaire complète
HBFD032,Exérèse partielle de la pulpe vivante d'une dent permanente immature pour apexogénèse
HBFD033,Exérèse de la pulpe vivante d'une incisive ou d'une canine permanente
HBFD035,Exérèse de la pulpe vivante d'une prémolaire autre que la première prémolaire maxillaire
HBGD001,Désobturation endodontique d'une prémolaire autre que la première prémolaire maxillaire
HBGD002,"Avulsion de 2 dents ankylosées sur arcade, avec section coronoradiculaire et séparation des racines"
HBGD003,Avulsion d'1 odontoïde inclus ou d'1 dent surnuméraire à l'état de germe
HBGD004,Avulsion d'1 troisième molaire mandibulaire retenue ou à l'état de germe
HBGD005,Ablation d'un ancrage coronoradiculaire
HBGD006,Éviction gingivale pour une nouvelle attache parodontale [ENAP] sur un sextant
HBGD007,"Avulsion de 11 à 14 dents sur arcade, en un temps"
HBGD008,"Avulsion de 3 à 5 dents sur arcade, en un temps"
HBGD009,Ablation  d'une prothèse dentaire implantoportée
HBGD010,"Avulsion de 6 à 10 dents sur arcade, en un temps"
HBGD011,Ablation  d'un bloc métallique coulé ou d'une prothèse dentaire à tenon radiculaire scellé
HBGD012,Ablation de corps étranger  d'un canal radiculaire d'une dent
HBGD013,Curetage sousgingival avec surfaçage radiculaire sur un sextant
HBGD014,Avulsion d'1 canine permanente retenue ou à l'état de germe
HBGD015,Avulsion de 2 canines permanentes  retenues ou à l'état de germe
HBGD016,Avulsion d'1 racine incluse
HBGD017,Avulsion d'1 dent ectopique
HBGD018,Avulsion d'1 troisième molaire maxillaire retenue ou à l'état de germe
HBGD019,Curetage d'alvéole dentaire
HBGD020,Curetage périapical avec résection de l'apex et obturation radiculaire rétrograde d'une prémolaire
HBGD021,Avulsion de 3 troisièmes molaires retenues ou à l'état de germe
HBGD022,Avulsion d'1 dent permanente sur arcade avec alvéolectomie
HBGD023,Curetage périapical avec résection de l'apex et obturation radiculaire rétrograde d'une incisive oud'une canine
HBGD024,Curetage périapical avec résection de l'apex d'une racine dentaire endodontiquement traitée
HBGD025,Avulsion de 2 troisièmes molaires retenues ou à l'état de germe
HBGD026,"Avulsion de 2 dents temporaires retenues, incluses ou réincluses"
HBGD027,Ablation  d'une prothèse dentaire scellée unitaire
HBGD028,Avulsion d'1 incisive permanente retenue ou à l'état de germe
HBGD029,"Avulsion de 15 à 20 dents sur arcade, en un temps"
HBGD030,Désobturation endodontique d'une incisive ou d'une canine
HBGD031,Avulsion d'1 dent permanente sur arcade avec séparation des racines
HBGD032,Avulsion de 2 dents permanentes sur arcade avec séparation des racines
HBGD033,Désobturation endodontique d'une molaire
HBGD034,Avulsion de 2 dents permanentes sur arcade avec alvéolectomie
HBGD035,Avulsion d'1 dent temporaire sur arcade
HBGD036,Avulsion d'1 dent permanente sur arcade sans alvéolectomie
HBGD037,Avulsion de 2 dents temporaires sur arcade
HBGD038,Avulsion de 4 troisièmes molaires retenues ou à l'état de germe
HBGD039,"Avulsion d'1 dent ankylosée sur arcade, avec section coronoradiculaire et séparation des racines"
HBGD040,Avulsion de plusieurs dents surnuméraires à l'état de germe ou de plusieurs odontoïdes
HBGD041,Ablation d'une membrane de régénération tissulaire parodontal
HBGD042,"Avulsion d'1 dent temporaire retenue, incluse ou réincluse"
HBGD043,Avulsion de 2 dents permanentes sur arcade sans alvéolectomie
HBGD044,Avulsion d'1 dent à couronne sousmuqueuse ou en désinclusion muqueuse
HBGD045,"Avulsion de 21 dents sur arcade ou plus, en un temps"
HBGD046,Curetage périapical avec résection de l'apex et obturation radiculaire rétrograde d'une molaire
HBGD047,Avulsion d'1 première ou d'1 deuxième molaire permanente retenue ou à l'état de germe
HBJA001,Assainissement parodontal par lambeau d'accès avec ostéoplastie sur un sextant
HBJA002,Assainissement parodontal par lambeau d'accès sans ostéoplastie sur un sextant
HBJD001,Détartrage et polissage des dents
HBJD002,Séance d'irrigation sousgingivale d'agents antibactériens
HBJD003,Détartrage et polissage des dents sur 1 arcade
HBJD004,Évacuation d'abcès parodontal
HBKD005,Changement de dispositif d'attachement d'une prothèse dentaire amovible supra implantaire
HBLD001,Pose d'un arc de maintien d'espace interdentaire sans dent prothétique
HBLD002,Pose d'un mainteneur d'espace interdentaire amovible passif
HBLD003,Pose d'un arc de maintien d'espace interdentaire avec dent prothétique
HBLD004,Application topique intrabuccale de fluorures
HBLD005,Pose d'infrastructure coronaire sur 5 implants ou plus
HBLD006,Pose d'un mainteneur d'espace interdentaire unitaire scellé
HBLD007,Pose d'une infrastructure coronoradiculaire sans clavette sur une dent [Inlay core]
HBLD008,Pose d'un attachement coronoradiculaire sur une dent
HBLD009,Application d'un topique pour hypersensibilité dentinaire
HBLD010,Application dentaire d’un vernis antibactérien ou d'un vernis de reminéralisation
HBLD011,Pose d’un dispositif de contention extracoronaire par attelle composite collée sur une arcade dentaire
HBLD012,Pose d'une infrastructure coronaire sur 1 implant
HBLD013,Pose d'infrastructure coronaire sur 4 implants
HBLD014,Pose d’un dispositif de contention intracoronaire par fil continu ou cavaliers sur une arcade dentaire
HBLD015,Pose d'une coiffe de recouvrement d'une racine dentaire [Coping]
HBLD016,Pose d’un dispositif de contention extracoronaire par attelle métallique coulée et collée sur une arcade dentaire
HBLD017,Pose d'infrastructure coronaire sur 2 implants
HBLD018,Pose d'un plan de libération occlusale
HBLD019,Pose d'un plan de guidage des mouvements antéropostérieurs mandibulaires
HBLD020,Pose d'un appareil de posture mandibulaire [cale]
HBLD021,Pose d'infrastructure coronaire sur 3 implants
HBLD022,"Pose d'une prothèse amovible de transition à plaque base résine, comportant 9 à 13 dents"
HBLD023,Pose d'une prothèse plurale [bridge] comportant 2 piliers d'ancrage céramométalliques ou en équivalents minéraux et 1 élément intermédiaire céramométallique ou en équivalents minéraux
HBLD024,"Pose d'une prothèse amovible définitive à plaque base résine, comportant 9 à 13 dents"
HBLD025,"Pose d'une prothèse amovible de transition à plaque base résine, comportant 5 à 8 dents"
HBLD026,"Pose d'une prothèse amovible définitive à châssis métallique, comportant 1 à 4 dents"
HBLD027,"Pose d'une prothèse amovible définitive à châssis métallique, comportant 5 à 8 dents"
HBLD028,"Pose d'une prothèse amovible de transition à plaque base résine, comportant 1 à 4 dents"
HBLD029,"Pose d'une prothèse amovible définitive à châssis métallique, comportant 9 à 13 dents"
HBLD030,Pose d'une prothèse dentaire complète transvissée implantoportée
HBLD031,Pose d'une prothèse amovible définitive complète unimaxillaire à plaque base résine
HBLD032,Pose d'une prothèse amovible de transition complète unimaxillaire à plaque base résine
HBLD033,Pose d'une prothèse plurale [bridge] comportant 2 piliers d'ancrage métalliques et 1 élément intermédiaire métallique
HBLD034,Pose d'une prothèse dentaire plurale transitoire [bridge transitoire]
HBLD035,Pose d'une prothèse amovible définitive complète bimaxillaire à plaque base résine
HBLD036,Pose d'une couronne dentaire dentoportée céramométallique ou en équivalents minéraux
HBLD037,Pose d'une couronne dentaire transitoire
HBLD038,Pose d'une couronne dentaire dentoportée en alliage non précieux
HBLD039,"Pose d'une prothèse amovible de 3 à 10 dents en denture temporaire, mixte ou permanente incomplète"
HBLD040,"Pose d'une prothèse plurale [bridge] comportant 1 pilier d'ancrage métallique, 1 pilier d'ancrage céramométallique et 1 élément intermédiaire métallique"
HBLD041,"Pose d'une prothèse amovible définitive à plaque base résine, comportant 5 à 8 dents"
HBLD042,"Pose d'une prothèse amovible définitive à plaque base résine, comportant 1 à 4 dents"
HBLD043,"Pose d'une prothèse plurale [bridge] comportant 1 pilier d'ancrage métallique, 1 pilier d'ancrage céramométallique et 1 élément intermédiaire céramométallique"
HBLP001,Pose d'une plaque base résine pour guide chirurgical préimplantaire dentaire
HBMA001,"Plastie mucogingivale par lambeau déplacé latéralement, coronairement ou apicalement"
HBMA002,"Rétablissement de l'espace interdentaire par lambeau positionné apicalement, sur un sextant"
HBMA003,Ostéoplastie d'une alvéole dentaire avec comblement par autogreffe osseuse
HBMA004,Régénération parodontale
HBMA005,"Rétablissement de l'espace interdentaire par lambeau positionné apicalement, sur 1 à 3 dents"
HBMD001,Eclaircissement de dent dépulpée
HBMD002,"Réparation d'une fracture de châssis métallique de prothèse dentaire amovible, avec remontage d'1 élément"
HBMD003,Séance de renouvellement de l'obturation radiculaire d'une dent permanente immature à l'hydroxyde de calcium
HBMD004,Réfection de la base d'une prothèse dentaire amovible complète
HBMD005,Eclaircissement des dents pulpées
HBMD006,Reconstitution coronaire provisoire pour acte endodontique sur dent délabrée
HBMD007,Réfection des bords et/ou de l'intrados d'une prothèse dentaire amovible partielle
HBMD008,"Réparation d'une fracture de châssis métallique de prothèse dentaire amovible, sans démontage d'éléments"
HBMD009,Rescellement et/ou recollage de 3 couronnes ou plus ou de 3 ancrages ou plus d'une prothèse dentaire fixée
HBMD010,Séance d'ajustement occlusal par coronoplastie soustractive
HBMD011,Plastie mucogingivale par greffe épithélioconjonctive ou conjonctive sur 1 à 3 dents
HBMD012,"Réparation d'une prothèse dentaire amovible en résine, fêlée ou fracturée, avec adjonction ou remplacement d'élément"
HBMD013,Ostéoplastie d'une alvéole dentaire avec comblement par biomatériau
HBMD014,Modélisation occlusale par la technique de la cire ajoutée sur une dent
HBMD015,Adjonction ou remplacement d'élément d'une prothèse dentaire amovible sur châssis métallique
HBMD016,Rescellement et/ou recollage d'une ou deux couronnes ou d'un ou deux ancrages d'une prothèse dentaire fixée
HBMD017,Adjonction ou changement d'1 élément d'une prothèse dentaire amovible
HBMD018,"Séance de préparation [mise en condition] tissulaire des surfaces d'appui muqueux d'une prothèse dentaire, sur une arcade"
HBMD019,Révision des piliers implantoportés d'une prothèse dentaire
HBMD020,"Réparation d'une prothèse dentaire amovible en résine sans renfort métallique, fêlée ou fracturée"
HBMD022,Réparation de perte de substance cervicale et/ou cervicoradiculaire d'une dent d’un secteur incisivocanin par matériau inséré en phase plastique sans ancrage radiculaire
HBMD023,Réparation de perte de substance d’une dent d’un secteur prémolomolaire sur une face par matériau inséré en phase plastique
HBMD024,Réparation de perte de substance d'une dent sur 2 faces par matériau incrusté [inlay-onlay]
HBMD025,Réparation de perte de substance d'une dent sur 3 faces au moins par matériau incrusté [inlay-onlay]
HBMD026,Réparation de perte de substance de 2 angles d'une dent d’un secteur incisivocanin par matériau inséré en phase plastique sans ancrage radiculaire
HBMD027,Réparation de perte de substance d'une dent d’un secteur incisivocanin par matériau inséré en phaseplastique avec ancrage radiculaire
HBMD028,Réparation de perte de substance cingulaire d'une dent d’un secteur incisivocanin par matériau inséré en phase plastique sans ancrage radiculaire
HBMD029,Réparation de perte de substance d'un angle d'une dent d’un secteur incisivocanin par facette collée
HBMD030,Réparation de perte de substance d’une dent d’un secteur prémolomolaire sur 2 faces par matériau inséré en phase plastique
HBMD031,Réparation de perte de substance cervicale et/ou cervicoradiculaire de 2 dents d’un secteur prémolomolaire par matériau inséré en phase plastique
HBMD032,Réparation de perte de substance d'un angle d'une dent d’un secteur incisivocanin par matériau inséré en phase plastique sans ancrage radiculaire
HBMD033,Réparation de perte de substance cervicale et/ou cervicoradiculaire d’une dent d’un secteur prémolomolaire par matériau inséré en phase plastique
HBMD034,Réparation de perte de substance proximale d'une dent d’un secteur incisivocanin par matériau inséré en phase plastique sans ancrage radiculaire
HBMD035,Réparation de perte de substance vestibulaire d'une dent d’un secteur incisivocanin par matériau inséré en phase plastique sans ancrage radiculaire
HBMD036,Réparation de perte de substance d’une dent d’un secteur prémolomolaire sur 3 faces au moins par matériau inséré en phase plastique
HBMD037,Réparation de perte de substance cervicale et/ou cervicoradiculaire de 3 dents d’un secteur prémolomolaire par matériau inséré en phase plastique
HBMP001,Transformation d'un guide radiologique préimplantaire en guide chirurgical
HBMP002,Adjonction de 2 piliers d'ancrage céramométalliques à une prothèse dentaire plurale
HBMP003,Adjonction de 5 piliers d'ancrage céramométalliques à une prothèse dentaire plurale
HBMP004,Adjonction de 4 piliers d'ancrage métalliques à une prothèse dentaire plurale
HBMP005,Adjonction de 2 piliers d'ancrage métalliques à une prothèse dentaire plurale
HBMP006,Adjonction de 3 piliers d'ancrage métalliques à une prothèse dentaire plurale
HBMP007,Adjonction de 5 éléments intermédiaires céramométalliques à une prothèse dentaire plurale
HBMP008,Adjonction de 6 piliers d'ancrage céramométalliques à une prothèse dentaire plurale
HBMP009,Adjonction de 3 éléments intermédiaires céramométalliques à une prothèse dentaire plurale
HBMP010,Adjonction de 4 éléments intermédiaires céramométalliques à une prothèse dentaire plurale
HBMP011,Adjonction d'un élément intermédiaire céramométallique à une prothèse dentaire plurale
HBMP012,Adjonction de 2 éléments intermédiaires métalliques à une prothèse dentaire plurale
HBMP013,Adjonction de 2 éléments intermédiaires céramométalliques à une prothèse dentaire plurale
HBMP014,Adjonction de 6 piliers d'ancrage métalliques à une prothèse dentaire plurale
HBMP015,Réparation de l'artifice cosmétique d'une dent prothétique par technique directe
HBMP016,Adjonction de 4 piliers d'ancrage céramométalliques à une prothèse dentaire plurale
HBMP017,Adjonction de 5 éléments intermédiaires métalliques à une prothèse dentaire plurale
HBMP018,Réparation de l'artifice cosmétique d'une dent prothétique par technique indirecte
HBMP019,Adjonction de 6 éléments intermédiaires céramométalliques à une prothèse dentaire plurale
HBMP020,Adjonction d'un pilier d'ancrage métallique à une prothèse dentaire plurale
HBMP021,Adjonction d'un élément intermédiaire métallique à une prothèse dentaire plurale
HBMP022,Adjonction de 3 piliers d'ancrage céramométalliques à une prothèse dentaire plurale
HBMP023,Adjonction de 3 éléments intermédiaires métalliques à une prothèse dentaire plurale
HBMP024,Adjonction de 5 piliers d'ancrage métalliques à une prothèse dentaire plurale
HBMP025,Adjonction de 6 éléments intermédiaires métalliques à une prothèse dentaire plurale
HBMP026,Adjonction d'un pilier d'ancrage céramométallique à une prothèse dentaire plurale
HBPA001,"Dégagement d'une dent retenue ou incluse, avec pose d'un dispositif de traction orthodontique et aménagement parodontal par greffe ou lambeau"
HBPD001,Dégagement de plusieurs dents retenues ou incluses avec pose de dispositif de traction orthodontique
HBPD002,Dégagement d'une dent retenue ou incluse avec pose d'un dispositif de traction orthodontique sans aménagement parodontal
HBQA001,"Exploration du parodonte par lambeau parodontal et débridement, sur un sextant"
HBQD001,Bilan parodontal
HBQH001,Radiographie intrabuccale rétroalvéolaire et/ou rétrocoronaire selon 9 à 11 incidences
HBQH002,Radiographie intrabuccale rétroalvéolaire et/ou rétrocoronaire selon 6 à 8 incidences
HBQH003,Radiographie intrabuccale rétroalvéolaire et/ou rétrocoronaire selon 12 incidences ou plus
HBQH004,Radiographie intrabuccale rétroalvéolaire et/ou rétrocoronaire selon 3 à 5 incidences
HBQH005,Radiographie intrabuccale rétroalvéolaire et/ou rétrocoronaire selon 1 ou 2 incidences
HBQK001,Radiographie pelvibuccale [occlusale]
HBQK002,Radiographie panoramique dentomaxillaire
HBSD001,Hémostase gingivoalvéolaire secondaire à une avulsion dentaire
HCCA001,Dérivation du conduit parotidien [de Sténon] pour suppléance lacrymale
HCCA002,Suture de plaie de conduit salivaire
HCCD001,"Dérivation oropharyngée bilatérale du conduit parotidien [de Sténon], par voie buccale"
HCEA001,Transposition unilatérale ou bilatérale des conduits submandibulaires [de Wharton]
HCFA001,"Exérèse de glande submandibulaire [Submandibulectomie] [Sousmaxillectomie] élargie à sa loge, par abord cervicofacial"
HCFA002,Parotidectomie totale avec résection du nerf facial
HCFA003,"Exérèse de glande sublinguale, par abord direct"
HCFA004,Parotidectomie partielle sans dissection du nerf facial
HCFA005,"Parotidectomie totale avec exérèse du prolongement [processus] parapharyngien, par abord cervicofacial"
HCFA006,Parotidectomie totale élargie au méat acoustique externe [conduit auditif externe] et/ou à la mandibule
HCFA007,Exérèse de petite glande salivaire [glande salivaire accessoire]
HCFA008,Parotidectomie partielle avec dissection et conservation du nerf facial
HCFA009,Parotidectomie totale avec dissection et conservation du nerf facial
HCFA010,Parotidectomie totale avec résection du nerf facial et réparation immédiate par suture ou greffe
HCFA011,"Exérèse de glande submandibulaire [Submandibulectomie] [Sousmaxillectomie], par abord cervicofacial"
HCFA012,Exérèse de récidive de tumeur de la glande parotide avec dissection et conservation du nerf facial
HCFA013,"Parotidectomie totale par abord cervicofacial, avec exérèse du prolongement [processus] parapharyngien par abord pharyngé"
HCGA001,"Ablation de calcul canalaire d'une glande salivaire, par abord intrabuccal sans guidage endoscopique"
HCGA002,"Ablation de calcul canalaire d'une glande salivaire, par abord cervicofacial sans guidage endoscopique"
HCGA003,"Ablation de calcul du bassinet de la glande submandibulaire, par abord intrabuccal sans guidage endoscopique"
HCHA001,Biopsie de glande salivaire majeure [principale]
HCHA002,Biopsie des petites glandes salivaires [glandes salivaires mineures] [glandes salivaires accessoires]
HCHB001,"Ponction ou cytoponction de glande salivaire, par voie transcutanée"
HCJA001,"Évacuation de collection salivaire, par abord direct"
HCLD001,Cathétérisme de canal salivaire sans sialographie
HCNM001,Lithotritie de glande salivaire
HCPA001,Marsupialisation de kyste de glande salivaire
HCQH001,Sialographie
HCQH002,Sialographie avec scanographie des glandes salivaires
HCQL001,Scintigraphie des glandes salivaires
HCQM001,Échographie transcutanée des glandes salivaire
HCRD001,Tests salivaires
HCSA001,Fermeture de fistule salivaire parenchymateuse ou juxtaglandulaire
HDCA001,Pharyngostomie cutanée
HDCA002,"Suture de plaie du pharynx, par cervicotomie"
HDFA001,Pharyngolaryngectomie totale circulaire avec rétablissement de continuité par transplant libre de jéjunum
HDFA002,"Oropharyngectomie latérale avec amygdalectomie, par abord intrabuccal"
HDFA003,Pharyngolaryngectomie totale étendue à la base de langue
HDFA004,"Oropharyngectomie avec mandibulectomie partielle non interruptrice, par abord direct"
HDFA005,Pharyngolaryngectomie totale
HDFA006,Pharyngolaryngectomie totale circulaire avec rétablissement de continuité par coloplastie rétrosternale
HDFA007,Oropharyngectomie par mandibulotomie avec pharyngolaryngectomie totale
HDFA008,"Oropharyngectomie latérale, par cervicotomie"
HDFA009,"Oropharyngectomie postérieure, par abord intrabuccal"
HDFA010,Pharyngolaryngectomie totale circulaire
HDFA011,"Oropharyngectomie avec mandibulectomie partielle interruptrice, par abord cervicofacial"
HDFA012,"Pharyngectomie postérieure, par cervicotomie"
HDFA013,Oropharyngectomie avec mandibulectomie partielle interruptrice et pharyngolaryngectomie totale
HDFA014,"Résection de récidive de diverticule pharyngooesophagien, par cervicotomie"
HDFA015,"Résection de diverticule pharyngooesophagien avec myotomie extramuqueuse, par cervicotomie"
HDFA016,"Pharyngectomie latérale, par cervicotomie"
HDFA017,"Oropharyngectomie postérieure, par cervicotomie"
HDFA018,"Exérèse de lésion du pharynx, par pharyngotomie"
HDFA019,Oropharyngectomie par mandibulotomie
HDFE001,"Résection et/ou dilatation de sténose du pharynx, par endoscopie avec laser"
HDFE002,"Exérèse de lésion de l'hypopharynx, par endoscopie"
HDFE003,"Résection et/ou dilatation de sténose du pharynx, par endoscopie sans laser"
HDGA001,"Ablation de corps étranger pharyngooesophagien, par cervicotomie"
HDGE001,"Ablation de corps étranger de l'oropharynx, par endoscopie rigide"
HDGE002,"Ablation de corps étranger de l'oropharynx, par laryngoscopie indirecte"
HDJA001,"Évacuation de collection péritonsillaire [périamygdalienne] et/ou rétropharyngienne, par abord intrabuccal"
HDJD001,"Évacuation de collection rétrostylienne, par voie buccale"
HDJD002,"Évacuation de collection péritonsillaire [périamygdalienne] et/ou rétropharyngienne, par voie buccale"
HDMA001,Uvulopharyngoplastie sans laser avec turbinectomie
HDMA002,Uvulopharyngoplastie avec laser
HDMA003,Plastie d'élargissement de l'hypopharynx
HDMA004,Uvulopharyngoplastie sans laser avec septoplastie
HDMA005,Uvulopharyngoplastie sans laser
HDMA006,Pharyngoplastie ou sphinctéroplastie pour correction de séquelle phonétique d'une fente palatine
HDMA007,Vélopharyngoplastie ou pharyngoplastie avec lambeau pharyngé
HDMA008,Pharyngoplastie pour sténose vélo-oro-rhino-pharyngée
HDMA009,Vélopharyngoplastie ou pharyngoplastie avec lambeau pharyngé et lambeau palatin
HDNE001,"Destruction de lésion de l'hypopharynx avec laser, par endoscopie"
HDNE002,"Destruction de lésion de l'hypopharynx sans laser, par endoscopie"
HDPA001,"Myotomie du faisceau cricopharyngien du muscle constricteur inférieur du pharynx, par cervicotomie"
HDPE001,"Myotomie du faisceau cricopharyngien du muscle constricteur inférieur du pharynx, par endoscopie avec laser"
HDPE002,"Myotomie du faisceau cricopharyngien du muscle constricteur inférieur du pharynx, par endoscopie sans laser"
HDQE001,Orohypopharyngoscopie avec laryngoscopie directe
HEAE001,"Dilatation rétrograde de l'oesophage, par endoscopie rigide"
HEAE002,"Dilatation antérograde de l'oesophage, par endoscopie rigide"
HEAE003,"Dilatation antérograde de l'oesophage, par fibroscopie"
HEAH001,"Dilatation de l'oesophage, avec guidage radiologique"
HECA001,"Suture de plaie ou de perforation de l'oesophage, par cervicotomie"
HECA002,"Suture de plaie ou de perforation de l'oesophage, par thoracotomie"
HECA003,"Exclusion bipolaire de l'oesophage, par cervicotomie et par laparotomie"
HECA004,"Suture de plaie ou de perforation de l'oesophage, par laparotomie"
HECA005,"OEsophagostomie cutanée, par cervicotomie"
HECC001,"Suture de plaie ou de perforation de l'oesophage, par thoracoscopie"
HEDA001,"Diverticulopexie de l'oesophage, par cervicotomie"
HEFA001,"OEsophagectomie avec oesophagogastroplastie, par thoracophrénotomie gauche"
HEFA002,"OEsophagectomie avec oesophagogastroplastie, par cervicotomie, thoracotomie et laparotomie"
HEFA003,"OEsophagectomie avec oesophagogastroplastie, par thoracotomie et par coelioscopie"
HEFA004,"OEsophagectomie totale avec oesophagogastroplastie, par cervicotomie et par laparotomie"
HEFA005,"OEsophagectomie avec oesophagojéjunostomie, par thoraco-phréno-laparotomie"
HEFA006,"OEsophagectomie totale avec oesophagocoloplastie, par cervicotomie et par laparotomie"
HEFA007,"OEsophagectomie avec oesophagocoloplastie, par cervicotomie, thoracotomie et laparotomie"
HEFA008,"OEsophago-pharyngo-laryngectomie totale avec oesophagogastroplastie, par cervicotomie et par laparotomie"
HEFA009,"OEsophagectomie avec oesophagocoloplastie, par thoracotomie et par laparotomie"
HEFA010,"Exérèse de duplication de l'oesophage, par thoracotomie et par laparotomie"
HEFA011,"OEsophagectomie avec oesophagojéjunostomie, par thoracotomie et par laparotomie"
HEFA012,"OEsophagectomie avec oesophagogastroplastie, par thoracotomie et par laparotomie"
HEFA013,"OEsophagectomie avec oesophagogastroplastie, par thoraco-phréno-laparotomie"
HEFA014,"Exérèse de duplication de l'oesophage, par thoracotomie"
HEFA015,"Résection de diverticule de l'oesophage, par thoracotomie"
HEFA016,"OEsophagectomie avec oesophagocoloplastie, par thoraco-phréno-laparotomie"
HEFA017,"OEsophago-pharyngo-laryngectomie totale avec oesophagocoloplastie, par cervicotomie et par laparotomie"
HEFA018,"OEsophagectomie avec oesophagogastroplastie, par cervicotomie, thoracotomie et coelioscopie"
HEFA019,"Excision de tumeur de l'oesophage sans interruption de la continuité, par thoracotomie"
HEFA020,"OEsophagectomie totale sans rétablissement de la continuité, par cervicotomie et par laparotomie"
HEFA021,"Résection-anastomose de rétrécissement congénital de l'oesophage, par thoracotomie"
HEFC001,"Résection de diverticule de l'oesophage, par thoracoscopie"
HEFC002,"Excision de tumeur de l'oesophage sans interruption de la continuité, par thoracoscopie"
HEFC003,"Exérèse de duplication de l'oesophage, par thoracoscopie"
HEFE001,"Exérèse d'un polype de 1cm et plus de diamètre ou de 4 polypes ou plus de l'oesophage, de l'estomac et/ou du duodénum, par oeso-gastro-duodénoscopie"
HEFE002,"Exérèse de 1 à 3 polypes de moins de 1cm de diamètre de l'oesophage, de l'estomac et/ou du duodénum, par oeso-gastro-duodénoscopie"
HEFE003,"Séance de mucosectomie de l'oesophage, de l'estomac ou du duodénum, par oeso-gastro-duodénoscopie"
HEGE001,"Ablation de corps étranger de l'oesophage, par endoscopie rigide"
HEGE002,"Ablation de corps étranger de l'oesophage, de l'estomac et/ou du duodénum, par oeso-gastro-duodénoscopie"
HEGE003,"Ablation d'une endoprothèse de l'oesophage, par endoscopie"
HEKE001,"Changement d'une endoprothèse de l'oesophage, par endoscopie"
HELE001,"Pose de guide intraoesophagien pour curiethérapie [endobrachythérapy], par fibroscopie"
HELE002,"Pose d'une endoprothèse de l'oesophage, par endoscopie"
HELE003,"Séance d'injection de toxine botulique au niveau du sphincter inférieur de l'oesophage, par endoscopie"
HELH001,"Pose d'une endoprothèse de l'oesophage, avec guidage radiologique"
HEMA001,"OEsophagocoloplastie rétrosternale sans oesophagectomie, avec anastomose oesophagocolique cervicale, par cervicotomie et par laparotomie"
HEMA002,"Reconstruction secondaire de l'oesophage pour atrésie avec fistule, par thoracotomie"
HEMA003,"Reconstruction de l'oesophage et fermeture de la fistule en un temps pour atrésie avec fistule, par thoracotomie"
HEMA004,"Reconstruction de l'oesophage en un temps pour atrésie sans fistule, par thoracotomie"
HEMA005,"OEsophagocoloplastie rétrosternale sans oesophagectomie, avec anastomose pharyngocolique, par cervicotomie et par laparotomie"
HEMA006,"Reconstruction de l'oesophage par lambeau libre de segment digestif, avec anastomoses vasculaires et digestives"
HEMA007,"Plastie de sténose anastomotique de l'oesophage, par cervicotomie"
HEMA008,"OEsophagogastroplastie rétrosternale sans oesophagectomie, avec anastomose oesophagogastrique cervicale, par cervicotomie et par laparotomie"
HEMA009,"OEsophagogastroplastie rétrosternale sans oesophagectomie, avec anastomose pharyngogastrique, par cervicotomie et par laparotomie"
HEMA010,"Création d'une fistule oesotrachéale avec pose d'implant phonatoire, au cours d'une pharyngolaryngectomie"
HENE001,"Séance de destruction photodynamique de lésion de l'oesophage et/ou de l'estomac avec laser, par oeso-gastro-duodénoscopie"
HENE002,"Séance de destruction de lésion de l'oesophage et/ou de l'estomac avec laser, par oeso-gastro-duodénoscopie"
HENE003,"Séance de destruction d'une hétérotopie de la muqueuse de l'oesophage inférieur, par endoscopie"
HENE004,"Séance de destruction de lésion de l'oesophage et/ou de l'estomac sans laser, par oeso-gastro-duodénoscopie"
HEPA001,"OEso-cardio-myotomie extramuqueuse sans réalisation de procédé antireflux, par thoracotomie"
HEPA002,"OEso-cardio-myotomie extramuqueuse avec réalisation de procédé antireflux, par laparotomie"
HEPA003,"OEso-cardio-myotomie extramuqueuse avec réalisation de procédé antireflux, par thoracotomie"
HEPA004,"Transsection de l'oesophage avec splénectomie et déconnexion portosystémique, par laparotomie"
HEPA005,"Transsection de l'oesophage, par thoracotomie ou par laparotomie"
HEPA006,"OEso-cardio-myotomie extramuqueuse sans réalisation de procédé antireflux, par laparotomie"
HEPA007,"Transsection de l'oesophage avec splénectomie et déconnexion portosystémique, par thoracotomie et par laparotomie"
HEPC001,"OEso-cardio-myotomie extramuqueuse sans réalisation de procédé antireflux, par thoracoscopie"
HEPC002,"OEso-cardio-myotomie extramuqueuse sans réalisation de procédé antireflux, par coelioscopie"
HEPC003,"OEso-cardio-myotomie extramuqueuse avec réalisation de procédé antireflux, par coelioscopie"
HEPC004,"OEso-cardio-myotomie extramuqueuse avec réalisation de procédé antireflux, par thoracoscopie"
HEQD001,"Manométrie oesophagienne sur 24 heures, avec mesure du pH"
HEQD002,pH-métrie oesophagienne et/ou gastrique sur 24 heures
HEQD003,Manométrie oesophagienne
HEQE001,Oesophagoscopie au tube rigide
HEQE002,Endoscopie oeso-gastro-duodénale
HEQE003,"Endoscopie oeso-gastro-duodénale avec test à l'uréase, avant l'âge de 6 ans"
HEQE004,Endoscopie oeso-gastro-duodénale peropératoire
HEQE005,"Endoscopie oeso-gastro-duodénale avec test à l'uréase, après l'âge de 6 ans"
HEQH001,Radiographie de l'oesophage avec opacification par produit de contraste [Transit oesophagien]
HEQH002,Radiographie oeso-gastro-duodénale avec opacification par produit de contraste [Transit oeso-gastro-duodénal]
HEQJ001,Échoendoscopie oesogastrique sans biopsie
HEQJ002,Échoendoscopie oesogastrique avec biopsie transoesogastrique guidée
HEQL001,Recherche radio-isotopique d'un reflux gastrooesophagien
HEQL002,Scintigraphie du transit oesophagien par substance solide ou liquide
HEQL003,Scintigraphie du transit oesophagien par substances solide et liquide
HERD001,Test de provocation douloureuse pour recherche d'une affection de l'oesophage
HESA001,"Fermeture de fistule oesotrachéale acquise, par cervicotomie"
HESA002,"Fermeture d'une fistule oesotrachéale congénitale sans atrésie de l'oesophage, par cervicotomie et par thoracotomie"
HESA003,"Fermeture d'oesophagostomie cutanée, par abord direct"
HESA004,"Fermeture de fistule oesotrachéale acquise, par cervicothoracotomie ou par thoracotomie"
HESA005,"Fermeture de fistule cutanée de l'oesophage, par cervicotomie"
HESA006,"Fermeture d'une fistule oesotrachéale congénitale sans atrésie de l'oesophage, par cervicotomie"
HESA007,"Fermeture de fistule oesotrachéale acquise avec résection de la trachée, par cervicothoracotomie ou par thoracotomie"
HESA008,"Fermeture de fistule oesotrachéale acquise avec résection-anastomose de la trachée, par cervicotomie"
HESA009,"Fermeture de la fistule oesotrachéale d'une atrésie de l'oesophage, par thoracotomie"
HESE001,"Hémostase de lésion de l'oesophage, de l'estomac et/ou du duodénum avec laser, par oeso-gastro-duodénoscopie"
HESE002,"Hémostase de lésion de l'oesophage, de l'estomac et/ou du duodénum sans laser, par oeso-gastro-duodénoscopie"
HFAD001,"Dilatation du trajet d'une gastrostomie cutanée, avec pose d'un bouton de gastrostomie"
HFAE001,"Dilatation du pylore, par oeso-gastro-duodénoscopie"
HFAH001,"Dilatation du pylore, avec guidage radiologique"
HFCA001,"Court-circuit gastrique avec anse montée en Y [Bypass gastrique en Y] pour obésité, par laparotomie"
HFCA002,"Gastrostomie cutanée, par laparotomie"
HFCA003,"Suture de plaie ou de perforation de l'estomac ou du duodénum, par laparotomie"
HFCA004,"Gastrojéjunostomie de dérivation [Gastro-entéro-anastomose sans résection gastrique], par laparotomie"
HFCB001,"Gastrostomie, par voie transcutanée avec guidage endoscopique"
HFCC001,"Suture de plaie ou de perforation de l'estomac ou du duodénum, par coelioscopie"
HFCC002,"Gastrostomie cutanée, par coelioscopie"
HFCH001,"Gastrostomie, par voie transcutanée avec guidage échographique et/ou radiologique"
HFDA001,"Gastropexie chez l'enfant, par laparotomie"
HFDA002,"Gastropexie postérieure [Cardiopexie], par laparotomie"
HFDC001,"Gastropexie chez l'enfant, par coelioscopie"
HFDC002,"Gastropexie postérieure [Cardiopexie], par coelioscopie"
HFFA001,"Gastrectomie avec court-circuit biliopancréatique ou intestinal pour obésité morbide, par laparotomie"
HFFA002,"Gastrectomie partielle inférieure avec anastomose gastroduodénale, par laparotomie"
HFFA003,"Gastrectomie partielle supérieure [polaire supérieure] avec rétablissement de la continuité, par laparotomie"
HFFA004,"Résection de duplication gastroduodénale avec dérivation du conduit biliaire commun, par laparotomie"
HFFA005,"Gastrectomie totale avec rétablissement de la continuité, par laparotomie"
HFFA006,"Gastrectomie partielle inférieure avec anastomose gastrojéjunale, par laparotomie"
HFFA007,"Résection de duplication gastroduodénale sans dérivation du conduit biliaire commun, par laparotomie"
HFFA008,"Dégastrogastrectomie partielle avec rétablissement de la continuité, par laparotomie"
HFFA009,"Résection partielle atypique de la paroi de l'estomac n'interrompant pas la continuité, par laparotomie"
HFFA010,"Résection de duplication gastrique, par laparotomie"
HFFC001,"Résection partielle atypique de la paroi de l'estomac n'interrompant pas la continuité, par coelioscopie"
HFFC002,"Gastrectomie partielle inférieure avec anastomose gastrojéjunale, par coelioscopie"
HFFC003,"Résection de duplication gastrique, par coelioscopie"
HFHD001,"Prélèvement de liquide gastrique par tubage, sans épreuve pharmacologique"
HFHD002,"Prélèvement de liquide gastrique par tubage, avec épreuve pharmacologique"
HFKD001,"Changement d'une sonde de gastrostomie, par voie externe sans guidage"
HFKE001,"Changement d'une sonde de gastrostomie ou de gastrojéjunostomie, par oeso-gastro-duodénoscopie"
HFKH001,"Changement d'une sonde de gastrostomie ou de gastrojéjunostomie, par voie externe avec guidage radiologique"
HFLE001,"Pose d'une sonde gastrique, duodénale ou jéjunale, par oeso-gastro-duodénoscopie"
HFLH001,"Pose d'une sonde gastrique, duodénale ou jéjunale, avec guidage radiologique"
HFLH002,"Pose d'une endoprothèse de l'estomac ou du duodénum, avec guidage radiologique"
HFMA001,"Confection d'une valve tubérositaire sans libération de la grande courbure gastrique, par thoracotomie"
HFMA002,"Adaptation, ablation ou changement d'anneau ajustable périgastrique, par laparotomie"
HFMA003,"Confection d'une valve tubérositaire sans libération de la grande courbure gastrique, par laparotomie"
HFMA004,"Pyloroplastie ou duodénoplastie, par laparotomie"
HFMA005,"Totalisation secondaire de gastrectomie avec rétablissement de la continuité, par laparotomie"
HFMA006,"Gastroplastie pour obésité morbide, par laparotomie"
HFMA007,"Confection d'une valve tubérositaire avec libération de la grande courbure gastrique, par thoracotomie"
HFMA008,"Confection d'une valve tubérositaire avec libération de la grande courbure gastrique, par laparotomie"
HFMC001,"Confection d'une valve tubérositaire avec libération de la grande courbure gastrique, par coelioscopie"
HFMC002,"Adaptation, ablation ou changement d'anneau ajustable périgastrique, par coelioscopie"
HFMC003,"Pyloroplastie ou duodénoplastie, par coelioscopie"
HFMC004,"Confection d'une valve tubérositaire sans libération de la grande courbure gastrique, par coelioscopie"
HFMC005,"Gastroplastie pour obésité morbide, par coelioscopie"
HFMH001,"Contrôle radiologique secondaire de position et/ou de fonctionnement d'un anneau ajustable périgastrique, avec opacification par produit de contraste"
HFPA001,"Gastrotomie à visée thérapeutique, par laparotomie"
HFPA002,"Pylorotomie extramuqueuse [Pyloromyotomie extramuqueuse], par laparotomie"
HFPA003,"Gastrotomie exploratrice, par laparotomie"
HFPC001,"Pylorotomie extramuqueuse [Pyloromyotomie extramuqueuse], par coelioscopie"
HFQD001,Manométrie gastro-duodéno-jéjunale avec enregistrement de l'activité antro-pyloro-duodénale
HFQL001,Scintigraphie du transit gastrique ou duodénal par substances solide et liquide avec épreuve pharmacologique
HFQL002,Scintigraphie du transit gastrique ou duodénal par substance solide ou liquide sans épreuve pharmacologique
HFQL003,Scintigraphie du transit gastrique ou duodénal par substance solide ou liquide avec épreuve pharmacologique
HFQL004,Scintigraphie du transit gastrique ou duodénal par substances solide et liquide sans épreuve pharmacologique
HFSA001,"Fermeture de gastrostomie cutanée, par abord direct"
HGAE001,"Dilatation d'une sténose iléale, par iléoscopie"
HGCA001,"Entéroentérostomie de dérivation, par laparotomie"
HGCA002,"Suture de plaie ou de perforation de l'intestin grêle, par laparotomi"
HGCA003,"Anastomose duodénoduodénale pour atrésie ou sténose congénitale du duodénum, par laparotomie"
HGCA004,"Entérostomie ou colostomie cutanée de protection, au cours d'une résection intestinale avec rétablissement de la continuité"
HGCA005,"Iléocolostomie de dérivation [Anastomose iléocolique sans exérèse intestinale], par laparotomie"
HGCA006,"Dérivation des sécrétions duodénales et biliopancréatiques par réfection du montage après gastrectomie [Diversion du duodénum], par laparotomie"
HGCA007,"Exclusion du duodénum, par laparotomie"
HGCA008,"Entérostomie cutanée, par laparotomie"
HGCH001,"Jéjunostomie, par voie transcutanée avec guidage échographique et/ou radiologique"
HGEA001,"Détorsion intestinale ou section de bride péritonéale pour vice de rotation de l'anse intestinale primitive [mesenterium commune], par laparotomie"
HGEA002,"Transplantation d'intestin grêle et de foie réduit, par laparotomie"
HGEA003,"Réduction d'invagination intestinale aigüe, par laparotomie"
HGEA004,"Transplantation d'intestin grêle et de foie total, par laparotomie"
HGEA005,"Transplantation d'intestin grêle, par laparotomie"
HGEC001,"Détorsion intestinale ou section de bride péritonéale pour vice de rotation de l'anse intestinale primitive [mesenterium commune], par coelioscopie"
HGEH001,"Réduction totale ou partielle d'invagination intestinale aigüe par lavement opaque ou insufflation, avec guidage radiologique"
HGFA001,"Résection de l'angle duodénojéjunal avec rétablissement de la continuité, par laparotomie"
HGFA002,"Prélèvement d'intestin grêle, chez un sujet en état de mort encéphalique"
HGFA003,"Résection segmentaire unique de l'intestin grêle sans rétablissement de la continuité, en dehors de l'occlusion, par laparotomie"
HGFA004,"Résection segmentaire multiple de l'intestin grêle, par laparotomie"
HGFA005,"Résection segmentaire unique de l'intestin grêle pour occlusion, par laparotomie"
HGFA006,"Résection du diverticule iléal [de Meckel], par laparotomie"
HGFA007,"Résection segmentaire unique de l'intestin grêle avec rétablissement de la continuité, en dehors de l'occlusion, par laparotomie"
HGFA008,"Résection segmentaire d'une atrésie unique de l'intestin grêle avec rétablissement de la continuité, par laparotomie"
HGFA009,"Résection segmentaire d'une atrésie étagée de l'intestin grêle avec rétablissement de la continuité, par laparotomie"
HGFA010,"Exérèse de duplication de l'intestin grêle sans résection intestinale, par laparotomie"
HGFA011,"Exérèse de duplication de l'intestin grêle avec résection intestinale, par laparotomie"
HGFA012,"Résection de l'intestin grêle et/ou du côlon pour péritonite néonatale, par laparotomie"
HGFA013,"Résection totale de l'intestin grêle, par laparotomie"
HGFA014,"Exérèse de la papille duodénale majeure, par laparotomie"
HGFC001,"Exérèse de duplication de l'intestin grêle sans résection intestinale, par coelioscopie"
HGFC002,"Résection du diverticule iléal [de Meckel], par coelioscopie"
HGFE001,"Exérèse d'un polype de plus de 1cm de diamètre ou de 4 polypes ou plus de l'intestin grêle, par iléoscopie"
HGFE002,"Exérèse de 1 à 3 polypes de moins de 1cm de diamètre de l'intestin grêle, par iléoscopie"
HGFE003,"Exérèse d'un polype de plus de 1cm de diamètre ou de 4 polypes ou plus de l'intestin grêle, par jéjunoscopie"
HGFE004,"Exérèse de 1 à 3 polypes de moins de 1cm de diamètre de l'intestin grêle, par jéjunoscopie"
HGFE005,"Exérèse de la papille duodénale majeure, par oeso-gastro-duodénoscopie"
HGHD001,"Prélèvement de liquide duodénal par tubage, sans épreuve pharmacologique"
HGHD002,"Biopsie entérale à l'aveugle à la sonde, par voie nasale"
HGHD003,"Prélèvement de liquide duodénal par tubage, avec épreuve pharmacologique"
HGLA001,"Pose d'une sonde de jéjunostomie pour alimentation entérale, par laparotomie"
HGLE001,"Pose d'une endoprothèse du duodénum, par oeso-gastro-duodénoscopie"
HGMA001,"Confection secondaire d'une iléostomie continente de Koch, par laparotomie"
HGMA002,"Remise en circuit secondaire du duodénum, par laparotomie"
HGMA003,"Confection d'un réservoir iléal ou colique, au cours d'une anastomose iléoanale ou coloanale"
HGMA004,"Plastie d'allongement de l'intestin grêle, par laparotomie"
HGMA005,"Rétablissement secondaire de la continuité digestive après résection de l'intestin grêle, par laparotomie"
HGMA006,"Plastie d'élargissement unique ou multiple de l'intestin grêle, par laparotomie"
HGNE001,"Séance de destruction de lésion du duodénum, par oeso-gastro-duodénoscopie"
HGPA001,"Duodénotomie à visée thérapeutique ou duodénectomie partielle, par laparotomie"
HGPA002,"Entérotomie à visée thérapeutique, par laparotomie"
HGPA003,"Entérotomie exploratrice, par laparotomie"
HGPA004,"Libération étendue de l'intestin grêle [Entérolyse étendue] pour occlusion aigüe, par laparotomie"
HGPA005,"Duodénotomie exploratrice, par laparotomie"
HGPA006,"Désobstruction de l'intestin grêle pour iléus méconial, par laparotomie"
HGPE001,"Sphinctérotomie de la papille duodénale mineure [papille accessoire], par oeso-gastro-duodénoscopie"
HGPH001,"Désobstruction de l'intestin grêle par lavement intestinal pour iléus méconial, avec contrôle radiologique"
HGQD001,Manométrie duodénojéjunale
HGQE001,Entéroscopie jéjunale  avec entéroscopie iléale
HGQE002,Duodénoscopie par appareil à vision latérale
HGQE003,Entéroscopie jéjunale [Jéjunoscopie]
HGQE004,Entéroscopie jéjunale et/ou iléale peropératoire
HGQE005,Entéroscopie iléale [Iléoscopie]
HGQH001,Radiographie de l'intestin grêle avec administration de produit de contraste par une sonde nasoduodénale [entéroclyse]
HGQH002,Radiographie de l'intestin grêle avec ingestion de produit de contraste [Transit du grêle]
HGQJ001,Échoendoscopie duodénale avec biopsie transduodénale guidée
HGQJ002,Échoendoscopie duodénale sans biopsie
HGQL001,Recherche radio-isotopique d'un diverticule de Meckel
HGSA001,"Fermeture d'entérostomie cutanée, par abord direct"
HGSE001,"Hémostase de lésion intestinale sans laser, par jéjunoscopie"
HGSE002,"Hémostase de lésion intestinale avec laser, par jéjunoscopie"
HGSE003,"Hémostase de lésion intestinale sans laser, par iléoscopie"
HGSE004,"Hémostase de lésion intestinale avec laser, par iléoscopie"
HHAE001,"Dilatation d'une sténose du côlon et/ou du rectum, par endoscopie"
HHCA001,"Suture de plaie ou de perforation du côlon, par laparotomie"
HHCA002,"Colostomie cutanée, par laparotomie"
HHCA003,"Colocolostomie de dérivation [Anastomose colocolique sans exérèse colique], par laparotomie"
HHCC001,"Suture de plaie ou de perforation du côlon, par coelioscopie"
HHEE001,"Détorsion d'un volvulus du côlon, par endoscopie"
HHFA001,"Appendicectomie, par abord de la fosse iliaque"
HHFA002,"Colectomie gauche avec libération de l'angle colique gauche, avec rétablissement de la continuité, par coelioscopie ou par laparotomie avec préparation par coelioscopi"
HHFA003,"Résection du côlon pour malformation congénitale avec rétablissement de la continuité, par laparotomie"
HHFA004,"Colectomie totale avec conservation du rectum, avec anastomose iléorectale, par coelioscopie ou par laparotomie avec préparation par coelioscopi"
HHFA005,"Colectomie totale avec conservation du rectum, sans rétablissement de la continuité, par coelioscopie ou par laparotomie avec préparation par coelioscopi"
HHFA006,"Colectomie gauche avec libération de l'angle colique gauche, avec rétablissement de la continuité, par laparotomi"
HHFA008,"Colectomie droite avec rétablissement de la continuité, par coelioscopie ou par laparotomie avec préparation par coelioscopi"
HHFA009,"Colectomie droite avec rétablissement de la continuité, par laparotomi"
HHFA010,"Colectomie gauche sans libération de l'angle colique gauche, avec rétablissement de la continuité, par coelioscopie ou par laparotomie avec préparation par coelioscopi"
HHFA011,"Appendicectomie, par laparotomie"
HHFA014,"Colectomie gauche sans libération de l'angle colique gauche, sans rétablissement de la continuité, par laparotomi"
HHFA016,"Appendicectomie, par coelioscopie ou par laparotomie avec préparation par coelioscopie"
HHFA017,"Colectomie gauche sans libération de l'angle colique gauche, avec rétablissement de la continuité, par laparotomi"
HHFA018,"Colectomie transverse, par laparotomi"
HHFA020,"Appendicectomie avec toilette péritonéale pour péritonite aigüe généralisée, par laparotomie"
HHFA021,"Colectomie totale avec conservation du rectum, sans rétablissement de la continuité, par laparotomi"
HHFA022,"Colectomie totale avec conservation du rectum, avec anastomose iléorectale, par laparotomi"
HHFA023,"Colectomie transverse, par coelioscopie ou par laparotomie avec préparation par coelioscopi"
HHFA024,"Colectomie gauche avec libération de l'angle colique gauche, sans rétablissement de la continuité, par laparotomi"
HHFA025,"Appendicectomie avec toilette péritonéale pour péritonite aigüe généralisée, par coelioscopie ou par laparotomie avec préparation par coelioscopie"
HHFC001,"Exérèse de polype du côlon par coloscopie, avec contrôle coelioscopique"
HHFE001,"Exérèse de 1 à 3 polypes de moins de 1cm de diamètre du côlon et/ou du rectum, par rectosigmoïdoscopie ou par coloscopie partielle"
HHFE002,"Exérèse de 1 à 3 polypes de moins de 1cm de diamètre du côlon et/ou du rectum, par coloscopie totale"
HHFE004,"Exérèse d'un polype de plus de 1cm de diamètre ou de 4 polypes ou plus du côlon et/ou du rectum, par coloscopie totale"
HHFE005,"Exérèse d'un polype de plus de 1cm de diamètre ou de 4 polypes ou plus du côlon et/ou du rectum, par rectosigmoïdoscopie ou par coloscopie partielle"
HHJE001,"Exsufflation du côlon, par endoscopie"
HHLH001,"Pose d'une endoprothèse du côlon, avec guidage radiologique"
HHMA001,Plastie d'élargissement de stomie cutanée intestinale
HHMA002,"Réfection de stomie cutanée intestinale, par laparotomie"
HHMA003,"Rétablissement secondaire de la continuité digestive après colectomie, par laparotomie"
HHMC001,"Rétablissement secondaire de la continuité digestive après colectomie, par coelioscopie"
HHNE001,"Séance de destruction de lésion du côlon et/ou du rectum sans laser, par coloscopie totale"
HHNE002,"Séance de destruction de lésion du côlon et/ou du rectum avec laser, par coloscopie totale"
HHNE003,"Séance de destruction de lésion du côlon et/ou du rectum avec laser, par rectosigmoïdoscopie ou par coloscopie partielle"
HHNE004,"Séance de destruction de lésion du côlon et/ou du rectum sans laser, par rectosigmoïdoscopie ou par coloscopie partielle"
HHPA001,"Colotomie à visée thérapeutique, par laparotomie"
HHPA002,"Colotomie exploratrice, par laparotomie"
HHPC001,"Colotomie exploratrice, par coelioscopie"
HHPC002,"Colotomie à visée thérapeutique, par coelioscopie"
HHQD001,Manométrie du côlon sigmoïde
HHQD002,Manométrie pancolique
HHQD003,Électromyographie pancolique
HHQD004,Électromyographie du côlon sigmoïde
HHQE001,Coloscopie peropératoire
HHQE002,Coloscopie totale avec franchissement de l'orifice iléocolique
HHQE003,"Exploration complète du côlon après colectomie droite, par endoscopie"
HHQE004,Coloscopie partielle au-delà du côlon sigmoïde
HHQE005,"Coloscopie totale avec visualisation du bas-fond caecal, sans franchissement de l'orifice iléocolique"
HHQH001,Radiographie du côlon avec opacification par produit de contraste
HHQJ001,Échoendoscopie colique avec biopsie transcolique guidée
HHQJ002,Échoendoscopie colique sans biopsie
HHSA001,"Fermeture de colostomie cutanée latérale, par abord direct"
HHSE001,"Hémostase de lésion du côlon avec laser, par rectosigmoïdoscopie ou par coloscopie partielle"
HHSE002,"Hémostase de lésion du côlon sans laser, par coloscopie totale"
HHSE003,"Hémostase de lésion du côlon avec laser, par coloscopie totale"
HHSE004,"Hémostase de lésion du côlon sans laser, par rectosigmoïdoscopie ou par coloscopie partielle"
HJAD001,Dilatation ou incision de sténose anorectale
HJBA001,"Plicature de la paroi antérieure du rectum, par abord périnéal"
HJCA001,"Suture de plaie ou de perforation intrapéritonéale du rectum, par laparotomie"
HJCC001,"Suture de plaie ou de perforation intrapéritonéale du rectum, par coelioscopie"
HJCD001,"Suture de plaie du rectum par voie anale, avec réparation du muscle sphincter externe de l'anus"
HJCD002,"Suture de plaie du rectum par voie anale, sans réparation du muscle sphincter externe de l'anus"
HJDA001,"Rectopexie, par laparotomie"
HJDC001,"Rectopexie, par coelioscopie"
HJEA001,"Abaissement du rectum avec cervicocystoplastie, urétroplastie et vaginoplastie pour malformation anorectale haute, par laparotomie et par abord périnéal"
HJEA002,"Abaissement du rectum pour malformation anorectale haute ou intermédiaire, par abord transsacrococcygien [de Kraske] et par abord périnéal"
HJEA003,"Abaissement du rectum pour malformation anorectale haute, par laparotomie et par abord périnéal"
HJEA004,"Abaissement du rectum pour malformation anorectale haute ou intermédiaire, par abord périnéal médian"
HJFA001,"Résection rectocolique avec abaissement colique rétrorectal par laparotomie, avec anastomose colorectale par voie anale"
HJFA002,"Résection rectosigmoïdienne avec anastomose colorectale infrapéritonéale, par laparotomie"
HJFA003,"Exérèse de tumeur du rectum, par abord transsphinctérien"
HJFA004,"Résection rectosigmoïdienne avec anastomose colorectale infrapéritonéale, par coelioscopie ou par laparotomie avec préparation par coelioscopie"
HJFA005,"Amputation du rectum, par abord périnéal"
HJFA006,"Résection rectosigmoïdienne par laparotomie, avec anastomose coloanale par voie anale ou par abord transsphinctérien"
HJFA007,"Amputation du rectum, par laparotomie et par abord périnéal"
HJFA008,"Résection circonférentielle de la muqueuse d'un prolapsus rectal et plicature de la musculeuse, par abord périnéal"
HJFA009,"Résection circonférentielle de la muqueuse d'un prolapsus rectal et plicature de la musculeuse, avec réduction d'hédrocèle par abord périnéal"
HJFA010,"Exérèse de duplication du rectum, par abord transsacrococcygien [de Kraske]"
HJFA011,"Résection rectosigmoïdienne dépassant le cul-de-sac de Douglas, sans rétablissement de la continuité, par laparotomie"
HJFA012,"Proctectomie secondaire par laparotomie avec anastomose iléoanale par voie transanale, après colectomie totale initiale"
HJFA013,"Résection d'une fistule rectovaginale acquise, avec fermeture en un temps par suture musculaire et lambeau d'avancement, par abord périnéal"
HJFA014,"Exérèse de moignon rectal résiduel, par abord périnéal"
HJFA015,"Résection rectocolique totale pour aganglionose congénitale par laparotomie, avec rétablissement de la continuité par laparotomie ou par voie anale"
HJFA016,"Résection rectocolique subtotale pour aganglionose congénitale par laparotomie, avec rétablissement de la continuité par laparotomie ou par voie anale"
HJFA017,"Résection rectosigmoïdienne par coelioscopie ou par laparotomie avec préparation par coelioscopie, avec anastomose coloanale par voie anale"
HJFA018,"Exérèse de tumeur du rectum, par abord transsacrococcygien [de Kraske]"
HJFA019,"Amputation du rectum, par coelioscopie ou par laparotomie avec préparation par coelioscopie et par abord périnéal"
HJFA020,"Résection rectosigmoïdienne pour aganglionose congénitale par laparotomie, avec rétablissement de la continuité par voie anale"
HJFA021,"Résection complète d'un prolapsus colorectal extériorisé, avec anastomose coloanale et myorraphie du plancher pelvien"
HJFA022,"Coloproctectomie totale avec anastomose iléoanale, par laparotomie avec préparation par coelioscopie"
HJFA023,"Coloproctectomie totale sans rétablissement de la continuité, par laparotomie avec préparation par coelioscopie"
HJFA024,"Coloproctectomie totale sans rétablissement de la continuité, par laparotomie"
HJFA025,"Coloproctectomie totale avec anastomose iléoanale, par laparotomie"
HJFA026,"Séance de mucosectomie pour tumeur rectocolique, par coloscopie partielle ou totale"
HJFC001,"Résection rectocolique subtotale pour aganglionose congénitale par coelioscopie, avec rétablissement de la continuité par voie anale"
HJFC002,"Résection rectosigmoïdienne pour aganglionose congénitale par coelioscopie, avec rétablissement de la continuité par voie anale"
HJFC003,"Résection rectocolique totale pour aganglionose congénitale par coelioscopie, avec rétablissement de la continuité par voie anale"
HJFD001,"Résection de la muqueuse rectale avec plicature hémicirconférentielle antérieure de la musculeuse par voie anale, avec anoplastie muqueuse postérieure"
HJFD002,"Exérèse de tumeur du rectum, par voie anale"
HJFD003,"Résection rectosigmoïdienne pour aganglionose congénitale avec rétablissement de la continuité, par voie anale"
HJFD004,"Résection de la muqueuse rectale avec plicature hémicirconférentielle antérieure de la musculeuse, par voie anale"
HJFD005,"Résection de la muqueuse rectale avec plicature hémicirconférentielle antérieure de la musculeuse par voie anale, avec hémorroïdectomie pédiculaire"
HJGD001,"Ablation de corps étranger ou de fécalome intrarectal, par voie anale sous anesthésie générale ou locorégionale"
HJGE001,"Extraction de corps étranger du côlon ou du rectum, par endoscopie"
HJHD001,Biopsie rectale par aspiration de la muqueuse par sonde
HJHD002,"Biopsie de la musculeuse du rectum, par voie anale"
HJJA001,Drainage d'une fistule rectovaginale acquise
HJMA001,Anoplastie pour malformation anorectale basse
HJMA002,"Reconstruction de la paroi antérieure de l'anus et du rectum et de la paroi postérieure du vagin, avec sphinctéroplastie anale, par abord périnéal"
HJND001,"Destruction de lésion du rectum, par voie anale"
HJPA001,"Mise à plat d'une fistule rectovaginale acquise, par périnéotomie"
HJQD001,"Examen du rectum sous anesthésie générale, par voie anale"
HJQD002,Manométrie anorectale
HJQE001,Rectosigmoïdoscopie
HJQE002,Rectoscopie au tube rigide
HJQJ001,Échoendoscopie anorectale avec biopsie transanorectale guidée
HJQJ002,Échoendoscopie anorectale sans biopsie
HJQJ003,"Échographie du rectum et de l'anus, par voie rectale et/ou vaginale [par voie cavitaire]"
HJRD001,Test de continence anorectale aux liquides
HJSA001,"Fermeture d'une fistule rectovaginale haute ou colovaginale acquise, par laparotomie"
HJSD001,Hémostase secondaire à un acte sur le rectum
HKCA001,Myorraphie préanale et rétroanale des muscles élévateurs de l'anus
HKCA002,Myorraphie rétroanale des muscles élévateurs de l'anus
HKCA003,"Suture de plaie de l'anus, avec réparation du muscle sphincter externe de l'anus"
HKCA004,"Suture de plaie de l'anus, sans réparation du muscle sphincter externe de l'anus"
HKCA005,Myorraphie préanale des muscles élévateurs de l'anus
HKEA001,Transposition postérieure de l'anus
HKFA001,Destruction et/ou exérèse de tumeur bénigne du canal anal
HKFA002,Résection d'une fissure anale infectée
HKFA003,"Excision d'une fissure anale, avec anoplastie muqueuse et hémorroïdectomie pédiculaire par résection sousmuqueuse"
HKFA004,Excision d'une fissure anale [Fissurectomie anale]
HKFA005,"Excision d'une fissure et/ou d'une sténose anale, avec anoplastie muqueuse"
HKFA006,"Excision d'une fissure anale, avec anoplastie muqueuse et résection d'un paquet hémorroïdaire isolé"
HKFA007,Exérèse de tumeur maligne du canal anal et/ou de l'anus
HKFA008,Destruction et/ou exérèse de lésion superficielle non tumorale de l'anus
HKFD001,"Sphinctéromyectomie de l'anus, par voie anale"
HKGA001,Ablation ou changement d'un sphincter anal artificiel
HKHA001,Biopsie de lésion de la région périanale et/ou du canal anal
HKKA001,Changement d'un électrostimulateur du muscle sphincter externe de l'anus ou d'un lambeau de plastie de ce muscle
HKLA001,Implantation d'un électrostimulateur du muscle sphincter externe de l'anus ou d'un lambeau de plastie de ce muscle
HKLA002,Pose d'un sphincter anal artificiel
HKLB001,Injection sclérosante périanale chez l'enfant
HKLB002,Injection sousfissuraire et/ou intrasphinctérienne de l'anus
HKMA001,Plastie cutanée de la marge de l'anus
HKMA002,"Suture du muscle sphincter externe de l'anus [Sphinctérorraphie anale directe] pour incontinence anale, avec myorraphie des muscles élévateurs de l'anus"
HKMA003,Suture du muscle sphincter externe de l'anus [Sphinctérorraphie anale directe] pour incontinence anale
HKMA004,Reconstruction du muscle sphincter externe de l'anus par transposition musculaire unilatérale
HKMA005,Reconstruction du muscle sphincter externe de l'anus par transposition musculaire bilatérale
HKMA006,"Anoplastie pour malformation anorectale basse, avec transposition de l'anus"
HKND001,Destruction d'une papillomatose extensive de l'anus
HKPA001,Mise à plat de fistule basse [transsphinctérienne inférieure] de l'anus avec hémorroïdectomie pédiculaire par résection sousmuqueuse
HKPA002,Mise à plat de fistule basse [transsphinctérienne inférieure] de l'anus avec résection d'un paquet hémorroïdaire isolé
HKPA003,Sphinctérotomie interne [Léiomyotomie] latérale de l'anus
HKPA004,"Mise à plat d'abcès et/ou de fistule bas de l'anus [transsphinctérien inférieur] en un temps, par fistulotomie ou fistulectomie"
HKPA005,Mise à plat d'abcès et/ou de fistule intersphinctérien haut [intramural] de l'anus
HKPA006,Incision d'abcès de la région anale
HKPA007,"Mise à plat d'abcès et/ou de fistule haut de l'anus [transsphinctérien supérieur] ou à trajet complexe multiramifié, avec drainage par anse souple"
HKPA008,"Mise à plat d'abcès et/ou de fistule haut de l'anus [transsphinctérien supérieur] ou à trajet complexe multiramifié, avec lambeau d'avancement"
HKPA009,"Sphinctérotomie, sphinctéromyotomie ou sphinctéromyectomie de l'anus, par abord transsacrococcygien [de Kraske]"
HKQE001,Anuscopie
HKSD001,Hémostase secondaire à un acte sur l'anus
HLCA001,"Hépato-porto-cholécystostomie ou hépato-porto-entérostomie pour atrésie des conduits biliaires extrahépatiques, par laparotomie"
HLCA002,"Fenestration de kystes biliaires hépatiques, par laparotomie"
HLCC001,"Fenestration de kystes biliaires hépatiques, par coelioscopie"
HLEA001,Transplantation de foie total
HLEA002,Transplantation de foie réduit
HLFA001,"Prélèvement d'un greffon hépatique total chez un sujet en état de mort encéphalique, avec partage du foie"
HLFA002,"Résection du dôme saillant de kyste hydatique du foie, par laparotomie"
HLFA003,"Résection du lobe caudé [de Spigel] [segment I] du foie, par laparotomie"
HLFA004,"Hépatectomie droite élargie au lobe caudé [de Spigel] [segment I], par laparotomie"
HLFA005,"Lobectomie hépatique droite [Hépatectomie droite élargie au segment IV], par laparotomie"
HLFA006,"Trisegmentectomie hépatique, par laparotomie"
HLFA007,"Hépatectomie gauche élargie au lobe caudé [de Spigel] [segment I], par laparotomie"
HLFA008,"Prélèvement d'un greffon hépatique total chez un sujet en état de mort encéphalique, avec hépatectomie de réduction"
HLFA009,"Bisegmentectomie hépatique, par laparotomie"
HLFA010,"Hépatectomie centrale, par laparotomie"
HLFA011,"Lobectomie hépatique gauche, par laparotomie"
HLFA012,"Kystectomie ou périkystectomie hépatique, par laparotomie"
HLFA013,"Résection unisegmentaire ou atypique du foie, par laparotomie"
HLFA014,"Séquestrectomie hépatique, par laparotomie"
HLFA015,"Prélèvement d'un greffon hépatique, chez un sujet vivant"
HLFA016,"Prélèvement d'un greffon hépatique total, chez un sujet en état de mort encéphalique"
HLFA017,"Hépatectomie droite, par laparotomie"
HLFA018,"Hépatectomie gauche, par laparotomie"
HLFC001,"Résection unisegmentaire ou atypique du foie, par coelioscopie"
HLFC002,"Lobectomie hépatique gauche, par coelioscopie"
HLHB001,"Biopsie du foie, par voie transcutanée sans guidage"
HLHH001,"Biopsie du foie par voie jugulaire avec guidage échographique et/ou radiologique, sans prise de pression intraveineuse"
HLHH002,"Ponction de collection hépatique, par voie transcutanée avec guidage scanographique"
HLHH003,"Biopsie de plusieurs lésions du foie, par voie transcutanée avec guidage scanographique"
HLHH004,"Biopsie d'une lésion du foie, par voie transcutanée avec guidage scanographique"
HLHH005,"Biopsie du foie par voie jugulaire avec guidage échographique et/ou radiologique, avec prise de pression intraveineuse"
HLHJ001,"Biopsie d'une lésion du foie, par voie transcutanée avec guidage échographique"
HLHJ002,"Biopsie de plusieurs lésions du foie, par voie transcutanée avec guidage échographique"
HLHJ003,"Biopsie non ciblée du foie, par voie transcutanée avec guidage échographique"
HLHJ004,"Ponction de collection hépatique, par voie transcutanée avec guidage échographique"
HLJA001,"Évacuation de collection hépatique, par laparotomie"
HLJC001,"Évacuation de collection hépatique, par coelioscopie"
HLQL001,Scintigraphie du foie et de la rate par un traceur du système réticuloendothélial
HLQM001,Échographie transcutanée du foie et des conduits biliaires
HLSA001,"Hémostase de lésion du foie, par laparotomie"
HMAE001,"Dilatation de l'ampoule hépatopancréatique [du sphincter d'Oddi], par oeso-gastro-duodénoscopie"
HMAE002,"Dilatation rétrograde de conduit biliaire, par oeso-gastro-duodénoscopie"
HMAH001,"Dilatation de conduit biliaire, par un drain transcutané déjà en place avec guidage échographique et/ou radiologique"
HMAH002,"Dilatation de conduit biliaire, par voie transcutanée avec guidage échographique et/ou radiologique"
HMCA001,"Cholécystoduodénostomie pour atrésie des conduits biliaires extrahépatiques, par laparotomie"
HMCA002,"Cholédochoduodénostomie, par laparotomie"
HMCA003,"Cholécystogastrostomie ou cholécystoduodénostomie, par laparotomie"
HMCA004,"Cholédochoduodénostomie avec gastrojéjunostomie, par laparotomie"
HMCA005,"Anastomose biliodigestive intrahépatique portant sur un conduit biliaire segmentaire, par laparotomie"
HMCA006,"Cholédochojéjunostomie, par laparotomie"
HMCA007,"Anastomose biliodigestive au-dessus de la convergence portant sur plusieurs conduits biliaires, par laparotomie"
HMCA008,"Anastomose biliodigestive portant sur la convergence des conduits hépatiques, par laparotomie"
HMCA009,"Cholécystostomie cutanée, par laparotomie"
HMCA010,"Cholécystogastrostomie ou cholécystoduodénostomie avec gastrojéjunostomie, par laparotomie"
HMCA011,"Cholécystojéjunostomie, par laparotomie"
HMCC001,"Cholédochojéjunostomie, par coelioscopie"
HMCC002,"Cholédochoduodénostomie, par coelioscopie"
HMCC003,"Cholécystogastrostomie ou cholécystoduodénostomie, par coelioscopie"
HMCH001,"Cholécystostomie, par voie transcutanée avec guidage échographique et/ou radiologique"
HMFA001,"Cholécystectomie avec cholédochojéjunostomie, par laparotomie"
HMFA002,"Cholécystectomie avec cholédochogastrostomie ou cholédochoduodénostomie, par laparotomie"
HMFA003,"Cholécystectomie par coelioscopie, avec ablation de calcul de la voie biliaire principale par cholédochotomie, par laparotomie"
HMFA004,"Cholécystectomie avec ablation transcystique de calcul de la voie biliaire principale, par laparotomie"
HMFA005,"Cholécystectomie par coelioscopie, avec cholédochojéjunostomie par laparotomie"
HMFA006,"Cholécystectomie par coelioscopie, avec cholédochoduodénostomie par laparotomie"
HMFA007,"Cholécystectomie, par laparotomie"
HMFA008,"Cholécystectomie avec ablation de calcul de la voie biliaire principale par cholédochotomie, par laparotomie"
HMFA009,"Résection de la voie biliaire principale pédiculaire avec anastomose biliodigestive, par laparotomie"
HMFA010,"Résection de la voie biliaire principale pédiculaire et intrapancréatique avec anastomose biliodigestive, par laparotomie"
HMFC001,"Cholécystectomie avec ablation transcystique de calcul de la voie biliaire principale, par coelioscopie"
HMFC002,"Cholécystectomie avec ablation de calcul de la voie biliaire principale par cholédochotomie, par coelioscopie"
HMFC003,"Cholécystectomie avec cholédochogastrostomie ou cholédochoduodénostomie, par coelioscopie"
HMFC004,"Cholécystectomie, par coelioscopie"
HMFC005,"Cholécystectomie avec cholédochojéjunostomie, par coelioscopie"
HMGA001,"Ablation de calcul de la voie biliaire principale par cholédochotomie, par laparotomie"
HMGC001,"Ablation de calcul de la voie biliaire principale par cholédochotomie, par coelioscopie"
HMGE001,"Ablation d'endoprothèse biliaire et/ou pancréatique, par oeso-gastro-duodénoscopie"
HMGE002,"Ablation de calcul de la voie biliaire principale, par oeso-gastro-duodénoscopie"
HMGH001,"Ablation de calcul de la voie biliaire principale, par oeso-gastro-duodénoscopie et par voie transcutanée avec guidage échographique et/ou radiologique"
HMGH002,"Ablation ou changement d'endoprothèse biliaire, par voie transcutanée avec guidage échographique et/ou radiologique"
HMGH003,"Ablation ou changement d'endoprothèse biliaire, par un drain transcutané déjà en place avec guidage échographique et/ou radiologique"
HMGH004,"Ablation de calcul des voies biliaires, par voie transcutanée avec guidage échographique et/ou radiologique"
HMJA001,"Drainage transpariétal de conduit biliaire [Drainage biliaire externe], au cours d'une intervention intraabdominale"
HMJE001,"Drainage de conduit biliaire ou pancréatique par voie nasale, au cours d'une endoscopie oeso-gastro-duodénale"
HMJH001,"Drainage externe de plusieurs conduits biliaires avec pose d'endoprothèse, par voie transcutanée avec guidage échographique et/ou radiologique"
HMJH002,"Drainage internalisé d'un conduit biliaire, par voie transcutanée avec guidage échographique et/ou radiologique"
HMJH003,"Drainage externe de plusieurs conduits biliaires, par voie transcutanée avec guidage échographique et/ou radiologique"
HMJH004,"Drainage externe de conduit biliaire, par voie transcutanée avec guidage scanographique"
HMJH005,"Drainage externe d'un conduit biliaire avec pose d'une endoprothèse, par voie transcutanée avec guidage échographique et/ou radiologique"
HMJH006,"Drainage externe d'un conduit biliaire, par voie transcutanée avec guidage échographique et/ou radiologique"
HMJH007,"Drainage internalisé de plusieurs conduits biliaires, par voie transcutanée avec guidage échographique et/ou radiologique"
HMKE001,"Changement d'une endoprothèse biliaire, par oeso-gastro-duodénoscopie"
HMKE002,"Changement de plusieurs endoprothèses biliaires, par oeso-gastro-duodénoscopie"
HMKH001,"Changement de drain biliaire, par voie transcutanée avec guidage échographique et/ou radiologique"
HMLA001,"Pose d'endoprothèse biliaire par cholédochotomie, par laparotomie"
HMLC001,"Pose d'endoprothèse biliaire par cholédochotomie, par coelioscopie"
HMLE002,"Pose d'une endoprothèse biliaire, par oeso-gastro-duodénoscopie"
HMLE003,"Pose de plusieurs endoprothèses biliaires, par oeso-gastro-duodénoscopie"
HMLH001,"Pose d'une endoprothèse biliaire, par oeso-gastro-duodénoscopie et par voie transcutanée avec guidage échographique et/ou radiologique"
HMLH002,"Pose de plusieurs endoprothèses dans des conduits biliaires préalablement drainés, avec guidage échographique et/ou radiologique"
HMLH003,"Pose d'une endoprothèse dans un conduit biliaire préalablement drainé, avec guidage échographique et/ou radiologique"
HMMA001,Internalisation secondaire d'un drainage biliaire externe déjà en place
HMMA002,Internalisation secondaire de plusieurs drainages biliaires externes déjà en place
HMNE001,"Lithotritie mécanique des conduits biliaires, par oeso-gastro-duodénoscopie"
HMNE002,"Lithotritie des conduits biliaires par ondes de choc, par cholangioscopie rétrograde"
HMNG001,"Lithotritie des conduits biliaires par ondes de choc, par cholangioscopie par un drain transcutané déjà en place"
HMNG002,"Lithotritie des conduits biliaires par ondes de choc, par cholangioscopie par voie transcutanée"
HMNM001,Lithotritie extracorporelle des conduits biliaires
HMPE001,"Section du versant biliaire du muscle sphincter de l'ampoule hépatopancréatique [sphincter d'Oddi], par oeso-gastro-duodénoscopie [Sphinctérotomie biliaire endoscopique]"
HMQA001,"Endoscopie peropératoire des voies biliaires, par abord transcystique ou par cholédochotomie"
HMQE001,Cholangioscopie par un orifice de drainage biliaire externe déjà en place
HMQG002,"Cholangioscopie, par voie transcutanée avec guidage échographique et/ou radiologique"
HMQH001,"Cholangioscopie, par voie buccale"
HMQH002,"Cholangiopancréatographie rétrograde avec manométrie oddienne, par oeso-gastro-duodénoscopie"
HMQH003,"Cholangiographie rétrograde avec infundibulotomie [ponction diathermique de l'infundibulum biliaire] ou précoupe de la papille duodénale majeure, par oeso-gastro-duodénoscopie"
HMQH004,"Cholangiographie, par injection de produit de contraste dans les conduits biliaires par voie transcutanée, avec guidage échographique et/ou radiologique"
HMQH005,"Cholangiopancréatographie rétrograde sans manométrie oddienne, par oeso-gastro-duodénoscopie"
HMQH006,"Cholangiographie, par injection de produit de contraste dans un drain biliaire externe"
HMQH007,"Cholangiographie rétrograde, par oeso-gastro-duodénoscopie"
HMQH008,Cholangiographie et/ou pancréaticographie [wirsungographie] peropératoire
HMQJ001,Échoendoscopie biliopancréatique sans biopsie
HMQJ002,Échoendoscopie biliopancréatique avec biopsie transbiliopancréatique guidée
HMQL001,Scintigraphie des conduits biliaires
HNAE001,"Dilatation du conduit pancréatique, par oeso-gastro-duodénoscopie"
HNCA001,"Anastomose entre un faux kyste du pancréas et le duodénum [Kystoduodénostomie], par laparotomie"
HNCA002,"Anastomose pancréaticojéjunale avec anastomose biliojéjunale, par laparotomie"
HNCA003,"Anastomose pancréaticojéjunale avec anastomose biliojéjunale et gastrojéjunostomie, par laparotomie"
HNCA004,"Anastomose pancréaticojéjunale avec gastrojéjunostomie, par laparotomie"
HNCA005,"Anastomose entre un faux kyste du pancréas et le jéjunum [Kystojéjunostomie], par laparotomie"
HNCA006,"Suture de plaie du pancréas avec reconstruction du conduit pancréatique, par laparotomie"
HNCA007,"Anastomose pancréaticojéjunale, par laparotomie"
HNCA008,"Anastomose entre un faux kyste du pancréas et l'estomac [Kystogastrostomie], par laparotomie"
HNCE001,"Anastomose entre un faux kyste du pancréas et l'estomac ou le duodénum, par oeso-gastro-duodénoscopie sans guidage [Kystogastrostomie ou kystoduodénostomie endoscopique]"
HNCH001,"Anastomose entre un faux kyste du pancréas et l'estomac ou le duodénum, par voie transcutanée avec guidage échographique et/ou radiologique [Kystogastrostomie ou kystoduodénostomie transcutanée]"
HNCJ001,"Anastomose entre une cavité collectée du pancréas et l'estomac ou le duodénum, par oeso-gastro-duodénoscopie avec guidage échoendoscopique"
HNEA001,"Transplantation du pancréas, par laparotomie"
HNEA002,"Transplantation du pancréas et du rein, par laparotomie"
HNEH001,"Transplantation d'ilôts pancréatiques, par injection dans la veine porte par voie transcutanée, avec guidage radiologique"
HNFA001,"Isthmectomie pancréatique avec rétablissement de continuité du conduit pancréatique, par laparotomie"
HNFA002,"Pancréatectomie gauche avec conservation de la rate, avec anastomose pancréatojéjunale ou pancréaticojéjunale, par laparotomie"
HNFA004,"Duodénopancréatectomie totale avec splénectomie [Splénopancréatectomie totale], par laparotomie"
HNFA005,"Exérèse de tumeur du pancréas, par laparotomie"
HNFA006,"Pancréatectomie totale ou subtotale avec conservation du duodénum et splénectomie, par laparotomie"
HNFA007,"Duodénopancréatectomie céphalique, par laparotomie"
HNFA008,"Pancréatectomie gauche avec conservation de la rate, par laparotomie"
HNFA009,"Prélèvement d'un greffon pancréatique, chez un sujet en état de mort encéphalique"
HNFA010,"Pancréatectomie gauche avec splénectomie [Splénopancréatectomie gauche] avec anastomose pancréatojéjunale ou pancréaticojéjunale, par laparotomie"
HNFA011,"Pancréatectomie totale ou subtotale avec conservation du duodénum, sans splénectomie, par laparotomie"
HNFA012,"Nécrosectomie pancréatique, par laparotomie"
HNFA013,"Pancréatectomie gauche avec splénectomie [Splénopancréatectomie gauche], par laparotomie"
HNFC001,"Exérèse de tumeur du pancréas, par coelioscopie"
HNFC002,"Pancréatectomie gauche avec splénectomie [Splénopancréatectomie gauche], par coelioscopie"
HNGE001,"Ablation de calcul pancréatique, par oeso-gastro-duodénoscopie"
HNJA001,"Drainage externe de collection pancréatique, par laparotomie"
HNJC001,"Drainage externe de collection pancréatique, par coelioscopie"
HNKE001,"Changement d'une endoprothèse du conduit pancréatique, par oeso-gastro-duodénoscopie"
HNLE001,"Pose d'une endoprothèse du conduit pancréatique, par oeso-gastro-duodénoscopie"
HNNM001,Lithotritie extracorporelle du pancréas
HNQH001,"Pancréatographie rétrograde par cathétérisme de la papille duodénale mineure [papille accessoire], par oeso-gastro-duodénoscopie"
HNQH002,Pancréaticoscopie par voie buccale
HNQH003,"Pancréatographie rétrograde par cathétérisme de la papille duodénale majeure, par oeso-gastro-duodénoscopie"
HNQH004,"Pancréatographie, par injection de produit de contraste par voie transcutanée, avec guidage échographique"
HPBA001,"Réduction de volume tumoral d'une maladie gélatineuse du péritoine, par laparotomie"
HPBA002,"Interposition ou apposition de grand omentum [grand épiploon], au cours d'une intervention intrathoracique"
HPCA001,Dérivation péritonéoveineuse
HPEA001,"Repositionnement d'un cathéter de dialyse péritonéale, par laparotomie"
HPFA001,"Résection ou cloisonnement du cul-de-sac recto-utérin [de Douglas], par laparotomie"
HPFA003,"Exérèse de lésion d'un repli péritonéal [méso] sans résection intestinale, par laparotomie"
HPFA004,"Résection du grand omentum [grand épiploon] [Omentectomie], par laparotomie"
HPFC001,"Exérèse de lésion d'un repli péritonéal [méso] sans résection intestinale, par coelioscopie"
HPFC002,"Résection du grand omentum [grand épiploon] [Omentectomie], par coelioscopie"
HPGA001,"Ablation d'un cathéter de dialyse péritonéale, par laparotomie"
HPGA002,"Ablation d'un ballon intrapéritonéal, par laparotomie"
HPHB001,"Ponction-lavage du péritoine, avec pose de cathéter intrapéritonéal par voie transcutanée"
HPHB002,"Ponction du cul-de-sac recto-utérin [de Douglas] [Culdocentèse], par voie transvaginale sans guidage"
HPHB003,"Ponction d'un épanchement péritonéal, par voie transcutanée"
HPHJ001,"Ponction du cul-de-sac recto-utérin [de Douglas] [Culdocentèse], par voie transvaginale avec guidage échographique"
HPJB001,"Évacuation d'un épanchement intrapéritonéal, par voie transcutanée"
HPJP001,Pelage du manchon externe d'un cathéter de dialyse péritonéale
HPKA001,"Changement du cathéter intrapéritonéal d'un système diffuseur implanté pour insulinothérapie intrapéritonéale, par laparotomie"
HPKA002,"Changement d'un cathéter de dialyse péritonéale, par laparotomie"
HPKB001,"Changement d'un cathéter de dialyse péritonéale, par voie transcutanée"
HPLA001,"Pose d'un cathéter intrapéritonéal avec pose d'un système diffuseur implantable souscutané, pour insulinothérapie intrapéritonéale"
HPLA002,"Pose d'un ballon intrapéritonéal avant irradiation pelvienne, par laparotomie"
HPLA003,"Pose d'un cathéter intrapéritonéal pour dialyse péritonéale, par laparotomie"
HPLB002,"Séance d'injection intrapéritonéale d'agent pharmacologique anticancéreux, par voie transcutanée"
HPLB003,"Administration intrapéritonéale d'agent pharmacologique anticancéreux avec hyperthermie [Chimiohyperthermie anticancéreuse intrapéritonéale], sous anesthésie générale"
HPLB004,"Pose d'un cathéter intrapéritonéal pour dialyse péritonéale, par voie transcutanée"
HPLB005,"Pose d'un cathéter intrapéritonéal pour injection d'agent pharmacologique, par voie transcutanée"
HPLF001,"Séance d'administration intrapéritonéale d'agent pharmacologique anticancéreux, par un dispositif implanté"
HPMA001,"Épiploplastie intraabdominale par libération de la grande courbure gastrique avec pédiculisation sur un pédicule gastroépiploïque, au cours d'une intervention par laparotomie"
HPMA002,"Réparation de perte de substance par lambeau libre de grand omentum [épiploon], avec anastomoses vasculaires"
HPMB001,"création d'un pneumopéritoine à visée thérapeutique, par voie transcutanée"
HPMH001,"Contrôle radiologique secondaire de position et/ou de fonctionnement d'un drain péritonéal, d'un cathéter de dialyse péritonéale ou d'une dérivation péritonéojugulaire, avec opacification par produitde contraste"
HPML001,Contrôle radio-isotopique d'un cathéter intrapéritonéal
HPNA001,"Destruction et/ou exérèse de lésion endométriosique superficielle du péritoine, par laparotomie"
HPNC001,"Destruction et/ou exérèse de lésion endométriosique superficielle du péritoine, par coelioscopie"
HPPA001,"Libération d'adhérences [Adhésiolyse] ni étendues ni serrées du péritoine pelvien pour stérilité chez la femme, par laparotomie"
HPPA002,"Section de bride et/ou d'adhérences péritonéales pour occlusion intestinale aigüe, par laparotomie"
HPPA003,"Libération d'adhérences [Adhésiolyse] étendues et/ou serrées du péritoine pelvien pour stérilité chez la femme, par laparotomie"
HPPA004,Désenfouissement de l'extrémité souscutanée d'un cathéter de dialyse péritonéale
HPPC001,"Libération d'adhérences [Adhésiolyse] ni étendues ni serrées du péritoine pelvien pour stérilité chez la femme, par coelioscopie"
HPPC002,"Libération d'adhérences [Adhésiolyse] étendues et/ou serrées du péritoine pelvien pour stérilité chez la femme, par coelioscopie"
HPPC003,"Section de bride et/ou d'adhérences péritonéales pour occlusion intestinale aigüe, par coelioscopie"
HPPC004,"Libération de l'extrémité distale du cathéter d'un système diffuseur implanté pour insulinothérapie intrapéritonéale, par coelioscopie"
HPPF001,Désobstruction d'un cathéter de dialyse péritonéale
HPQA001,"Exploration de la cavité abdominale par phrénotomie, au cours d'une intervention par phrénotomie"
HPQL001,Scintigraphie péritonéale
HPSA001,"Ligature du processus vaginal du péritoine [canal péritonéovaginal], par abord inguinal"
HPSC001,"Ligature du processus vaginal du péritoine [canal péritonéovaginal], par coelioscopie"
HQQE001,"Bilan fonctionnel de la déglutition avec fibroscopie du pharynx et du larynx par voie nasale, essai alimentaire et enregistrement vidéo"
HQQK001,Étude radiologique de la déglutition
HQQP001,Analyse informatisée de la déglutition
HQRP001,"Séance de rééducation de la déglutition, avec contrôle instrumental"
HRQP001,"Surveillance tonométrique continue du pH intramuqueux gastrique ou colique et/ou du gradient gastroartériel ou coloartériel de la PCO2, par 24 heures"
HSLD001,"Alimentation entérale par sonde avec apport de 20 à 35 kilocalories par kilogramme par jour [kcal/kg/jour], par 24 heures"
HSLD002,"Alimentation entérale par sonde avec apport de plus de 35 kilocalories par kilogramme par jour [kcal/kg/jour], par 24 heures"
HSLF001,"Alimentation entérale et parentérale, avec apport de plus de 35 kilocalories par kilogramme par jour [kcal/kg/jour], par 24 heures"
HSLF002,"Alimentation parentérale avec apport de 20 à 35 kilocalories par kilogramme par jour [kcal/kg/jour], par 24 heures"
HSLF003,"Alimentation parentérale avec apport de plus de 35 kilocalories par kilogramme par jour [kcal/kg/jour], par 24 heures"
HTQK001,Défécographie [Rectographie dynamique]
HTRD001,"Séance de rééducation anorectale avec rétrocontrôle [biofeedback] manométrique intracavitaire, sans électrostimulation"
HTRD002,Séance de rééducation anorectale avec rétrocontrôle [biofeedback] manométrique intracavitaire et électrostimulation
HZHE001,"Prélèvement pour analyse biologique, au cours d'une endoscopie diagnostique des voies digestives"
HZHE002,"Biopsie et/ou brossage cytologique de la paroi du tube digestif ou de conduit biliopancréatique, au cours d'une endoscopie diagnostique"
HZHE004,"Coloration et/ou tatouage de la paroi du tube digestif, au cours d'une endoscopie diagnostique"
HZHE005,"Macrobiopsie de la paroi du tube digestif, au cours d'une endoscopie diagnostique"
HZMH001,"Contrôle radiologique secondaire de position et/ou de fonctionnement d'une sonde digestive, d'un drain biliaire ou d'une endoprothèse biliaire avec opacification par produit de contraste"
HZQM001,Échographie transcutanée du tube digestif et/ou du péritoine
JACA001,"Suture de plaie ou de fracture du rein limitée au parenchyme, par abord direct"
JACA002,"Néphrostomie cutanée, par abord direct"
JACH001,"Néphrostomie, par voie transcutanée avec guidage échographique et/ou radiologique"
JACH002,"Néphrostomie par voie transcutanée avec drainage internalisé de la voie excrétrice urinaire, avec guidage échographique et/ou radiologique"
JACH003,"Néphrostomie, par voie transcutanée avec guidage scanographique"
JADA001,"Néphropexie, par abord direct"
JAEA002,"Autotransplantation du rein, par abord direct"
JAEA003,Transplantation du rein
JAFA001,"Héminéphrectomie avec urétérectomie partielle, par abord direct"
JAFA002,"Néphrectomie totale, par lombotomie"
JAFA003,"Héminéphrectomie avec urétérectomie totale, par abord direct"
JAFA004,"Résection de kyste parasitaire du rein, par lombotomie"
JAFA005,"Néphrectomie totale élargie à la loge rénale avec résection latérale de la veine cave inférieure, par abord direct"
JAFA006,"Néphrectomie partielle ex situ avec autotransplantation du rein, par abord direct"
JAFA007,"Résection de kyste non parasitaire du rein, par lombotomie"
JAFA008,"Néphrectomie partielle avec dissection du pédicule vasculaire, par lombotomie ou par abord lombal postérieur"
JAFA009,"Néphrectomie totale élargie à la loge rénale, par laparotomie ou par abord lomboabdominal"
JAFA010,"Néphrectomie totale unilatérale, par abord lombal vertical"
JAFA011,"Néphrectomie totale élargie à la loge rénale avec thrombectomie par cavotomie et contrôle intraatrial cardiaque, par thoraco-phréno-laparotomie"
JAFA012,"Néphrectomie totale par laparotomie, avec extraction endoscopique rétrograde de l'uretère [stripping de l'uretère]"
JAFA013,"Prélèvement d'un rein sur un donneur vivant, par abord direct"
JAFA014,"Néphrectomie totale élargie à la loge rénale avec thrombectomie par cavotomie, par laparotomie ou par abord lomboabdominal"
JAFA015,"Transplantectomie rénale, par abord direct"
JAFA016,"Binéphrectomie, par laparotomie"
JAFA017,Prélèvement des 2 reins sur un sujet en état de mort encéphalique
JAFA018,Prélèvement d'un rein sur un sujet en état de mort encéphalique
JAFA019,"Néphrectomie partielle avec dissection du pédicule vasculaire, par laparotomie"
JAFA020,"Prélèvement des 2 reins au cours d'un prélèvement multiorgane, sur un sujet en état de mort encéphalique"
JAFA021,"Néphrectomie totale élargie à la loge rénale avec surrénalectomie, par thoraco-phréno-laparotomie"
JAFA022,"Néphrectomie totale élargie à la loge rénale avec thrombectomie par cavotomie, par thoraco-phréno-laparotomie"
JAFA023,"Néphrectomie totale unilatérale, par laparotomie"
JAFA024,"Néphrectomie partielle sans dissection du pédicule vasculaire, par lombotomie ou par abord lombal vertical"
JAFA025,"Néphrectomie totale élargie à la loge rénale avec surrénalectomie et thrombectomie par cavotomie, par thoraco-phréno-laparotomie"
JAFA026,"Héminéphrectomie pour fusion rénale, par abord direct"
JAFA027,"Binéphrectomie, par abords lombaux verticaux"
JAFA028,"Néphrectomie totale élargie à la loge rénale avec surrénalectomie et thrombectomie par cavotomie, par laparotomie ou par abord lomboabdominal"
JAFA029,"Néphrectomie totale élargie à la loge rénale avec surrénalectomie, par laparotomie ou par abord lomboabdominal"
JAFA030,"Néphrectomie partielle sans dissection du pédicule vasculaire, par laparotomie"
JAFA031,"Néphrectomie totale élargie à la loge rénale, par thoraco-phréno-laparotomie"
JAFA032,"Néphro-urétérectomie totale, par abord direct"
JAFC001,"Néphro-urétérectomie totale, par coelioscopie ou par rétropéritonéoscopie"
JAFC002,"Héminéphrectomie avec urétérectomie partielle, par coelioscopie ou par rétropéritonéoscopie"
JAFC003,"Prélèvement d'un rein sur un donneur vivant, par coelioscopie ou par rétropéritonéoscopie"
JAFC004,"Binéphrectomie, par coelioscopie ou par rétropéritonéoscopie"
JAFC005,"Néphrectomie partielle, par coelioscopie ou par rétropéritonéoscopie"
JAFC006,"Néphrectomie totale unilatérale, par coelioscopie ou par rétropéritonéoscopie"
JAFC007,"Héminéphrectomie avec urétérectomie totale, par coelioscopie ou par rétropéritonéoscopie"
JAFC008,"Résection de kyste non parasitaire du rein, par coelioscopie ou par rétropéritonéoscopie"
JAGA001,"Ablation d'un calcul du rein par pyélotomie, par abord direct"
JAGA002,"Ablation d'un calcul du rein par néphrotomie de la convexité, par abord direct"
JAGA003,"Ablation de calculs multiples du rein par pyélotomie et/ou néphrotomie, par abord direct"
JAGA004,"Ablation d'un calcul du rein par néphrotomie, par abord direct"
JAGA005,"Ablation de calculs multiples du rein par néphrotomie de la convexité, par abord direct"
JAGA006,"Ablation d'un calcul du rein par pyélotomie et néphrotomie, par abord direct"
JAGC001,"Ablation d'un calcul du rein par pyélotomie, par rétropéritonéoscopie"
JAGD001,"Ablation de calcul du rein, par une néphrostomie déjà en place"
JAGD002,"Ablation d'un calcul coralliforme ou complexe du rein, par une néphrostomie déjà en place"
JAGF001,"Ablation de calculs multiples du rein, par voie transcutanée"
JAGF002,"Ablation d'un calcul simple du rein, par voie transcutanée"
JAGF003,"Ablation d'un calcul coralliforme ou complexe du rein, par voie transcutanée"
JAHA001,"Biopsie du rein, par abord direct"
JAHB001,"Biopsie du rein, par voie transcutanée sans guidage"
JAHC001,"Biopsie du rein, par coelioscopie ou par rétropéritonéoscopie"
JAHH001,"Ponction de kyste du rein, par voie transcutanée avec guidage radiologique"
JAHH002,"Biopsie du rein, par voie jugulaire transcutanée avec guidage radiologique"
JAHJ001,"Biopsie d'une lésion du rein, par voie transcutanée avec guidage échographique"
JAHJ002,"Ponction de kyste du rein, par voie transcutanée avec guidage échographique"
JAHJ003,"Biopsie de plusieurs lésions du rein, par voie transcutanée avec guidage échographique"
JAHJ004,"Ponction des cavités du rein par voie transcutanée avec guidage échographique, avec enregistrement de la pression pyélique sous perfusion"
JAHJ005,"Ponction des cavités du rein, par voie transcutanée avec guidage échographique"
JAKD001,Changement d'une sonde de néphrostomie ou de pyélostomie
JAMA001,Internalisation secondaire d'une néphrostomie cutanée déjà en place
JAMA002,"Réparation d'un traumatisme complexe du rein et de la voie excrétrice, par abord direct"
JAMB001,"Internalisation d'une néphrostomie déjà en place, par voies transcutanée et rétrograde"
JANE001,"Fragmentation intrarénale de calcul par ondes de choc [Lithotritie intrarénale], par néphroscopie par une néphrostomie déjà en place"
JANH001,"Sclérose de plusieurs kystes du rein par injection d'agent pharmacologique, par voie transcutanée avec guidage scanographique"
JANH002,"Sclérose d'un kyste du rein par injection d'agent pharmacologique, par voie transcutanée avec guidage scanographique"
JANM001,"Lithotritie extracorporelle du rein, avec guidage radiologique"
JANM002,"Lithotritie extracorporelle du rein, avec guidage échographique"
JAPA001,"Section de l'isthme d'un rein en fer à cheval, par abord direct"
JAQH003,"Kystographie du rein, par voie transcutanée avec guidage échographique et/ou radiologique"
JAQJ001,"Échographie transcutanée unilatérale ou bilatérale du rein et de la région lombale, avec échographie transcutanée de la vessie et échographie de la prostate et des vésicules séminales par voie rectale"
JAQL001,Scintigraphie rénale glomérulaire ou tubulaire [Néphrographie isotopique] sans épreuve pharmacologique
JAQL002,Scintigraphie rénale corticale
JAQL003,Scintigraphie rénale glomérulaire ou tubulaire [Néphrographie isotopique] avec épreuve pharmacologique
JAQL004,Scintigraphie rénale glomérulaire ou tubulaire avec mesure de la clairance radio-isotopique plasmatique
JAQL005,"Scintigraphie rénale glomérulaire ou tubulaire [Néphrographie isotopique] sans épreuve pharmacologique, avec scintigraphie antérograde de la vessie"
JAQL006,Scintigraphie rénale glomérulaire ou tubulaire avec mesure des clairances radio-isotopiques plasmatique et urinaire
JAQL007,Scintigraphie rénale glomérulaire ou tubulaire [Néphrographie isotopique] avec épreuve pharmacologique et réinjection de produit radio-isotopique
JAQM001,"Échographie transcutanée unilatérale ou bilatérale du rein et de la région lombale, avec échographie transcutanée du petit bassin [pelvis] féminin"
JAQM002,Echographie-doppler transcutanée unilatérale ou bilatérale du rein et de ses vaisseaux
JAQM003,Échographie transcutanée unilatérale ou bilatérale du rein et de la région lombale
JAQM004,"Échographie transcutanée unilatérale ou bilatérale du rein et de la région lombale, avec échographie transcutanée de la vessie"
JASA001,"Hémostase de plaie ou de fracture du rein par pose de filet périrénal, par abord direct"
JBCA001,"Pyélostomie cutanée, par abord direct"
JBFA001,"Exérèse de tumeur pyélique et/ou calicielle, avec néphrostomie par voie transcutanée"
JBFA002,"Résection-anastomose du bassinet et de la jonction pyélo-urétérale, par abord direct"
JBFC001,"Résection-anastomose du bassinet et de la jonction pyélo-urétérale, par coelioscopie ou par rétropéritonéoscopie"
JBFE001,"Exérèse de tumeur pyélique et/ou calicielle, par endoscopie rétrograde"
JBHE001,"Biopsie de la voie excrétrice supérieure, par endoscopie rétrograde"
JBMA001,"Plastie du bassinet et de la jonction pyélo-urétérale, par abord direct"
JBMC001,"Plastie du bassinet et de la jonction pyélo-urétérale, par coelioscopie ou par rétropéritonéoscopie"
JBPE001,"Urétéropyélotomie ou urétérotomie, par urétéroscopie rétrograde"
JBPE002,"Urétéropyélotomie ou urétérotomie, par néphroscopie par une néphrostomie déjà en place"
JBPG001,"Urétéropyélotomie ou urétérotomie, par néphroscopie par voie transcutanée"
JBPH001,"Urétéropyélotomie ou urétérotomie, avec guidage radiologique"
JBQE001,"Urétéro-pyélo-caliscopie rétrograde, par voie urétrale"
JBQG001,"Urétéro-pyélo-caliscopie, par voie transcutanée"
JBQG002,"Pyélocaliscopie, par voie transcutanée"
JBQH001,"Urétéropyélographie descendante, par voie transcutanée avec guidage échographique et/ou radiologique"
JBQH002,Urétéropyélographie rétrograde [UPR]
JBQH003,"Urétéropyélographie descendante, par une néphrostomie déjà en place"
JBQL001,Scintigraphie de l'élimination pyélo-urétérale
JCAD001,"Dilatation de l'uretère, par une néphrostomie déjà en place"
JCAE001,"Dilatation de l'uretère, par urétéroscopie rétrograde"
JCAF001,"Dilatation de l'uretère, par voie transcutanée"
JCAH001,"Dilatation de l'uretère, par urétrocystoscopie avec guidage radiologique"
JCCA001,"Transurétéro-urétérostomie, par abord direct"
JCCA002,"Urétérostomie cutanée, par abord direct"
JCCA003,"Suture de plaie ou de rupture de l'uretère, par abord direct"
JCCA005,"Anastomose urétérocalicielle, par abord direct"
JCCA006,"Urétérostomie cutanée transintestinale par anse non détubulée, par abord direct"
JCCA007,"Dérivation urinaire par anastomose urétéro-urétérale homolatérale, par abord direct"
JCCA008,"Dérivation urinaire par anastomose urétéro-urétérale croisée, par abord direct"
JCCA009,"Dérivation de l'urine par conduit rénovésical prothétique souscutané, avec néphrostomie"
JCCA010,"Dérivation de l'urine par conduit rénovésical prothétique souscutané, sans néphrostomie"
JCCA011,"Urétérostomie cutanée transintestinale avec création d'un réservoir continent, par abord direct"
JCCA012,"Anastomose urétérocolique ou urétérorectale avec confection d'un réservoir détubulé rectosigmoïdien ou iléo-recto-sigmoïdien, par abord direct"
JCCA013,"Anastomose urétérocolique ou urétérorectale directe, par abord direct"
JCCB001,"Urétérostomie, par voie transcutanée"
JCCC001,"Urétérostomie cutanée, par coelioscopie ou par rétropéritonéoscopie"
JCCC002,"Urétérostomie cutanée transintestinale par anse non détubulée, par coelioscopie ou par rétropéritonéoscopie"
JCCC003,"Suture de plaie ou de rupture de l'uretère, par coelioscopie ou par rétropéritonéoscopie"
JCEA001,"Réimplantation urétérovésicale bilatérale avec création de montage antireflux, par abord direct"
JCEA002,"Réimplantation urétérovésicale unilatérale avec création de montage antireflux, par abord direct"
JCEA003,"Réimplantation urétérovésicale avec plastie de la vessie par mobilisation [vessie psoïque] ou allongement par lambeau pédiculé, par abord direct"
JCEA004,"Réimplantation vésicale d'une duplicité urétérale, par abord direct"
JCEA005,"Réimplantation urétérovésicale sans création de montage antireflux, par abord direct"
JCEE001,"Refoulement de calcul de l'uretère par sonde urétérale, par endoscopie rétrograde"
JCFA001,"Urétérectomie totale, par abord direct"
JCFA002,"Urétérectomie segmentaire lombo-iliaque avec rétablissement de la continuité de l'uretère, par abord direct"
JCFA003,"Urétérectomie segmentaire pelvienne avec rétablissement de la continuité de l'uretère, par abord direct"
JCFA004,"Exérèse d'une urétérocèle avec réimplantation urétérovésicale, héminéphrectomie et urétérectomie totale homolatérales, par abord direct"
JCFA005,"Résection longitudinale modelante d'un méga-uretère avec réimplantation urétérovésicale et montage antireflux, par abord direct"
JCFA006,"Exérèse unilatérale d'une urétérocèle avec réimplantation urétérovésicale bilatérale, par abord direct"
JCFA007,"Exérèse d'une urétérocèle avec réimplantation urétérovésicale homolatérale, par abord direct"
JCFA008,"Urétérectomie segmentaire pelvienne avec réimplantation urétérovésicale et montage antireflux, par abord direct"
JCFA009,"Urétérectomie segmentaire pelvienne avec réimplantation urétérovésicale, par abord direct"
JCFA010,"Urétérectomie segmentaire pelvienne avec réimplantation urétérovésicale et plastie de la vessie par mobilisation [vessie psoïque] ou allongement par lambeau pédiculé, par abord direct"
JCFC001,"Urétérectomie totale, par coelioscopie ou par rétropéritonéoscopie"
JCFD001,"Exérèse de tumeur de l'uretère lombal, par une néphrostomie déjà en place"
JCFE001,"Exérèse de tumeur de l'uretère lombal, par urétéroscopie rétrograde"
JCFE002,"Exérèse de tumeur de l'uretère pelvien, par urétéroscopie rétrograde"
JCFE003,"Exérèse de tumeur de l'uretère iliaque, par urétéroscopie rétrograde"
JCFF001,"Exérèse de tumeur de l'uretère lombal, par voie transcutanée"
JCGA001,"Ablation de calcul de l'uretère pelvien, par abord direct"
JCGA002,"Ablation de calcul de l'uretère lombal, par abord direct"
JCGA003,"Ablation de calcul de l'uretère iliaque, par abord direct"
JCGC001,"Ablation de calcul de l'uretère pelvien, par coelioscopie ou par rétropéritonéoscopie"
JCGC002,"Ablation de calcul de l'uretère iliaque, par coelioscopie ou par rétropéritonéoscopie"
JCGC003,"Ablation de calcul de l'uretère lombal, par coelioscopie ou par rétropéritonéoscopie"
JCGE001,"Ablation et/ou fragmentation de calcul de l'uretère pelvien, par urétéroscopie rétrograde"
JCGE002,"Ablation et/ou fragmentation de calcul de l'uretère, par urétéroscopie antérograde par une néphrostomie déjà en place"
JCGE003,"Ablation unilatérale ou bilatérale d'une sonde urétérale, par endoscopie rétrograde"
JCGE004,"Ablation d'une endoprothèse urétérale, par endoscopie rétrograde"
JCGE005,"Ablation et/ou fragmentation de calcul de l'uretère iliaque, par urétéroscopie rétrograde"
JCGE006,"Ablation et/ou fragmentation de calcul de l'uretère lombal, par urétéroscopie rétrograde"
JCGG001,"Ablation et/ou fragmentation de calcul de l'uretère, par urétéroscopie antérograde par voie transcutanée"
JCGH001,"Ablation et/ou fragmentation de calcul de l'uretère, par voie transcutanée avec guidage échographique et/ou radiologique"
JCGH002,"Ablation d'une endoprothèse urétérale par une néphrostomie déjà en place, avec guidage radiologique"
JCGH003,"Ablation d'un fragment de matériel intra-urétéral par une néphrostomie déjà en place, avec guidage radiologique"
JCGH004,"Ablation et/ou fragmentation de calcul de l'uretère, par urétrocystoscopie avec guidage échographique et/ou radiologique"
JCGH005,"Ablation et/ou fragmentation de calcul de l'uretère, par une néphrostomie déjà en place avec guidage échographique et/ou radiologique"
JCKA001,"Remplacement partiel de l'uretère par un segment digestif, par abord direct"
JCKA002,"Remplacement total de l'uretère par un segment digestif, par abord direct"
JCKD001,Changement d'une sonde d'urétérostomie cutanée
JCKE001,"Changement d'une sonde urétérale, par endoscopie rétrograde"
JCKE002,"Changement d'une endoprothèse urétérale, par endoscopie rétrograde"
JCKH001,"Changement d'une endoprothèse urétérale par une néphrostomie déjà en place, avec guidage radiologique"
JCLD001,"Pose d'une endoprothèse urétérale, par une néphrostomie déjà en place"
JCLE001,"Pose d'une sonde urétérale à visée thérapeutique, par endoscopie rétrograde"
JCLE002,"Pose d'une endoprothèse urétérale, par endoscopie rétrograde"
JCLE003,"Pose d'une sonde urétérale à visée diagnostique, par endoscopie rétrograde"
JCLE004,"Injection sousmuqueuse intra-urétérale de matériel hétérologue, par endoscopie"
JCLH001,"Pose d'une endoprothèse urétérale, par voie transcutanée avec guidage échographique et/ou radiologique"
JCMA001,Transformation d'une urétérostomie cutanée en anastomose urétérocolique directe
JCMA002,Transformation d'une urétérostomie cutanée en dérivation interne avec confection d'un réservoir détubulé rectosigmoïdien ou iléo-recto-sigmoïdien
JCMA003,Transformation d'une urétérostomie cutanée en dérivation interne par réimplantation urétérovésicale
JCMA004,"Création d'un montage urétérovésical antireflux sans réimplantation urétérovésicale, par abord direct"
JCMA005,Transformation d'une urétérostomie cutanée en dérivation interne avec entérocystoplastie de remplacement [néovessie] orthotopique par anse intestinale détubulée
JCND001,"Destruction de tumeur de l'uretère lombal, par une néphrostomie déjà en place"
JCNE001,"Destruction d'un moignon de l'uretère, par urétéroscopie rétrograde"
JCNE002,"Destruction de tumeur de l'uretère pelvien, par urétéroscopie rétrograde"
JCNE003,"Destruction de tumeur de l'uretère iliaque, par urétéroscopie rétrograde"
JCNE004,"Destruction de tumeur de l'uretère lombal, par urétéroscopie rétrograde"
JCNF001,"Destruction de tumeur de l'uretère lombal, par voie transcutanée"
JCNM001,"Lithotritie extracorporelle de l'uretère, avec guidage échographique"
JCNM002,"Lithotritie extracorporelle de l'uretère, avec guidage radiologique"
JCPA001,"Libération de l'uretère avec intrapéritonisation ou lambeau péritonéal, par abord direct"
JCPA002,"Libération de l'uretère sans intrapéritonisation, par abord direct"
JCPA003,"Section-anastomose d'un uretère rétrocave, par abord direct"
JCPC001,"Libération de l'uretère avec intrapéritonisation ou lambeau péritonéal, par coelioscopie ou par rétropéritonéoscopie"
JCPC002,"Libération de l'uretère sans intrapéritonisation, par coelioscopie ou par rétropéritonéoscopie"
JCPD001,Reperméation de l'uretère par forage intraluminal
JCPE001,"Incision d'une urétérocèle, par endoscopie"
JCPE002,"Incision du méat urétéral, par endoscopie"
JCQE001,Urétéroscopie par une urétérostomie cutanée directe
JCQE002,Urétéroscopie par une urétérostomie cutanée transintestinale non continente
JCQE003,"Urétéroscopie rétrograde, par voie urétrale"
JCQE004,Urétéroscopie par une urétérostomie cutanée transintestinale continente
JCSA001,"Fermeture de fistule urétérodigestive acquise, par abord direct"
JCSA002,"Fermeture de fistule urétéro-utérine acquise, par abord direct"
JCSA003,"Fermeture de fistule urétérocutanée acquise, par abord direct"
JCSA004,"Fermeture de fistule urétérovaginale acquise, par abord direct"
JCSA005,"Fermeture de fistule urétérovésicale acquise, par abord direct"
JDAD001,Distension hydrostatique de la vessie
JDCA001,"Cystostomie cutanée continente sans fermeture du col de la vessie, par laparotomie"
JDCA002,"Cystostomie cutanée, par laparotomie"
JDCA003,"Suture de plaie ou de rupture de vessie, par laparotomie"
JDCA004,"Cystostomie cutanée continente avec fermeture du col de la vessie, par laparotomie"
JDCJ001,"Cystostomie, par voie transcutanée avec guidage échographique"
JDDA002,"Cervicocystopexie indirecte au ligament pectinéal [de Cooper], par laparotomie"
JDDA003,"Cervicocystopexie par bandelette par abord vaginal et par voie transcutanée, avec guidage endoscopique"
JDDA004,"Cervicocystopexie directe par bandelette aponévrotique infra-urétrale, par laparotomie"
JDDA005,"Cervicocystopexie directe par bandelette prothétique infra-urétrale, par laparotomie"
JDDA006,"Cervicocystopexie directe par bandelette infra-urétrale, par laparotomie et par voie transvaginale"
JDDA007,"Cervicocystopexie indirecte par bandelette vaginale pédiculée, par laparotomie et par abord vaginal"
JDDA008,"Cervicocystopexie indirecte par abord vaginal et par voie abdominale, avec guidage endoscopique"
JDDB001,"Cervicocystopexie par bandelette synthétique infra-urétrale, par voie transvaginale et par voie transcutanée, avec guidage endoscopique"
JDDC002,"Cervicocystopexie indirecte au ligament pectinéal [de Cooper], par coelioscopie"
JDFA001,"Cystectomie totale avec urétérostomie cutanée, par laparotomie"
JDFA002,"Exérèse de diverticule de la vessie, par laparotomie"
JDFA003,"Cystectomie totale avec urétérostomie cutanée transintestinale par anse détubulée continente, par laparotomie"
JDFA004,"Cystectomie supratrigonale avec entérocystoplastie détubulée d'agrandissement, par laparotomie"
JDFA005,"Cystectomie totale, par laparotomie"
JDFA006,"Cystectomie totale avec anastomose urétérocolique et confection d'un réservoir détubulé rectosigmoïdien ou iléo-recto-sigmoïdien, par laparotomie"
JDFA007,Résection d'un kyste ou d'une fistule du ligament ombilical médian [ouraque]
JDFA008,"Cystectomie totale avec urétérostomie cutanée transintestinale par anse non détubulée, par laparotomie"
JDFA009,"Cystectomie totale avec anastomose urétérocolique directe, par laparotomie"
JDFA010,"Exérèse de la plaque d'une exstrophie vésicale avec dérivation urinaire, avec ostéotomie du bassin"
JDFA011,"Cystectomie partielle, par laparotomie"
JDFA012,"Exérèse de la plaque d'une exstrophie vésicale avec dérivation urinaire, sans ostéotomie du bassin"
JDFA013,"Exérèse de la plaque d'une exstrophie vésicale avec dérivation urinaire et cure unilatérale ou bilatérale de hernie de l'aine, sans ostéotomie du bassin"
JDFA014,"Cystectomie partielle avec implantation de matériel pour irradiation interstitielle de la vessie, par laparotomie"
JDFA015,"Cystectomie supratrigonale avec entérocystoplastie détubulée d'agrandissement et réimplantation urétérovésicale, par laparotomie"
JDFA016,"Cystectomie totale avec entérocystoplastie de remplacement [néovessie] orthotopique par anse détubulée, par laparotomie"
JDFA017,"Cystectomie partielle avec réimplantation urétérovésicale, par laparotomie"
JDFA018,"Résection ou incision du col de la vessie, par abord direct"
JDFA019,"Vésiculo-prostato-cystectomie totale avec anastomose urétérocolique directe, par laparotomie"
JDFA020,"Vésiculo-prostato-cystectomie totale avec urétérostomie cutanée transintestinale par anse détubulée continente, par laparotomie"
JDFA021,"Vésiculo-prostato-cystectomie totale avec entérocystoplastie de remplacement [néovessie] orthotopique par anse détubulée, par laparotomie"
JDFA022,"Vésiculo-prostato-cystectomie totale avec anastomose urétérocolique et confection d'un réservoir détubulé rectosigmoïdien ou iléo-recto-sigmoïdien, par laparotomie"
JDFA023,"Vésiculo-prostato-cystectomie totale avec urétérostomie cutanée, par laparotomie"
JDFA024,"Vésiculo-prostato-cystectomie totale, par laparotomie"
JDFA025,"Vésiculo-prostato-cystectomie totale avec urétérostomie cutanée transintestinale par anse non détubulée, par laparotomie"
JDFC001,"Exérèse de diverticule de la vessie, par coelioscopie"
JDFE001,"Résection de 4 tumeurs de la vessie ou plus, par endoscopie"
JDFE002,"Résection de 1 à 3 tumeurs de la vessie, par endoscopie"
JDFE003,"Résection du col de la vessie, par endoscopie"
JDGE001,"Ablation de calcul ou de corps étranger de la vessie, par endoscopie"
JDHE001,"Biopsie de la vessie à l'anse coupante, par endoscopie"
JDHE002,"Biopsie de la vessie à la pince, par endoscopie"
JDHE003,"Biopsie randomisée de la vessie, par endoscopie"
JDJD001,Évacuation de la vessie par cathétérisme transitoire [Sondage vésical évacuateur]
JDJD002,"Décaillotage de la vessie par sonde, par voie urétrale"
JDJE001,"Décaillotage de la vessie, par endoscopie"
JDKD001,Changement d'une sonde de cystostomie
JDKD002,Changement d'une sonde urétrovésicale
JDLA001,"Implantation vésicale de vecteur pour curiethérapie interstitielle de la vessie, par laparotomie"
JDLD001,Pose d'une sonde urétrovésicale [Sondage vésical à demeure]
JDLD002,Instillation vésicale d'agent pharmacologique par cathétérisme urétral
JDLF001,"Pose d'un cathéter intravésical, par voie transcutanée suprapubienne"
JDMA001,"Entérocystoplastie d'agrandissement par anse détubulée, par laparotomie"
JDMA002,"Entérocystoplastie d'agrandissement avec réimplantation urétérovésicale bilatérale, par laparotomie"
JDMA003,"Reconstruction du col de la vessie, par laparotomie"
JDNE001,"Destruction de lésion de la vessie, par endoscopie"
JDNM001,Lithotritie extracorporelle de la vessie
JDPA001,"Myotomie du corps de la vessie pour agrandissement, par laparotomie"
JDPE001,"Incision de collet de diverticule de la vessie, par urétrocystoscopie"
JDPE002,"Incision cervicale ou cervicoprostatique, par endoscopie"
JDQD001,"Cystomanométrie par cathétérisme urétral, avec profilométrie urétrale"
JDQD002,"Cystomanométrie par cathétérisme urétral, avec profilométrie urétrale suivie de débitmétrie mictionnelle, avec électromyographie du sphincter strié de l'urètre par électrode aiguille"
JDQD003,"Cystomanométrie par cathétérisme urétral, avec mesure des pressions intrarectales ou intravaginales et débitmétrie mictionnelle simultanée [Étude pression-débit urinaire]"
JDQD004,"Cystomanométrie par cathétérisme urétral, avec mesure des pressions intrarectales ou intravaginales, débitmétrie mictionnelle, électromyographie des muscles du périnée et étude des latences des réflexes sacraux"
JDQD005,"Cystomanométrie par cathétérisme urétral, avec mesure des pressions intrarectales ou intravaginales, débitmétrie mictionnelle, électromyographie des muscles du périnée, étude des latences des réflexes sacraux et des potentiels évoqués somesthésiques"
JDQD006,"Cystomanométrie par cathétérisme urétral, avec mesure des pressions intrarectales ou intravaginales et électromyographie du sphincter strié de l'urètre par électrode aiguille"
JDQD007,Cystomanométrie par cathétérisme urétral
JDQE001,Fibroscopie urétrovésicale
JDQE002,Exploration endoscopique d'une néovessie intestinale
JDQE003,Urétrocystoscopie à l'endoscope rigide
JDQF001,"Cystomanométrie, par ponction transcutanée de la vessie"
JDQF002,"Cystomanométrie par ponction transcutanée de la vessie, avec profilométrie urétrale"
JDQH001,Urétrocystographie rétrograde
JDQH002,"Urétrocystographie, par une cystostomie déjà en place"
JDQH003,"Urétrocystographie, par ponction transcutanée de la vessie"
JDQJ001,"Échographie de la vessie et de la prostate, par voie urétrale"
JDQJ002,Échographie transcutanée et échographie par voie rectale et/ou vaginale [par voie cavitaire] de la vessie
JDQJ003,"Échographie de la vessie et de la prostate, par voie rectale"
JDQL001,"Scintigraphie de la vessie, par voie rétrograde"
JDQM001,Échographie transcutanée de la vessie et/ou de la prostate
JDSA001,"Fermeture d'une exstrophie vésicale avec allongement de l'urètre chez la fille, avec ostéotomie du bassin"
JDSA002,"Fermeture de fistule vésicovaginale acquise, par laparotomie"
JDSA003,"Fermeture d'une exstrophie vésicale avec allongement du pénis, sans ostéotomie du bassin"
JDSA004,"Fermeture d'une exstrophie vésicale avec allongement de l'urètre chez la fille, sans ostéotomie du bassin"
JDSA005,"Fermeture de fistule vésico-utérine acquise, par laparotomie"
JDSA006,"Fermeture de fistule vésicovaginale acquise, par abord vaginal"
JDSA007,"Fermeture d'une exstrophie vésicale avec allongement du pénis et cure unilatérale ou bilatérale de hernie de l'aine, sans ostéotomie du bassin"
JDSA008,"Fermeture de fistule vésicocutanée acquise, par abord direct"
JDSA009,"Fermeture d'une exstrophie vésicale avec allongement du pénis, avec ostéotomie du bassin"
JDSA010,Fermeture du col de la vessie pour cystostomie cutanée continente
JEAA001,Allongement intravésical de l'urètre
JEAD001,Dilatation de sténose de l'urètre à l'aveugle
JEAH001,"Dilatation de sténose de l'urètre, avec contrôle radiologique"
JECA001,Urétrostomie cutanée
JECA002,Suture de plaie de l'urètre périnéal
JECE001,"Ouverture de diverticule de l'urètre, par endoscopie"
JEEE001,"Alignement de rupture traumatique de l'urètre, par endoscopie"
JEFA001,Résection et modelage d'une urétrocèle après urétroplastie
JEFA002,"Exérèse de diverticule de l'urètre, par abord direct"
JEFA003,"Exérèse de lésion du méat urétral chez la femme, par abord direct"
JEFA004,Urétrectomie partielle avec urétrostomie cutanée
JEFA005,Exérèse d'un urètre surnuméraire
JEFA007,Urétrectomie totale
JEFA008,"Résection-anastomose de l'urètre antérieur, par abord pénoscrotal"
JEFA009,"Résection-anastomose de l'urètre membranacé [membraneux], par abord périnéal"
JEFA010,"Résection-anastomose de l'urètre postérieur, par laparotomie sans abord transsymphysaire"
JEFA011,"Résection-anastomose de l'urètre bulbaire, par abord périnéal"
JEFA012,"Résection-anastomose de l'urètre postérieur, par laparotomie avec abord transsymphysaire"
JEFE001,"Résection de tumeur de l'urètre, par endoscopie"
JEFE003,"Résection du sphincter strié de l'urètre, par endoscopie"
JEFE004,"Résection de sténose de l'urètre à l'anse coupante, par endoscopie"
JEFE005,"Résection de valve de l'urètre, par endoscopie"
JEGA001,"Ablation d'une prothèse sphinctérienne péricervicale ou périprostatique, par laparotomie"
JEGA002,"Ablation d'une prothèse sphinctérienne urinaire périurétrale pénienne ou bulbomembranacée [bulbomembraneuse], par abord direct"
JEGA003,"Ablation de corps étranger de l'urètre, par abord direct"
JEGE001,"Ablation de corps étranger de l'urètre, par urétroscopie"
JEGE002,"Ablation d'une endoprothèse temporaire de l'urètre, par endoscopie"
JEGE003,"Épilation de l'urètre, par endoscopie"
JEGE004,"Ablation d'une endoprothèse définitive de l'urètre, par endoscopie"
JEHD001,Frottis et/ou prélèvement urétral
JEHE001,"Biopsie de l'urètre à l'anse coupante, par endoscopie"
JEHE002,"Biopsie de l'urètre à la pince, par endoscopie"
JEKA001,"Changement d'élément ou repressurisation d'une prothèse sphinctérienne périurétrale pénienne ou bulbomembraneuse, par laparotomie"
JEKA002,"Changement complet d'une prothèse sphinctérienne urinaire périurétrale pénienne ou bulbomembranacée [bulbomembraneuse], par abord direct"
JEKA003,"Changement complet d'une prothèse sphinctérienne péricervicale ou périprostatique, par laparotomie"
JEKA004,"Changement de la manchette d'une prothèse sphinctérienne péricervicale ou périprostatique, par laparotomie"
JEKE001,"Changement d'une endoprothèse de l'urètre, par endoscopie"
JELA001,"Pose d'une prothèse sphinctérienne urinaire péricervicale chez la femme, par laparotomie"
JELA002,"Pose d'une prothèse sphinctérienne urinaire périurétrale pénienne ou bulbomembranacée [bulbomembraneuse], par abord direct"
JELA003,"Pose d'une prothèse sphinctérienne urinaire périurétroprostatique, par laparotomie"
JELA004,"Pose d'une prothèse sphinctérienne urinaire péricervicale avec abord rétrovésical chez l'homme, par laparotomie"
JELD001,"Injection sousmuqueuse périurétrocervicale de matériel hétérologue par voie transvaginale, avec guidage endoscopique"
JELE001,"Injection sousmuqueuse intra-urétrale de matériel hétérologue, par endoscopie"
JELE002,"Pose d'une endoprothèse de l'urètre, par endoscopie"
JELE003,"Pose d'une endoprothèse de l'urètre cervicoprostatique, par endoscopie"
JEMA001,"Urétrocervicoplastie de continence avec entérocystoplastie d'agrandissement, par laparotomie"
JEMA002,"Urétrocervicoplastie de continence, par laparotomie"
JEMA003,Retouche de cicatrice cutanée après urétroplastie
JEMA004,Urétroplastie pour méga-urètre congénital
JEMA005,Plastie de l'urètre postérieur par lambeau pédiculé
JEMA006,Urétroplastie pour hypospadias périnéoscrotal avec redressement du pénis
JEMA007,Plastie de l'urètre antérieur par lambeau pédiculé
JEMA009,Urétroplastie chez la femme
JEMA010,Plastie de l'urètre antérieur par lambeau libre
JEMA011,"Méatoplastie de l'urètre par abord direct, chez le garçon"
JEMA012,Urétroplastie balanique ou rétroméatique
JEMA013,"Méatoplastie de l'urètre par abord direct, chez la fille"
JEMA014,"Urétroplastie pour hypospadias balanique ou pénien antérieur, avec reconstruction du prépuce"
JEMA015,Reconstruction de l'urètre antérieur après mise à plat
JEMA016,"Méatoplastie de l'urètre avec lambeau préputial ou cutané, chez l'adulte"
JEMA017,"Méatoplastie ou méatotomie urétrale sans lambeau, chez l'adulte"
JEMA018,"Urétrocervicoplastie de continence avec réimplantation urétérovésicale et création de montage antireflux, par laparotomie"
JEMA019,Urétroplastie pour hypospadias pénien postérieur ou moyen avec redressement du pénis
JEMA020,Urétroplastie pour hypospadias pénien postérieur ou moyen sans redressement du pénis
JEMA021,"Urétroplastie pour hypospadias balanique ou pénien antérieur, sans reconstruction du prépuce"
JEMA022,Reconstruction de l'urètre postérieur après mise à plat
JEMA023,Plastie de l'urètre postérieur par lambeau libre
JENE001,"Destruction de lésion de l'urètre, par endoscopie"
JEPA001,Mise à plat de sténose de l'urètre postérieur
JEPA006,Mise à plat de sténose de l'urètre antérieur
JEPD001,Urétrotomie interne à l'aveugle
JEPD002,Urétrotomie interne méatique ou rétroméatique à l'aveugle
JEPE001,"Incision du sphincter strié de l'urètre, par endoscopie"
JEPE002,"Urétrotomie, par endoscopie"
JEPH001,"Incision de valve de l'urètre par endoscopie, avec contrôle radiologique"
JEQD001,Profilométrie urétrale
JEQD002,Sphinctérométrie par cathétérisme urétral
JESA001,"Fermeture de fistule urétro-prostato-rectale, par abord périnéal"
JESA003,Fermeture de fistule cutanée de l'urètre
JESA004,"Fermeture de fistule urétro-prostato-rectale, par laparotomie"
JESA005,"Fermeture de fistule urétro-prostato-rectale, par abord anal transsphinctérien"
JFFA001,"Pelvectomie antérieure avec urétérostomie cutanée, par laparotomie"
JFFA002,"Pelvectomie postérieure avec rétablissement de la continuité digestive, par laparotomie"
JFFA003,"Pelvectomie antérieure avec urétérostomie cutanée transintestinale par anse non détubulée, par laparotomie"
JFFA004,"Pelvectomie postérieure sans rétablissement de la continuité digestive, par laparotomie et par abord périnéal"
JFFA005,"Pelvectomie postérieure sans rétablissement de la continuité digestive, par laparotomie"
JFFA006,"Exérèse de lésion de l'espace rétropéritonéal sans dissection des gros vaisseaux, par thoraco-phréno-laparotomie"
JFFA007,"Exérèse d'une lipomatose pelvienne, par laparotomie"
JFFA008,"Pelvectomie totale avec urétérostomie cutanée, par laparotomie et par abord périnéal"
JFFA009,"Pelvectomie antérieure avec anastomose urétérocolique directe, par laparotomie"
JFFA010,"Exérèse de lésion de l'espace rétropéritonéal sans dissection des gros vaisseaux, par laparotomie ou par lombotomie"
JFFA011,"Pelvectomie totale avec urétérostomie cutanée transintestinale par anse non détubulée, par laparotomie et par abord périnéal"
JFFA012,"Exérèse de lésion endométriosique de la cloison rectovaginale, par abord vaginal"
JFFA013,"Pelvectomie totale avec urétérostomie cutanée transintestinale par anse détubulée continente, par laparotomie et par abord périnéal"
JFFA014,"Exérèse de lésion endométriosique de la cloison rectovaginale, par laparotomie"
JFFA015,"Exérèse d'un tératome sacrococcygien, par laparotomie et par abord transsacrococcygien [de Kraske]"
JFFA016,"Pelvectomie antérieure avec urétérostomie cutanée transintestinale par anse détubulée continente, par laparotomie"
JFFA017,"Exérèse d'un tératome sacrococcygien de plus de 10 cm de diamètre, par abord transsacrococcygien [de Kraske]"
JFFA018,"Pelvectomie antérieure, par laparotomie"
JFFA019,"Pelvectomie antérieure avec anastomose urétérocolique et confection d'un réservoir détubulé rectosigmoïdien ou iléo-recto-sigmoïdien, par laparotomie"
JFFA020,"Exérèse d'un tératome sacrococcygien de moins de 10 cm de diamètre, par abord transsacrococcygien [de Kraske]"
JFFA021,"Exérèse de lésion de l'espace rétropéritonéal avec dissection des gros vaisseaux, par abord direct"
JFFA022,"Pelvectomie antérieure avec entérocystoplastie de remplacement [néovessie] orthotopique par anse détubulée, par laparotomie"
JFFC001,"Exérèse de lésion endométriosique de la cloison rectovaginale, par coelioscopie"
JFFC002,"Exérèse de lésion de l'espace rétropéritonéal, par coelioscopie ou par rétropéritonéoscopie"
JFJA001,"Évacuation de collection périrénale, par abord direct"
JFJC001,"Évacuation de collection périrénale, par coelioscopie ou par rétropéritonéoscopie"
JFQA001,"Exploration de l'espace rétropéritonéal et de son contenu, par lombotomie [Lombotomie exploratrice]"
JFQC001,"Exploration de l'espace rétropéritonéal et de son contenu, par rétropéritonéoscopie [Rétropéritonéoscopie exploratrice]"
JGFA005,"Adénomectomie transvésicale de la prostate, par laparotomie"
JGFA006,"Vésiculoprostatectomie totale, par laparotomie"
JGFA007,"Exérèse rétrovésicale ou transvésicale de l'utricule de la prostate, par laparotomie"
JGFA008,"Exérèse des vésicules séminales, par laparotomie"
JGFA009,"Adénomectomie rétropubienne ou transcapsulaire de la prostate, par laparotomie"
JGFA011,"Vésiculoprostatectomie totale, par abord périnéal"
JGFC001,"Vésiculoprostatectomie totale, par coelioscopie"
JGFE001,"Résection palliative de la prostate [Recalibrage de l'urètre], par endoscopie"
JGFE002,"Résection d'une hypertrophie de la prostate, par endoscopie"
JGFE003,"Résection ou marsupialisation de collection de la prostate ou de diverticule de l'urètre, par endoscopie"
JGFE004,"Résection et/ou désobstruction des conduits éjaculateurs, par urétrocystoscopie"
JGHB001,"Ponction-cytoaspiration de la prostate, par voie transrectale ou transpérinéale"
JGHB002,"Biopsie de la prostate, par voie transpérinéale avec guidage au doigt"
JGHD001,"Biopsie de la prostate, par voie transrectale avec guidage au doigt"
JGHJ001,"Biopsie de la prostate, par voie transrectale avec guidage échographique"
JGHJ002,"Biopsie de la prostate, par voie transpérinéale avec guidage échographique"
JGJB001,"Évacuation de collection de la prostate, par voie transrectale ou transpérinéale avec guidage au doigt"
JGND001,Thermothérapie de la prostate
JGND002,Cryothérapie de la prostate
JGND003,Traitement d'une hypertrophie prostatique par radiofréquence [TUNA]
JGNL001,Curiethérapie de la prostate par insertion permanente d'iode 125
JGQH001,"Déférentovésiculographie, par ponction transcutanée du conduit déférent avec guidage échographique"
JGQH003,"Déférentovésiculographie unilatérale ou bilatérale, par cathétérisme endoscopique des conduits éjaculateurs"
JGQH004,"Déférentovésiculographie, par ponction transcutanée du conduit déférent sans guidage"
JGQJ001,"Échographie de la prostate et des vésicules séminales, par voie rectale"
JHAA001,"Allongement du pénis avec urétroplastie, pour épispadias"
JHAA002,"Allongement du pénis sans urétroplastie, pour épispadias"
JHAA003,Élargissement du pénis
JHAA004,Allongement du pénis par section du ligament suspenseur
JHAA005,Allongement du pénis par plastie des corps caverneux
JHBA001,"Plicature de la tunique vaginale du testicule, par abord scrotal"
JHCA001,"Anastomose spongiocaverneuse, par abord direct"
JHCA002,"Anastomose déférentodéférentielle, par abord scrotal"
JHCA003,"Microprélèvement de l'épididyme, par abord direct"
JHCA004,Suture de rupture des corps caverneux du pénis
JHCA005,"Anastomose épididymodéférentielle, par abord scrotal"
JHCA006,"Suture de rupture du testicule, par abord scrotal"
JHCA007,"Artérialisation des corps caverneux du pénis, par abord direct"
JHCB001,"Microponction du testicule, par voie transcutanée"
JHCF001,"Microprélèvement de l'épididyme, par voie transcutanée"
JHDA001,"Orchidopexie, par abord scrotal"
JHEA001,"Abaissement et fixation d'un testicule ectopique non palpable, par abord inguinal et par abord scrotal"
JHEA002,"Abaissement et fixation d'un testicule ectopique palpable, par abord inguinal et par abord scrotal"
JHEA003,Réduction chirurgicale d'un paraphimosis
JHEA004,"Abaissement et fixation d'un testicule ectopique non palpable, par coelioscopie et par abord inguinoscrotal"
JHEA005,Réimplantation du pénis
JHEA006,Redressement du pénis par dissection ventrale et plicature dorsale
JHEA007,Redressement du pénis par plicature-excision des corps caverneux
JHEA008,Redressement du pénis avec excision de plaque de sclérose de l'albuginée des corps caverneux et greffe
JHEA009,"Détorsion du cordon spermatique ou exérèse des annexes du testicule, par abord direct"
JHEA010,"Détorsion du cordon spermatique avec orchidopexie unilatérale ou bilatérale, par abord direct"
JHEA011,Dérotation chirurgicale du pénis
JHEA012,Autotransplantation du testicule
JHEP001,Réduction manuelle d'un paraphimosis
JHEP002,Détorsion manuelle du cordon spermatique
JHFA001,"Exérèse d'un kyste du cordon spermatique chez l'adulte, par abord inguinal"
JHFA002,Résection plastique ou exérèse du scrotum
JHFA003,"Orchidectomie pour cryptorchidie abdominale, par laparotomie"
JHFA004,"Exérèse d'un kyste de l'épididyme, par abord scrotal"
JHFA005,"Orchidectomie, par abord inguinal"
JHFA006,"Orchidectomie avec pose de prothèse testiculaire, par abord inguinal"
JHFA007,Exérèse de lésion des corps caverneux du pénis
JHFA008,"Orchidectomie élargie au cordon spermatique [Orchiépididymectomie], par abord inguinal"
JHFA009,Posthectomie
JHFA010,"Pulpectomie testiculaire unilatérale ou bilatérale, par abord scrotal"
JHFA011,Amputation totale du pénis
JHFA012,"Exérèse de lésion du testicule, par abord scrotal"
JHFA013,"Résection de la tunique vaginale du testicule, par abord scrotal"
JHFA014,"Épididymectomie, par abord scrotal"
JHFA015,"Exérèse de lésion de la peau du pénis, du gland et/ou du sillon balanopréputial, sans anesthésie générale ou locorégionale"
JHFA016,Amputation partielle du pénis
JHFA017,"Orchidectomie, par abord scrotal"
JHFA018,"Exérèse de lésion de la peau du pénis, du gland et/ou du sillon balanopréputial, sous anesthésie générale ou locorégionale"
JHFA019,"Résection d'une hydrocèle abdominoscrotale, par laparotomie ou par abord inguinal"
JHFB001,"Prélèvement de spermatozoïdes au niveau du testicule, de l'épididyme ou du conduit déférent, par voie transcutanée"
JHFC001,"Orchidectomie pour cryptorchidie abdominale, par coelioscopie"
JHGA001,Ablation d'une prothèse pénienne hydraulique avec composant extracaverneux
JHGA002,Ablation d'une prothèse de testicule
JHGA003,Ablation d'une prothèse pénienne sans composant extracaverneux
JHHA001,Biopsie du pénis
JHHA002,"Biopsie unilatérale du testicule, par abord direct"
JHHA003,"Biopsie bilatérale du testicule, par abord direct"
JHHB001,Ponction des corps caverneux du pénis
JHHB002,"Biopsie du testicule, par voie transcutanée"
JHJA001,"Évacuation ou mise à plat d'un abcès du scrotum, par abord direct"
JHJB001,"Évacuation d'hydrocèle avec injection de produit sclérosant, par voie transcutanée"
JHJB002,"Lavage des corps caverneux du pénis, par voie transcutanée"
JHJB003,"Évacuation d'hydrocèle sans injection de produit sclérosant, par voie transcutanée"
JHKA002,"Changement d'une prothèse de testicule, par abord inguinal"
JHKA003,Changement d'une prothèse pénienne hydraulique sans composant extracaverneux
JHKA004,Changement d'une prothèse pénienne hydraulique avec composant extracaverneux
JHLA001,Armature d'un néopénis
JHLA002,Pose d'une prothèse pénienne hydraulique sans composant extracaverneux
JHLA003,Pose d'une prothèse pénienne rigide ou semirigide
JHLA004,Pose d'une prothèse pénienne hydraulique avec composant extracaverneux
JHLA005,"Pose d'une prothèse de testicule, par abord inguinal"
JHLB001,"Injection thérapeutique d'agent pharmacologique vasoactif dans les corps caverneux du pénis, par voie transcutanée"
JHLB002,"Infiltration de plaque de sclérose de l'albuginée des corps caverneux du pénis, par voie transcutanée"
JHMA001,Plastie du prépuce du pénis [Posthoplastie]
JHMA002,Reconstruction de la peau du pénis par greffe cutanée
JHMA003,Reconstruction du prépuce du pénis
JHMA004,Phalloplastie par lambeau cutané tubulé pénien
JHMA005,Plastie du scrotum pour éléphantiasis
JHMA006,Confection d'une spermatocèle
JHMA007,Phalloplastie par lambeau cutané libre
JHMA008,Phalloplastie par lambeau inguinal pédiculé
JHMB001,"Création de fistule spongiocaverneuse, par voie transcutanée"
JHNP001,Destruction de lésion du gland et/ou du prépuce du pénis
JHPA001,Section ou plastie du frein du prépuce du pénis
JHPA002,Désenfouissement du pénis par fixation des fascias
JHPA003,Libération d'adhérences du prépuce du pénis
JHQA001,"Exploration du contenu scrotal, par abord inguinal"
JHQA002,"Exploration du contenu scrotal sans biopsie, par abord scrotal"
JHQA003,"Exploration du contenu scrotal avec biopsie, par abord scrotal"
JHQB001,Mesure de la rigidité du pénis avec injection de produit vasoactif
JHQB002,"Mesure pression-débit, par ponction transcutanée des corps caverneux du pénis"
JHQH001,"Cavernographie, par ponction transcutanée des corps caverneux du pénis"
JHQL001,Scintigraphie unilatérale ou bilatérale du testicule et/ou scintigraphie du pénis
JHQM001,Échographie transcutanée unilatérale ou bilatérale du contenu des bourses
JHQM002,Échographie du pénis
JHQP001,Mesure nocturne de la tumescence et de la rigidité du pénis
JHQP002,Péniscopie
JHSA001,"Ligature, section ou résection unilatérale ou bilatérale du conduit déférent, par abord scrotal"
JHSA002,Fermeture de fistule spongiocaverneuse du pénis
JHSB001,"Ligature, section ou résection unilatérale ou bilatérale du conduit déférent, par voie transcutanée"
JJCA001,"Salpingonéostomie ou fimbrioplastie, par laparotomie"
JJCA002,"Suture de déchirure du ligament large, par laparotomie"
JJCC001,"Salpingonéostomie ou fimbrioplastie, par coelioscopie"
JJEA001,"Détorsion de l'annexe, par laparotomie"
JJEA002,"Transposition bilatérale de l'ovaire, par laparotomie"
JJEA003,"Transposition unilatérale de l'ovaire, par laparotomie"
JJEC001,"Détorsion de l'annexe, par coelioscopie"
JJEC002,"Transposition bilatérale de l'ovaire, par coelioscopie"
JJEC003,"Transposition unilatérale de l'ovaire, par coelioscopie"
JJFA001,"Salpingectomie partielle ou totale pour grossesse extra-utérine, par laparotomie"
JJFA002,"Résection partielle de l'ovaire, par laparotomie"
JJFA003,"Ovariectomie unilatérale, par laparotomie"
JJFA004,"Salpingoovariectomie [Annexectomie], par laparotomie"
JJFA005,"Ovariectomie bilatérale, par laparotomie"
JJFA006,"Exérèse de reliquat embryonnaire du ligament large, par laparotomie"
JJFA007,"Salpingectomie totale, par laparotomie"
JJFA008,"Kystectomie ovarienne, par laparotomie"
JJFA009,"Salpingectomie partielle avec anastomose tubotubaire, par laparotomie"
JJFC001,"Salpingectomie partielle ou totale pour grossesse extra-utérine, par coelioscopie"
JJFC002,"Exérèse de reliquat embryonnaire du ligament large, par coelioscopie"
JJFC003,"Kystectomie ovarienne intrapéritonéale, par coelioscopie"
JJFC004,"Résection partielle de l'ovaire, par coelioscopie"
JJFC005,"Salpingectomie partielle avec anastomose tubotubaire, par coelioscopie"
JJFC006,"Salpingectomie totale, par coelioscopie"
JJFC007,"Kystectomie ovarienne transpariétale, par coelioscopie"
JJFC008,"Ovariectomie unilatérale, par coelioscopie"
JJFC009,"Ovariectomie bilatérale, par coelioscopie"
JJFC010,"Salpingoovariectomie [Annexectomie], par coelioscopie"
JJFC011,"Prélèvement d'ovocytes sur un ou deux ovaires, par coelioscopie"
JJFJ001,"Prélèvement d'ovocytes sur un ou deux ovaires, par voie transvaginale avec guidage échographique"
JJJA001,"Évacuation de collection de l'annexe ou du ligament large, par laparotomie"
JJJA002,"Expression tubaire pour évacuation tuboabdominale de grossesse extra-utérine, par laparotomie"
JJJC001,"Évacuation de collection de l'annexe ou du ligament large, par coelioscopie"
JJJC002,"Expression tubaire pour évacuation tuboabdominale de grossesse extra-utérine, par coelioscopie"
JJLE001,"Cathétérisme rétrograde unilatéral ou bilatéral de la trompe utérine, par hystéroscopie"
JJLJ001,"Injection intraovulaire d'agent pharmacologique pour grossesse extra-utérine, par voie transvaginale avec guidage échographique"
JJLJ002,"Cathétérisme rétrograde unilatéral ou bilatéral de la trompe utérine, par voie vaginale avec guidage échographique"
JJPA001,"Salpingotomie avec aspiration de grossesse extra-utérine, par laparotomie"
JJPA002,"Ovariotomie exploratrice, par laparotomie"
JJPA003,"Interruption unilatérale ou bilatérale de la perméabilité des trompes utérines, par laparotomie"
JJPA004,"Interruption unilatérale ou bilatérale de la perméabilité des trompes utérines, par abord vaginal"
JJPC001,"Salpingotomie avec aspiration de grossesse extra-utérine, par coelioscopie"
JJPC002,"Ovariotomie exploratrice, par coelioscopie"
JJPC003,"Interruption unilatérale ou bilatérale de la perméabilité des trompes utérines, par coelioscopie"
JJQC001,"Exploration antérograde unilatérale ou bilatérale de la trompe utérine [Salpingoscopie gynécologique], par coelioscopie"
JJQE001,"Exploration rétrograde unilatérale ou bilatérale de la trompe utérine [Salpingoscopie gynécologique] [Falloposcopie], par voie utérine"
JJSH001,"Occlusion ou reperméabilisation de la trompe utérine, par voie vaginale avec guidage radiologique"
JKBA001,"Cerclage de l'isthme utérin par abord vaginal, en dehors de la grossesse"
JKBA002,"Cerclage de l'isthme utérin par laparotomie, en dehors de la grossesse"
JKCA001,"Hystérorraphie, par laparotomie"
JKDA001,"Hystéropexie postérieure [Promontofixation] avec cervicocystopexie directe au ligament pectinéal [de Cooper], par laparotomie"
JKDA002,"Hystéropexie postérieure [Promontofixation] avec cervicocystopexie indirecte au ligament pectinéal [de Cooper], par laparotomie"
JKDA003,"Hystéropexie postérieure [Promontofixation], par laparotomie"
JKDC001,"Hystéropexie postérieure [Promontofixation], par coelioscopie"
JKFA001,"Hystérectomie subtotale avec annexectomie unilatérale ou bilatérale et suspension postérieure du col de l'utérus [colposuspension], par laparotomie"
JKFA002,"Hystérectomie totale avec colpopérinéorraphies antérieure et postérieure, par abord vaginal"
JKFA003,"Exérèse d'un hémiutérus malformé [Hémihystérectomie], par laparotomie"
JKFA004,"Hystérectomie totale avec annexectomie unilatérale ou bilatérale et suspension postérieure du dôme du vagin, par laparotomie"
JKFA005,"Hystérectomie totale avec annexectomie unilatérale ou bilatérale, par abord vaginal"
JKFA006,"Hystérectomie totale avec annexectomie unilatérale ou bilatérale, par coelioscopie et par abord vaginal"
JKFA007,"Hystérectomie totale avec annexectomie unilatérale ou bilatérale et colpopérinéorraphies antérieure et postérieure, par abord vaginal"
JKFA008,"Trachélectomie [Cervicectomie] [Amputation du col de l'utérus], par abord vaginal"
JKFA009,"Trachélectomie sur col restant de l'utérus, par laparotomie"
JKFA010,"Exérèse de lésion du col de l'utérus, par colposcopie"
JKFA011,"Trachélectomie sur col restant de l'utérus, par abord vaginal"
JKFA012,"Hystérectomie subtotale avec suspension postérieure du col de l'utérus [colposuspension] et cervicocystopexie indirecte au ligament pectinéal [de Cooper], par laparotomie"
JKFA013,"Hystérectomie totale avec suspension postérieure du dôme du vagin, par laparotomie"
JKFA014,"Hystérectomie subtotale avec suspension postérieure du col de l'utérus [colposuspension], par laparotomie"
JKFA015,"Hystérectomie totale, par laparotomie"
JKFA016,"Myomectomie unique de l'utérus, par laparotomie"
JKFA017,"Exérèse de lésion du col de l'utérus, par voie vaginale"
JKFA018,"Hystérectomie totale, par coelioscopie et par abord vaginal"
JKFA019,"Colpotrachélectomie [Colpocervicectomie] élargie aux paramètres, par laparotomie"
JKFA020,"Colpohystérectomie totale élargie aux paramètres, par coelioscopie et par abord vaginal"
JKFA021,"Hystérectomie totale avec annexectomie unilatérale ou bilatérale et colpopérinéorraphie antérieure ou postérieure, par abord vaginal"
JKFA022,"Myomectomie multiple de l'utérus, par laparotomie"
JKFA023,"Colpohystérectomie totale élargie aux paramètres, par abord vaginal"
JKFA024,"Hystérectomie subtotale, par laparotomie"
JKFA025,"Hystérectomie totale avec colpopérinéorraphie antérieure ou postérieure, par abord vaginal"
JKFA026,"Hystérectomie totale, par abord vaginal"
JKFA027,"Colpohystérectomie totale élargie aux paramètres, par laparotomie"
JKFA028,"Hystérectomie totale avec annexectomie unilatérale ou bilatérale, par laparotomie"
JKFA029,"Hystérectomie subtotale avec annexectomie unilatérale ou bilatérale, suspension postérieure du col de l'utérus [colposuspension] et cervicocystopexie indirecte au ligament pectinéal [de Cooper], par laparotomie"
JKFA030,"Colpotrachélectomie [Colpocervicectomie] élargie aux paramètres, par abord vaginal"
JKFA031,Conisation du col de l'utérus
JKFA032,"Hystérectomie subtotale avec annexectomie unilatérale ou bilatérale, par laparotomie"
JKFC001,"Myomectomie de l'utérus avec hystérotomie, par coelioscopie"
JKFC002,"Hystérectomie subtotale, par coelioscopie"
JKFC003,"Hystérectomie totale avec annexectomie unilatérale ou bilatérale, par coelioscopie"
JKFC004,"Myomectomie de l'utérus sans hystérotomie, par coelioscopie"
JKFC005,"Hystérectomie totale, par coelioscopie"
JKFC006,"Hystérectomie subtotale avec annexectomie unilatérale ou bilatérale, par coelioscopie"
JKFD001,"Exérèse de lésion pédiculée de l'utérus accouchée par le col, par voie vaginale"
JKFE001,"Exérèse de polype de l'utérus, par hystéroscopie"
JKFE002,"Résection de myome de l'utérus, par hystéroscopie"
JKGA001,"Ablation d'un dispositif intra-utérin, par laparotomie"
JKGC001,"Ablation d'un dispositif intra-utérin, par coelioscopie"
JKGD001,"Ablation d'un dispositif intra-utérin par un matériel intra-utérin de préhension, par voie vaginale"
JKGD002,Curetage de la cavité de l'utérus à visée thérapeutique
JKGD003,Curetage de la cavité de l'utérus à visée diagnostique
JKGD004,"Ablation d'un dispositif intra-utérin, par voie vaginale"
JKGE001,"Ablation d'un dispositif intra-utérin, par hystéroscopie"
JKGE002,"Ablation de corps étranger de l'utérus, par hystéroscopie"
JKHA001,"Biopsie ou frottis de l'endomètre, sans hystéroscopie"
JKHA002,Biopsie du col de l'utérus
JKHD001,Prélèvement cervicovaginal
JKHD002,"Prélèvement et examen de la glaire cervicale, sans examen de la mobilité des spermatozoïdes"
JKHD003,"Prélèvement et examen de la glaire cervicale, avec examen de la mobilité des spermatozoïdes [Test postcoïtal de Huhner]"
JKKD001,Changement d'un dispositif intra-utérin
JKLD001,Pose d'un dispositif intra-utérin
JKMA001,"Hystéroplastie, par laparotomie"
JKMD001,Stomatoplastie du col de l'utérus
JKND001,"Destruction de la muqueuse utérine par thermocontact, par voie vaginale"
JKND002,"Destruction de lésion du col de l'utérus, du vagin, de la vulve, du périnée et de la région périanale, avec laser"
JKND003,"Destruction de lésion du col de l'utérus par colposcopie, avec laser"
JKND004,"Destruction de lésion du col de l'utérus par colposcopie, sans laser"
JKNE001,"Abrasion de la muqueuse de l'utérus [Endométrectomie], par hystéroscopie"
JKNL001,"Curiethérapie intracavitaire utérovaginale à bas débit de dose avec projecteur de source, avec dosimétrie tridimensionnelle après acquisition des données anatomiques par scanographie et/ou remnographie [IRM]"
JKNL002,"Curiethérapie intracavitaire utérovaginale à débit de dose pulsé, avec dosimétrie tridimensionnelle après acquisition des données anatomiques par scanographie et/ou remnographie [IRM]"
JKNL003,"Curiethérapie intracavitaire utérovaginale à bas débit de dose sans projecteur de source, avec dosimétrie bidimensionnelle après acquisition des données anatomiques par clichés radiographiques de repérage spatial"
JKNL004,"Curiethérapie intracavitaire utérovaginale à bas débit de dose avec projecteur de source, avec dosimétrie bidimensionnelle après acquisition des données anatomiques par clichés radiographiques de repérage spatial"
JKNL005,"Curiethérapie intracavitaire utérovaginale à bas débit de dose sans projecteur de source, avec dosimétrie tridimensionnelle après acquisition des données anatomiques par scanographie et/ou remnographie [IRM]"
JKNL006,"Curiethérapie intracavitaire utérovaginale à débit de dose pulsé, avec dosimétrie bidimensionnelle après acquisition des données anatomiques par clichés radiographiques de repérage spatial"
JKPC001,"Section et/ou destruction de synéchies de l'utérus, par hystéroscopie avec guidage coelioscopique"
JKPD001,Libération d'une sténose récente et totale du col de l'utérus
JKPD002,"Section et/ou destruction de synéchies de l'utérus, par voie vaginale"
JKPE001,"Section ou résection de cloison utérine, par hystéroscopie"
JKPE002,"Section et/ou destruction de synéchies de l'utérus, par hystéroscopie"
JKPJ001,"Section et/ou destruction de synéchies de l'utérus, par hystéroscopie avec guidage échographique"
JKPJ002,"Section ou résection de cloison utérine, par voie vaginale avec guidage échographique"
JKQE001,Hystéroscopie avec curetage de la cavité de l'utérus
JKQE002,Hystéroscopie
JKQH001,Hystérosalpingographie
JKQJ001,Hystérosonographie
JLAD001,Séance de dilatation vaginale par bougies
JLCA001,"Colpopérinéorraphie postérieure, avec réfection du canal et du muscle sphincter externe de l'anus"
JLCA002,"Colpopérinéorraphie postérieure, avec réfection du muscle sphincter externe de l'anus"
JLCA003,Colpopérinéorraphie antérieure et postérieure avec trachélectomie
JLCA004,Colpopérinéorraphie postérieure
JLCA005,Colpopérinéorraphie antérieure et postérieure
JLCA006,"Anastomose utérovaginale ou vaginovaginale, pour malformation utérovaginale"
JLCA007,Colpopérinéorraphie antérieure
JLCA008,Suture de plaie du vagin
JLCA009,"Colpopérinéorraphie postérieure, avec résection d'élytrocèle par abord vaginal"
JLDA001,"Suspension du dôme du vagin [Promontofixation du dôme vaginal], par laparotomie"
JLDA002,"Suspension du dôme du vagin [Promontofixation du dôme vaginal], par abord vaginal"
JLDA003,"Suspension du dôme du vagin [Promontofixation du dôme vaginal], avec cervicocystopexie directe par bandelette infra-urétrale, par laparotomie"
JLDA004,"Suspension du dôme du vagin [Promontofixation du dôme vaginal], avec cervicocystopexie indirecte au ligament pectinéal [de Cooper], par laparotomie"
JLFA001,Excision de diaphragme du vagin
JLFA002,Exérèse de lésion du vagin
JLFA003,"Colpectomie subtotale ou totale, par laparotomie"
JLFA004,"Colpectomie subtotale ou totale, par abord vaginal"
JLFD001,Hyménectomie ou hyménotomie
JLFD002,Résection de cloison longitudinale du vagin
JLGD001,Ablation ou changement de dispositif intravaginal
JLGE001,"Ablation de corps étranger du vagin, par vaginoscopie"
JLHA001,Biopsie du vagin
JLJA001,"Évacuation d'hématome ou de thrombus du vagin, de la vulve et/ou du périnée d'origine obstétricale, par abord direct"
JLJA002,"Évacuation de collection paravaginale, par colpotomie latérale"
JLJB001,"Évacuation de collection de la paroi du vagin ou de la vulve, par voie transvaginale ou transcutanée"
JLJD001,Drainage d'un hématocolpos ou d'un hydrocolpos
JLLD001,Pose de dispositif intravaginal
JLMA001,"Création d'un néovagin par clivage intervésicorectal, par laparotomie et par abord périnéal"
JLMA002,"Création d'un néovagin par clivage intervésicorectal, par abord périnéal"
JLMA003,"Création d'un néovagin par clivage intervésicorectal, par coelioscopie et par abord périnéal"
JLMA004,"Création d'un néovagin par transplantation intestinale, par laparotomie"
JLMA005,"Création d'un néovagin par pose de dispositif de traction progressive, par laparotomie"
JLMC001,"Création d'un néovagin par pose de dispositif de traction progressive, par coelioscopie"
JLMD001,Réparation de l'hymen
JLND001,"Destruction de lésion du vagin, sans laser"
JLND002,"Destruction de lésion du vagin, avec laser"
JLNL001,"Curiethérapie intracavitaire vaginale à bas débit de dose sans projecteur de source, avec dosimétrie dans un plan"
JLNL002,Curiethérapie intracavitaire vaginale à haut débit de dose avec dosimétrie bidimensionnelle
JLNL003,"Curiethérapie intracavitaire vaginale à bas débit de dose avec projecteur de source, avec dosimétrie bidimensionnelle après acquisition des données anatomiques par clichés radiographiques de repérage spatial"
JLNL004,"Curiethérapie intracavitaire vaginale à bas débit de dose avec projecteur de source, avec dosimétrie dans un plan"
JLNL005,"Curiethérapie intracavitaire vaginale à bas débit de dose sans projecteur de source, avec dosimétrie bidimensionnelle après acquisition des données anatomiques par clichés radiographiques de repérage spatial"
JLNL006,"Curiethérapie intracavitaire vaginale à débit de dose pulsé, avec dosimétrie bidimensionnelle après acquisition des données anatomiques par clichés radiographiques de repérage spatial"
JLNL007,"Curiethérapie intracavitaire vaginale à débit de dose pulsé, avec dosimétrie dans un plan"
JLNL008,Curiethérapie intracavitaire vaginale à haut débit de dose avec dosimétrie dans un plan
JLPA001,Incisions radiées de diaphragme du vagin
JLQE001,Vaginoscopie
JLQE002,Colposcopie
JLQK001,Colpo-cysto-rectographie dynamique
JLSD001,Fermeture du vagin
JMBA001,"Plicature infra-urétrale, par abord vaginal"
JMCA001,Suture immédiate de déchirure obstétricale du périnée avec lésion du rectum [périnée complet compliqué]
JMCA002,"Suture immédiate de déchirure obstétricale du vagin, de la vulve et/ou du périnée [périnée simple]"
JMCA003,Suture immédiate de déchirure obstétricale du périnée avec lésion du muscle sphincter externe de l'anus [périnée complet]
JMCA004,Suture immédiate de déchirure obstétricale du périnée avec lésion de la vessie ou de l'urètre
JMDA001,"Soutènement vésical par myoplastie infra-urétrale, par abord vaginal"
JMEA001,Transposition du clitoris
JMEA002,Lambeau neurovasculaire pédiculé du clitoris
JMFA001,Exérèse de la glande vestibulaire majeure [de Bartholin]
JMFA002,Exérèse de lésion vulvopérinéale
JMFA003,Vulvectomie partielle sans curage lymphonodal
JMFA004,Vulvectomie totale avec curage lymphonodal inguinal et iliaque bilatéral
JMFA005,Vulvectomie totale avec curage lymphonodal inguinal unilatéral
JMFA006,Amputation du clitoris [Clitoridectomie]
JMFA007,Vulvectomie totale sans curage lymphonodal
JMFA008,Vulvectomie partielle avec curage lymphonodal inguinal unilatéral
JMFA009,Vulvectomie totale avec curage lymphonodal inguinal bilatéral
JMFA010,Vulvectomie totale avec curage lymphonodal inguinal et iliaque unilatéral
JMHA001,Biopsie de la vulve
JMMA001,"Vestibuloplastie avec enfouissement ou résection du clitoris, pour féminisation"
JMMA002,Vulvopérinéoplastie
JMMA004,Clitoridoplastie de réduction
JMMA005,Nymphoplastie de réduction
JMPA001,Incision de la glande vestibulaire majeure [de Bartholin]
JMPA002,"Périnéotomie médiane sans lambeau cutané périnéal, pour élargissement de l'orifice du vagin"
JMPA003,Libération chirurgicale d'adhérences de la vulve
JMPA004,Périnéotomie médiane avec lambeau cutané périnéal
JMPA005,Incision de collection vulvopérinéale
JMPA006,Épisiotomie
JMPP001,Libération non chirurgicale de coalescence des petites lèvres de la vulve
JMQP001,Vulvoscopie
JNBD001,"Cerclage du col de l'utérus au cours de la grossesse, par voie transvaginale"
JNBD002,"Tamponnement intra-utérin ou intravaginal, pour hémorragie obstétricale"
JNCA001,Suture immédiate de déchirure obstétricale du col de l'utérus
JNCA002,"Suture du corps de l'utérus [Hystérorraphie] pour rupture obstétricale, par laparotomie"
JNED001,Réduction manuelle d'inversion utérine
JNFA001,"Hystérectomie pour complications obstétricales, par laparotomie"
JNGD002,Ablation de cerclage du col de l'utérus
JNJD001,"Évacuation d'un utérus gravide, au 2ème trimestre de la grossesse avant la 22ème semaine d'aménorrhée"
JNJD002,"Évacuation d'un utérus gravide par aspiration et/ou curetage, au 1er trimestre de la grossesse"
JNJP001,"Évacuation d'un utérus gravide par moyen médicamenteux, au 1er trimestre de la grossesse"
JNMD001,Révision de la cavité de l'utérus après avortement
JNMD002,Révision de la cavité de l'utérus après délivrance naturelle
JNPD001,Hystérotomie pour réduction d'inversion utérine
JNQD001,"Monitorage électronique des contractions de l'utérus gravide et/ou du rythme cardiaque du foetus, par voie utérine"
JNQK001,Radiographie du contenu de l'utérus gravide [contenu utérin]
JNQM001,Échographie non morphologique de la grossesse avant 11 semaines d'aménorrhée
JPGD001,Extraction manuelle du placenta complet
JPHB001,Choriocentèse ou placentocentèse
JPHB002,Biopsie du trophoblaste
JPHJ001,"Amniocentèse sur plusieurs sacs amniotiques, avec guidage échographique"
JPHJ002,"Amniocentèse sur un sac amniotique unique, avec guidage échographique"
JPJB001,"Évacuation de liquide amniotique pour hydramnios, par voie transcutanée"
JPLB001,"Amnio-infusion, par voie transcutanée"
JPQE001,Amnioscopie
JQCB001,"Dérivation intraamniotique de collection urinaire chez le foetus, par pose de cathéter par voie transcutanée"
JQED001,Version du foetus par manoeuvres obstétricales internes
JQED002,Réduction d'une dystocie sévère des épaules
JQEP001,"Version du foetus par manoeuvres obstétricales externes au cours de la grossesse, avec contrôle échographique et surveillance du rythme cardiaque du foetus"
JQGA001,"Extraction de grossesse extra-utérine abdominale au delà de 13 semaines d'aménorrhée, par laparotomie"
JQGA002,"Accouchement par césarienne programmée, par laparotomie"
JQGA003,"Accouchement par césarienne au cours du travail, par laparotomie"
JQGA004,"Accouchement par césarienne en urgence en dehors du travail, par laparotomie"
JQGA005,"Accouchement par césarienne, par abord vaginal"
JQGD001,"Accouchement unique par le siège par voie naturelle, chez une multipare"
JQGD002,"Accouchement multiple par voie naturelle, chez une primipare"
JQGD003,"Accouchement unique par le siège par voie naturelle avec petite extraction, chez une primipare"
JQGD004,"Accouchement unique par le siège par voie naturelle, chez une primipare"
JQGD005,"Accouchement unique par le siège par voie naturelle avec grande extraction, chez une multipare"
JQGD006,Extraction instrumentale au détroit inférieur sur présentation céphalique
JQGD007,"Accouchement multiple par voie naturelle, chez une multipare"
JQGD008,"Accouchement unique par le siège par voie naturelle avec petite extraction, chez une multipare"
JQGD009,Extraction instrumentale au détroit moyen sur présentation céphalique
JQGD010,"Accouchement céphalique unique par voie naturelle, chez une primipare"
JQGD011,"Extraction instrumentale sur tête dernière, au cours d'un accouchement par le siège"
JQGD012,"Accouchement céphalique unique par voie naturelle, chez une multipare"
JQGD013,"Accouchement unique par le siège par voie naturelle avec grande extraction, chez une primipare"
JQGD014,Extraction sélective de foetus au cours d'une grossesse multiple
JQHB001,Prélèvement de sang du foetus sur la présentation
JQHB002,Ponction ou biopsie d'un organe foetal
JQHF001,"Prélèvement de sang de plusieurs foetus, par ponction du cordon ombilical [Cordocentèses]"
JQHF002,"Prélèvement de sang d'un foetus, par ponction du cordon ombilical [Cordocentèse]"
JQJB001,Évacuation de collection d'un organe foetal
JQLF001,"Transfusion chez le foetus, par ponction du cordon ombilical"
JQLF002,"Exsanguinotransfusion chez le foetus, par ponction du cordon ombilical"
JQLF003,"Injection d'agent pharmacologique chez le foetus, par ponction du cordon ombilical"
JQQM001,Échographie de surveillance de la croissance foetale
JQQM002,"Échographie d'une grossesse unifoetale à partir du 2ème trimestre avec échographie-doppler des artères utérines de la mère et des vaisseaux du foetus, pour souffrance foetale"
JQQM003,Échographie de surveillance de la croissance foetale avec échographie-doppler des artères utérines de la mère et des vaisseaux du foetus
JQQM004,Échographie biométrique et morphologique d'une grossesse unifoetale au 3ème trimestre avec échographie-doppler des artères utérines de la mère
JQQM005,Échographie biométrique et morphologique d'une grossesse multifoetale au 3ème trimestre
JQQM006,Échographie biométrique et morphologique d'une grossesse multifoetale au 3ème trimestre avec échographie-doppler des artères utérines de la mère
JQQM007,"Échographie d'une grossesse multifoetale à partir du 2ème trimestre avec échographie-doppler des artères utérines de la mère et des vaisseaux des foetus, pour souffrance foetale"
JQQM008,Échographie et hémodynamique doppler du coeur et des vaisseaux intrathoraciques du foetus
JQQM009,Échographie biométrique et morphologique d'une grossesse unifoetale au 3ème trimestre
JQQM010,Échographie biométrique et morphologique d'une grossesse uniembryonnaire au 1er trimestre
JQQM011,Échographie biométrique et morphologique d'une grossesse unifoetale au 2ème trimestre avec échographie-doppler des artères utérines de la mère
JQQM012,Échographie biométrique et morphologique d'une grossesse unifoetale au 2ème trimestre
JQQM013,Échographie biométrique et morphologique d'une grossesse multifoetale au 2ème trimestre
JQQM014,Échographie biométrique et morphologique d'une grossesse multifoetale au 2ème trimestre avec échographie-doppler des artères utérines de la mère
JQQM015,Échographie biométrique et morphologique d'une grossesse multiembryonnaire au 1er trimestre
JQQP001,"Enregistrement du rythme cardiaque du foetus d'une durée de plus de 20 minutes, en dehors du travail"
JRQD001,"Débitmétrie mictionnelle, avec cystomanométrie et sphinctérométrie par cathétérisme urétral"
JRQP001,Débitmétrie mictionnelle
JRRD001,Séance de rééducation vésicosphinctérienne avec apprentissage des modes de déclenchement mictionnel ou de l'autosondage
JSEC001,"Transfert intratubaire d'embryon, par coelioscopie"
JSED001,"Transfert intra-utérin d'embryon, par voie vaginale"
JSLD001,Insémination artificielle intra-utérine
JSLD002,Insémination artificielle intracervicale
JVJB001,Séance d'épuration extrarénale par dialyse péritonéale pour insuffisance rénale chronique
JVJB002,"Épuration extrarénale par dialyse péritonéale pour insuffisance rénale aigüe, par 24 heures"
JVJF001,"Séance d'épuration extrarénale par hémodiafiltration, hémofiltration ou biofiltration sans anticoagulant pour insuffisance rénale chronique"
JVJF002,"Épuration extrarénale par hémodialyse, hémodiafiltration ou hémofiltration discontinue pour insuffisance rénale aigüe, par 24 heures"
JVJF003,Séance d'épuration extrarénale par hémoperfusion
JVJF004,Séance d'épuration extrarénale par hémodialyse pour insuffisance rénale chronique
JVJF005,"Épuration extrarénale par hémodialyse, hémodiafiltration ou hémofiltration continue pour insuffisance rénale aigüe, par 24 heures"
JVJF006,"Épuration extrarénale par hémodialyse ou hémofiltration discontinue pour insuffisance rénale aigüe chez le nouveau-né, par 24 heures"
JVJF007,"Épuration extrarénale par hémodialyse ou hémofiltration continue pour insuffisance rénale aigüe chez le nouveau-né, par 24 heures"
JVJF008,"Séance d'épuration extrarénale par hémodiafiltration, hémofiltration ou biofiltration sans acétate pour insuffisance rénale chronique"
JVQF001,Évaluation de la dose de dialyse péritonéale par prélèvements multiples de sang et de dialysat
JVQF002,"Épreuve de filtration glomérulaire rénale par administration de substance exogène, avec recueil urinaire"
JVQF003,"Épreuve de filtration glomérulaire rénale par administration de substance exogène avec étude du débit plasmatique rénal, avec recueil urinaire"
JVQF004,Étude de la sécrétion d'hormone antidiurétique [ADH] par perfusion de chlorure de sodium hypertonique
JVQF005,"Épreuve de filtration glomérulaire rénale par administration de substance exogène, avec recueil urinaire, avec épreuve de stimulation"
JVQF006,"Épreuve de filtration glomérulaire rénale par administration de substance exogène, sans recueil urinaire"
JVQF007,Évaluation de la dose de dialyse péritonéale par prélèvement unique de sang et de dialysat
JVQF008,"Épreuve de filtration glomérulaire rénale par administration de substance exogène, sans recueil urinaire, avec épreuve de stimulation"
JVQF010,Étude de la régulation du système rénine-angiotensine-aldostérone par administration d'agent pharmacologique non radio-isotopique ou perfusion de chlorure de sodium isotonique
JVQP001,Étude du transfert maximal [Tm] du bicarbonate et de la sécrétion distale de proton
JVQP002,Mesure des clairances péritonéales par recueil de dialysat sur 24 heures
JVQP003,"Étude du débit plasmatique rénal, avec recueil urinaire"
JVQP004,"Étude des transferts des électrolytes dans le tubule rénal et de leurs facteurs de régulation, avec administration de substance exogène"
JVQP005,Étude du transfert maximal [Tm] du glucose
JVQP006,Étude de la capacité d'acidification de l'urine
JVQP007,"Étude des transferts des électrolytes dans le tubule rénal et de leurs facteurs de régulation, sans administration de substance exogène"
JVQP008,Étude du système rénine-angiotensine-aldostérone en clinostatisme et en orthostatisme
JVQP009,Mesure de la pression intrapéritonéale par le prolongateur du cathéter de dialyse péritonéale
JVRP001,Épreuve de concentration de l'urine avec test à la 1-désamino-8-D-arginine-vasopressine [dDAVP]
JVRP002,Séance d'entraînement à la dialyse péritonéale
JVRP003,Épreuve de dilution de l'urine
JVRP004,Séance d'entraînement à l'hémodialyse
JVRP005,Test à la déféroxamine
JVRP006,Épreuve de charge calcique
JZMA001,Plastie des organes génitaux externes pour transsexualisme masculin
JZMA002,"Urétroplastie, vaginoplastie et vestibuloplastie avec enfouissement ou réduction du clitoris, pour féminisation"
JZMA003,"Urétroplastie et vestibuloplastie avec enfouissement ou réduction du clitoris, pour féminisation"
JZNP001,Destruction de 10 à 50 lésions périnéales
JZNP002,Destruction de moins de 10 lésions périnéales
JZNP003,"Destruction de 51 lésions périnéales ou plus, ou de lésion périnéale de plus de 30 cm²"
JZQD001,Étude urodynamique du haut appareil urinaire
JZQE001,Exploration endoscopique d'une malformation cloacale
JZQH001,Exploration radiologique des anomalies du sinus urogénital [Génitographie externe]
JZQH002,Urographie intraveineuse sans urétrocystographie permictionnelle
JZQH003,Urographie intraveineuse avec urétrocystographie permictionnelle
KAFA001,"Exérèse de lésion de la loge hypophysaire, par abord transsphénoïdal"
KAFA002,"Exérèse de lésion de la loge hypophysaire, par craniotomie"
KAFC001,"Exérèse de lésion de la loge hypophysaire, par vidéochirurgie transsphénoïdale"
KANB001,"Hypophysiolyse fonctionnelle, par voie transsphénoïdale"
KAQL001,"Scintigraphie aux analogues de la somatostatine avec tomoscintigraphie complémentaire, scintigraphie du corps entier complémentaire d'une image segmentaire et scintigraphie du corps entier à 72 heures"
KAQL003,Scintigraphie aux analogues de la somatostatine
KAQL004,"Scintigraphie aux analogues de la somatostatine avec scintigraphie du corps entier, complémentaire d'une image segmentaire"
KBFA001,"Exérèse de lésion de la région pinéale, par craniotomie"
KCFA001,"Lobectomie unilatérale de la glande thyroïde, par cervicotomie"
KCFA002,"Thyroïdectomie totale avec résection partielle de cartilage du larynx, par cervicotomie"
KCFA003,"Thyroïdectomie totale avec résection non interruptrice de la trachée, par cervicotomie"
KCFA004,"Isthmectomie de la glande thyroïde, par cervicotomie"
KCFA005,"Thyroïdectomie totale, par cervicotomie"
KCFA006,"Thyroïdectomie totale avec résection interruptrice et anastomose de la trachée, par cervicotomie"
KCFA007,"Thyroïdectomie totale, par cervicothoracotomie"
KCFA008,"Lobo-isthmectomie unilatérale de la glande thyroïde, par cervicotomie"
KCFA009,"Thyroïdectomie subtotale, par cervicothoracotomie"
KCFA010,"Thyroïdectomie subtotale, par cervicotomie"
KCFA011,Exérèse d'un kyste du tractus thyréoglosse
KCGA001,"Énucléation de nodule de la glande thyroïde, par cervicotomie"
KCHB001,"Ponction ou cytoponction de la glande thyroïde, par voie transcutanée sans guidage"
KCHJ001,"Ponction ou cytoponction d'une lésion de la glande thyroïde, par voie transcutanée avec guidage échographique"
KCHJ002,"Biopsie de plusieurs lésions de la glande thyroïde, par voie transcutanée avec guidage échographique"
KCHJ003,"Biopsie d'une lésion de la glande thyroïde, par voie transcutanée avec guidage échographique"
KCHJ004,"Ponction ou cytoponction de plusieurs lésions de la glande thyroïde, par voie transcutanée avec guidage échographique"
KCJA001,"Évacuation de collection de la loge thyroïdienne, par cervicotomie"
KCJB001,"Évacuation de collection de la glande thyroïde et/ou de sa loge, par voie transcutanée"
KCMA001,"Totalisation secondaire de thyroïdectomie, par cervicotomie"
KCNL001,Irradiation interne de la glande thyroïde par injection intraveineuse d'iode 131 à une dose supérieure à 1 gigabecquerel [GBq]
KCNL002,Irradiation interne de la glande thyroïde par injection intraveineuse d'iode 131 à une dose inférieure ou égale à 1 gigabecquerel [GBq]
KCQL001,Scintigraphie de la glande thyroïde avec mesure radio-isotopique de la fixation thyroïdienne de l'iode
KCQL002,Mesure radio-isotopique de la fixation thyroïdienne de l'iode
KCQL003,Scintigraphie de la glande thyroïde
KCQM001,Échographie transcutanée de la glande thyroïd
KDEA001,Réimplantation secondaire de parathyroïde
KDFA001,Parathyroïdectomie totale avec réimplantation immédiate de parathyroïde
KDFA002,"Parathyroïdectomie unique sans exploration des autres sites parathyroïdiens, par cervicotomie"
KDFA003,Exérèse de tissu parathyroïdien préalablement transplanté
KDFC001,"Parathyroïdectomie unique sans exploration des autres sites parathyroïdiens, par cervicoscopie"
KDQA001,"Exploration des sites parathyroïdiens cervicaux, par cervicotomie"
KDQA002,"Exploration des sites parathyroïdiens médiastinaux, par thoracotomie"
KDQA003,"Exploration des sites parathyroïdiens cervicaux et médiastinaux, par cervicothoracotomie"
KDQC001,"Exploration des sites parathyroïdiens cervicaux, par cervicoscopie"
KDQC002,"Exploration des sites parathyroïdiens médiastinaux, par vidéochirurgie"
KDQL001,Scintigraphie des glandes parathyroïdes
KDQM001,Échographie transcutanée des glandes parathyroïde
KEFA001,"Surrénalectomie totale pour phéochromocytome, par abord direct"
KEFA002,"Surrénalectomie partielle ou totale, par abord direct"
KEFC001,"Surrénalectomie totale pour phéochromocytome, par coelioscopie ou par rétropéritonéoscopie"
KEFC002,"Surrénalectomie partielle ou totale, par coelioscopie ou par rétropéritonéoscopie"
KEQL001,Scintigraphie médullosurrénalienne
KEQL002,Scintigraphie corticosurrénalienne
KFFA001,"Exérèse de tumeur parapharyngienne, par cervicotomie"
KGQL001,Mesure de la clairance radio-isotopique plasmatique et urinaire
KGQL002,Mesure radio-isotopique du métabolisme phosphocalcique
KGQL003,Mesure radio-isotopique des compartiments biologiques
KGQL004,Mesure de la clairance radio-isotopique plasmatique
KGQP001,Mesure de la production respiratoire d'hydrogène [Breath test]
KGRL001,Test radio-isotopique d'absorption digestive de la vitamine B12
KZFA001,"Exérèse de tumeur endocrinienne intraabdominale ectopique, par laparotomie"
KZFC001,"Exérèse de tumeur endocrinienne intraabdominale ectopique, par coelioscopie"
LABA001,"Apposition modelante de l'étage supérieur de la face, par abord coronal"
LABA002,Désépaississement des tissus de recouvrement d'un site implantaire
LABA003,"Apposition modelante de l'étage supérieur de la face, par abord facial"
LABA004,"Apposition modelante de l'étage moyen de la face, par abord direct"
LACA001,"Ostéosynthèse de fracture du bord infraorbitaire, à foyer ouvert"
LACA002,"Ostéosynthèse de fracture de l'os zygomatique [malaire], à foyer ouvert"
LACA003,"Ostéosynthèse de fracture de l'os zygomatique [malaire] avec réfection du plancher de l'orbite, par abord direct"
LACA004,"Ostéosynthèse de fracture unilatérale de la paroi antérieure du sinus frontal à foyer ouvert, par abord coronal"
LACA005,"Ostéosynthèse de fracture naso-ethmoïdo-maxillo-fronto-orbitaire, par abord coronal"
LACA006,"Ostéosynthèse de fracture frontonasale à foyer ouvert, par abord coronal"
LACA007,"Ostéosynthèse de fractures latérofaciales multiples à foyer ouvert, par abord facial"
LACA008,"Ostéosynthèse de fractures latérofaciales multiples à foyer ouvert, par abord coronal"
LACA009,"Ostéosynthèse de fracture fronto-naso-maxillaire à foyer ouvert par abord facial, avec canthopexie"
LACA010,"Ostéosynthèse de fracture frontonasale à foyer ouvert, par abord facial"
LACA011,"Ostéosynthèse de fracture fronto-naso-maxillaire à foyer ouvert, par abord coronal"
LACA012,Ostéosynthèse d'une embarrure de la voûte du crâne
LACA013,"Ostéosynthèse de fracture fronto-naso-maxillaire à foyer ouvert, par abord facial"
LACA014,"Ostéosynthèse de fracture bilatérale de la paroi antérieure du sinus frontal à foyer ouvert, par abord coronal"
LACA015,"Ostéosynthèse de fracture bilatérale de la paroi antérieure du sinus frontal à foyer ouvert, par abord facial"
LACA016,Ostéosynthèse de fracture cranioorbitaire
LACA017,Ostéosynthèse de fracture cranioorbitaire avec fermeture de brèche ostéodurale
LACA018,"Ostéosynthèse de fracture fronto-naso-maxillaire à foyer ouvert par abord coronal, avec canthopexie"
LACA019,"Ostéosynthèse de fracture unilatérale de la paroi antérieure du sinus frontal à foyer ouvert, par abord facial"
LACA020,Ostéosynthèse de fracture craniofaciale
LACB001,"Ostéosynthèse de fracture maxillonasale, à foyer fermé"
LACB002,"Ostéosynthèse de fracture de l'os zygomatique [malaire] ou de l'arcade zygomatique, à foyer fermé"
LACB003,"Ostéosynthèse de fracture panfaciale instable par appareillage à ancrage péricrânien, à foyer fermé"
LAEA001,"Réduction de fracture du bord supraorbitaire sans interposition, par abord sourcilier"
LAEA002,"Avancement frontoorbitaire symétrique ou asymétrique sans remodelage frontal, par craniotomie"
LAEA003,"Réduction de fracture du bord supraorbitaire avec interposition de matériau inerte et/ou autogreffe, par abord sourcilier"
LAEA004,"Avancement combiné du front et de la face [Monobloc frontofacial], sans pose de distracteur"
LAEA005,"Réduction de fracture du plancher de l'orbite à foyer fermé, par ballonnet intrasinusien introduit par abord intrabuccal"
LAEA006,"Avancement frontoorbitaire symétrique ou asymétrique avec remodelage frontal, par craniotomie"
LAEA007,"Réduction de fracture de l'os nasal, par abord direct"
LAEA008,Réduction de fracture de la partie tympanique de l'os temporal [os tympanal]
LAEA009,"Avancement combiné du front et de la face [Monobloc frontofacial], avec pose de distracteur"
LAEP001,Réduction orthopédique de fracture de l'os zygomatique [malaire] ou de l'arcade zygomatique
LAEP002,Réduction orthopédique de fracture de l'os nasal [des os propres du nez]
LAEP003,Réduction orthopédique de traumatisme nasal obstétrical
LAFA001,"Résection fronto-ethmoïdo-sphénoïdo-maxillaire, par abord paralatéronasal"
LAFA002,Craniectomie décompressive unilatérale
LAFA003,"Résection fronto-ethmoïdo-sphénoïdo-maxillaire, par abord paralatéronasal et par abord infrafrontal"
LAFA004,Exérèse de tumeur de la voûte du crâne avec cranioplastie
LAFA005,Pétrectomie totale
LAFA006,"Résection fronto-ethmoïdo-sphénoïdo-maxillaire avec exérèse de la lame criblée et de méninge, par abord paralatéronasal"
LAFA008,Prélèvement d'autogreffe osseuse par dédoublement de la voûte du crâne
LAFA011,Exérèse de tumeur de la voûte du crâne sans cranioplastie
LAFA012,"Résection modelante de l'étage moyen de la face, par abord intrabuccal"
LAFE001,"Ethmoïdectomie totale unilatérale avec septoplastie nasale et sphénoïdotomie, par endoscopie"
LAFE002,"Ethmoïdectomie totale unilatérale avec septoplastie nasale, par endoscopie"
LAFE003,"Ethmoïdectomie totale unilatérale avec sphénoïdotomie, par endoscopie"
LAFE004,"Ethmoïdectomie totale bilatérale avec sphénoïdotomie, par endoscopie"
LAFE005,"Ethmoïdectomie totale bilatérale avec septoplastie nasale et sphénoïdotomie, par endoscopie"
LAFE006,"Ethmoïdectomie totale bilatérale avec septoplastie nasale, par endoscopie"
LAFE007,"Ethmoïdectomie antérieure, par endoscopie"
LAFE008,"Ethmoïdectomie totale bilatérale, par endoscopie"
LAFE009,"Ethmoïdectomie antérieure unilatérale avec septoplastie nasale, par endoscopie"
LAFE010,"Ethmoïdectomie totale unilatérale, par endoscopie"
LAGA001,"Ablation de plusieurs implants intraosseux crâniens et/ou faciaux sans résection osseuse, par abord facial"
LAGA002,"Ablation de matériel interne d'ostéosynthèse du massif facial sur 3 sites ou plus, par abord direct"
LAGA003,"Ablation de matériel interne d'ostéosynthèse ou de distraction du massif facial sur un site, par abord direct"
LAGA004,Ablation de matériel externe d'ostéosynthèse ou de distraction du crâne et/ou du massif facial
LAGA005,"Ablation de matériel interne d'ostéosynthèse ou de distraction du massif facial sur 2 sites, par abord direct"
LAGA006,"Ablation d'un implant intraosseux crânien ou facial sans résection osseuse, par abord direct"
LAGA007,Ablation de matériel de cranioplastie de la voûte
LAHA001,"Biopsie de la voûte du crâne [calvaria], par abord direct"
LAHA002,"Biopsie d'un os de la face, par abord direct"
LAHH001,"Ponction ou cytoponction du crâne, de son contenu et/ou du massif facial, par voie transcutanée avec guidage scanographique"
LAHH002,"Biopsie du crâne et/ou du massif facial, par voie transcutanée avec guidage radiologique"
LAHH003,"Biopsie du crâne et/ou du massif facial, par voie transcutanée avec guidage scanographique"
LAHH004,"Ponction ou cytoponction du crâne et/ou du massif facial, par voie transcutanée avec guidage radiologique"
LAHJ001,"Biopsie du crâne et/ou du massif facial, par voie transcutanée avec guidage remnographique [IRM]"
LAHJ002,"Ponction ou cytoponction du crâne, de son contenu et/ou du massif facial, par voie transcutanée avec guidage remnographique [IRM]"
LALA001,Pose de plusieurs implants intraosseux crâniens et/ou faciaux pour fixation d'épithèse
LALA002,Pose d'un implant intraosseux crânien ou facial pour fixation d'épithèse ou d'appareillage auditif ostéo-intégré
LALB001,Pose de moyen de liaison sur implants crâniens et/ou faciaux
LAMA001,"Reconstruction du tiers latéral du massif facial pour syndrome malformatif, par abord facial et par abord coronal"
LAMA002,Réparation d'une fente craniofaciale impliquant l'orbite avec abord de l'étage antérieur de la base du crâne
LAMA003,"Réfection de la paroi médiale de l'orbite, par abord facial"
LAMA004,"Remodelage du rebord de l'orbite sans autogreffe, par abord direct"
LAMA005,"Réfection de la paroi médiale de l'orbite, par abord coronal"
LAMA006,"Remodelage du pôle postérieur du crâne, par abord direct"
LAMA007,"Réfection du plancher de l'orbite, par abord direct"
LAMA008,Réfection de paroi de l'orbite avec réparation d'un délabrement de la région orbitaire et de son contenu
LAMA009,Cranioplastie de la voûte
LAMA010,"Remodelage du rebord de l'orbite avec autogreffe osseuse, par abord direct"
LAMA011,Réparation d'une fente craniofaciale impliquant l'orbite sans abord de l'étage antérieur de la base du crâne
LAMA012,"Comblement d'une dépression de la région orbitofaciale, sans exentération de l'orbite, par matériau inerte ou autogreffe"
LANC001,"Meulage extracrânien de la voûte du crâne, par vidéochirurgie"
LAPA001,Mise à plat de lésion infectieuse de la voûte du crâne [calvaria]
LAPA002,"Ostéotomie de l'os zygomatique [malaire], par abord facial"
LAPA003,"Décompression de l'orbite par effondrement de trois parois, par abord direct"
LAPA004,"Ostéotomie du complexe naso-ethmoïdo-maxillo-fronto-orbitaire pour cal vicieux, par abord facial et par abord coronal"
LAPA005,"Taille et transposition de volet crânien n'intéressant pas les orbites, sans remodelage du pôle postérieur du crâne"
LAPA006,Taille et transposition de volet crânien intéressant les orbites
LAPA007,"Ostéotomie du cadre de l'orbite pour dystopie posttraumatique, par abord facial et par abord coronal"
LAPA008,Taille de volet crânien sans transposition
LAPA009,"Ostéotomie craniofaciale extracrânienne type Le Fort III, par abord intrabuccal et par abord coronal"
LAPA010,"Ostéotomie du tiers latéral de la face, par abord coronal"
LAPA011,"Ostéotomie d'agrandissement du cadre de l'orbite, par abord facial"
LAPA012,"Décompression de l'orbite par effondrement de la paroi inférieure et/ou de la paroi médiale, par abord direct"
LAPA013,"Ostéotomie d'agrandissement du cadre de l'orbite, par abord coronal"
LAPA014,"Ostéotomie craniofaciale extracrânienne type Le Fort III avec bipartition faciale, par abord intrabuccal et par abord coronal"
LAPA015,"Mise à plat de lésion infectieuse postopératoire de la voûte du crâne [calvaria], par reprise de l'abord précédent"
LAPA016,"Taille et transposition de volet crânien n'intéressant pas les orbites, avec remodelage du pôle postérieur du crâne"
LAPD001,Dégagement et activation de 2 à 4 implants intraosseux
LAPD002,Dégagement et activation de plus de 4 implants intraosseux
LAPD003,Dégagement et activation d'un implant intraosseux
LAQJ001,"Remnographie [IRM] de la face, avec injection intraveineuse de produit de contraste"
LAQK001,Téléradiographie du crâne et du massif facial selon 2 incidences
LAQK002,Scanographie unilatérale ou bilatérale de la partie pétreuse de l'os temporal [rocher] et de l'oreille moyenne
LAQK003,Radiographie du crâne et/ou du massif facial selon 1 ou 2 incidences
LAQK004,Analyse céphalométrique craniofaciale bidimensionnell
LAQK005,Radiographie du crâne selon 3 incidences ou plus
LAQK006,Analyse céphalométrique architecturale craniofacial
LAQK007,Analyse céphalométrique craniofaciale tridimensionnell
LAQK008,Téléradiographie du crâne et du massif facial selon 3 incidences
LAQK009,Scanographie de la face avec scanographie des tissus mous du cou
LAQK010,Analyse céphalométrique craniofaciale bidimensionnelle avec simulation des objectifs thérapeutique
LAQK011,Scanographie unilatérale ou bilatérale de l'angle pontocérébelleux et/ou du méat acoustique interne [conduit auditif interne]
LAQK012,Téléradiographie du crâne et du massif facial selon 1 incidence
LAQK013,Scanographie de la face
LAQN001,"Remnographie [IRM] de la face, sans injection intraveineuse de produit de contraste"
LARA001,"Mobilisation partielle des cadres de l'orbite horizontalement ou par bipartition faciale, par abord extracrânien"
LARA002,"Mobilisation partielle d'un cadre de l'orbite, par abord extracrânien"
LARA003,"Mobilisation totale des cadres de l'orbite horizontalement ou par bipartition faciale, par craniotomie"
LARA004,"Mobilisation totale d'un cadre de l'orbite, par craniotomie"
LBAA001,"Allongement osseux progressif de l'os maxillaire ou de la mandibule par distracteur, par abord direct"
LBAD001,"Rehaussement préimplantaire ou préprothétique de la totalité de la crête alvéolaire du maxillaire ou de la mandibule, par apposition"
LBAD002,"Rehaussement préimplantaire ou préprothétique d'un secteur de la crête alvéolaire du maxillaire ou de la mandibule, par apposition"
LBBA003,"Apposition modelante de la mandibule, par abord intrabuccal ou facial"
LBBA004,"Comblement de perte de substance mandibulaire interruptrice segmentaire latérale respectant la région articulaire, par abord intrabuccal ou facial"
LBBA005,"Apposition modelante du menton, par abord intrabuccal"
LBBA006,"Comblement de perte de substance mandibulaire interruptrice segmentaire antérieure limitée au corps, par abord intrabuccal ou facial"
LBCA001,"Ostéosynthèse de fracture extracondylaire bifocale de la mandibule, à foyer ouvert"
LBCA002,"Ostéosynthèse de fracture extracondylaire plurifocale de la mandibule, à foyer ouvert"
LBCA003,"Ostéosynthèse et/ou suspension faciale pour fracture occlusofaciale de type Le Fort I, par abord direct"
LBCA004,"Ostéosynthèse de fracture du condyle de la mandibule à foyer ouvert, sans dissection du nerf facial"
LBCA005,"Ostéosynthèse et/ou suspension faciale pour fracture occlusofaciale de type Le Fort III, par abord direct"
LBCA006,"Ostéosynthèse de fracture extracondylaire unifocale de la mandibule, à foyer ouvert"
LBCA007,"Ostéosynthèse de fracture du condyle de la mandibule à foyer ouvert, avec dissection du nerf facial"
LBCA008,Ostéosynthèse de fracture comminutive de la mandibule avec parage d'un délabrement des tissus mous de la face
LBCA009,"Ostéosynthèse et/ou suspension faciale pour fracture occlusofaciale de type Le Fort II, par abord direct"
LBCA010,"Ostéosynthèse de disjonction intermaxillaire ou de fracture du palais, par abord intrabuccal"
LBCB001,"Ostéosynthèse de fracture extracondylaire plurifocale de la mandibule, à foyer fermé"
LBCB002,"Ostéosynthèse de fracture extracondylaire unifocale de la mandibule, à foyer fermé"
LBDA001,"Discopexie temporomandibulaire, par arthrotomie"
LBDD001,"Blocage maxillomandibulaire avec ablation de matériel d'ostéosynthèse, pour traitement de pseudarthrose mandibulaire"
LBEA001,"Réduction d'une luxation temporomandibulaire, par abord direct"
LBED001,"Réduction orthopédique de fracture occlusofaciale [fracture type Le Fort I, II ou III], avec contention par blocage maxillomandibulaire"
LBED002,"Réduction orthopédique de fracture unifocale du corps de la mandibule, avec contention mandibulaire"
LBED003,"Réduction orthopédique de fracture extracondylaire plurifocale de la mandibule, avec blocage maxillomandibulaire"
LBED004,"Réduction orthopédique de disjonction intermaxillaire ou de fracture du palais, avec contention par blocage maxillomandibulaire"
LBED005,"Réduction orthopédique de fracture plurifocale du corps de la mandibule, avec contention mandibulaire"
LBED006,"Réduction orthopédique de fracture extracondylaire unifocale de la mandibule, avec blocage maxillomandibulaire"
LBEP001,Réduction d'un décalage postéroantérieur des arcades dentaires par dispositif orthopédique et/ou dispositif fonctionnel
LBEP002,"Réduction orthopédique de fracture du corps de la mandibule, avec contention par appareillage personnalisé"
LBEP003,Réduction d'une insuffisance transversale de l'os maxillaire par dispositif orthopédique et/ou dispositif fonctionnel
LBEP004,Réduction d'un décalage antéropostérieur des arcades dentaires par dispositif orthopédique et/ou dispositif fonctionnel
LBEP005,Réduction orthopédique d'une luxation temporomandibulaire unilatérale ou bilatérale
LBEP006,Réduction d'une insuffisance transversale de la mandibule par dispositif orthopédique
LBEP007,Réduction d'un décalage vertical des arcades dentaires par dispositif orthopédique et/ou dispositif fonctionnel
LBEP008,Réduction d'un décalage transversal des arcades dentaires par dispositif orthopédique et/ou dispositif fonctionnel
LBEP009,"Réduction orthopédique de disjonction intermaxillaire ou de fracture du palais, avec contention par appareillage personnalisé"
LBFA001,"Exérèse de la totalité de la voûte palatine, par abord direct"
LBFA002,"Exérèse de lésion de l'os maxillaire et/ou du corps de la mandibule de plus de 4 cm de grand axe, par abord intrabuccal"
LBFA003,"Résection partielle de la tête du condyle de la mandibule, par abord facial"
LBFA004,"Résection de la mandibule pour pseudarthrose avec comblement par autogreffe osseuse, par abord direct"
LBFA005,Maxillectomie totale sans reconstruction
LBFA006,Maxillectomie supérieure sans reconstruction
LBFA007,"Maxillectomie totale, avec reconstruction du plancher de l'orbite par lambeau de septum nasal"
LBFA008,"Résection non interruptrice extracondylaire de la mandibule, par abord direct"
LBFA009,"Résection interruptrice segmentaire antérieure du corps de la mandibule avec comblement, par abord direct"
LBFA010,"Résection modelante du menton, par abord intrabuccal"
LBFA011,"Maxillectomie supérieure, avec reconstruction du plancher de l'orbite par lambeau de septum nasal"
LBFA012,"Résection d'un bloc d'ankylose temporomandibulaire complète avec reconstruction du condyle de la mandibule par greffe ostéochondrale, par abord direct"
LBFA013,"Discectomie temporomandibulaire, par arthrotomie"
LBFA014,"Exérèse d'une hémivoûte palatine, par abord direct"
LBFA015,"Exérèse de lésion du ramus de la mandibule, par abord intrabuccal"
LBFA016,"Résection d'un bloc d'ankylose temporomandibulaire complète avec reconstruction de l'articulation par prothèse, par abord direct"
LBFA017,"Résection interruptrice extracondylaire segmentaire latérale de la mandibule avec comblement, par abord direct"
LBFA018,"Résection modelante de la mandibule, par abord intrabuccal"
LBFA019,"Résection de bloc d'ankylose temporomandibulaire latérale, par abord direct"
LBFA020,"Résection interruptrice segmentaire antérieure du corps de la mandibule par abord direct, avec pose de dispositif intrafocal de contention, sans comblement"
LBFA022,"Résection interruptrice du processus condylaire de la mandibule par abord direct, avec pose de dispositif terminal, sans comblement"
LBFA023,"Exérèse de lésion de l'os maxillaire et/ou du corps de la mandibule de moins de 2 cm de grand axe, par abord intrabuccal"
LBFA024,Maxillectomie inférieure
LBFA025,"Coronoïdectomie mandibulaire, par abord intrabuccal"
LBFA026,"Résection interruptrice du processus condylaire de la mandibule par abord direct, sans pose de dispositif terminal ni comblement"
LBFA027,"Résection interruptrice extracondylaire segmentaire latérale de la mandibule par abord direct, avec pose de dispositif intrafocal de contention, sans comblement"
LBFA028,"Exérèse d'un quadrant de la voûte palatine, par abord direct"
LBFA029,"Résection interruptrice segmentaire antérieure du corps de la mandibule par abord direct, sans pose de dispositif intrafocal de contention ni comblement"
LBFA030,"Exérèse de lésion de l'os maxillaire et/ou du corps de la mandibule de 2 cm à 4 cm de grand axe, par abord intrabuccal"
LBFA031,Résection d'hypertrophie osseuse intrabuccale
LBFA032,Éminencectomie [Condyloplastie temporale] ou création de butée temporomandibulaire
LBFA033,Maxillectomie moyenne
LBFA034,"Résection interruptrice latéroterminale de la mandibule par abord direct, sans pose de dispositif latéroterminal ni comblement"
LBFA035,"Résection d'un bloc d'ankylose temporomandibulaire complète, par abord direct"
LBFA036,"Résection interruptrice extracondylaire segmentaire latérale de la mandibule par abord direct, sans pose de dispositif intrafocal de contention ni comblement"
LBFA037,"Résection interruptrice latéroterminale de la mandibule par abord direct, avec pose de dispositif latéroterminal de contention, sans comblement"
LBFA038,"Résection interruptrice du processus condylaire de la mandibule par abord direct, avec comblement par autogreffe chondrocostale"
LBFA039,"Résection interruptrice latéroterminale de la mandibule par abord direct, avec comblement par autogreffe chondrocostale"
LBGA001,"Ablation de corps étranger de l'articulation temporomandibulaire, par arthrotomie"
LBGA002,"Ablation de 3 implants intraosseux intrabuccaux avec résection osseuse, chez l'adulte"
LBGA003,"Ablation de 2 implants intraosseux intrabuccaux avec résection osseuse, chez l'adulte"
LBGA004,"Ablation d'1 implant intraosseux intrabuccal avec résection osseuse, chez l'adulte"
LBGA005,"Évidement de la mandibule, par abord intrabuccal"
LBGD001,Ablation de moyen de contention maxillaire et/ou mandibulaire intrabuccal
LBLA001,Pose d'une prothèse obturatrice à étage ou d'une balle obturatrice souple après résection de l'os maxillaire
LBLB001,"Infiltration et/ou lavage de l'articulation temporomandibulaire, par voie transcutanée"
LBLB002,"Infiltration périarticulaire temporomandibulaire, par voie transcutanée"
LBLD001,Pose d'un châssis métallique support de prothèse maxillofaciale [prothèse obturatrice]
LBLD002,Pose d'un appareillage de mobilisation en latéralité et/ou en propulsion pour fracture unicondylaire ou bicondylaire de la mandibule
LBLD003,Pose d'une gouttière maxillaire ou mandibulaire pour hémostase ou portetopique
LBLD004,"Pose de 4 implants intraosseux intrabuccaux, chez l'adulte"
LBLD005,Pose d'un appareillage de mobilisation mandibulaire en rotation et en propulsion
LBLD006,Pose de gouttières maxillaire et mandibulaire pour hémostase ou portetopique
LBLD007,Pose d'un appareillage de protection dentomaxillaire
LBLD008,Pose d'un appareillage de mobilisation mandibulaire en rotation pure
LBLD009,"Pose d'un appareillage par guide mandibulaire, vestibulaire ou lingual, sur 2 arcades"
LBLD010,"Pose de 2 implants intraosseux intrabuccaux, chez l'adulte"
LBLD011,"Pose d'un appareillage par guide mandibulaire, vestibulaire ou lingual, sur 1 arcade"
LBLD012,Pose de dispositif intrabuccal d'expansion tissulaire pour rehaussement de crête alvéolaire
LBLD013,"Pose de 3 implants intraosseux intrabuccaux, chez l'adulte"
LBLD014,Pose d'une orthèse métallique recouvrant totalement ou partiellement une arcade dentaire
LBLD015,"Pose d'1 implant intraosseux intrabuccal, chez l'adulte"
LBLD016,"Pose d'un appareillage obturateur pour perte de substance maxillaire, chez un patient denté"
LBLD017,Pose d'un appareillage en propulsion mandibulaire
LBLD018,Pose d'un appareillage par guide mandibulaire sagittal
LBLD019,Pose de moyen de liaison sur 1 implant préprothétique intraosseux intrabuccal
LBLD020,"Pose de 5 implants intraosseux intrabuccaux, chez l'adulte"
LBLD021,Pose d'un appareillage actif pur de rééducation de la cinétique mandibulaire
LBLD022,Pose de gouttière plombée de protection dentoosseuse
LBLD023,"Pose d'un appareillage obturateur pour perte de substance maxillaire, chez un patient édenté total"
LBLD024,"Pose d'une attelle portegreffon ou d'une endoprothèse, après résection mandibulaire interruptrice"
LBLP001,"Pose d'un guide positionnel, au cours d'une ostéotomie de la mâchoire"
LBMA001,Reconstruction de l'articulation temporomandibulaire par prothèse
LBMA002,"Reconstruction du ramus de la mandibule par autogreffe ostéochondrale pour syndrome malformatif, par abord direct"
LBMA003,"Reconstruction discale temporomandibulaire, par arthrotomie"
LBMA004,Reconstruction du condyle de la mandibule par greffe ostéochondrale
LBMA006,"Condyloplastie mandibulaire, par arthrotomie"
LBMP001,Simulation des objectifs thérapeutiques sur moulages des arcades dentaires et/ou sur logiciel
LBMP002,Montage directeur sur moulage d'étude des arcades dentaires
LBMP003,Réalisation de moulage d'étude des arcades dentaires
LBPA001,"Ostéotomie d'antépositionnement des épines mentonnières [apophyses geni] de la mandibule, par abord intrabuccal"
LBPA002,"Ostéotomie sagittale du corps de la mandibule, par abord intrabuccal"
LBPA003,"Décortication de la mandibule, par abord intrabuccal"
LBPA004,"Ostéotomie sagittale bilatérale du ramus de la mandibule [supralingulaire et préangulaire], avec ostéotomie maxillaire d'avancée type Le Fort I non segmentée, par abord intrabuccal"
LBPA005,"Ostéotomie interruptrice du corps de la mandibule, en avant du trou mentonnier, par abord intrabuccal"
LBPA006,"Ostéotomie maxillaire type Le Fort I segmentée en 3 fragments ou plus, par abord intrabuccal"
LBPA007,"Ostéotomie verticale rétrolingulaire [rétrospigienne] du ramus de la mandibule, par abord facial"
LBPA008,"Ostéotomie maxillaire segmentaire postérieure bilatérale, par abord intrabuccal"
LBPA009,"Ostéotomie maxillaire segmentaire postérieure unilatérale, par abord intrabuccal"
LBPA010,"Ostéotomie maxillozygomatique sans mobilisation de la pyramide nasale, par abord direct"
LBPA011,"Ostéotomie sagittale bilatérale du ramus de la mandibule [supralingulaire et préangulaire], avec ostéotomie maxillaire type Le Fort I segmentée en 2 fragments et transposition du menton osseux, par abord intrabuccal"
LBPA012,"Ostéotomie maxillaire interalvéolaire [Corticotomie alvéolodentaire] unique ou multiple, par abord intrabuccal"
LBPA013,"Ostéotomie de transposition du menton osseux, par abord intrabuccal"
LBPA014,"Ostéotomie interruptrice du corps de la mandibule, en arrière du trou mentonnier, par abord intrabuccal"
LBPA015,"Ostéotomie maxillaire type Le Fort I non segmentée avec recul ou déplacement vertical, par abord intrabuccal"
LBPA016,"Ostéotomie segmentaire alvéolaire de la mandibule en arrière du trou mentonnier, par abord intrabuccal"
LBPA017,"Ostéotomie maxillaire d'élévation sans mobilisation du palais, par abord intrabuccal"
LBPA018,"Ostéotomie sousalvéolaire totale de la mandibule, par abord intrabuccal"
LBPA019,"Ostéotomie sagittale bilatérale du ramus de la mandibule [supralingulaire et préangulaire], avec ostéotomie segmentaire alvéolaire de la mandibule en avant des trous mentonniers, par abord intrabuccal"
LBPA020,"Ostéotomie sagittale bilatérale du ramus de la mandibule [supralingulaire et préangulaire], avec ostéotomie maxillaire type Le Fort I segmentée en 3 fragments ou plus, par abord intrabuccal"
LBPA021,"Ostéotomie sagittale unilatérale du ramus de la mandibule [supralingulaire et préangulaire], par abord intrabuccal"
LBPA022,"Ostéotomie maxillaire type hémi-Le Fort I, par abord intrabuccal"
LBPA023,"Ostéotomie sagittale bilatérale du ramus de la mandibule [supralingulaire et préangulaire], avec ostéotomie maxillaire type Le Fort I segmentée en 2 fragments, par abord intrabuccal"
LBPA024,"Ostéotomie d'un segment du maxillaire pour correction d'une malposition fragmentaire séquellaire d'une fente orofaciale, par abord intrabuccal"
LBPA025,"Ostéotomie de la mandibule pour cal vicieux, par abord direct"
LBPA026,"Ostéotomie segmentaire alvéolaire de la mandibule en avant des trous mentonniers, par abord intrabuccal"
LBPA027,"Ostéotomie maxillaire totale basse préimplantaire ou préprothétique avec interposition, par abord intrabuccal"
LBPA028,"Ostéotomie maxillaire de type Le Fort I pour séquelle d'une fente orofaciale, par abord intrabuccal"
LBPA029,"Ostéotomie maxillaire type Le Fort I non segmentée avec avancée, par abord intrabuccal"
LBPA030,"Ostéotomie verticale rétrolingulaire [rétrospigienne] du ramus de la mandibule, par abord intrabuccal"
LBPA031,"Ostéotomie maxillaire segmentaire antérieure, par abord intrabuccal"
LBPA032,"Ostéotomie sagittale intermaxillaire sans pose d'un disjoncteur fixe, par abord intrabuccal"
LBPA033,"Ostéotomie sagittale bilatérale du ramus de la mandibule [supralingulaire et préangulaire], avec ostéotomie maxillaire type Le Fort I segmentée en 3 fragments ou plus et transposition du menton osseux, par abord intrabuccal"
LBPA034,"Ostéotomie segmentaire antérieure préimplantaire ou préprothétique de la mandibule avec interposition, par abord intrabuccal"
LBPA035,"Ostéotomie maxillaire type Le Fort I segmentée en 2 fragments, par abord intrabuccal"
LBPA036,"Ostéotomie segmentaire alvéolaire de la mandibule en avant des trous mentonniers, avec ostéotomie maxillaire segmentaire antérieure, par abord intrabuccal"
LBPA037,"Ostéotomie interruptrice de la symphyse mandibulaire, par abord intrabuccal"
LBPA038,"Ostéotomie maxillonasale type Le Fort II, par abord direct"
LBPA039,"Ostéotomie segmentaire alvéolaire de la mandibule en avant des trous mentonniers, avec ostéotomie de transposition du menton osseux, par abord intrabuccal"
LBPA040,"Ostéotomie sagittale bilatérale du ramus de la mandibule [supralingulaire et préangulaire], avec ostéotomie maxillaire d'avancée type Le Fort I non segmentée et ostéotomie de transposition du menton osseux, par abord intrabuccal"
LBPA041,"Ostéotomie angulaire ou préangulaire de la mandibule, par abord facial"
LBPA042,"Ostéotomie sagittale bilatérale du ramus de la mandibule [supralingulaire et préangulaire], par abord intrabuccal"
LBPA043,"Ostéotomie sagittale intermaxillaire avec pose d'un disjoncteur fixe, par abord intrabuccal"
LBQH001,Arthrographie unilatérale de l'articulation temporomandibulair
LBQH002,Arthroscanographie unilatérale ou bilatérale de l'articulation temporomandibulaire
LBQH003,Arthrographie bilatérale de l'articulation temporomandibulaire
LBQK001,Tomographie unilatérale ou bilatérale de l'articulation temporomandibulair
LBQK002,Bilan de dysmorphose dento-maxillo-faciale avec tracé et analyse céphalométrique de profil
LBQK003,"Bilan de dysmorphose dento-maxillo-faciale avec tracé et analyse céphalométrique tridimensionnelle ou analyse architecturale craniofaciale, et simulation des objectifs de traitement sur moulage et/ou sur tracé céphalométrique"
LBQK004,"Bilan de dysmorphose dento-maxillo-faciale avec tracé et analyse céphalométrique tridimensionnelle, ou tracé et analyse architecturale craniofaciale"
LBQK005,Radiographie unilatérale ou bilatérale de l'articulation temporomandibulaire
LBQP001,Enregistrement des rapports maxillomandibulaires en vue de la programmation d'un articulateur
LBQP002,Enregistrement électronique des mouvements de la mandibule
LBQP003,Enregistrement mécanique de la cinématique mandibulaire et /ou des cycles de la mastication
LBRP001,Séance de rééducation de la fonction manducatrice
LCFA001,Excision nasogénienne avec myotomie ou myectomie de symétrisation faciale pour traitement palliatif de la paralysie faciale
LCFA002,Excision du muscle frontal controlatéral sain pour traitement palliatif de la paralysie faciale
LCFA003,"Exérèse d'une fistule ou d'un kyste de la première fente branchiale, sans dissection du nerf facial"
LCFA004,Exérèse d'un kyste congénital médian du cou
LCFA005,"Exérèse d'une fistule ou d'un kyste de la première fente branchiale, avec dissection du nerf facial"
LCFA006,Exérèse d'une fistule ou d'un kyste de la troisième ou quatrième fente branchiale
LCFA007,Exérèse d'une fistule cutanée faciale acquise
LCFA008,Exérèse d'une fistule ou d'un kyste de la deuxième fente branchiale
LCFA009,Exérèse de lésion congénitale du premier arc branchial
LCFA010,Exérèse d'une fistule mentosternale
LCFA011,Exérèse d'une lipomatose cervicale [de Launois-Bensaude]
LCFA012,Exérèse d'une récidive d'une fistule ou d'un kyste congénital cervical médian ou latéral
LCLB001,Séance d'injection de toxine botulique au niveau de la face
LCMA001,Réanimation de l'hémiface paralysée par lambeau musculaire libre avec anastomoses vasculaires et nerveuses
LCPA001,"Libération d'une rétraction des tissus mous de la région masticatrice, par abord direct"
LCPA002,"Ténotomie du muscle sterno-cléido-mastoïdien, pour torticolis congénital"
LCQH001,"Scanographie des tissus mous du cou, avec injection intraveineuse de produit de contraste"
LCQJ001,"Remnographie [IRM] des tissus mous du cou, avec injection intraveineuse de produit de contraste"
LCQK001,"Scanographie des tissus mous du cou, sans injection intraveineuse de produit de contraste"
LCQK002,Radiographie des tissus mous du cou
LCQN001,"Remnographie [IRM] des tissus mous du cou, sans injection intraveineuse de produit de contraste"
LCRP001,Séance de relaxation des muscles masticateurs
LDAA001,"Recalibrage bilatéral de la colonne vertébrale cervicale, par abord postérieur"
LDAA002,"Recalibrage unilatéral de la colonne vertébrale cervicale, par abord postérieur"
LDCA001,"Ostéosynthèse transarticulaire bilatérale de l'atlas et de l'axis, par cervicotomie antérieure ou par cervicotomie antérolatérale bilatérale"
LDCA002,"Ostéosynthèse et/ou arthrodèse postérieure de la jonction occipitocervicale sans exploration du contenu canalaire, par abord postérieur"
LDCA003,"Ostéosynthèse postérieure de la jonction occipitocervicale avec exploration du contenu canalaire, par abord postérieur"
LDCA004,"Ostéosynthèse de la dent de l'axis [apophyse odontoïde de C2], par cervicotomie antérieure ou antérolatérale"
LDCA005,"Ostéosynthèse interlamaire de l'atlas et de l'axis, par abord postérieur"
LDCA006,"Ostéosynthèse transarticulaire et/ou transpédiculaire de l'atlas et de l'axis, par abord postérieur"
LDCA007,"Ostéosynthèse de la colonne vertébrale cervicale, par abord antérieur avec mandibulotomie"
LDCA008,"Ostéosynthèse de la dent de l'axis [apophyse odontoïde de C2], par abord intrabuccal"
LDCA009,"Ostéosynthèse transpédiculaire de l'axis, par abord postérieur"
LDCA010,"Ostéosynthèse interlamaire entre deux vertèbres de la colonne cervicale de C2 à C7, par abord postérieur"
LDCA011,"Ostéosynthèse et/ou arthrodèse antérieure de la colonne vertébrale sans exploration du contenu canalaire, par cervicotomie antérieure ou antérolatérale"
LDCA012,"Ostéosynthèse de la colonne vertébrale avec exploration du contenu canalaire, par cervicotomie antérieure ou antérolatérale et par abord postérieur"
LDCA013,"Ostéosynthèse de la colonne vertébrale avec exploration du contenu canalaire, par cervicotomie antérieure ou par cervicotomie antérolatérale"
LDDA001,"Arthrodèse antérieure de la jonction occipitocervicale, par abord intrabuccal ou par cervicotomie antérolatérale"
LDEB001,Réduction orthopédique progressive de lésion traumatique de la colonne vertébrale cervicale par traction continue
LDEP001,Séance d'élongation de la colonne vertébrale cervicale par traction sur table
LDEP002,Réduction orthopédique extemporanée de lésion traumatique de la colonne vertébrale cervicale par traction
LDFA001,"Exérèse d'une hernie discale de la colonne vertébrale cervicale, par abord postérieur ou postérolatéral"
LDFA002,"Uncectomie [Résection de l'uncus] ou foraminotomie unilatérale d'une vertèbre, par cervicotomie antérieure"
LDFA003,"Laminarthrectomie cervicale totale bilatérale, par abord postérieur"
LDFA004,"Laminarthrectomie cervicale totale unilatérale avec ostéosynthèse, par abord postérieur"
LDFA005,"Laminarthrectomie cervicale totale unilatérale sans ostéosynthèse, par abord postérieur"
LDFA006,"Exérèse de plusieurs hernies discales de la colonne vertébrale, par cervicotomie antérieure ou antérolatérale"
LDFA007,"Exérèse de plusieurs hernies discales de la colonne vertébrale avec ostéosynthèse et/ou arthrodèse, par cervicotomie antérieure ou antérolatérale"
LDFA008,"Exérèse d'une hernie discale de la colonne vertébrale avec ostéosynthèse et/ou arthrodèse, par cervicotomie antérieure ou antérolatérale"
LDFA009,"Corporectomie vertébrale partielle, par cervicotomie antérieure ou antérolatérale"
LDFA010,"Spondylectomie totale, par cervicotomie antérieure ou antérolatérale et par abord postérieur"
LDFA011,"Exérèse d'une hernie discale de la colonne vertébrale, par cervicotomie antérieure ou antérolatérale"
LDFA012,"Corporectomie vertébrale totale, par cervicotomie antérieure ou antérolatérale"
LDGA001,"Ablation de matériel d'ostéosynthèse de l'atlas et/ou de l'axis, par cervicotomie"
LDGA002,"Ablation de matériel d'ostéosynthèse de la colonne vertébrale, par cervicotomie antérieure ou antérolatérale"
LDHA001,"Biopsie osseuse et/ou articulaire de l'atlas et/ou de l'axis, par abord intrabuccal ou par abord prémastoïdien"
LDHA002,"Biopsie osseuse et/ou discale de la colonne vertébrale, par cervicotomie antérolatérale"
LDMP001,Confection d'un appareil rigide d'immobilisation de la colonne vertébrale cervicale sans appui occipitomentonnier ou fronto-occipito-mentonnier
LDMP002,Confection d'un appareil rigide d'immobilisation de la colonne vertébrale cervicale avec appui occipitomentonnier ou fronto-occipito-mentonnier
LDMP003,Confection d'un appareil rigide d'immobilisation de la colonne vertébrale cervicale et thoracique
LDPA001,"Décompression médullaire pour malformation de la jonction occipitocervicale, avec ouverture durale, par abord postérieur"
LDPA002,"Décompression médullaire pour malformation de la jonction occipitocervicale, par cervicotomie antérolatérale"
LDPA003,"Décompression médullaire pour malformation de la jonction occipitocervicale, sans ouverture durale, par abord postérieur"
LDPA004,"Décompression médullaire pour malformation de la jonction occipitocervicale, avec ostéosynthèse, par abord postérieur"
LDPA005,"Décompression médullaire pour malformation de la jonction occipitocervicale, par abord intrabuccal"
LDPA006,"Corporotomie [Somatotomie] d'une vertèbre pour décompression médullaire, par cervicotomie antérieure ou antérolatérale"
LDPA007,"Corporotomie [Somatotomie] d'une vertèbre pour décompression médullaire, avec arthrodèse et/ou ostéosynthèse, par cervicotomie antérieure ou antérolatérale"
LDPA008,"Ostéotomie antérieure ou discectomie totale pour déformation rigide de la colonne vertébrale, avec arthrodèse et correction instrumentale, par cervicotomie"
LDPA009,"Ostéotomie antérieure ou discectomie totale pour déformation rigide de la colonne vertébrale, avec arthrodèse et correction instrumentale, par cervicothoracotomie"
LDPA010,"Ostéotomie ou arthrectomie occipitoaxoïdienne pour déformation rigide de la colonne vertébrale, avec arthrodèse et correction instrumentale, par abord intrabuccal ou par cervicotomie"
LDQK001,Radiographie du segment cervical de la colonne vertébrale selon 1 ou 2 incidences
LDQK002,Radiographie du segment cervical de la colonne vertébrale selon 3 incidences ou plus
LECA001,"Ostéosynthèse de la colonne vertébrale avec exploration du contenu canalaire, par thoraco-phréno-laparotomie"
LECA002,"Ostéosynthèse de la colonne vertébrale avec exploration du contenu canalaire, par thoracotomie et par abord postérieur"
LECA003,"Ostéosynthèse et/ou arthrodèse antérieure ou épiphysiodèse de la colonne vertébrale sans exploration du contenu canalaire, par thoracotomie"
LECA004,"Ostéosynthèse de la colonne vertébrale avec exploration du contenu canalaire, par thoraco-phréno-laparotomie et par abord postérieur"
LECA005,"Ostéosynthèse de la colonne vertébrale avec exploration du contenu canalaire, par thoracotomie"
LECA006,"Ostéosynthèse et/ou arthrodèse antérieure de la colonne vertébrale sans exploration du contenu canalaire, par thoraco-phréno-laparotomie"
LECC001,"Ostéosynthèse et/ou arthrodèse antérieure ou épiphysiodèse de la colonne vertébrale, par thoracoscopie"
LEFA001,"Spondylectomie thoracique totale, par abord postérieur"
LEFA002,"Exérèse d'une hernie discale de la colonne vertébrale thoracique, par abord postérieur ou postérolatéral"
LEFA003,"Exérèse d'une hernie discale de la colonne vertébrale thoracique avec ostéosynthèse et/ou arthrodèse, par abord postérieur ou postérolatéral"
LEFA004,"Corporectomie vertébrale totale, par thoraco-phréno-laparotomie"
LEFA005,"Spondylectomie totale, par thoracotomie et par abord postérieur"
LEFA006,"Corporectomie vertébrale totale, par thoracotomie"
LEFA007,"Corporectomie vertébrale partielle, par thoraco-phréno-laparotomie"
LEFA008,"Corporectomie d'une vertèbre malformée, par thoraco-phréno-laparotomie"
LEFA009,"Spondylectomie totale, par thoraco-phréno-laparotomie et par abord postérieur"
LEFA010,"Corporectomie vertébrale partielle, par thoracotomie"
LEFA011,"Exérèse d'une hernie discale de la colonne vertébrale avec ostéosynthèse et/ou arthrodèse, par thoracotomie"
LEFA012,"Corporectomie d'une vertèbre malformée, par thoracotomie"
LEFC001,"Corporectomie vertébrale partielle ou totale, par thoracoscopie"
LEFC002,"Exérèse d'une hernie discale de la colonne vertébrale, par thoracoscopie"
LEGA001,"Ablation de matériel d'ostéosynthèse de la colonne vertébrale, par thoraco-phréno-laparotomie"
LEGA002,"Ablation de matériel d'ostéosynthèse de la colonne vertébrale, par thoracotomie"
LEHA001,"Biopsie osseuse et/ou discale de la colonne vertébrale, par thoraco-phréno-laparotomie"
LEHA002,"Biopsie osseuse et/ou discale de la colonne vertébrale, par costotransversectomie"
LEHA003,"Biopsie osseuse et/ou discale de la colonne vertébrale, par thoracotomie"
LEHC001,"Biopsie osseuse et/ou discale de la colonne vertébrale, par thoracoscopie"
LEMA001,"Correction instrumentale d'une déformation souple de la colonne vertébrale avec arthrodèse de 6 vertèbres ou plus, par thoraco-phréno-laparotomie"
LEMA002,"Correction instrumentale d'une déformation souple de la colonne vertébrale avec arthrodèse de 3 à 5 vertèbres, par thoracotomie"
LEMA003,"Correction instrumentale d'une déformation souple de la colonne vertébrale avec arthrodèse de 3 à 5 vertèbres, par thoraco-phréno-laparotomie"
LEMA004,"Correction instrumentale d'une déformation souple de la colonne vertébrale avec arthrodèse de 6 vertèbres ou plus, par thoracotomie"
LEMP001,Confection d'un appareil rigide d'immobilisation de la colonne vertébrale thoracique et lombale
LEPA001,"Ostéotomie antérieure ou discectomie totale pour déformation rigide de la colonne vertébrale avec arthrodèse, sans correction instrumentale, sur 1 à 3 vertèbres, par thoraco-phréno-laparotomie"
LEPA002,"Ostéotomie antérieure ou discectomie totale pour déformation rigide de la colonne vertébrale avec arthrodèse, sans correction instrumentale, sur 1 à 3 vertèbres, par thoracotomie"
LEPA003,"Ostéotomie antérieure ou discectomie totale pour déformation rigide de la colonne vertébrale, avec arthrodèse et correction instrumentale, sur 1 à 3 vertèbres, par thoracotomie"
LEPA004,"Ostéotomie antérieure ou discectomie totale pour déformation rigide de la colonne vertébrale, avec arthrodèse et correction instrumentale, sur 4 vertèbres ou plus, par thoraco-phréno-laparotomie"
LEPA005,"Ostéotomie antérieure ou discectomie totale pour déformation rigide de la colonne vertébrale avec arthrodèse, sans correction instrumentale, sur 4 vertèbres ou plus, par thoraco-phréno-laparotomie"
LEPA006,"Ostéotomie antérieure ou discectomie totale pour déformation rigide de la colonne vertébrale avec arthrodèse, sans correction instrumentale, sur 4 vertèbres ou plus, par thoracotomie"
LEPA007,"Ostéotomie antérieure ou discectomie totale pour déformation rigide de la colonne vertébrale, avec arthrodèse et correction instrumentale, sur 4 vertèbres ou plus, par thoracotomie"
LEPA008,"Ostéotomie antérieure ou discectomie totale pour déformation rigide de la colonne vertébrale, avec arthrodèse et correction instrumentale, sur 1 à 3 vertèbres, par thoraco-phréno-laparotomie"
LEQK001,Radiographie du segment thoracique de la colonne vertébrale
LFAA001,"Recalibrage unilatéral de la colonne vertébrale lombale ou lombosacrale, par abord postérieur"
LFAA002,"Recalibrage bilatéral de la colonne vertébrale lombale ou lombosacrale, par abord postérieur"
LFCA001,"Ostéosynthèse de la jonction lombosacrale avec exploration du contenu canalaire, par abord postérieur"
LFCA002,"Ostéosynthèse de la jonction lombosacrale sans exploration du contenu canalaire, par abord postérieur"
LFCA003,"Ostéosynthèse de la colonne vertébrale avec exploration du contenu canalaire, par laparotomie ou lombotomie et par abord postérieur"
LFCA004,"Ostéosynthèse de la colonne vertébrale avec exploration du contenu canalaire, par laparotomie ou par lombotomie"
LFCA005,"Ostéosynthèse et/ou arthrodèse antérieure de la colonne vertébrale sans exploration du contenu canalaire, par laparotomie ou par lombotomie"
LFCC001,"Ostéosynthèse et/ou arthrodèse antérieure de la colonne vertébrale, par coelioscopie ou par rétropéritonéoscopie"
LFDA001,"Arthrodèse postérieure et/ou postérolatérale d'un spondylolisthésis lombal sans réduction, avec libération radiculaire et ostéosynthèse, par abord postérieur"
LFDA002,"Arthrodèse intercorporéale d'un spondylolisthésis lombal à grand déplacement avec réduction, avec ostéosynthèse, par abord postérieur translombosacral"
LFDA003,"Arthrodèse postérieure et/ou postérolatérale d'un spondylolisthésis lombal sans réduction, avec libération radiculaire, sans ostéosynthèse, par abord postérieur"
LFDA004,"Arthrodèse intercorporéale de la colonne vertébrale lombale ou lombosacrale avec arthrodèse postérolatérale, par abord postérieur"
LFDA005,"Arthrodèse postérieure et/ou postérolatérale d'un spondylolisthésis lombal sans réduction, sans libération radiculaire, sans ostéosynthèse, par abord postérieur"
LFDA006,"Arthrodèse postérieure et/ou postérolatérale d'un spondylolisthésis lombal avec réduction, avec ostéosynthèse, par abord postérieur"
LFDA007,"Arthrodèse postérieure et/ou postérolatérale d'un spondylolisthésis lombal sans réduction, sans libération radiculaire, avec ostéosynthèse, par abord postérieur"
LFDA008,"Arthrodèse d'un spondylolisthésis lombal à grand déplacement avec réduction, avec ostéosynthèse, par laparotomie et par abord postérieur"
LFDA009,"Arthrodèse intercorporéale d'un spondylolisthésis lombal avec réduction, avec ostéosynthèse, par abord postérieur"
LFDA010,"Arthrodèse d'un spondylolisthésis lombal à grand déplacement avec réduction, avec ostéosynthèse, par laparotomie"
LFDA011,"Arthrodèse d'un spondylolisthésis lombal sans réduction, par laparotomie et par abord postérieur"
LFDA012,"Arthrodèse intercorporéale ou épiphysiodèse de la colonne vertébrale lombale ou lombosacrale, par abord postérieur"
LFDA013,"Arthrodèse d'un spondylolisthésis lombal sans réduction, par laparotomie"
LFEP001,"Réduction orthopédique progressive d'un spondylolisthésis lombal, par hamac et/ou traction bipolaire"
LFEP002,Séance d'élongation de la colonne vertébrale lombale par traction sur table
LFFA001,"Laminarthrectomie lombale ou lombosacrale totale bilatérale, par abord postérieur"
LFFA002,"Exérèse d'une hernie discale de la colonne vertébrale lombale, par abord postérieur ou postérolatéral"
LFFA003,"Exérèse de plusieurs hernies discales de la colonne vertébrale lombale, par abord postérieur ou postérolatéral"
LFFA004,"Exérèse d'une récidive d'une hernie discale de la colonne vertébrale lombale préalablement opérée par abord direct, par abord postérieur"
LFFA005,"Laminarthrectomie lombale ou lombosacrale totale unilatérale avec ostéosynthèse, par abord postérieur"
LFFA006,"Laminarthrectomie lombale ou lombosacrale totale unilatérale sans ostéosynthèse, par abord postérieur"
LFFA007,"Exérèse d'une récidive d'une hernie discale de la colonne vertébrale lombale préalablement opérée par abord direct, avec ostéosynthèse et/ou arthrodèse, par abord postérieur"
LFFA008,"Corporectomie d'une vertèbre malformée, par laparotomie ou par lombotomie"
LFFA009,"Corporectomie vertébrale partielle, par laparotomie ou par lombotomie"
LFFA010,"Exérèse d'une hernie discale de la colonne vertébrale avec ostéosynthèse et/ou arthrodèse, par laparotomie ou par lombotomie"
LFFA011,"Exérèse d'une hernie discale de la colonne vertébrale, par laparotomie ou par lombotomie"
LFFA012,"Spondylectomie totale, par laparotomie ou lombotomie et par abord postérieur"
LFFA013,"Corporectomie vertébrale totale, par laparotomie ou par lombotomie"
LFFC001,"Corporectomie vertébrale partielle ou totale, par coelioscopie ou rétropéritonéoscopie"
LFFC002,"Exérèse d'une hernie discale de la colonne vertébrale, par rétropéritonéoscopie"
LFGA001,"Ablation de matériel d'ostéosynthèse de la colonne vertébrale, par laparotomie ou par lombotomie"
LFHA001,"Biopsie osseuse et/ou discale de la colonne vertébrale, par laparotomie ou par lombotomie"
LFHC001,"Biopsie osseuse et/ou discale de la colonne vertébrale, par coelioscopie ou par rétropéritonéoscopie"
LFMA001,"Correction instrumentale d'une déformation souple de la colonne vertébrale avec arthrodèse de 3 à 5 vertèbres, par lombotomie"
LFMP001,Confection d'un appareil rigide d'immobilisation de la colonne vertébrale lombale
LFPA001,"Ostéotomie antérieure ou discectomie totale pour déformation rigide de la colonne vertébrale, avec arthrodèse et correction instrumentale, sur 1 à 3 vertèbres, par laparotomie ou par lombotomie"
LFPA002,"Ostéotomie antérieure ou discectomie totale pour déformation rigide de la colonne vertébrale, avec arthrodèse et correction instrumentale, sur 4 vertèbres ou plus, par laparotomie ou par lombotomie"
LFPA003,"Ostéotomie antérieure ou discectomie totale pour déformation rigide de la colonne vertébrale avec arthrodèse, sans correction instrumentale, sur 4 vertèbres ou plus, par laparotomie ou par lombotomie"
LFQK001,Radiographie du segment lombal de la colonne vertébrale selon 4 incidences ou plus
LFQK002,Radiographie du segment lombal de la colonne vertébrale selon 1 à 3 incidences
LGCA001,"Ostéosynthèse de fracture du sacrum, par abord postérieur"
LGDA001,"Fixation sacrale ou sacro-iliaque par abord postérieur, au cours d'une arthrodèse lombale sur 6 vertèbres ou plus"
LGFA001,"Exérèse distale du sacrum [Sacrectomie respectant S1 et S2], par abord postérieur"
LGFA002,"Exérèse proximale du sacrum [Sacrectomie S1 et/ou S2], par abord antérieur ou par abord postérieur"
LGFA003,"Exérèse distale du sacrum [Sacrectomie respectant S1 et S2], par abord antérieur et par abord postérieur"
LGFA004,"Exérèse totale du sacrum [Sacrectomie totale], par abord antérieur et par abord postérieur"
LGFA005,Exérèse du coccyx
LGFA006,"Exérèse proximale du sacrum [Sacrectomie S1 et/ou S2], par abord antérieur et par abord postérieur"
LGQK001,Radiographie du sacrum et/ou du coccyx
LHCA001,"Ostéosynthèse de la colonne vertébrale sans exploration du contenu canalaire, par abord antérieur et par abord postérieur"
LHCA002,"Ostéosynthèse postérieure de la colonne vertébrale sans exploration du contenu canalaire, par abord postérieur"
LHCA010,"Ostéosynthèse postérieure de la colonne vertébrale avec exploration du contenu canalaire, par abord postérieur"
LHCA011,Ostéosynthèse de la colonne vertébrale par fixateur externe
LHCA016,"Ostéosynthèse postérieure de la colonne vertébrale sans exploration du contenu canalaire avec arthrodèse, par abord postérieur"
LHDA001,"Arthrodèse postérieure ou épiphysiodèse de la colonne vertébrale sans exploration du contenu canalaire, par abord postérieur"
LHDA002,"Arthrodèse intercorporéale de la colonne vertébrale avec arthrodèse postérieure, par abord postérolatéral"
LHEB001,"Réduction orthopédique progressive d'une scoliose ou d'une cyphose, par traction continue de la colonne vertébrale par halo crânien"
LHEB002,"Réduction orthopédique progressive d'une scoliose ou d'une cyphose, par traction continue bipolaire de la colonne vertébrale par halo crânien et contrappui thoracique, pelvien ou fémoral"
LHEB003,Traction d'attente de la colonne vertébrale cervicale par halo crânien ou étrier
LHEP002,"Réduction orthopédique extemporanée d'une scoliose ou d'une cyphose par manoeuvres externes, avec confection d'un corset rigide"
LHEP003,Réduction orthopédique extemporanée de lésion traumatique de la colonne vertébrale par manoeuvres externes
LHEP004,Traction continue bipolaire de la colonne vertébrale par sangles
LHEP005,Traction continue unipolaire de la colonne vertébrale par sangle ou collier
LHFA001,"Arthrectomie totale bilatérale et/ou ostéotomie postérieure pour déformation rigide de la colonne vertébrale avec arthrodèse et correction instrumentale, sur 3 à 5 vertèbres, par abord postérieur"
LHFA003,"Arthrectomie totale bilatérale et/ou ostéotomie postérieure pour déformation rigide de la colonne vertébrale avec arthrodèse et correction instrumentale, sur 10 vertèbres ou plus, par abord postérieur, avec résection de 3 côtes ou plus"
LHFA007,"Exérèse d'une hernie discale de la colonne vertébrale, par thoracotomie"
LHFA013,"Arthrectomie totale bilatérale et/ou ostéotomie postérieure pour déformation rigide de la colonne vertébrale avec arthrodèse, correction instrumentale et ostéotomie antérieure transpédiculaire, sur 6 à 9 vertèbres, par abord postérieur"
LHFA016,"Laminectomie vertébrale sans exploration du contenu intradural, par abord postérieur ou postérolatéral"
LHFA019,"Laminectomie vertébrale avec exploration du contenu intradural et plastie de la dure-mère, par abord postérieur ou postérolatéral"
LHFA024,"Laminectomie vertébrale avec exploration du contenu intradural sans plastie de la dure-mère, par abord postérieur ou postérolatéral"
LHFA025,"Arthrectomie totale bilatérale et/ou ostéotomie postérieure pour déformation rigide de la colonne vertébrale avec arthrodèse, correction instrumentale et ostéotomie antérieure transpédiculaire, sur 10 vertèbres ou plus, par abord postérieur"
LHFA027,"Arthrectomie totale bilatérale et/ou ostéotomie postérieure pour déformation rigide de la colonne vertébrale avec arthrodèse, correction instrumentale et ostéotomie antérieure transpédiculaire, sur 3 à 5 vertèbres, par abord postérieur"
LHFA028,"Arthrectomie totale bilatérale et/ou ostéotomie postérieure pour déformation rigide de la colonne vertébrale avec arthrodèse et correction instrumentale, sur 10 vertèbres ou plus, par abord postérieur"
LHFA029,"Arthrectomie totale bilatérale et/ou ostéotomie postérieure pour déformation rigide de la colonne vertébrale avec arthrodèse et correction instrumentale, sur 6 à 9 vertèbres, par abord postérieur"
LHFA031,"Exérèse totale de l'arc vertébral, par abord postérieur"
LHFH001,"Tumorectomie osseuse vertébrale, par voie transcutanée avec guidage scanographique"
LHGA004,"Ablation de matériel d'ostéosynthèse de la colonne vertébrale sur 10 vertèbres ou plus, par abord postérieur"
LHGA006,"Ablation de matériel d'ostéosynthèse de la colonne vertébrale sur 6 à 9 vertèbres, par abord postérieur"
LHGA007,"Ablation de matériel d'ostéosynthèse de la colonne vertébrale sur 2 à 5 vertèbres, par abord postérieur"
LHHA006,"Biopsie de l'arc vertébral, par abord postérieur"
LHHA007,"Biopsie du corps vertébral et/ou du disque intervertébral, par abord postérieur ou transpédiculaire"
LHHH001,"Ponction ou cytoponction osseuse et/ou discale de la colonne vertébrale, par voie transcutanée avec guidage scanographique"
LHHH002,"Biopsie osseuse et/ou discale de la colonne vertébrale, par voie transcutanée avec guidage scanographique"
LHHH003,"Biopsie osseuse et/ou discale de la colonne vertébrale, par voie transcutanée avec guidage radiologique"
LHKA001,Remplacement du disque intervertébral  par prothèse
LHLB001,"Infiltration thérapeutique d'articulation vertébrale postérieure, par voie transcutanée sans guidage"
LHLB002,"Infiltration thérapeutique des ligaments périvertébraux, par voie transcutanée"
LHLH001,"Infiltration anesthésique d'articulation vertébrale postérieure avec guidage radiologique, avec évaluation diagnostique et pronostique"
LHLH002,"Infiltration thérapeutique d'articulation vertébrale postérieure, par voie transcutanée avec guidage scanographique"
LHLH003,"Infiltration thérapeutique d'articulation vertébrale postérieure, par voie transcutanée avec guidage radiologique"
LHMA003,"Correction instrumentale d'une déformation souple de la colonne vertébrale avec arthrodèse de 6 à 9 vertèbres, par abord postérieur"
LHMA004,"Correction instrumentale d'une déformation souple de la colonne vertébrale avec arthrodèse de 6 à 9 vertèbres, par abord postérolatéral"
LHMA006,"Correction instrumentale d'une déformation souple de la colonne vertébrale avec arthrodèse de 3 à 5 vertèbres, par abord postérieur"
LHMA007,"Laminoplastie vertébrale sans exploration du contenu intradural, par abord postérieur ou par abord postérolatéral"
LHMA008,"Reconstruction de l'isthme interarticulaire d'une vertèbre, par abord postérieur"
LHMA011,"Correction instrumentale d'une déformation souple de la colonne vertébrale sans arthrodèse, par abord postérieur"
LHMA013,"Correction instrumentale d'une déformation souple de la colonne vertébrale avec arthrodèse de 6 à 9 vertèbres par abord postérieur, avec résection de 3 côtes ou plus"
LHMA014,"Correction instrumentale d'une déformation souple de la colonne vertébrale avec arthrodèse de 10 vertèbres ou plus par abord postérieur, avec résection de 3 côtes ou plus"
LHMA015,"Correction instrumentale d'une déformation souple de la colonne vertébrale avec arthrodèse de 10 vertèbres ou plus, par abord postérieur"
LHMA016,"Laminoplastie vertébrale avec exploration du contenu intradural et plastie de la dure-mère, par abord postérieur ou par abord postérolatéral"
LHMH001,"Spondyloplastie de 3 vertèbres, par voie transcutanée avec guidage scanographique"
LHMH002,"Spondyloplastie d'1 vertèbre, par voie transcutanée avec guidage radiologique"
LHMH003,"Spondyloplastie de 2 vertèbres, par voie transcutanée avec guidage scanographique"
LHMH004,"Spondyloplastie de 3 vertèbres, par voie transcutanée avec guidage radiologique"
LHMH005,"Spondyloplastie d'1 vertèbre, par voie transcutanée avec guidage scanographique"
LHMH006,"Spondyloplastie de 2 vertèbres, par voie transcutanée avec guidage radiologique"
LHNH001,"Thermocoagulation de facettes articulaires de vertèbre, par voie transcutanée avec guidage radiologique"
LHNH002,"Destruction d'un disque intervertébral par injection d'agent pharmacologique [Chémonucléolyse], par voie transcutanée avec guidage scanographique"
LHNH003,"Destruction d'un disque intervertébral par injection d'agent pharmacologique [Chémonucléolyse], par voie transcutanée avec guidage radiologique"
LHPA003,"Laminotomie vertébrale sans exploration du contenu intradural, par abord postérieur ou par abord postérolatéral"
LHPA004,"Mise à plat d'une lésion vertébrale infectieuse ou ossifluente, par abord postérieur"
LHPA006,"Laminotomie vertébrale avec exploration du contenu intradural et plastie de la dure-mère, par abord postérieur ou par abord postérolatéral"
LHPA010,"Laminotomie vertébrale avec exploration du contenu intradural sans plastie de la dure-mère, par abord postérieur ou par abord postérolatéral"
LHPH001,"Exérèse d'un disque intervertébral, par voie transcutanée avec guidage radiologique [Nucléotomie transcutanée]"
LHQH001,Arthrographie d'articulation vertébrale postérieure
LHQH002,"Scanographie de plusieurs segments de la colonne vertébrale, avec injection intraveineuse de produit de contraste"
LHQH003,"Discographie intervertébrale unique, par voie transcutanée"
LHQH004,"Discographie intervertébrale multiple, par voie transcutanée"
LHQH005,"Discographie intervertébrale unique par voie transcutanée, avec scanographie de la colonne vertébrale [Discoscanner]"
LHQH006,"Scanographie d'un segment de la colonne vertébrale, avec injection intraveineuse de produit de contraste"
LHQJ001,"Remnographie [IRM] d'un ou de deux segments de la colonne vertébrale et de son contenu, avec injection intraveineuse de produit de contraste"
LHQJ002,"Remnographie [IRM] de 3 segments de la colonne vertébrale ou plus et de son contenu, avec injection intraveineuse de produit de contraste"
LHQK001,"Scanographie d'un segment de la colonne vertébrale, sans injection intraveineuse de produit de contraste"
LHQK002,Téléradiographie de la colonne vertébrale en totalité selon 2 incidences
LHQK003,Téléradiographie de la colonne vertébrale en totalité selon 2 incidences avec incidence segmentaire supplémentaire
LHQK004,Téléradiographie de la colonne vertébrale en totalité selon 1 incidence
LHQK005,"Scanographie de plusieurs segments de la colonne vertébrale, sans injection intraveineuse de produit de contraste"
LHQN001,"Remnographie [IRM] d'un ou de deux segments de la colonne vertébrale et de son contenu, sans injection intraveineuse de produit de contraste"
LHQN002,"Remnographie [IRM] de 3 segments de la colonne vertébrale ou plus et de son contenu, sans injection intraveineuse de produit de contraste"
LHRP001,Séance de médecine manuelle de la colonne vertébrale
LJCA001,Ostéosynthèse de fracture du sternum
LJCA002,Ostéosynthèse d'un volet thoracique
LJFA001,"Gibbectomie, par abord direct"
LJFA002,"Résection de la première côte, par abord supraclaviculaire ou par abord axillaire"
LJFA003,"Résection d'une côte cervicale, par abord supraclaviculaire"
LJFA004,"Résection de la paroi thoracique, sans prothèse"
LJFA006,Résection d'une côte
LJFA007,"Résection de la première côte et d'une côte cervicale, par abord supraclaviculaire"
LJFA008,"Résection de la paroi thoracique, avec prothèse"
LJFA009,Résection du sternum
LJGA001,Ablation de fils d'ostéosynthèse du sternum
LJGA002,Ablation de matériel d'ostéosynthèse du sternum et/ou des côtes
LJHB001,"Biopsie osseuse du sternum et/ou des côtes, par voie transcutanée"
LJJA001,"Évacuation de collection suppurée de la paroi thoracique, par abord direct"
LJJA002,Évacuation de collection suppurée de la paroi thoracique étendue au médiastin
LJLH001,"Infiltration thérapeutique d'articulation costovertébrale, par voie transcutanée avec guidage radiologique"
LJLH002,"Infiltration thérapeutique d'articulation costovertébrale, par voie transcutanée avec guidage scanographique"
LJMA001,Thoracoplastie de 6 côtes ou plus
LJMA002,"Plastie de malformation du thorax sans malformation du sternum, sans ostéosynthèse"
LJMA003,Thoracoplastie de 2 à 5 côtes
LJMA004,"Plastie de malformation du thorax sans malformation du sternum, avec ostéosynthèse"
LJMA005,"Plastie de malformation sternocostale, sans ostéosynthèse"
LJMA006,"Plastie de malformation sternocostale, avec ostéosynthèse"
LJQK001,Radiographie du squelette du thorax
LJQK002,Radiographie du thorax avec radiographie du squelette du thorax
LJSA001,Fermeture d'une désunion pariétale de thoracotomie latérale
LJSA002,Fermeture secondaire de la paroi thoracique après chirurgie cardiovasculaire chez le nouveau-né
LLBA002,"Interposition ou apposition de lambeau diaphragmatique ou intercostal, au cours d'une intervention intrathoracique"
LLCA001,"Suture d'une coupole du diaphragme pour hernie congénitale, par laparotomie"
LLCA002,"Suture d'une coupole du diaphragme pour hernie congénitale, par thoracotomie"
LLCA003,"Suture de plaie ou de rupture récente d'une coupole du diaphragme, par thoracotomie"
LLCA004,"Suture de rupture récente de la coupole gauche du diaphragme, par laparotomie"
LLCC001,"Suture de plaie ou de rupture récente d'une coupole du diaphragme, par thoracoscopie"
LLCC002,"Suture de plaie ou de rupture récente de la coupole gauche du diaphragme, par coelioscopie"
LLFA003,"Exérèse partielle du diaphragme sans pose de prothèse, par thoracotomie"
LLFA013,"Exérèse partielle du diaphragme avec pose de prothèse, par thoracotomie"
LLGA001,"Ablation d'un stimulateur souscutané du diaphragme ou du nerf phrénique, avec ablation d'électrode de stimulation par thoracotomie"
LLGA002,"Ablation de corps étranger projeté dans les tissus mous buccofaciaux, par abord intrabuccal"
LLJA001,"Évacuation de collection de la région des muscles masticateurs, par abords intrabuccal et facial"
LLJA002,"Évacuation de collection périmandibulaire ou périmaxillaire, par abord intrabuccal"
LLJA003,"Évacuation de collection de la région des muscles masticateurs, par abord intrabuccal"
LLKA001,Changement d'un générateur souscutané de stimulation du diaphragme ou du nerf phrénique
LLLA001,"Implantation souscutanée d'un stimulateur du diaphragme ou du nerf phrénique, avec pose d'électrodede stimulation par thoracotomie"
LLMA001,"Cure d'une hernie acquise de la coupole gauche du diaphragme, par thoracotomie"
LLMA002,"Cure d'une hernie hiatale congénitale avec agénésie des piliers du diaphragme, par laparotomie"
LLMA003,"Plastie d'une coupole du diaphragme pour éventration, par thoracotomie"
LLMA004,"Plastie musculaire ou prothétique d'une coupole du diaphragme pour hernie congénitale, par laparotomie"
LLMA005,"Cure d'une hernie acquise de la coupole droite du diaphragme, par abord direct"
LLMA006,"Cure d'une hernie hiatale sans pose de prothèse, par laparotomie"
LLMA007,"Cure d'une hernie rétrocostoxiphoïdienne, par laparotomie"
LLMA008,"Plastie d'une coupole du diaphragme pour éventration, par laparotomie"
LLMA009,"Plastie musculaire ou prothétique d'une coupole du diaphragme pour hernie congénitale, par thoracotomie"
LLMA010,"Cure d'une hernie hiatale avec pose de prothèse, par laparotomie"
LLMC001,"Cure d'une hernie rétrocostoxiphoïdienne, par coelioscopie"
LLMC002,"Cure d'une hernie hiatale avec pose de prothèse, par coelioscopie"
LLMC003,"Plastie d'une coupole du diaphragme pour éventration, par thoracoscopie"
LLMC004,"Cure d'une hernie hiatale sans pose de prothèse, par coelioscopie"
LLMC005,"Cure d'une hernie acquise de la coupole du diaphragme, par thoracoscopie"
LLQD001,"Mesure de la pression transdiaphragmatique par double ballonnet, par voie oesophagienne"
LMBA001,"Interposition ou apposition d'un lambeau de muscle thoracique ou abdominal sur un organe médiastinal, au cours d'une intervention intrathoracique"
LMFA001,"Exérèse de tumeur de la paroi abdominale antérieure avec fermeture par suture, par abord direct"
LMFA002,"Exérèse de tumeur de la paroi abdominale antérieure avec fermeture par prothèse, par abord direct"
LMFA003,Exérèse d'un bourgeon ombilical
LMGA001,"Ablation d'une prothèse de la paroi abdominale, par abord direct"
LMMA001,"Cure bilatérale d'une hernie de l'aine avec pose de prothèse, par abord inguinal"
LMMA002,"Cure bilatérale de hernie de l'aine avec pose de prothèse, par abord prépéritonéal unique"
LMMA003,Réfection de la paroi lombale sans prothèse
LMMA004,"Cure d'éventration postopératoire de la paroi abdominale antérieure avec pose de prothèse, par abord direct"
LMMA005,Réparation de perte de substance transfixiante de la paroi abdominale par lambeau libre et prothèse
LMMA006,"Cure de hernie de la paroi abdominale antérieure après l'âge de 16 ans avec pose de prothèse, par abord direct"
LMMA007,Réfection de la paroi lombale avec prothèse
LMMA008,"Cure unilatérale d'une hernie de l'aine avec pose de prothèse, par abord prépéritonéal"
LMMA009,"Cure de hernie de la paroi abdominale antérieure après l'âge de 16 ans sans pose de prothèse, par abord direct"
LMMA010,"Cure d'éventration postopératoire de la paroi abdominale antérieure sans pose de prothèse, par abord direct"
LMMA011,"Cure d'une hernie fémorale [crurale], par abord inguinofémoral"
LMMA012,"Cure unilatérale d'une hernie de l'aine avec pose de prothèse, par abord inguinal"
LMMA013,"Cure bilatérale d'une hernie de l'aine sans pose de prothèse, par abord inguinal"
LMMA014,"Cure de hernie de la paroi abdominale antérieure avant l'âge de 16 ans, par abord direct"
LMMA015,"Cure unilatérale d'une hernie de l'aine sans pose de prothèse, par abord inguinal"
LMMC001,"Cure bilatérale d'une hernie de l'aine avec pose de prothèse, par vidéochirurgie"
LMMC002,"Cure unilatérale d'une hernie de l'aine avec pose de prothèse, par vidéochirurgie"
LMMC003,"Cure unilatérale d'une hernie de l'aine sans pose de prothèse, par vidéochirurgie"
LMMC004,"Cure bilatérale d'une hernie de l'aine sans pose de prothèse, par vidéochirurgie"
LMQP001,Étude des muscles ventilatoires par mesure de pression à la bouche
LMSA001,Fermeture d'une omphalocèle ou d'un laparoschisis en un temps
LMSA002,"Fermeture d'une éviscération abdominale, par abord direct"
LMSA003,Fermeture progressive d'une omphalocèle ou d'un laparoschisis
LMSA004,Fermeture d'une laparostomie
LMSA005,Fermeture de paroi abdominale antérieure hypoplasique ou aplasique par plastie musculoaponévrotique
LZGA001,"Ablation de biomatériau de la face et/ou du cou, par abord direct"
MACA001,"Ostéosynthèse de fracture de la clavicule, à foyer ouvert"
MACA002,"Ostéosynthèse de fracture du col et/ou de la glène de la scapula, à foyer ouvert"
MACA003,"Ostéosynthèse de fracture de la scapula, à foyer ouvert"
MACA004,Ostéosynthèse de fracture de la clavicule par fixateur externe
MACB001,"Ostéosynthèse de fracture de la clavicule par broche, à foyer fermé"
MACB002,"Ostéosynthèse de fracture de la scapula, à foyer fermé"
MADP001,Contention orthopédique unilatérale ou bilatérale de fracture de la clavicule
MAEP001,Réduction orthopédique de fracture de la scapula
MAFA001,"Scapulectomie partielle emportant la glène ou scapulectomie totale, par abord direct"
MAFA002,Résection de moins d'un tiers de la clavicule
MAFA003,"Scapulectomie partielle respectant la glène, par abord direct"
MAFA004,Résection d'un tiers de la clavicule ou plus
MAFA005,"Résection segmentaire de la clavicule avec ostéosynthèse et autogreffe, pour pseudarthrose congénitale"
MAFA006,"Exérèse partielle de la scapula sans interruption de la continuité, par abord direct"
MAFA007,Huméroscapulectomie [Arthrectomie monobloc de l'épaule]
MAGA001,"Ablation de matériel d'ostéosynthèse de la scapula, par abord direct"
MAGA002,"Évidement de la scapula avec comblement, par abord direct"
MAGA003,"Évidement de la scapula sans comblement, par abord direct"
MAPA001,"Ostéotomie intraarticulaire ou extraarticulaire de la glène de la scapula, par abord direct"
MAPA002,"Ostéotomie de la clavicule, par abord direct"
MAPA003,"Ostéotomie de l'acromion et/ou de l'épine de la scapula, par abord direct"
MAQK001,Radiographie de la ceinture scapulaire et/ou de l'épaule selon 3 ou 4 incidences
MAQK002,Radiographie de la ceinture scapulaire et/ou de l'épaule selon 5 incidences ou plus
MAQK003,Radiographie de la ceinture scapulaire et/ou de l'épaule selon 1 ou 2 incidences
MBAA001,"Allongement osseux extemporané de l'humérus, avec autogreffe osseuse"
MBAA002,Allongement osseux progressif au bras ou à l'avant-bras par système externe
MBCA001,Ostéosynthèse de fracture extraarticulaire infratubérositaire de l'humérus
MBCA002,"Ostéosynthèse préventive de l'humérus pour lésion ostéolytique, à foyer ouvert"
MBCA003,"Ostéosynthèse d'une fracture supracondylaire de l'humérus, à foyer ouvert"
MBCA004,"Ostéosynthèse de fracture du tubercule majeur [trochiter] et/ou du tubercule mineur [trochin], à foyer ouvert"
MBCA005,Ostéosynthèse de fracture céphalotubérositaire de l'humérus
MBCA006,"Ostéosynthèse d'une fracture supracondylaire et intercondylaire complexe de l'humérus, à foyer ouvert"
MBCA007,Ostéosynthèse de fracture de la diaphyse de l'humérus par fixateur externe
MBCA008,"Ostéosynthèse d'une fracture supracondylaire et intercondylaire simple de l'humérus, à foyer ouvert"
MBCA009,"Ostéosynthèse de fracture-luxation de l'extrémité proximale de l'humérus, à foyer ouvert"
MBCA010,"Ostéosynthèse d'une fracture de l'épicondyle médial ou de l'épicondyle latéral de l'humérus, à foyer ouvert"
MBCA011,"Ostéosynthèse de fracture de la diaphyse de l'humérus, à foyer ouvert"
MBCA012,"Ostéosynthèse de fracture intracapsulaire de l'extrémité distale de l'humérus, à foyer ouvert"
MBCB001,"Ostéosynthèse d'une fracture supracondylaire de l'humérus, à foyer fermé"
MBCB002,"Ostéosynthèse de fracture de la diaphyse de l'humérus par matériel centromédullaire, à foyer fermé"
MBCB003,"Ostéosynthèse d'une fracture de l'épicondyle médial ou de l'épicondyle latéral de l'humérus, à foyer fermé"
MBCB004,"Ostéosynthèse d'une fracture du condyle médial ou du condyle latéral de l'humérus, à foyer fermé"
MBCB005,"Ostéosynthèse préventive de l'humérus pour lésion ostéolytique, à foyer fermé"
MBEB001,Réduction orthopédique progressive de fracture d'une extrémité et/ou de la diaphyse de l'humérus par traction continue squelettique
MBEP001,Réduction orthopédique extemporanée de fracture ou de décollement épiphysaire de l'extrémité proximale de l'humérus ou de fracture de la diaphyse de l'humérus
MBEP002,Réduction orthopédique extemporanée de fracture de l'extrémité distale de l'humérus
MBEP003,Réduction orthopédique progressive de fracture d'une extrémité et/ou de la diaphyse de l'humérus par traction continue non squelettique
MBFA001,"Résection ""en bloc"" d'une extrémité et/ou de la diaphyse de l'humérus"
MBFA002,Résection d'une extrémité et/ou de la diaphyse de l'humérus sans interruption de la continuité osseuse
MBGA001,"Évidement de l'épiphyse proximale de l'humérus en présence d'un cartilage épiphysaire actif avec comblement, par abord direct"
MBGA002,"Évidement de l'épiphyse proximale de l'humérus en présence d'un cartilage épiphysaire actif sans comblement, par abord direct"
MBMA001,"Reconstruction d'une extrémité et/ou de la diaphyse de l'humérus par greffe ou matériau inerte non prothétique, après résection partielle"
MBMA002,"Reconstruction d'une extrémité et/ou de la diaphyse de l'humérus après résection ""en bloc"", par greffe ou matériau inerte non prothétique"
MBPA001,Décortication de l'humérus avec ostéosynthèse pour pseudarthrose
MBPA002,Ostéotomie intraarticulaire de l'extrémité proximale de l'humérus
MBPA003,Ostéotomie complexe de la diaphyse ou de l'extrémité distale de l'humérus
MBPA004,Ostéotomie simple de la diaphyse de l'humérus
MBPA005,Ostéotomie extraarticulaire de l'extrémité proximale de l'humérus
MBPA006,Décortication de l'humérus pour pseudarthrose
MBQK001,Radiographie du bras
MCAA001,"Allongement extemporané de la diaphyse d'un os de l'avant-bras, avec autogreffe osseuse"
MCCA001,"Ostéosynthèse de fracture simple ou de décollement épiphysaire de l'extrémité proximale d'un os de l'avant-bras, à foyer ouvert"
MCCA002,"Ostéosynthèse préventive d'un os de l'avant-bras pour lésion ostéolytique, à foyer ouvert"
MCCA003,"Ostéosynthèse de fracture de la diaphyse d'un os de l'avant-bras avec réduction d'une luxation de l'autre os au coude ou au poignet, à foyer ouvert"
MCCA004,"Ostéosynthèse de fracture de la diaphyse d'un os de l'avant-bras, à foyer ouvert"
MCCA005,"Ostéosynthèse de fracture de l'extrémité distale d'un os de l'avant-bras, à foyer ouvert"
MCCA006,"Ostéosynthèse préventive des 2 os de l'avant-bras pour lésion ostéolytique, à foyer ouvert"
MCCA007,"Ostéosynthèse de fracture de la diaphyse des 2 os de l'avant-bras avec réduction de luxation au coude ou au poignet, à foyer ouvert"
MCCA008,"Ostéosynthèse de fracture de la diaphyse des 2 os de l'avant-bras, à foyer ouvert"
MCCA009,"Ostéosynthèse de fracture de l'extrémité proximale des 2 os de l'avant-bras, à foyer ouvert"
MCCA010,"Ostéosynthèse de fracture de l'extrémité distale des 2 os de l'avant-bras, à foyer ouvert"
MCCA011,"Ostéosynthèse de fracture complexe de l'extrémité proximale d'un os de l'avant-bras, à foyer ouvert"
MCCB001,"Ostéosynthèse de fracture de l'extrémité proximale d'un os de l'avant-bras, à foyer fermé"
MCCB002,"Ostéosynthèse de fracture de l'extrémité distale d'un os ou des 2 os de l'avant-bras par fixateur externe, à foyer fermé"
MCCB003,"Ostéosynthèse de fracture de la diaphyse d'un os de l'avant-bras, à foyer fermé"
MCCB004,"Ostéosynthèse de fracture ou de décollement épiphysaire de l'extrémité distale d'un os de l'avant-bras par broche, à foyer fermé"
MCCB005,"Ostéosynthèse de fracture de l'extrémité proximale des 2 os de l'avant-bras, à foyer fermé"
MCCB006,"Ostéosynthèse préventive des 2 os de l'avant-bras pour lésion ostéolytique, à foyer fermé"
MCCB007,"Ostéosynthèse de fracture de la diaphyse des 2 os de l'avant-bras, à foyer fermé"
MCCB008,"Ostéosynthèse de fracture de la diaphyse d'un os de l'avant-bras avec réduction d'une luxation de l'autre os au coude ou au poignet, à foyer fermé"
MCCB009,"Ostéosynthèse préventive d'un os de l'avant-bras pour lésion ostéolytique, à foyer fermé"
MCEP001,Réduction orthopédique de fracture ou de décollement épiphysaire de l'extrémité distale d'un os ou des 2 os de l'avant-bras
MCEP002,Réduction orthopédique de fracture ou de décollement épiphysaire de l'extrémité proximale et/ou de fracture de la diaphyse d'un os ou des 2 os de l'avant-bras
MCFA001,Résection de synostose radio-ulnaire acquise
MCFA002,Résection partielle ou totale de l'extrémité distale d'un os de l'avant-bras
MCFA003,"Résection de l'olécrâne, par arthrotomie"
MCFA004,"Résection de la tête du radius, par arthrotomie"
MCFA005,"Résection d'une extrémité et/ou de la diaphyse d'un os de l'avant-bras, sans interruption de la continuité"
MCFA006,"Résection ""en bloc"" d'une extrémité et/ou de la diaphyse d'un os de l'avant-bras"
MCMA001,"Reconstruction d'une extrémité et/ou de la diaphyse d'un os de l'avant-bras après résection ""en bloc"", par greffe ou matériau inerte non prothétique"
MCMA002,"Reconstruction d'une extrémité et/ou de la diaphyse d'un os de l'avant-bras par greffe ou matériau inerte non prothétique, après résection partielle"
MCPA001,Ostéotomie de réorientation de l'avant-bras pour synostose radio-ulnaire congénitale
MCPA002,Ostéotomie de l'extrémité distale du radius
MCPA003,Ostéotomie de l'extrémité distale des 2 os de l'avant-bras
MCPA004,Ostéotomie complexe de la diaphyse du radius et/ou de l'ulna avec résection de synostose radio-ulnaire acquise
MCPA005,Ostéotomie de l'ulna avec arthrodèse de l'articulation radio-ulnaire distale
MCPA006,Ostéotomie complexe de la diaphyse d'un os de l'avant-bras
MCPA007,Ostéotomie complexe de la diaphyse des 2 os de l'avant-bras
MCPA008,Dissociation des deux os de l'avant-bras pour création d'une pince préhensile après amputation de main
MCPA009,Ostéotomie de l'extrémité distale du radius avec résection partielle ou totale de l'extrémité distale de l'ulna
MCPA010,Ostéotomie simple de la diaphyse d'un os de l'avant-bras
MCPA011,Décortication des 2 os de l'avant-bras avec ostéosynthèse pour pseudarthrose
MCPA012,Décortication des 2 os de l'avant-bras pour pseudarthrose
MCPA013,Décortication d'un os de l'avant-bras avec ostéosynthèse pour pseudarthrose
MCPA014,Décortication d'un os de l'avant-bras pour pseudarthrose
MCQK001,Radiographie de l'avant-bras
MDAA001,"Allongement osseux extemporané à la main, avec autogreffe osseuse"
MDAA002,Allongement osseux progressif à la main par système externe
MDCA001,"Ostéosynthèse de fracture de l'os scaphoïde, à foyer ouvert"
MDCA002,"Ostéosynthèse préventive d'un métacarpien pour lésion ostéolytique, à foyer ouvert"
MDCA003,Ostéosynthèse de fracture articulaire d'un os de la main par fixateur externe
MDCA004,"Ostéosynthèse de fractures articulaires de plusieurs os de la main, à foyer ouvert"
MDCA005,"Ostéosynthèse d'une pseudarthrose de l'os scaphoïde, à foyer ouvert"
MDCA006,"Ostéosynthèse de fractures de plusieurs os du carpe, à foyer ouvert"
MDCA007,"Ostéosynthèse de fractures extraarticulaires de plusieurs os de la main, à foyer ouvert"
MDCA008,Ostéosynthèse de fractures articulaires de plusieurs os de la main par fixateur externe
MDCA009,Ostéosynthèse de fractures extraarticulaires de plusieurs os de la main par fixateur externe
MDCA010,Ostéosynthèse de fracture extraarticulaire d'un os de la main par fixateur externe
MDCA011,"Ostéosynthèse de fracture extraarticulaire d'un os de la main, à foyer ouvert"
MDCA012,"Ostéosynthèse de fracture de la base du premier métacarpien, à foyer ouvert"
MDCA013,"Ostéosynthèse de fracture d'un os du carpe, à foyer ouvert"
MDCA014,"Ostéosynthèse de fracture articulaire d'un os de la main, à foyer ouvert"
MDCB001,"Ostéosynthèse préventive d'un métacarpien pour lésion ostéolytique, à foyer fermé"
MDCB002,"Ostéosynthèse de fractures articulaires de plusieurs os de la main par broche, à foyer fermé"
MDCB003,"Ostéosynthèse de fracture extraarticulaire d'un os de la main par broche, à foyer fermé"
MDCB004,"Ostéosynthèse de fractures extraarticulaires de plusieurs os de la main par broche, à foyer fermé"
MDCB005,"Ostéosynthèse de fracture articulaire d'un os de la main par broche, à foyer fermé"
MDDA001,Désépiphysiodèse de phalange triangulaire de la main
MDEA001,Autogreffe corticospongieuse encastrée de l'os scaphoïde
MDEA002,Autogreffe corticospongieuse intercalée de l'os scaphoïde avec ostéotomie
MDEA003,Autogreffe corticospongieuse pédiculée de l'os scaphoïde
MDEP001,Réduction orthopédique de fractures de plusieurs os de la main
MDEP002,Réduction orthopédique d'une fracture d'un os de la main
MDEP003,Réduction orthopédique de fracture et/ou d'une luxation du poignet
MDFA001,"Résection segmentaire d'une phalange ou d'une articulation interphalangienne du pouce avec rétablissement de la continuité, pour triphalangie"
MDFA002,"Exérèse partielle d'un os de la main sans interruption de la continuité, par abord direct"
MDFA003,Résection partielle d'un os du carpe sans arthrodèse
MDFA004,Résection de la première rangée du carpe
MDFA005,"Résection ""en bloc"" d'os du carpe et/ou du métacarpe"
MDFA006,Résection totale d'un os du carpe avec arthrodèse intracarpienne
MDFA007,"Résection complète d'une phalange du pouce avec rétablissement de la continuité, pour triphalangie"
MDGA001,"Évidement d'un os du carpe avec comblement, par abord direct"
MDGA002,"Ablation de matériel d'ostéosynthèse de la main, par abord direct"
MDGA003,"Évidement d'un os de la main sans comblement, par abord direct"
MDGA004,"Évidement d'un os de la main avec comblement, par abord direct"
MDGB001,"Ablation de matériel d'ostéosynthèse enfoui de la main, par voie transcutanée sans guidage"
MDHA001,"Biopsie d'un os et/ou d'une articulation de la main, par abord direct"
MDMA001,Reconstruction d'un os de la main par greffe ou matériau inerte non prothétique
MDPA001,"Ostéotomie de plusieurs os de la main, avec libération de tendon et/ou libération mobilisatrice articulaire"
MDPA002,Ostéotomie d'un os de la main
MDPA003,Ostéotomie de plusieurs os de la main
MDPA004,"Ostéotomie d'un os de la main, avec libération de tendon et/ou libération mobilisatrice articulaire"
MDPA005,Ostéotomie du premier métacarpien pour malformation congénitale
MDQK001,Radiographie de la main ou de doigt
MDQK002,"Radiographie bilatérale de la main et/ou du poignet, selon 1 incidence sur un seul cliché de face"
MEDA001,"Arthrodèse scapulohumérale, par arthrotomie"
MEEA001,"Réduction orthopédique d'une luxation scapulohumérale, avec ostéosynthèse de fracture de l'extrémité proximale de l'humérus homolatéral"
MEEA002,"Réduction d'une luxation scapulohumérale par arthrotomie, avec ostéosynthèse de fracture homolatérale de la glène, du col de la scapula et/ou de tubercule huméral"
MEEA003,"Réduction d'une luxation scapulohumérale, par arthrotomie"
MEEA004,"Réduction d'une luxation acromioclaviculaire ou sternoclaviculaire, par abord direct"
MEEP001,Réduction orthopédique d'une luxation ou luxation-fracture acromioclaviculaire ou sternoclaviculaire
MEEP002,Réduction orthopédique d'une luxation scapulohumérale
MEEP003,Réduction orthopédique d'une luxation scapulohumérale avec fracture de l'extrémité proximale de l'humérus homolatéral
MEFA001,"Résection du bourrelet glénoïdal scapulohuméral, par arthrotomie"
MEFA003,"Synovectomie totale de l'articulation scapulohumérale, par arthrotomie"
MEFC001,"Résection du bourrelet glénoïdal scapulohuméral, par arthroscopie"
MEFC002,"Synovectomie totale de l'articulation scapulohumérale, par arthroscopie"
MEGA001,"Ablation d'une prothèse de l'articulation scapulohumérale, avec arthrodèse scapulohumérale"
MEGA002,Ablation d'une prothèse de l'articulation scapulohumérale
MEJA001,"Nettoyage de l'articulation scapulohumérale, par arthrotomie"
MEJC001,"Nettoyage de l'articulation scapulohumérale, par arthroscopie"
MEKA001,Changement d'une prothèse totale scapulohumérale
MEKA002,"Changement d'une prothèse humérale et/ou de la pièce glénoïdale d'une prothèse totale scapulohumérale, avec reconstruction osseuse"
MEKA003,Changement d'une prothèse humérale pour une prothèse totale scapulohumérale
MEKA004,"Changement d'une prothèse humérale ou de la pièce glénoïdale d'une prothèse totale scapulohumérale, sans reconstruction osseuse"
MEKA005,"Remplacement de l'articulation scapulohumérale par prothèse humérale unipolaire ou à cupule mobile, avec réinsertion, suture et/ou autoplastie de la coiffe des rotateurs de l'épaule"
MEKA006,Remplacement de l'articulation scapulohumérale par prothèse totale
MEKA007,"Remplacement de l'articulation scapulohumérale par prothèse totale, avec ostéotomie de l'extrémité proximale de l'humérus"
MEKA008,"Remplacement de l'articulation scapulohumérale par prothèse totale, avec réinsertion, suture et/ou autoplastie de la coiffe des rotateurs de l'épaule"
MEKA009,"Remplacement de l'articulation scapulohumérale par prothèse humérale unipolaire ou par cupule mobile, avec ostéotomie de l'extrémité proximale de l'humérus"
MEKA010,Remplacement de l'articulation scapulohumérale par prothèse humérale unipolaire ou par cupule mobile
MELH001,"Injection sous pression d'un agent pharmacologique dans l'articulation scapulohumérale pour libération capsulaire, par voie transcutanée avec guidage radiologique, avec mobilisation articulaire sous anesthésie locale"
MEMA001,"Arthroplastie sternoclaviculaire par résection de l'extrémité médiale de la clavicule, par arthrotomie"
MEMA003,"Reconstruction osseuse de l'épaule avec arthrodèse, après résection segmentaire"
MEMA005,"Confection d'une butée glénoïdale par prélèvement coracoïdien, par abord direct"
MEMA006,"Acromioplastie sans prothèse, par abord direct"
MEMA008,"Capsuloplastie antérieure et postérieure de l'articulation scapulohumérale avec ostéotomie glénoïdale, par abord direct"
MEMA009,"Reconstruction de l'articulation de l'épaule par prothèse massive ou sur mesure, après résection segmentaire"
MEMA011,"Arthroplastie acromioclaviculaire par résection de l'extrémité latérale de la clavicule, par arthrotomie"
MEMA012,"Capsuloplastie antérieure ou postérieure de l'articulation scapulohumérale, par abord direct"
MEMA014,"Capsuloplastie antérieure et postérieure de l'articulation scapulohumérale, par abord direct"
MEMA015,"Arthroplastie scapulohumérale sans prothèse, par abord direct"
MEMA016,"Capsuloplastie antérieure et postérieure de l'articulation scapulohumérale avec ostéotomie humérale, par abord direct"
MEMA018,"Confection d'une butée glénoïdale osseuse ou ostéomusculaire, par abord direct"
MEMC001,"Arthroplastie acromioclaviculaire par résection de l'extrémité latérale de la clavicule, par arthroscopie"
MEMC002,"Capsuloplastie antérieure ou postérieure de l'articulation scapulohumérale, par arthroscopie"
MEMC003,"Acromioplastie sans prothèse, par arthroscopie"
MEMC004,"Réparation du bourrelet glénoïdal scapulohuméral, par arthroscopie"
MEMP001,Confection d'une attelle de posture ou de mobilisation de l'épaule
MEPA001,"Libération mobilisatrice de l'articulation scapulohumérale et/ou subacromiale, par arthrotomie"
MEPC001,"Libération mobilisatrice de l'articulation scapulohumérale et/ou subacromiale, par arthroscopie"
MEQC001,"Exploration de la bourse séreuse subacromiale, par arthroscopie [Bursoscopie sousacromiale]"
MEQC002,"Exploration de l'articulation de l'épaule, par arthroscopie"
MEQH001,Arthrographie de l'épaule
MERP001,"Mobilisation de l'articulation scapulohumérale à visée thérapeutique, sous anesthésie générale ou locorégionale"
MFCA001,"Suture ou plastie de l'appareil capsuloligamentaire collatéral de l'articulation du coude, par abord direct"
MFDA001,"Arthrodèse du coude, par arthrotomie"
MFDA002,"Arthrorise du coude par butée, ténodèse ou capsulodèse, par abord direct"
MFEA001,"Réduction d'une luxation du coude, par arthrotomie"
MFEA002,"Réduction orthopédique d'une luxation du coude, avec ostéosynthèse de fracture de l'épicondyle médial ou latéral de l'humérus à foyer ouvert"
MFEA003,"Réduction d'une luxation du coude et/ou de l'articulation radio-ulnaire proximale par arthrotomie, avec ostéosynthèse de fracture de l'extrémité proximale du radius ou de l'ulna à foyer ouvert"
MFEB001,"Réduction orthopédique d'une luxation du coude et/ou de l'articulation radio-ulnaire proximale, avec ostéosynthèse de fracture de l'extrémité proximale du radius ou de l'ulna à foyer fermé"
MFEP001,Réduction orthopédique d'une pronation douloureuse du coude
MFEP002,Réduction orthopédique d'une luxation ou d'une luxation-fracture du coude
MFFA001,"Résection ""en bloc"" du coude [Arthrectomie monobloc du coude]"
MFFA002,"Synovectomie totale du coude, par arthrotomie antérieure et par arthrotomie postérieure"
MFFA003,"Exérèse de kyste synovial du coude, par abord direct"
MFFC001,"Synovectomie totale du coude, par arthroscopie"
MFGA001,Ablation d'une prothèse totale du coude
MFJA001,"Nettoyage de l'articulation du coude, par arthrotomie"
MFJC001,"Nettoyage de l'articulation du coude, par arthroscopie"
MFKA001,Changement partiel ou total d'une prothèse articulaire du coude
MFKA002,"Remplacement de la tête radiale par prothèse, par abord direct"
MFKA003,"Remplacement de l'articulation du coude par prothèse totale, par abord direct"
MFMA001,"Reconstruction osseuse du coude avec arthrodèse, après résection segmentaire"
MFMA003,"Reconstruction de l'articulation du coude par prothèse massive ou sur mesure, après résection segmentaire"
MFMA005,"Arthroplastie du coude sans prothèse, par abord direct"
MFMP001,Confection d'une attelle de posture ou de mobilisation du coude
MFPA001,"Libération mobilisatrice de l'articulation du coude avec résection d'ostéome synostosique, par abord direct"
MFPA002,"Libération mobilisatrice de l'articulation du coude, par abord direct"
MFPA003,"Libération mobilisatrice de l'articulation du coude avec libération du nerf ulnaire, par abord direct"
MFPC001,"Libération mobilisatrice de l'articulation du coude, par arthroscopie"
MFQC001,"Exploration de l'articulation du coude, par arthroscopie"
MFQH001,Arthrographie du coude
MFQK001,Radiographie du coude selon 3 incidences ou plus
MFQK002,Radiographie du coude selon 1 ou 2 incidences
MFRP001,"Mobilisation de l'articulation du coude à visée thérapeutique, sous anesthésie générale ou locorégionale"
MGCA001,"Suture et/ou réinsertion de ligament articulaire du poignet, par arthrotomie"
MGCC001,"Suture et/ou réinsertion de ligament articulaire du poignet, par arthroscopie"
MGDA001,"Arthrodèse intracarpienne, par arthrotomie"
MGDA002,"Arthrodèse radiocarpienne, par arthrotomie"
MGEA001,"Réduction d'une luxation du poignet avec ostéosynthèse de fracture d'un os du carpe, par arthrotomie"
MGEA002,"Réduction d'une luxation du poignet, par arthrotomie"
MGFA001,"Résection ""en bloc"" du poignet [Arthrectomie monobloc du poignet]"
MGFA002,"Synovectomie radio-ulnaire distale, par arthrotomie"
MGFA003,"Synovectomie totale des articulations du poignet, par arthrotomie"
MGFA004,"Exérèse de kyste synovial avec ténosynovectomie des extenseurs au poignet, par abord direct"
MGFA005,"Synovectomie radiocarpienne et/ou intracarpienne, par arthrotomie"
MGFA006,"Résection partielle des os du carpe pour centralisation du poignet avec ostéosynthèse du carpe et ostéotomie de la diaphyse de l'ulna, par abord direct"
MGFA007,"Exérèse de kyste synovial du poignet, par abord direct"
MGFC001,"Synovectomie radio-ulnaire distale, par arthroscopie"
MGFC002,"Synovectomie radiocarpienne et/ou intracarpienne, par arthroscopie"
MGFC003,"Synovectomie totale des articulations du poignet, par arthroscopie"
MGGA001,Ablation d'une prothèse totale radiocarpienne
MGGA002,Ablation d'une prothèse articulaire du poignet
MGJA001,"Nettoyage des articulations du poignet, par arthrotomie"
MGJC001,"Nettoyage des articulations du poignet, par arthroscopie"
MGKA001,Changement partiel ou total d'une prothèse articulaire du poignet
MGKA002,"Remplacement de l'articulation radiocarpienne par prothèse totale, par abord direct"
MGKA003,"Remplacement de l'articulation du poignet par prothèse partielle, par abord direct"
MGMA002,"Reconstruction osseuse du poignet avec arthrodèse, après résection segmentaire"
MGMA003,"Arthroplastie du poignet sans prothèse, pour radialisation"
MGMA004,"Capsuloplastie d'une articulation du poignet, par abord direct"
MGMA005,"Création d'une butée ulnaire au poignet, par abord direct"
MGMA006,"Reconstruction de l'articulation du poignet par prothèse massive ou sur mesure, après résection segmentaire"
MGMP001,Confection d'une attelle de posture ou de mobilisation du poignet et/ou de la main
MGMP002,Confection d'un appareil rigide d'immobilisation du poignet et/ou de la main
MGPA001,"Libération mobilisatrice des articulations du poignet, par abord direct"
MGQC001,"Exploration de l'articulation du poignet, par arthroscopie"
MGQH001,Arthrographie du poignet
MGQK001,Radiographie du poignet selon 3 incidences ou plus
MGQK002,Bilan radiographique dynamique du poignet pour entorse non dissociative selon 7 incidences spécifiques
MGQK003,Radiographie du poignet selon 1 ou 2 incidences
MHCA001,Suture ou plastie de l'appareil capsuloligamentaire de plusieurs articulations métacarpophalangiennes
MHCA002,"Suture ou plastie de l'appareil capsuloligamentaire de l'articulation métacarpophalangienne du pouce, par abord direct"
MHCA003,Suture ou plastie de l'appareil capsuloligamentaire d'une articulation métacarpophalangienne
MHDA001,"Arthrodèse de plusieurs articulations métacarpophalangiennes et/ou interphalangiennes de doigt, par arthrotomie"
MHDA002,"Arthrodèse intermétacarpienne du premier espace interosseux, par arthrotomie"
MHDA003,"Arthrodèse trapézométacarpienne, par arthrotomie"
MHDA004,"Arthrodèse carpométacarpienne, par arthrotomie"
MHDA005,"Arthrodèse d'une articulation métacarpophalangienne ou interphalangienne d'un doigt, par arthrotomie"
MHDB001,"Arthrorise temporaire d'une articulation métacarpophalangienne ou interphalangienne d'un doigt par broche, par voie transcutanée"
MHEA001,"Réduction de luxation de plusieurs articulations métacarpophalangiennes et/ou interphalangiennes de doigt, par arthrotomie"
MHEA002,"Réduction d'une luxation ou luxation-fracture trapézométacarpienne, par arthrotomie"
MHEA003,"Réduction d'une luxation de l'articulation métacarpophalangienne ou interphalangienne d'un doigt, par arthrotomie"
MHEA004,"Réduction d'une luxation ou luxation-fracture carpométacarpienne, par arthrotomie"
MHEP001,Réduction orthopédique de plusieurs luxations et/ou luxations-fractures métacarpophalangiennes et/ou interphalangiennes de doigt
MHEP002,Réduction orthopédique d'une luxation ou d'une luxation-fracture métacarpophalangienne ou interphalangienne d'un doigt
MHEP003,Réduction orthopédique d'une luxation ou d'une luxation-fracture trapézométacarpienne
MHEP004,Réduction orthopédique d'une luxation ou d'une luxation-fracture carpométacarpienne
MHFA001,"Synovectomie d'une articulation métacarpophalangienne ou interphalangienne d'un doigt, par abord direct"
MHFA002,Exérèse de kyste synovial ou mucoïde d'une articulation ou d'une gaine fibreuse de la main
MHFA003,"Synovectomie de plusieurs articulations métacarpophalangiennes et/ou interphalangiennes de doigt, par abord direct"
MHJA001,"Évacuation de collection articulaire de la main, par arthrotomie"
MHMA001,Arthroplastie de plusieurs articulations métacarpophalangiennes et/ou interphalangiennes de doigt
MHMA002,Arthroplastie d'une articulation métacarpophalangienne ou interphalangienne d'un doigt
MHMA003,Reconstruction d'une articulation de la main par transfert libre avec anastomoses vasculaires
MHMA004,Reconstruction d'une articulation de la main par transfert pédiculé
MHMA005,Arthroplastie trapézométacarpienne
MHMP001,Confection d'une orthèse dynamique de 2 doigts avec 2 éléments moteurs
MHMP002,Confection d'une orthèse statique de 2 doigts
MHMP003,Confection d'une orthèse statique de 3 doigts ou plus
MHMP004,Confection d'une orthèse dynamique d'un doigt avec un élément moteur
MHMP005,Confection d'un appareil rigide d'immobilisation des doigts
MHMP006,Confection d'une orthèse dynamique de 3 doigts ou plus avec 3 éléments moteurs
MHMP007,Confection d'une orthèse statique d'un doigt
MHPA001,"Libération mobilisatrice de plusieurs articulations de la main, par abord direct"
MHPA002,"Libération mobilisatrice d'une articulation de la main, par abord direct"
MHPA003,"Libération mobilisatrice de plusieurs articulations de la main avec libération de tendon, par abord direct"
MHPA004,"Libération mobilisatrice d'une articulation de la main avec libération de tendon, par abord direct"
MHQH001,Arthrographie métacarpophalangienne ou interphalangienne de doigt
MHQP001,"Bilan fonctionnel des articulations de la main, sous anesthésie générale ou locorégionale"
MJAA001,"Allongement des tendons et/ou des muscles extenseurs de la main ou des doigts, par abord direct"
MJAA002,"Allongement des tendons et/ou désinsertion des muscles fléchisseurs de la main ou des doigts, par abord direct"
MJCA001,"Suture de plaie d'un tendon d'un muscle fléchisseur des doigts sur un rayon de la main, par abord direct"
MJCA002,"Suture de plaies des 2 tendons des muscles fléchisseurs des doigts sur un rayon de la main, par abord direct"
MJCA003,"Suture de plaies de tendon des muscles fléchisseurs des doigts, d'un nerf et d'une artère digitaux palmaires, sur un rayon de la main"
MJCA005,"Suture de plaies d'un tendon d'un muscle fléchisseur des doigts et de 2 nerfs digitaux palmaires, sur un rayon de la main"
MJCA006,"Suture de plaies d'un tendon d'un muscle fléchisseur des doigts et d'un nerf digital palmaire, sur un rayon de la main"
MJCA007,"Suture de plaies des 2 tendons des muscles fléchisseurs des doigts et des 2 nerfs digitaux palmaires, sur un rayon de la main"
MJCA008,"Suture de plaies des 2 tendons des muscles fléchisseurs des doigts et d'un nerf digital palmaire, sur un rayon de la main"
MJCA010,"Suture de plaies de tendon des muscles fléchisseurs des doigts, des 2 nerfs et d'une ou deux artères digitaux palmaires, sur un rayon de la main"
MJCA012,"Réparation de plaie de l'appareil extenseur d'un doigt par suture sur un rayon de la main, par abord direct"
MJDA001,"Ténodèse et/ou résection de la portion articulaire du muscle long biceps brachial, par abord direct"
MJEA001,Transfert musculotendineux et/ou ténodèse pour rétablissement de l'ouverture des doigts longs et du pouce
MJEA002,Transfert musculotendineux et/ou ténodèse pour rétablissement de l'ouverture des doigts longs
MJEA003,Transfert musculotendineux pour rétablissement des fonctions intrinsèques des doigts longs et du pouce
MJEA004,"Réinsertion transosseuse de tendon sur une phalange d'un doigt, par abord direct"
MJEA005,Transfert musculotendineux et/ou ténodèse pour rétablissement de l'extension active du poignet
MJEA006,"Réinsertion et/ou suture de plusieurs tendons de la coiffe des rotateurs de l'épaule, par abord direct"
MJEA007,Transfert musculotendineux et/ou ténodèse pour rétablissement de l'ouverture du pouce
MJEA008,Transfert musculotendineux et/ou ténodèse pour rétablissement de l'extension active du poignet et de l'ouverture des doigts longs et du pouce
MJEA009,Transfert tendineux et/ou ténodèse pour rétablissement de la fermeture du pouce
MJEA010,"Réinsertion ou suture d'un tendon de la coiffe des rotateurs de l'épaule, par abord direct"
MJEA011,"Transfert musculotendineux, ténodèse et/ou capsulodèse pour rétablissement des fonctions intrinsèques du pouce"
MJEA012,Transfert musculotendineux pour rétablissement de la flexion active du coude
MJEA013,"Transfert musculotendineux, ténodèse et/ou capsulodèse pour rétablissement des fonctions intrinsèques des doigts longs"
MJEA014,Transfert musculotendineux avec plastie du premier espace interosseux métacarpien pour hypoplasie du pouce
MJEA015,Transfert musculotendineux et/ou ténodèse pour rétablissement de la fermeture des doigts longs et du pouce
MJEA016,Transposition musculotendineuse et/ou fixation de la scapula pour stabilisation
MJEA017,Transfert ostéomusculaire du processus coracoïde ou transfert du ligament coracoacromial pour stabilisation de la clavicule
MJEA018,Transfert musculotendineux et/ou ténodèse pour rétablissement de la fermeture des doigts longs
MJEA019,Réinsertion du muscle biceps brachial sur le radius
MJEA020,Transfert musculotendineux et/ou ténodèse pour rétablissement de la fermeture des doigts longs et du pouce et des fonctions intrinsèques des doigts
MJEA021,Transfert musculotendineux pour rétablissement de l'extension active du coude
MJEC001,"Réinsertion ou suture d'un tendon de la coiffe des rotateurs de l'épaule, par arthroscopie"
MJEC002,"Réinsertion et/ou suture de plusieurs tendons de la coiffe des rotateurs de l'épaule, par arthroscopie"
MJFA001,"Exérèse de calcification intratendineuse de la coiffe des rotateurs de l'épaule, par abord direct"
MJFA002,"Ténosynovectomie des muscles extenseurs au poignet avec synovectomie articulaire du poignet, arthrodèse radio-ulnaire distale et ostéotomie de l'ulna, par abord direct"
MJFA003,Excision d'un panaris profond de la pulpe des doigts [phlegmon pulpaire]
MJFA004,"Ténosynovectomie des muscles extenseurs au poignet, par abord direct"
MJFA005,"Exérèse d'un hygroma du coude, par abord direct"
MJFA006,"Fasciectomie [Aponévrectomie] palmodigitale sur un rayon de la main, par abord direct"
MJFA007,"Ténosynovectomie des muscles extenseurs au poignet avec synovectomie articulaire du poignet, résection de l'extrémité distale de l'ulna et transfert tendineux, par abord direct"
MJFA008,Exérèse de lésion fasciale et/ou sousfasciale des tissus mous de la paume de la main
MJFA009,Excision de fasciite nécrosante de l'avant-bras et/ou de la main
MJFA010,"Fasciectomie [Aponévrectomie] palmodigitale sur plusieurs rayons de la main, par abord direct"
MJFA011,"Résection des tissus mous de la main avec plastie cutanée et résection nerveuse, pour mégadactylie"
MJFA012,"Ténosynovectomie des muscles fléchisseurs des doigts sur plusieurs rayons de la main, par abord direct"
MJFA013,"Ténosynovectomie des muscles extenseurs au poignet avec synovectomie articulaire du poignet et arthrodèse ou arthroplastie de 3 doigts ou plus, par abord direct"
MJFA014,"Ténosynovectomie des muscles extenseurs au poignet avec synovectomie articulaire du poignet, par abord direct"
MJFA015,"Ténosynovectomie des muscles fléchisseurs des doigts sur un rayon de la main, par abord direct"
MJFA016,"Ténosynovectomie des muscles extenseurs au poignet avec synovectomie articulaire du poignet et arthrodèse ou arthroplastie d'un doigt ou de 2 doigts, par abord direct"
MJFA017,"Résection des tissus mous de la main avec plastie cutanée, sans résection nerveuse, pour mégadactylie"
MJFA018,"Ténosynovectomie des muscles fléchisseurs au poignet ou à la paume de la main, par abord direct"
MJFC001,"Exérèse de calcification intratendineuse de la coiffe des rotateurs de l'épaule, par arthroscopie"
MJGA001,"Ablation de corps étranger de la coulisse bicipitale, par abord direct"
MJJA001,"Évacuation d'un phlegmon de gaine synoviale digitale ou digitocarpienne, par abord direct"
MJJA002,"Évacuation d'un phlegmon de gaine synoviale digitale ou digitocarpienne avec ténosynovectomie, par abord direct"
MJJA003,"Évacuation de suppuration profonde de la main et/ou de l'avant-bras n'atteignant pas les gaines synoviales, par abord direct"
MJJA004,"Évacuation d'un phlegmon de gaine synoviale digitale ou digitocarpienne étendu à la main et/ou à l'avant-bras, par abord direct"
MJMA002,"Réparation de plaie de l'appareil extenseur d'un doigt avec suture de plaie d'une articulation, sur un rayon de la main"
MJMA003,"Réparation de la coiffe des rotateurs de l'épaule par autoplastie et/ou matériel prothétique, par abord direct"
MJMA006,"Reconstruction d'un tendon de la main par transplant libre, en deux temps"
MJMA009,"Reconstruction d'un tendon de la main par transplant pédiculé, en un temps"
MJMA010,"Réparation de plaie de l'appareil extenseur d'un doigt par greffe ou plastie d'allongement ou de retournement sur un rayon de la main, par abord direct"
MJMA012,"Reconstruction de la partie cruciforme de la gaine fibreuse digitale [poulie de réflexion de tendon de muscle fléchisseur des doigts] par autogreffe sur un rayon de la main, par abord direct"
MJMA013,"Reconstruction d'un tendon de la main par transplant libre, en un temps"
MJMA014,"Reconstruction d'un tendon de la main par transplant pédiculé, en deux temps"
MJMA015,"Réparation de plaie de l'appareil extenseur d'un doigt avec suture de plaies d'un nerf et d'une artère digitaux palmaires, sur un rayon de la main"
MJMA016,"Réparation de plaie de l'appareil extenseur d'un doigt avec suture de plaie d'un nerf ou d'une artère digital palmaire, sur un rayon de la main"
MJPA001,Désinsertion musculo-tendino-cutanée étendue pour surélévation congénitale de la scapula
MJPA002,"Libération des tendons des muscles fléchisseurs des doigts sur un rayon de la main, par abord direct"
MJPA003,"Libération des tissus mous du premier espace interosseux métacarpien avec arthrodèse de la colonne du pouce, par abord direct"
MJPA004,Désinsertion du muscle subscapulaire avec transfert musculaire
MJPA005,"Fasciotomie [Aponévrotomie] palmaire, par abord direct"
MJPA006,Désinsertion du muscle subscapulaire sans transfert musculaire
MJPA007,"Libération des tissus mous du premier espace interosseux métacarpien, par abord direct"
MJPA008,"Libération des tissus mous du premier espace interosseux métacarpien avec arthroplastie ou libération articulaire mobilisatrice, par abord direct"
MJPA009,"Libération du tendon d'un muscle extenseur d'un doigt sur un rayon de la main, par abord direct"
MJPA010,Incision ou excision d'un panaris superficiel
MJPA011,"Libération de tendon au poignet avec ténosynovectomie, par abord direct"
MJPA012,"Désinsertion ou allongement des muscles épicondyliens latéraux au coude, par abord direct"
MJPA013,"Section ou plastie d'agrandissement de la partie cruciforme de la gaine fibreuse digitale [poulie de réflexion de tendon de muscle fléchisseur des doigts] sur un rayon de la main, par abord direct"
MJPA014,Séparation d'une syndactylie des doigts à squelette normal avec autoplastie cutanée locale et/ou greffe de peau
MJPB001,"Fasciotomie [Aponévrotomie] palmaire, par voie transcutanée"
MZEA001,Réimplantation de 2 doigts
MZEA002,Réimplantation de la main sectionnée au niveau du métacarpe
MZEA003,Réimplantation de 4 ou 5 doigts
MZEA004,Pollicisation d'un moignon de doigt
MZEA005,Translocation digitale et/ou carpo-métacarpo-digitale d'un rayon de la main
MZEA006,Transfert de phalange d'orteil sans anastomose vasculaire pour agénésie digitale
MZEA007,Réimplantation du membre supérieur sectionné au dessus du poignet
MZEA008,Pollicisation d'un doigt complet
MZEA009,Translocation digitale et/ou carpo-métacarpo-digitale de deux rayons de la main
MZEA010,Réimplantation d'un doigt
MZEA011,Réimplantation de la main sectionnée au poignet
MZEA012,Réimplantation de 3 doigts
MZFA001,Amputation complète d'un rayon de la main
MZFA002,Amputation transhumérale
MZFA003,Amputation complète de plusieurs rayons de la main
MZFA004,Désarticulation du poignet
MZFA005,Amputation transradio-ulnaire
MZFA006,"Exérèse partielle d'un os du membre supérieur sans interruption de la continuité, par abord direct"
MZFA007,"Amputation et/ou désarticulation de plusieurs doigts, sans résection des métacarpiens"
MZFA008,Amputation d'un doigt surnuméraire autre que le pouce
MZFA009,Désarticulation interscapulothoracique
MZFA010,Désarticulation scapulohumérale [Désarticulation de l'épaule]
MZFA011,Désarticulation du coude
MZFA012,Amputation d'un doigt surnuméraire autre que le pouce avec résection osseuse
MZFA013,"Amputation ou désarticulation d'un doigt, sans résection du métacarpien"
MZFA014,Amputation d'un pouce surnuméraire
MZFA015,"Amputation d'un pouce surnuméraire, avec ostéotomie ou capsuloplastie"
MZGA003,"Évidement d'un os du membre supérieur sans comblement, par abord direct"
MZGA004,"Évidement d'un os du membre supérieur avec comblement, par abord direct"
MZHA001,"Biopsie d'un os et/ou d'une articulation du membre supérieur, par abord direct"
MZHB001,"Biopsie d'un os et/ou d'une articulation du membre supérieur, par voie transcutanée sans guidage"
MZHB002,"Ponction ou cytoponction d'une articulation du membre supérieur, par voie transcutanée sans guidage"
MZHH001,"Ponction ou cytoponction d'une articulation du membre supérieur, par voie transcutanée avec guidage radiologique"
MZHH002,"Ponction ou cytoponction d'une articulation du membre supérieur, par voie transcutanée avec guidage scanographique"
MZHH003,"Biopsie d'un os et/ou d'une articulation du membre supérieur, par voie transcutanée avec guidage radiologique"
MZHH004,"Biopsie d'un os et/ou d'une articulation du membre supérieur, par voie transcutanée avec guidage scanographique"
MZJB001,"Évacuation de collection articulaire du membre supérieur, par voie transcutanée sans guidage"
MZLB001,"Injection thérapeutique d'agent pharmacologique dans une articulation ou une bourse séreuse du membre supérieur, par voie transcutanée sans guidage"
MZLH001,"Injection thérapeutique d'agent pharmacologique dans une articulation ou une bourse séreuse du membre supérieur, par voie transcutanée avec guidage scanographique"
MZLH002,"Injection thérapeutique d'agent pharmacologique dans une articulation ou une bourse séreuse du membre supérieur, par voie transcutanée avec guidage radiologique"
MZMA001,Réparation d'une hémisection antérieure du poignet avec ischémie complète de la main
MZMA002,Reconstruction d'un doigt par transfert libre total de doigt ou d'orteil
MZMA003,Reconstruction d'un doigt par transfert libre partiel vascularisé de doigt ou d'orteil
MZMP001,Confection d'une contention souple d'une articulation du membre supérieur
MZPA002,"Séparation d'une syndactylie complexe des doigts avec ostéotomie ou résection osseuse, et autoplastie cutanée locale et/ou greffe de peau"
MZQH001,Arthrographie du membre supérieur avec scanographie [Arthroscanner du membre supérieur]
MZQH002,"Scanographie unilatérale ou bilatérale de segment du membre supérieur, avec injection de produit de contraste"
MZQJ001,"Remnographie [IRM] unilatérale ou bilatérale de segment du membre supérieur, avec injection de produit de contraste"
MZQK001,"Téléradiographie unilatérale ou bilatérale du membre supérieur en totalité, de face"
MZQK002,"Scanographie unilatérale ou bilatérale de segment du membre supérieur, sans injection de produit de contraste"
MZQN001,"Remnographie [IRM] unilatérale ou bilatérale de segment du membre supérieur, sans injection de produit de contraste"
MZQP001,"Bilan fonctionnel de l'articulation de l'épaule, du coude et/ou du poignet, sous anesthésie générale ou locorégionale"
NACA001,"Ostéosynthèse unifocale de fracture ou de fracture-luxation de la ceinture pelvienne [du bassin], à foyer ouvert"
NACA002,"Ostéosynthèse plurifocale de fracture ou de fracture-luxation de la ceinture pelvienne [du bassin], à foyer ouvert"
NACA003,"Ostéosynthèse de fracture de l'acétabulum, par abord antérieur"
NACA004,"Ostéosynthèse de fracture des colonnes antérieure et postérieure de l'acétabulum, par un ou deux abords"
NACA005,"Ostéosynthèse de fracture de l'acétabulum, par abord postérieur"
NACB001,"Ostéosynthèse de fracture ou de fracture-luxation de la ceinture pelvienne [du bassin], à foyer fermé"
NADA001,Désépiphysiodèse du cartilage en Y de l'acétabulum
NADA002,Désépiphysiodèse centrale au fémur ou au tibia
NADA003,"Épiphysiodèse du genou, par deux abords"
NADA004,Désépiphysiodèse périphérique au fémur ou au tibia
NADA005,"Désépiphysiodèse centrale ou périphérique au fémur ou au tibia, avec ostéotomie"
NADA006,"Épiphysiodèse du genou, par trois abords ou plus"
NADA007,"Épiphysiodèse du genou, par abord unique"
NAEP001,"Réduction orthopédique progressive de fracture et/ou de luxation de la ceinture pelvienne [du bassin], par traction continue ou suspension"
NAEP002,Réduction orthopédique extemporanée de fracture et/ou de luxation de la ceinture pelvienne [du bassin]
NAFA001,"Résection ""en bloc"" de l'os coxal ou du fémur avec arthrectomie monobloc de hanche"
NAFA002,"Exérèse partielle de l'os coxal sans interruption de la continuité, par abord direct"
NAFA003,"Résection complète ""en bloc"" partielle ou totale d'un os coxal [hémibassin] emportant l'acétabulum"
NAFA004,Résection partielle de l'aile iliaque ou du cadre obturateur n'interrompant pas la continuité de l'anneau pelvien
NAFA005,"Prélèvement d'un os coxal [hémibassin], sur un sujet décédé"
NAFA006,"Résection complète ""en bloc"" de l'aile iliaque ou du cadre obturateur interrompant la continuité de l'anneau pelvien"
NAGA001,"Ablation de matériel d'ostéosynthèse de l'acétabulum ou de l'os coxal, par abord direct"
NAGA002,"Évidement de l'os coxal avec comblement, par abord direct"
NAGA003,"Évidement de l'os coxal sans comblement, par abord direct"
NAHA001,"Biopsie de la corticale interne de l'os coxal, par abord direct"
NAHA002,"Biopsie de la corticale externe de l'os coxal, par abord direct"
NAHB001,"Biopsie unicorticale de l'os coxal, par voie transcutanée"
NAHB002,"Biopsie bicorticale de la crête iliaque, par voie transcutanée"
NAMA002,"Reconstruction de l'os coxal [hémibassin] après résection de la zone acétabulaire, sans prothèse coxale"
NAPA001,"Ostéotomie supraacétabulaire de l'os coxal par une section, avec ostéotomie du fémur"
NAPA002,"Ostéotomie extraacétabulaire de l'os coxal par plusieurs sections, avec capsuloplastie"
NAPA003,"Ostéotomie supraacétabulaire de l'os coxal par une section, avec ostéoplastie supraacétabulaire par butée"
NAPA004,Ostéotomie supraacétabulaire de l'os coxal par une section
NAPA005,"Ostéotomie supraacétabulaire de l'os coxal par une section, avec capsuloplastie"
NAPA006,Ostéotomie périacétabulaire de l'os coxal
NAPA007,Ostéotomie extraacétabulaire de l'os coxal par plusieurs sections
NAPA008,"Ostéotomie extraacétabulaire de l'os coxal par plusieurs sections, avec ostéotomie du fémur"
NAQK001,Radiographie du bassin et/ou des hanches selon 5 incidences ou plus
NAQK002,Radiographie du bassin et/ou des articulations sacro-iliaques selon 1 ou 2 incidences
NAQK003,Radiographie du bassin et/ou des hanches selon 3 ou 4 incidences
NBAA001,"Allongement osseux progressif du fémur ou du tibia par système interne, avec allongement tendineux"
NBAA002,"Allongement osseux extemporané du fémur ou du tibia, avec autogreffe osseuse"
NBAA003,"Allongement osseux progressif du fémur ou du tibia par système interne, sans allongement tendineux"
NBAA004,"Allongement osseux progressif du fémur ou du tibia par système externe, avec allongement tendineux"
NBAA005,"Allongement osseux progressif du fémur ou du tibia par système externe, sans allongement tendineux"
NBCA001,"Ostéosynthèse de fracture complexe de la patelle, à foyer ouvert"
NBCA002,"Ostéosynthèse de fracture simple de la patelle, à foyer ouvert"
NBCA003,"Ostéosynthèse de fracture complexe supracondylaire et intercondylaire du fémur, à foyer ouvert"
NBCA004,Ostéosynthèse du grand trochanter pour pseudarthrose
NBCA005,"Ostéosynthèse de fracture intracapsulaire du col [transcervicale] du fémur, de décollement épiphysaire ou d'épiphysiolyse de l'extrémité proximale du fémur"
NBCA006,Ostéosynthèse de fracture infratrochantérienne ou trochantérodiaphysaire du fémur
NBCA007,"Ostéosynthèse de fracture de la diaphyse du fémur, à foyer ouvert"
NBCA008,Ostéosynthèse de fracture du grand trochanter
NBCA009,Ostéosynthèse de fractures homolatérales du col et de la diaphyse du fémur
NBCA010,Ostéosynthèse de fracture extracapsulaire du col du fémur
NBCA011,"Ostéosynthèse préventive du fémur pour lésion ostéolytique, à foyer ouvert"
NBCA012,"Ostéosynthèse de fracture parcellaire de la tête du fémur, par arthrotomie"
NBCA013,"Ostéosynthèse de fracture d'un condyle fémoral, à foyer ouvert"
NBCA014,"Ostéosynthèse de fracture supracondylaire extraarticulaire du fémur, à foyer ouvert"
NBCA015,"Ostéosynthèse de fracture simple supracondylaire et intercondylaire du fémur, à foyer ouvert"
NBCB001,"Ostéosynthèse de fracture de la diaphyse du fémur par fixateur externe ou broche, à foyer fermé"
NBCB002,"Ostéosynthèse de fracture de la diaphyse du fémur par matériel centromédullaire sans verrouillage distal, à foyer fermé"
NBCB003,"Perforation, forage, ou injection intraosseuse au niveau de la tête du fémur, par voie transcutanée"
NBCB004,"Ostéosynthèse de fracture de la diaphyse du fémur par matériel centromédullaire avec verrouillage distal, à foyer fermé"
NBCB005,"Ostéosynthèse préventive du fémur pour lésion ostéolytique, à foyer fermé"
NBCB006,"Ostéosynthèse de fracture ou de décollement épiphysaire de l'extrémité distale du fémur, à foyer fermé"
NBEB001,"Réduction orthopédique progressive de fracture du fémur, par traction continue transosseuse"
NBEP001,"Réduction orthopédique progressive de fracture du fémur, par traction continue collée"
NBEP002,Réduction orthopédique extemporanée de fracture-décollement de l'épiphyse distale du fémur
NBFA001,"Exérèse partielle du fémur sans interruption de la continuité, par abord direct"
NBFA002,"Résection segmentaire du fémur avec ostéosynthèse, pour pseudarthrose congénitale"
NBFA003,Résection partielle d'une extrémité et/ou de la diaphyse du fémur sans interruption de la continuité osseuse
NBFA004,Résection de la tête et du col du fémur sans interposition capsulaire ou aponévrotique
NBFA005,"Patellectomie partielle, par abord direct"
NBFA006,"Résection segmentaire du fémur avec ostéosynthèse et transfert axial progressif d'un fragment osseux, pour pseudarthrose congénitale"
NBFA007,"Résection ""en bloc"" d'une extrémité et/ou de la diaphyse du fémur"
NBFA008,Résection de la tête et du col du fémur avec interposition capsulaire et/ou aponévrotique
NBFA009,"Patellectomie totale, par abord direct"
NBGA001,"Évidement de l'extrémité distale du fémur et/ou de l'extrémité proximale du tibia en présence d'un cartilage épiphysaire actif avec comblement, par abord direct"
NBGA002,"Évidement du fémur sans comblement, par abord direct"
NBGA003,"Évidement de l'extrémité proximale du fémur en présence d'un cartilage épiphysaire actif sans comblement, par abord direct"
NBGA004,"Évidement de l'extrémité distale du fémur et/ou de l'extrémité proximale du tibia en présence d'un cartilage épiphysaire actif sans comblement, par abord direct"
NBGA005,"Évidement de l'extrémité proximale du fémur en présence d'un cartilage épiphysaire actif avec comblement, par abord direct"
NBGA006,"Évidement du fémur avec comblement, par abord direct"
NBGA007,"Ablation de matériel d'ostéosynthèse du fémur, par abord direct"
NBMA001,"Reconstruction du fémur par greffe ou matériau inerte non prothétique, après résection ""en bloc"" d'une extrémité et/ou de la diaphyse"
NBMA002,Patelloplastie modelante ostéochondrale [Résection arthroplastique de la rotule]
NBMA003,"Reconstruction du fémur par greffe ou matériau inerte non prothétique, après résection partielle d'une extrémité et/ou de la diaphyse"
NBPA001,Ostéotomie simple bilatérale de la diaphyse du fémur et du tibia
NBPA002,"Ostéotomie simple unilatérale de la diaphyse du fémur, avec arthrodèse du couple de torsion du pied [talocalcanéenne et médiotarsienne] et correction de vices architecturaux du pied"
NBPA003,Ostéotomie simple unilatérale de la diaphyse du fémur
NBPA004,Ostéotomie simple unilatérale de la diaphyse du fémur et du tibia
NBPA005,Décortication du fémur avec ostéosynthèse pour pseudarthrose
NBPA006,Ostéotomie bilatérale de valgisation-translation du col du fémur pour dysplasie congénitale
NBPA007,Ostéotomie simple bilatérale de la diaphyse du fémur
NBPA008,"Ostéotomie simple bilatérale de la diaphyse du fémur et du tibia, avec arthrodèse du couple de torsion du pied [talocalcanéenne et médiotarsienne] et correction de vices architecturaux"
NBPA009,"Ostéotomie de dérotation de l'extrémité distale du fémur ou de l'extrémité proximale du tibia, avec abord vasculaire ou nerveux préalable"
NBPA010,Ostéotomie complexe de l'extrémité distale du fémur
NBPA011,Ostéotomie complexe de la diaphyse du fémur
NBPA012,"Ostéotomie simple bilatérale de la diaphyse du fémur, avec arthrodèse du couple de torsion du pied [talocalcanéenne et médiotarsienne] et correction de vices architecturaux du pied"
NBPA013,Ostéotomie basicervicale du fémur
NBPA014,Ostéotomie du grand trochanter
NBPA015,"Ostéotomie simple unilatérale de la diaphyse du fémur et du tibia, avec arthrodèse du couple de torsion du pied [talocalcanéenne et médiotarsienne] et correction de vices architecturaux"
NBPA016,Décortication du fémur pour pseudarthrose
NBPA017,Ostéotomie simple de l'extrémité distale du fémur
NBPA018,Ostéotomie unilatérale de valgisation-translation du col du fémur pour dysplasie congénitale
NBPA019,Ostéotomie intraarticulaire du col du fémur
NBPA020,Ostéotomie intertrochantérienne ou infratrochantérienne du fémur
NBQK001,Radiographie de la cuisse
NCCA001,Ostéosynthèse de fracture ou de décollement épiphysaire de l'extrémité distale du tibia ou des 2 os de la jambe par fixateur externe
NCCA002,"Ostéosynthèse de fracture de la diaphyse du tibia, à foyer ouvert"
NCCA003,"Ostéosynthèse de fracture de l'éminence intercondylaire du tibia [des tubercules intercondylaires] [des épines tibiales], par arthrotomie"
NCCA004,"Ostéosynthèse de fracture complexe du pilon tibial, à foyer ouvert"
NCCA005,"Ostéosynthèse de fracture ou de décollement épiphysaire de la malléole médiale [tibiale], à foyer ouvert"
NCCA006,"Ostéosynthèse de fracture extraarticulaire de l'extrémité proximale du tibia, à foyer ouvert"
NCCA007,"Ostéosynthèse de fracture articulaire simple unicondylaire du tibia, à foyer ouvert"
NCCA008,"Ostéosynthèse de fracture simple du pilon tibial, à foyer ouvert"
NCCA009,"Ostéosynthèse préventive d'un os ou des 2 os de la jambe pour lésion ostéolytique, à foyer ouvert"
NCCA010,Ostéosynthèse de fracture de la diaphyse du tibia par fixateur externe
NCCA011,"Ostéosynthèse de fracture ou de décollement épiphysaire supramalléolaire du tibia, à foyer ouvert"
NCCA012,"Ostéosynthèse de fracture de l'extrémité distale de la fibula, à foyer ouvert"
NCCA013,Ostéosynthèse de fracture complexe du pilon tibial par fixateur externe
NCCA014,"Ostéosynthèse de fracture de la diaphyse de la fibula, à foyer ouvert"
NCCA015,"Ostéosynthèse de fracture triplane de l'extrémité distale du tibia, à foyer ouvert"
NCCA016,"Ostéosynthèse de fracture bimalléolaire simple, à foyer ouvert"
NCCA017,"Ostéosynthèse de fracture bimalléolaire complexe, à foyer ouvert"
NCCA018,"Ostéosynthèse de fracture articulaire complexe de l'extrémité proximale du tibia, à foyer ouvert"
NCCA019,"Ostéosynthèse de fracture ou de décollement épiphysaire supramalléolaire des 2 os de la jambe, à foyer ouvert"
NCCB001,"Ostéosynthèse de fracture ou de décollement épiphysaire de l'extrémité distale du tibia ou des 2 os de la jambe par broche ou par vis et par fixateur externe, à foyer fermé"
NCCB002,"Ostéosynthèse de fracture ou de décollement épiphysaire de l'extrémité proximale du tibia ou des 2 os de la jambe, à foyer fermé"
NCCB003,"Ostéosynthèse préventive d'un os ou des 2 os de la jambe pour lésion ostéolytique, à foyer fermé"
NCCB004,"Ostéosynthèse de fracture de la diaphyse du tibia par matériel centromédullaire sans verrouillage distal, à foyer fermé"
NCCB005,"Ostéosynthèse de fracture ou de décollement épiphysaire de l'extrémité distale d'un os ou des 2 os de la jambe par broche ou par vis, à foyer fermé"
NCCB006,"Ostéosynthèse de fracture de la diaphyse du tibia par matériel centromédullaire avec verrouillage distal, à foyer fermé"
NCCB007,Ostéosynthèse de fracture ou de décollement épiphysaire de l'extrémité distale du tibia par clou transplantaire
NCCC001,"Ostéosynthèse de fracture de l'éminence intercondylaire du tibia [des tubercules intercondylaires] [des épines tibiales], par arthroscopie"
NCEA001,"Greffe osseuse intertibiofibulaire, par abord direct"
NCEP001,"Réduction orthopédique progressive de fracture d'une extrémité et/ou de la diaphyse du tibia ou des 2 os de la jambe, par traction continue"
NCEP002,Réduction orthopédique extemporanée de fracture d'une extrémité et/ou de la diaphyse du tibia ou des 2 os de la jambe
NCFA001,"Résection ""en bloc"" de l'extrémité proximale des 2 os de la jambe"
NCFA002,"Exérèse partielle du tibia et/ou de la fibula sans interruption de la continuité, par abords multiples"
NCFA003,"Exérèse d'exostose intertibiofibulaire proximale, par abord direct"
NCFA004,"Résection segmentaire du tibia et/ou de la fibula avec ostéosynthèse, pour pseudarthrose congénitale"
NCFA005,Résection partielle d'une extrémité et/ou de la diaphyse du tibia sans interruption de la continuité osseuse
NCFA006,"Exérèse partielle du tibia et/ou de la fibula sans interruption de la continuité, par abord unique"
NCFA007,"Résection segmentaire du tibia et/ou de la fibula avec ostéosynthèse et transfert axial progressif d'un fragment osseux, pour pseudarthrose congénitale"
NCFA008,"Résection ""en bloc"" d'une extrémité et/ou de la diaphyse du tibia"
NCFA009,"Résection ""en bloc"" d'une extrémité et/ou de la diaphyse de la fibula"
NCGA001,"Évidement du tibia et/ou de la fibula sans comblement, par abord direct"
NCGA002,"Évidement du tibia et/ou de la fibula avec comblement, par abord direct"
NCMA001,"Reconstruction du tibia par greffe ou matériau inerte non prothétique, après résection ""en bloc"" d'une extrémité et/ou de la diaphyse"
NCMA002,"Reconstruction du tibia par greffe ou matériau inerte non prothétique, après résection partielle d'une extrémité et/ou de la diaphyse"
NCPA001,"Ostéotomie de la tubérosité du tibia [tubérosité tibiale antérieure] ou mobilisation du ligament patellaire [tendon rotulien] pour recentrage de la patelle, par arthrotomie"
NCPA002,"Ostéotomie de la tubérosité du tibia [tubérosité tibiale antérieure] ou mobilisation du ligament patellaire [tendon rotulien] avec capsulo-myo-ténoplastie pour recentrage de la patelle, par arthrotomie"
NCPA003,"Ostéotomie de la tubérosité du tibia [tubérosité tibiale antérieure] ou mobilisation du ligament patellaire [tendon rotulien] avec ostéotomie de la surface patellaire [trochlée] du fémur pour recentrage de la patelle, par arthrotomie"
NCPA004,"Ostéotomie simple unilatérale de la diaphyse du tibia, avec arthrodèse du couple de torsion du pied [talocalcanéenne et médiotarsienne] et correction de vices architecturaux"
NCPA005,Ostéotomie simple de l'extrémité proximale du tibia avec reconstruction du ligament croisé antérieur
NCPA006,"Ostéotomie supramalléolaire du tibia ou de l'arrière-pied, avec allongement et/ou transfert de tendon"
NCPA007,Ostéotomie de la fibula
NCPA008,"Décortication de la diaphyse du tibia et/ou de la fibula avec ostéosynthèse, pour pseudarthrose"
NCPA009,Ostéotomie supramalléolaire du tibia
NCPA010,Décortication de la diaphyse du tibia et/ou de la fibula pour pseudarthrose
NCPA011,Ostéotomie simple bilatérale de la diaphyse du tibia
NCPA012,"Ostéotomie simple bilatérale de la diaphyse du tibia, avec arthrodèse du couple de torsion du pied [talocalcanéenne et médiotarsienne] et correction de vices architecturaux"
NCPA013,Ostéotomie simple unilatérale de la diaphyse du tibia
NCPA014,Ostéotomie complexe de l'extrémité proximale du tibia
NCPA015,Ostéotomie simple de l'extrémité proximale du tibia
NCPA016,Ostéotomie complexe de la diaphyse du tibia
NCQK001,Radiographie de la jambe
NDAA001,"Allongement osseux extemporané à l'avant-pied, avec autogreffe osseuse"
NDAA002,"Allongement osseux progressif au pied, par système externe"
NDCA001,"Ostéosynthèse de fracture simple ou de fracture-luxation du calcanéus, à foyer ouvert"
NDCA002,"Ostéosynthèse de fracture d'un métatarsien ou d'une phalange d'orteil, à foyer ouvert"
NDCA003,"Ostéosynthèse de fractures de plusieurs os de l'avant-pied, à foyer ouvert"
NDCA004,"Ostéosynthèse de fracture complexe du calcanéus, à foyer ouvert"
NDCA005,"Ostéosynthèse de fracture du corps ou du col du talus, à foyer ouvert"
NDCA006,"Ostéosynthèse de fracture des os du médiopied, à foyer ouvert"
NDCB001,"Ostéosynthèse de fracture du talus ou des os du médiopied, à foyer fermé"
NDCB002,"Ostéosynthèse de fractures de plusieurs os de l'avant-pied, à foyer fermé"
NDCB003,"Ostéosynthèse de fracture d'un métatarsien ou d'une phalange d'orteil, à foyer fermé"
NDCB004,"Ostéosynthèse de fracture du calcanéus, à foyer fermé"
NDDA001,"Fixation de fragment ostéochondral de la trochlée du talus, par arthrotomie"
NDDC001,"Fixation de fragment ostéochondral de la trochlée du talus, par arthroscopie"
NDEP001,Réduction orthopédique de fracture et/ou de luxation de l'avant-pied
NDFA001,Talectomie avec arthrodèse tibiotarsienne
NDFA002,"Exérèse partielle d'os du pied sans interruption de la continuité, par abord direct"
NDFA003,Talectomie avec création de néarthrose tibiopédieuse
NDFA004,"Résection de synostose de l'arrière-pied ou du médiopied, par abord direct"
NDFA005,Résection d'une exostose infra-unguéale d'un orteil
NDFA006,"Résection ""en bloc"" d'un ou plusieurs os du tarse et/ou du métatarse"
NDFA007,Exérèse d'un os sésamoïde du pied
NDFA008,"Tarsectomie postérieure ou ostéotomie de l'arrière-pied, avec ostéotomie supramalléolaire"
NDFA009,"Tarsectomie postérieure ou ostéotomie de l'arrière-pied, avec ostéotomie supramalléolaire, avec allongement et/ou transfert de tendon"
NDFA010,Tarsectomie antérieure ou ostéotomie extraarticulaire de l'arrière-pied ou du médiopied
NDGA001,"Évidement d'un os du pied sans comblement, par abord direct"
NDGA002,"Évidement d'un os du pied avec comblement, par abord direct"
NDGA003,"Ablation de matériel d'ostéosynthèse du pied, à foyer ouvert"
NDMA001,"Reconstruction osseuse du métatarse ou des orteils par greffe ou matériau inerte non prothétique, après résection segmentaire"
NDPA001,Ostéotomie du premier métatarsien
NDPA002,"Ostéotomie du métatarsien et de la phalange proximale du premier rayon du pied, avec libération mobilisatrice de l'articulation métatarsophalangienne du premier orteil et ostéotomie d'un métatarsien latéral"
NDPA003,Ostéotomie du calcanéus ou du talus
NDPA004,"Ostéotomie d'un métatarsien latéral ou d'une phalange d'orteil, sur un rayon du pied"
NDPA005,"Ostéotomie de l'os cunéiforme médial, du métatarsien et de la phalange proximale du premier rayon du pied, avec libération mobilisatrice de l'articulation métatarsophalangienne du premier orteil"
NDPA006,Ostéotomie du calcanéus avec désinsertion des muscles de la plante du pied
NDPA007,"Ostéotomie de l'os cunéiforme médial et du premier métatarsien, avec libération mobilisatrice de l'articulation métatarsophalangienne du premier orteil"
NDPA008,"Ostéotomie du premier métatarsien, avec libération mobilisatrice de l'articulation métatarsophalangienne du premier orteil"
NDPA009,Ostéotomie de la phalange proximale et libération mobilisatrice de l'articulation métatarsophalangienne du premier orteil
NDPA010,Ostéotomie tibiotalienne intraarticulaire
NDPA011,"Ostéotomie du métatarsien et de la phalange proximale du premier rayon du pied, avec libération mobilisatrice de l'articulation métatarsophalangienne du premier orteil"
NDPA012,"Ostéotomie de l'os cunéiforme médial, avec libération mobilisatrice de l'articulation métatarsophalangienne du premier orteil"
NDPA013,"Ostéotomie du métatarsien et de la phalange proximale du premier rayon du pied, avec libération mobilisatrice de l'articulation métatarsophalangienne du premier orteil et ostéotomie de plusieurs métatarsiens latéraux"
NDPA014,"Ostéotomie d'un métatarsien latéral, avec libération de l'articulation métatarsophalangienne"
NDQK001,Radiographie unilatérale du pied selon 1 à 3 incidences
NDQK002,Radiographie bilatérale du pied selon 1 à 3 incidences par côté
NDQK003,Radiographie du pied selon 4 incidences ou plus
NDQK004,"Radiographie du pied selon 4 incidences ou plus, pour étude podométrique"
NDQM001,Ostéodensitométrie ultrasonore du calcanéus
NEDA001,"Arthrodèse coxofémorale, par arthrotomie"
NEDA002,"Stabilisation d'une prothèse totale de l'articulation coxofémorale par pose de butée supraacétabulaire en matériau inerte, abaissement du grand trochanter et/ou changement de la tête ou du col amovible"
NEDA003,"Arthrodèse de l'articulation sacro-iliaque, par arthrotomie"
NEEA001,"Réduction d'une luxation traumatique de l'articulation coxofémorale, par arthrotomie"
NEEA002,"Réduction d'une luxation de prothèse de l'articulation coxofémorale, par arthrotomie"
NEEA003,"Réduction d'une luxation traumatique de l'articulation coxofémorale avec ostéosynthèse de fracture de la tête du fémur, par arthrotomie"
NEEA004,"Réduction d'une hanche instable non traumatique, par arthrotomie"
NEEB001,"Réduction orthopédique d'une luxation traumatique de l'articulation coxofémorale, avec pose de traction continue"
NEEP001,"Réduction orthopédique progressive d'une hanche instable non traumatique par traction, après l'âge de 12 mois"
NEEP002,Réduction orthopédique d'une luxation de prothèse de l'articulation coxofémorale
NEEP003,"Réduction orthopédique progressive d'une hanche instable non traumatique par traction, avant l'âge de 12 mois"
NEEP004,"Réduction orthopédique d'une luxation traumatique de l'articulation coxofémorale, avec contention par appareillage rigide pelvipédieux"
NEEP005,"Réduction orthopédique d'une luxation traumatique de l'articulation coxofémorale, avec fracture ou décollement épiphysaire de la tête du fémur"
NEEP006,Réduction orthopédique progressive d'une hanche instable non traumatique par harnais
NEFA001,Résection de l'articulation coxofémorale avec coaptation trochantéro-iliaque ou fémoro-iliaque
NEFA002,Résection étendue de l'articulation sacro-iliaque
NEFA003,"Synovectomie coxofémorale, par arthrotomie par 2 abords dont un abord postérieur"
NEFA004,"Synovectomie coxofémorale, par arthrotomie par un abord"
NEFC001,"Synovectomie coxofémorale, par arthroscopie"
NEGA001,Ablation d'une prothèse totale de hanche avec reconstruction osseuse de l'acétabulum et/ou du fémur
NEGA002,Ablation d'une prothèse totale de hanche
NEGA003,Ablation d'une prothèse totale de hanche avec coaptation trochantéro-iliaque
NEHA001,"Biopsie d'une articulation de la ceinture pelvienne [du bassin], par abord direct"
NEHA002,"Biopsie de l'articulation coxofémorale, par abord direct"
NEJA001,"Nettoyage de l'articulation coxofémorale, par arthrotomie"
NEJA002,"Évacuation de collection de l'articulation coxofémorale, par arthrotomie"
NEJA003,"Évacuation de collection ou synovectomie de l'articulation sacro-iliaque, par arthrotomie"
NEJA004,"Évacuation de collection périprothétique de l'articulation coxofémorale, par arthrotomie"
NEJB001,"Évacuation de collection de l'articulation coxofémorale, par voie transcutanée"
NEJC001,"Nettoyage de l'articulation coxofémorale, par arthroscopie"
NEKA001,"Changement des pièces acétabulaire et fémorale d'une prothèse totale de hanche, avec reconstruction par greffes compactées sans ostéosynthèse"
NEKA002,"Changement de la pièce acétabulaire ou fémorale d'une prothèse totale de hanche, avec reconstruction osseuse de l'acétabulum ou du fémur"
NEKA003,"Changement des pièces acétabulaire et fémorale d'une prothèse totale de hanche, sans reconstruction osseuse"
NEKA004,Changement de l'insert acétabulaire d'une prothèse totale de hanche
NEKA005,"Changement de la pièce acétabulaire ou fémorale d'une prothèse totale de hanche, avec ostéosynthèse de l'acétabulum ou du fémur"
NEKA006,"Changement des pièces acétabulaire et fémorale d'une prothèse totale de hanche, avec reconstruction et ostéosynthèse de l'acétabulum et/ou du fémur"
NEKA007,"Changement de la pièce acétabulaire ou fémorale d'une prothèse totale de hanche, avec reconstruction osseuse par greffes compactées sans ostéosynthèse"
NEKA008,"Changement des pièces acétabulaire et fémorale d'une prothèse totale de hanche, avec reconstruction ou ostéosynthèse de l'acétabulum ou du fémur"
NEKA009,"Changement de la pièce acétabulaire ou fémorale d'une prothèse totale de hanche, sans reconstruction osseuse"
NEKA010,"Remplacement de l'articulation coxofémorale par prothèse totale, avec renfort métallique acétabulaire et reconstruction fémorale par greffe"
NEKA011,Remplacement de l'articulation coxofémorale par prothèse fémorale cervicocéphalique et cupule mobile
NEKA012,"Remplacement de l'articulation coxofémorale par prothèse totale, avec reconstruction acétabulaire ou fémorale par greffe"
NEKA013,Remplacement de l'articulation coxofémorale par prothèse totale après arthrodèse coxofémorale
NEKA014,"Remplacement de l'articulation coxofémorale par prothèse totale, avec renfort métallique acétabulaire"
NEKA015,"Remplacement de l'articulation coxofémorale par prothèse totale après ostéosynthèse, ostéotomie ou prothèse cervicocéphalique du fémur"
NEKA016,"Remplacement de l'articulation coxofémorale par prothèse totale, avec ostéotomie de la diaphyse du fémur"
NEKA017,"Remplacement de l'articulation coxofémorale par prothèse totale, avec abaissement de la tête du fémur dans le paléoacétabulum [paléocotyle]"
NEKA018,Remplacement de l'articulation coxofémorale par prothèse fémorale cervicocéphalique
NEKA019,"Remplacement de l'articulation coxofémorale par prothèse totale après arthrodèse coxofémorale, avec renfort métallique acétabulaire"
NEKA020,Remplacement de l'articulation coxofémorale par prothèse totale
NEKA021,"Remplacement de l'articulation coxofémorale par prothèse totale, avec abaissement de la tête du fémur dans le paléoacétabulum [paléocotyle] et ostéotomie de réaxation ou d'alignement du fémur"
NELA001,"Repose d'une prothèse totale de l'articulation coxofémorale, avec reconstruction osseuse"
NELA002,"Repose d'une prothèse totale de l'articulation coxofémorale, sans reconstruction osseuse"
NEMA002,"Arthroplastie coxofémorale par creusement de l'acétabulum et interposition capsulaire et/ou aponévrotique, sans prothèse"
NEMA003,"Ostéoplastie supraacétabulaire de l'os coxal par butée, avec ostéotomie extraarticulaire de l'extrémité proximale du fémur"
NEMA011,"Reconstruction de l'articulation coxofémorale par prothèse massive ou sur mesure, après perte de substance segmentaire au niveau de la hanche ou de l'os coxal"
NEMA013,"Reconstruction osseuse de la hanche après résection ""en bloc"" de l'os coxal [hémibassin], avec fixation du fémur à l'os coxal"
NEMA017,"Ostéoplastie supraacétabulaire de l'os coxal par butée, avec ostéotomie du grand trochanter"
NEMA018,Arthroplastie coxofémorale par cupule fémorale
NEMA019,"Reconstruction de l'articulation sacro-iliaque après perte de substance osseuse segmentaire avec arthrodèse, par abord direct"
NEMA020,Acétabuloplastie avec ostéotomie du fémur
NEMA021,"Ostéoplastie supraacétabulaire de l'os coxal par butée, ou acétabuloplastie"
NEPA001,"Libération mobilisatrice de l'articulation coxofémorale, par arthrotomie"
NEQC001,"Exploration de l'articulation coxofémorale, par arthroscopie"
NEQH001,"Bilan fonctionnel de hanche instable non traumatique avec arthrographie et confection d'un appareillage rigide d'immobilisation externe, sous anesthésie générale"
NEQH002,Arthrographie de la hanche
NEQK002,Radiographie unilatérale ou bilatérale de la hanche selon 1 ou 2 incidences
NEQM001,Échographie unilatérale ou bilatérale de la hanche du nouveau-né
NEQP001,"Bilan fonctionnel de hanche instable non traumatique avec confection d'un appareillage rigide d'immobilisation externe, sous anesthésie générale"
NEQP002,"Bilan fonctionnel de l'articulation coxofémorale, sous anesthésie générale ou locorégionale"
NFCA001,"Suture ou réinsertion du ligament croisé antérieur du genou, par arthrotomie"
NFCA002,"Suture ou réinsertion de la capsule articulaire du genou, par abord direct"
NFCA003,"Suture ou réinsertion des ligaments croisés et d'élément capsuloligamentaire périarticulaire du genou, par arthrotomie"
NFCA004,"Suture ou réinsertion du ligament croisé antérieur et d'élément capsuloligamentaire périarticulaire du genou, par arthrotomie"
NFCA005,"Suture ou réinsertion du ligament croisé postérieur et d'élément capsuloligamentaire périarticulaire du genou, par arthrotomie"
NFCA006,"Suture ou réinsertion du ligament croisé postérieur du genou, par arthrotomie"
NFCC001,"Suture ou réinsertion du ligament croisé postérieur du genou, par arthroscopie"
NFCC002,"Suture ou réinsertion du ligament croisé antérieur du genou, par arthroscopie"
NFDA002,"Arthrodèse fémorotibiale, par arthrotomie"
NFDA003,"Arthrodèse fibulotibiale proximale, par arthrotomie"
NFDA009,"Fixation de fragment ostéochondral intraarticulaire du genou, par arthrotomie"
NFDC001,"Fixation de fragment ostéochondral intraarticulaire du genou, par arthroscopie"
NFEA001,"Réinsertion ou suture des 2 ménisques du genou, par arthrotomie"
NFEA002,"Réinsertion ou suture d'un ménisque du genou, par arthrotomie"
NFEC001,"Réinsertion ou suture des 2 ménisques du genou, par arthroscopie"
NFEC002,"Réinsertion ou suture d'un ménisque du genou, par arthroscopie"
NFEP001,Réduction orthopédique d'une luxation de la patelle
NFEP002,Réduction orthopédique d'une luxation ou d'une luxation-fracture de l'articulation fémorotibiale
NFFA001,"Méniscectomies latérale et médiale du genou, par arthrotomie"
NFFA002,"Synovectomie du genou, par arthrotomie antérieure et par arthrotomie postérieure sans changement de position du patient"
NFFA003,"Méniscectomie latérale ou médiale du genou, par arthrotomie"
NFFA004,"Synovectomie antérieure du genou, par arthrotomie"
NFFA005,"Synovectomie antérieure du genou par arthroscopie avec synovectomie postérieure par arthrotomie, sans changement de position"
NFFA006,"Synovectomie du genou, par arthrotomie antérieure et par arthrotomie postérieure avec changement de position du patient"
NFFC001,"Synovectomie du genou, par arthroscopie antérieure et par arthroscopie postérieure"
NFFC002,"Synovectomie antérieure du genou, par arthroscopie"
NFFC003,"Méniscectomies latérale et médiale du genou, par arthroscopie"
NFFC004,"Méniscectomie latérale ou médiale du genou, par arthroscopie"
NFGA001,Ablation d'une prothèse du genou avec arthrodèse
NFGA002,Ablation d'une prothèse du genou
NFJA001,"Nettoyage de l'articulation du genou, par arthrotomie"
NFJA002,"Évacuation de collection de l'articulation du genou, par arthrotomie"
NFJC001,"Nettoyage de l'articulation du genou, par arthroscopie"
NFJC002,"Évacuation de collection de l'articulation du genou, par arthroscopie"
NFKA001,"Changement d'une prothèse tricompartimentaire du genou, sans reconstruction osseuse"
NFKA002,"Changement d'une prothèse tricompartimentaire du genou, avec reconstruction osseuse"
NFKA003,Changement d'une prothèse unicompartimentaire du genou
NFKA004,Changement de l'insert d'une prothèse unicompartimentaire ou tricompartimentaire du genou
NFKA005,Changement d'une prothèse unicompartimentaire du genou pour une prothèse tricompartimentaire
NFKA006,Remplacement de l'articulation du genou par prothèse unicompartimentaire fémorotibiale ou fémoropatellaire
NFKA007,Remplacement de l'articulation du genou par prothèse tricompartimentaire sur une déformation inférieure ou égale à 10° dans le plan frontal
NFKA008,Remplacement de l'articulation du genou par prothèse tricompartimentaire sur une déformation supérieure à 10° dans le plan frontal
NFKA009,Remplacement de l'articulation du genou par prothèse à charnière fixe ou rotatoire
NFLA001,"Repose d'une prothèse articulaire du genou, avec reconstruction osseuse"
NFLA002,"Repose d'une prothèse articulaire du genou, sans reconstruction osseuse"
NFMA002,"Plastie ligamentaire extraarticulaire latérale du genou avec le fascia lata, par abord direct"
NFMA004,"Reconstruction du ligament croisé antérieur du genou par autogreffe, par arthrotomie"
NFMA005,"Capsulo-myo-ténoplastie du genou pour recentrage de la patelle, par arthrotomie"
NFMA006,"Reconstruction de l'articulation du genou par prothèse massive ou sur mesure, après perte de substance segmentaire"
NFMA007,"Reconstruction du ligament croisé postérieur du genou par autogreffe avec renforcement synthétique, par arthrotomie"
NFMA008,"Reconstruction itérative du ligament croisé postérieur du genou par ligament synthétique, par arthrotomie"
NFMA010,"Reconstruction du ligament croisé postérieur du genou par autogreffe sans renforcement synthétique, par arthrotomie"
NFMA011,"Reconstruction des ligaments croisés du genou, par arthrotomie"
NFMA013,"Reconstruction osseuse du genou après perte de substance segmentaire, avec arthrodèse et ostéosynthèse"
NFMC001,"Reconstruction des ligaments croisés du genou, par arthroscopie"
NFMC002,"Reconstruction du ligament croisé postérieur du genou par autogreffe sans renforcement synthétique, par arthroscopie"
NFMC003,"Reconstruction du ligament croisé antérieur du genou par autogreffe, par arthroscopie"
NFMC004,"Reconstruction du ligament croisé postérieur du genou par autogreffe avec renforcement synthétique, par arthroscopie"
NFMC005,"Reconstruction itérative du ligament croisé postérieur du genou par ligament synthétique, par arthroscopie"
NFMP001,Confection d'une contention souple du genou
NFMP002,Confection d'une attelle de posture ou de mobilisation du genou
NFPA001,"Libération mobilisatrice de l'articulation du genou, par arthrotomie"
NFPA002,"Section du rétinaculum patellaire latéral [aileron rotulien externe], par arthrotomie"
NFPA003,"Libération mobilisatrice de l'articulation du genou par arthroscopie ou arthrotomie, avec libération complète du quadriceps"
NFPA004,"Section du rétinaculum patellaire latéral [aileron rotulien externe] avec ostéotomie de la surface patellaire [trochlée] du fémur, par arthrotomie"
NFPC001,"Section du rétinaculum patellaire latéral [aileron rotulien externe], par arthroscopie"
NFPC002,"Libération mobilisatrice de l'articulation du genou, par arthroscopie"
NFQC001,"Exploration de l'articulation du genou, par arthroscopie"
NFQH001,Arthrographie du genou
NFQK001,Radiographie unilatérale du genou selon 1 ou 2 incidences
NFQK002,Radiographie bilatérale du genou selon 1 ou 2 incidences par côté
NFQK003,Radiographie du genou selon 3 ou 4 incidences
NFQK004,Radiographie du genou selon 5 incidences ou plus
NFQP001,"Bilan fonctionnel de l'articulation du genou, sous anesthésie générale ou locorégionale"
NFQP002,"Bilan fonctionnel de l'articulation du genou avec confection d'un appareillage rigide d'immobilisation externe, sous anesthésie générale ou locorégionale"
NFRP001,"Mobilisation de l'articulation du genou à visée thérapeutique, sous anesthésie générale ou locorégionale"
NGCA001,"Suture ou reconstruction de l'appareil capsuloligamentaire de l'articulation tibiotalienne et/ou de l'articulation talocalcanéenne, par abord direct"
NGDA001,"Arthrodèse tibio-talo-calcanéenne, par arthrotomie"
NGDA002,"Arthrodèse tibiotalienne, par arthrotomie"
NGDA003,"Arthrodèses tibio-talo-calcanéenne et médiotarsienne, par arthrotomie"
NGDA004,"Arthrorise tibiotalienne ou talocalcanéenne, par abord direct"
NGDC001,"Arthrodèse tibiotalienne, par arthroscopie"
NGEA001,"Réduction d'une luxation de l'articulation tibiotalienne, talocalcanéenne et/ou médiotarsienne, par arthrotomie"
NGEP001,Réduction orthopédique d'une luxation tibiotalienne ou d'une luxation-fracture du tarse
NGFA001,"Résection ""en bloc"" de l'articulation de la cheville [Arthrectomie monobloc de la cheville]"
NGFA002,"Exérèse d'un kyste synovial ou d'une bourse séreuse de la cheville ou du pied, par abord direct"
NGGA001,Ablation d'une prothèse tibiotalienne
NGGA002,Ablation d'une prothèse tibiotalienne avec arthrodèse
NGJA001,"Nettoyage de l'articulation tibiotalienne, par arthrotomie"
NGJA002,"Évacuation de collection de l'articulation tibiotalienne ou d'une articulation du pied, par arthrotomie"
NGJC001,"Nettoyage de l'articulation tibiotalienne, par arthroscopie"
NGJC002,"Évacuation de collection de l'articulation tibiotalienne ou d'une articulation du pied, par arthroscopie"
NGKA001,Remplacement de l'articulation tibiotalienne par prothèse
NGMA001,"Reconstruction de l'articulation de la cheville avec arthrodèse, après perte de substance segmentaire"
NGMP001,"Confection d'une contention souple de la cheville et/ou du pied, ou confection d'une semelle plâtrée"
NGMP002,Confection d'une attelle de posture ou de mobilisation de la cheville
NGPA001,"Libération mobilisatrice de l'articulation tibiotalienne et/ou synovectomie tibiotalienne avec allongement et/ou transfert de plusieurs tendons, par abord direct"
NGPA002,"Libération mobilisatrice de l'articulation tibiotalienne et/ou synovectomie tibiotalienne, par arthrotomie"
NGPA003,"Libération mobilisatrice de l'articulation tibiotalienne et/ou synovectomie tibiotalienne avec allongement du tendon calcanéen [d'Achille], par abord direct"
NGPC001,"Libération mobilisatrice de l'articulation tibiotalienne et/ou synovectomie tibiotalienne, par arthroscopie"
NGQC001,"Exploration de l'articulation de la cheville, par arthroscopie"
NGQH001,Arthrographie de la cheville
NGQK001,Radiographie de la cheville selon 1 à 3 incidences
NGQK002,Radiographie de la cheville selon 4 incidences ou plus
NGQP001,"Bilan fonctionnel de l'articulation de la cheville, sous anesthésie générale ou locorégionale"
NGRP001,"Mobilisation de l'articulation de la cheville à visée thérapeutique, sous anesthésie générale ou locorégionale"
NHDA001,"Arthrodèse de la première articulation métatarsophalangienne, avec résection des têtes des métatarsiens latéraux"
NHDA002,"Arthrodèse de l'articulation interphalangienne du premier orteil, par arthrotomie"
NHDA003,"Arthrodèse du couple de torsion du pied [talocalcanéenne et médiotarsienne] avec correction de vices architecturaux, par abord direct"
NHDA004,"Arthrodèse de la première articulation métatarsophalangienne, par arthrotomie"
NHDA005,"Arthrodèse de plusieurs articulations tarsométatarsiennes, par arthrotomie"
NHDA006,"Arthrodèse d'un interligne du médiotarse, par arthrotomie"
NHDA007,"Arthrodèse d'une articulation tarsométatarsienne, par arthrotomie"
NHDA008,"Arthrodèse complète du médiotarse, par arthrotomie"
NHDA009,"Arthrodèse du couple de torsion du pied [talocalcanéenne et médiotarsienne], par abord direct"
NHDA010,"Arthrodèse du couple de torsion du pied [talocalcanéenne et médiotarsienne] avec transfert tendineux, par abord direct"
NHDA011,"Arthrodèse talocalcanéenne [subtalienne], par arthrotomie"
NHFA001,Synovectomie articulaire de l'avant-pied
NHKA001,Remplacement de l'articulation métatarsophalangienne par prothèse sur un rayon du pied
NHMA001,Arthroplastie métatarsophalangienne par résection de la tête métatarsienne sur plusieurs rayons latéraux du pied
NHMA002,Arthroplastie par résection de l'articulation ou arthrodèse interphalangienne d'un orteil latéral
NHMA003,Arthroplastie métatarsophalangienne par résection de la tête métatarsienne sur un rayon latéral du pied
NHMA006,"Arthroplastie métatarsophalangienne par résection des deux versants de l'articulation avec résection d'ostéophytes, sur le premier rayon du pied"
NHMA007,"Arthroplastie métatarsophalangienne par résection d'un versant de l'articulation, sur le premier rayon du pied"
NHMA008,Reconstruction de l'appareil capsuloligamentaire de l'articulation médiotarsienne
NHPA001,"Libération mobilisatrice d'une articulation métatarsophalangienne, sur un rayon latéral du pied"
NHPA002,Libération mobilisatrice de l'articulation métatarsophalangienne du premier orteil avec transfert tendineux ou syndesmopexie
NHPA003,Libération mobilisatrice de l'articulation métatarsophalangienne du premier orteil pour correction d'hallux varus
NHPA004,Libération mobilisatrice des articulations tarsométatarsiennes sur 5 rayons du pied
NHPA005,Libération mobilisatrice des articulations tarsométatarsiennes avec arthrorise talocalcanéenne
NHPA006,"Libération mobilisatrice de l'articulation métatarsophalangienne du cinquième rayon, avec transfert et/ou allongement de tendon, ostéotomie du métatarsien et/ou syndactylisation"
NHQH001,Arthrographie du pied et/ou des orteils
NHRP001,"Manipulation de pied pour déformation congénitale, avec confection d'un appareil rigide externe de réduction progressive"
NHRP002,"Mobilisation d'articulation du pied à visée thérapeutique, sous anesthésie générale ou locorégionale"
NHRP003,"Manipulation de pied bot varus équin ou de pied convexe, avec confection d'un appareil rigide externe de réduction progressive"
NJAA001,"Allongement de plusieurs tendons de l'arrière-pied, par abord direct"
NJAA002,"Allongement et/ou transfert de tendon sans capsulotomie pour correction d'attitude vicieuse du genou, par abord direct"
NJAA003,"Allongement d'un tendon de l'arrière-pied, par abord direct"
NJAA004,"Allongement et/ou transfert de plusieurs tendons avec capsulotomie pour correction d'attitude vicieuse du genou, par abord direct"
NJAB001,"Allongement du tendon calcanéen [d'Achille], par voie transcutanée"
NJBA001,"Raccourcissement du ligament patellaire [tendon rotulien], avec section ou allongement du muscle droit fémoral"
NJBA002,Raccourcissement du ligament patellaire [tendon rotulien]
NJCA001,"Suture d'un tendon de l'arrière-pied, par abord direct"
NJEA001,"Transfert du psoas à travers ou en avant de l'aile iliaque, avec ostéotomie de l'os coxal et du fémur"
NJEA002,Réinsertion et/ou suture du tendon du muscle quadriceps fémoral
NJEA003,"Réinsertion du tendon calcanéen [d'Achille], par abord direct"
NJEA004,"Transfert du psoas à travers ou en avant de l'aile iliaque, avec ostéotomie de l'os coxal ou du fémur"
NJEA005,Alignement d'une camptodactylie d'orteil par libération des tissus mous
NJEA006,Transfert tendineux et/ou ténodèse pour rétablissement de l'éversion ou de l'inversion du pied
NJEA007,Réinsertion et/ou suture du ligament patellaire [tendon rotulien]
NJEA008,Transfert tendineux pour rétablissement de l'extension du premier orteil
NJEA009,Transfert tendineux et/ou ténodèse pour rétablissement de la flexion dorsale de la cheville
NJEA010,Transfert tendineux pour rétablissement de la fonction intrinsèque du premier orteil et/ou des orteils latéraux
NJEA011,Transfert tendineux et/ou ténodèse pour rétablissement de la flexion plantaire de la cheville
NJEA012,Transfert du psoas à travers ou en avant de l'aile iliaque
NJFA001,"Résection d'ostéome paraarticulaire coxofémoral antérieur, postérieur ou médial"
NJFA002,Exérèse de lésion fasciale et/ou sousfasciale des tissus mous de la plante du pied
NJFA003,Résection des tissus mous pour hypertrophie et gigantisme du pied
NJFA004,Résection des tissus mous avec résection osseuse pour hypertrophie et gigantisme du pied avec dysplasie
NJFA005,Ténosynovectomie de plusieurs tendons de l'arrière-pied
NJFA006,Exérèse d'un fragment osseux supratrochantérien
NJFA008,"Exérèse d'un hygroma du genou, par abord direct"
NJFA009,Résection d'ostéome paraarticulaire coxofémoral antérieur et postérieur
NJMA001,Reconstruction de l'appareil extenseur du genou par autogreffe ostéotendineuse prélevée sur le genou controlatéral
NJMA002,Reconstruction de l'appareil extenseur du genou par autogreffe ostéotendineuse prélevée sur le genou homolatéral
NJMA003,"Autoplastie d'un tendon de l'arrière-pied, par abord direct"
NJMA004,"Reconstruction du rétinaculum des muscles fibulaires [gaine des tendons péroniers] par plastie capsuloligamentaire, périostée et/ou osseuse"
NJMA005,Correction progressive d'une déformation du pied par fixateur externe
NJMA006,"Correction progressive d'une déformation du pied par fixateur externe, avec libération des tissus mous"
NJMA007,Correction progressive d'une déformation du genou par fixateur externe
NJMB001,"Réparation d'une rupture du tendon calcanéen [d'Achille], par voie transcutanée"
NJPA001,"Section, allongement ou transfert tendineux pour correction bilatérale d'attitude vicieuse de la hanche, du genou et du pied, avec ostéotomie simple de la diaphyse du fémur et du tibia, par abord direct"
NJPA002,"Libération des tissus mous de la cheville ou de l'arrière-pied avec capsulotomie, par abord postérieur"
NJPA003,"Section ou allongement de tendon pour correction d'attitude vicieuse de la hanche, par plusieurs abords"
NJPA004,"Section, allongement ou transfert tendineux pour correction unilatérale d'attitude vicieuse de la hanche, du genou et du pied, avec arthrodèse du couple de torsion du pied et correction de vices architecturaux, par abord direct"
NJPA005,"Section, allongement ou transfert tendineux pour correction unilatérale d'attitude vicieuse de la hanche, du genou et du pied, avec ostéotomie simple de la diaphyse du fémur, par abord direct"
NJPA006,Aponévrotomie et désinsertion musculaire à la plante du pied [Libération plantaire] avec ostéotomie du métatarse
NJPA007,"Aponévrotomie ou aponévrectomie plantaire, ou désinsertion de l'aponévrose plantaire"
NJPA008,"Section, allongement ou transfert tendineux pour correction bilatérale d'attitude vicieuse de la hanche, du genou et du pied, avec arthrodèse du couple de torsion du pied et correction de vices architecturaux, par abord direct"
NJPA009,"Libération des tissus mous de la cheville ou de l'arrière-pied et du médiopied avec capsulotomie, par abord postérieur, abord médial et abord latéral"
NJPA010,"Libérations antérieure et postérieure de la cheville et du pied, pour pied convexe"
NJPA011,"Section, allongement ou transfert tendineux pour correction unilatérale d'attitude vicieuse de la hanche et du genou, avec raccourcissement du ligament patellaire, par abord direct"
NJPA012,"Section, allongement ou transfert tendineux pour correction bilatérale d'attitude vicieuse de la hanche et du genou, avec arthrodèse du couple de torsion du pied et correction de vices architecturaux, par abord direct"
NJPA013,"Section, allongement ou transfert tendineux pour correction bilatérale d'attitude vicieuse de la hanche et du genou, par abord direct"
NJPA014,"Aponévrotomie intramusculaire pour allongement du muscle triceps sural, par abord direct"
NJPA015,Aponévrotomie et désinsertion musculaire à la plante du pied [Libération plantaire]
NJPA016,"Incisions axiales [Peignage] du ligament patellaire [tendon rotulien], avec plastie autologue"
NJPA017,"Section, allongement ou transfert tendineux pour correction unilatérale d'attitude vicieuse de la hanche, du genou et du pied, avec ostéotomie simple de la diaphyse du fémur et du tibia, par abord direct"
NJPA018,"Libération, incisions axiales ou ténosynovectomie d'un tendon de l'arrière-pied"
NJPA019,"Libération des tissus mous de la cheville ou de l'arrière-pied avec capsulotomie, par abord postérieur et par abord médial"
NJPA020,"Section, allongement ou transfert tendineux pour correction bilatérale d'attitude vicieuse de la hanche, du genou et du pied, avec ostéotomie simple de la diaphyse du fémur, par abord direct"
NJPA021,"Section, allongement ou transfert tendineux pour correction unilatérale d'attitude vicieuse de la hanche, du genou et du pied, avec raccourcissement du ligament patellaire, par abord direct"
NJPA022,"Section, allongement ou transfert tendineux pour correction bilatérale d'attitude vicieuse de la hanche, du genou et du pied, par abord direct"
NJPA023,"Libération antérieure de la cheville et du pied, pour pied convexe"
NJPA024,"Section, allongement ou transfert tendineux pour correction unilatérale d'attitude vicieuse de la hanche, du genou et du pied, par abord direct"
NJPA025,Section ou allongement d'un tendon de muscle extenseur ou de muscle fléchisseur des orteils à l'avant-pied
NJPA026,"Section, allongement ou transfert tendineux pour correction bilatérale d'attitude vicieuse de la hanche et du genou, avec raccourcissement du ligament patellaire, par abord direct"
NJPA027,"Libération des tissus mous de la cheville ou de l'arrière-pied et du médiopied avec capsulotomie et ostéotomie du tarse ou du métatarse, par abord postérieur, abord médial et abord latéral"
NJPA028,"Section, allongement ou transfert tendineux pour correction bilatérale d'attitude vicieuse de la hanche, du genou et du pied, avec raccourcissement du ligament patellaire, par abord direct"
NJPA029,Section ou allongement de plusieurs tendons pour correction d'attitude vicieuse du pied
NJPA030,"Section, allongement ou transfert tendineux pour correction unilatérale d'attitude vicieuse de la hanche et du genou, par abord direct"
NJPA031,"Section, allongement ou transfert tendineux pour correction unilatérale d'attitude vicieuse de la hanche, du genou et du pied, avec ostéotomie simple de la diaphyse du fémur, arthrodèse du couple de torsion du pied et correction de vices architecturaux, par abord direct"
NJPA032,"Incisions axiales [Peignage] du ligament patellaire [tendon rotulien], sans plastie"
NJPA033,"Section, allongement ou transfert tendineux pour correction bilatérale d'attitude vicieuse de la hanche, du genou et du pied, avec ostéotomie simple de la diaphyse du fémur, arthrodèse du couple de torsion du pied et correction de vices architecturaux, par abord direct"
NJPA034,"Section ou allongement des tendons du muscle psoas et d'autre muscle pour correction d'attitude vicieuse de la hanche, par abord unique"
NJPA035,"Section ou allongement de tendon pour correction d'attitude vicieuse de la hanche, par abord unique"
NJPA036,"Section, allongement ou transfert tendineux pour correction unilatérale d'attitude vicieuse de la hanche et du genou, avec arthrodèse du couple de torsion du pied et correction de vices architecturaux, par abord direct"
NJPB001,"Section de tendon pour correction d'attitude vicieuse de la hanche, par voie transcutanée"
NJQP001,Mesure du volume du pied et/ou de la jambe par déplacement d'eau ou méthode optoélectronique
NKQP001,Analyse instrumentale de la cinématique de la marche
NKQP002,Analyse baropodométrique de la marche
NKQP003,Analyse tridimensionnelle de la marche sur plateforme de force
NZEA001,Repositionnement du pied pour agénésie du tibia
NZEA002,Réimplantation du membre inférieur sectionné à la jambe
NZEA003,Transplantation du pied à la cuisse avec conservation des pédicules vasculonerveux
NZEA004,Repositionnement du pied pour agénésie de la fibula
NZEA005,Réimplantation du gros orteil
NZEA006,Réimplantation du membre inférieur sectionné à la cuisse
NZEA007,Réimplantation du pied
NZEB001,"Traction continue transosseuse du membre inférieur, pour lésion non traumatique"
NZEP001,"Traction continue cutanée du membre inférieur d'une durée égale ou supérieure à 7 jours, pour lésion non traumatique"
NZEP002,"Traction continue cutanée du membre inférieur d'une durée inférieure à 7 jours, pour lésion non traumatique"
NZFA001,Désarticulation de la hanche
NZFA002,Amputation transtibiale
NZFA003,Désarticulation du genou
NZFA004,Amputation ou désarticulation de plusieurs orteils
NZFA005,"Amputation ou désarticulation au médiopied ou à l'avant-pied, sans stabilisation de l'arrière-pied"
NZFA006,"Désarticulation ou amputation du membre inférieur à travers l'os coxal, l'articulation sacro-iliaque ou le sacrum"
NZFA007,Amputation transfémorale
NZFA008,Désarticulation ou amputation interilioabdominale
NZFA009,Amputation ou désarticulation à la cheville ou à l'arrière-pied
NZFA010,Amputation ou désarticulation d'un orteil
NZFA011,"Amputation d'un orteil surnuméraire, avec reconstruction articulaire"
NZFA012,"Amputation d'un orteil surnuméraire, sans reconstruction articulaire"
NZFA013,"Amputation ou désarticulation du médiopied ou de l'avant-pied, avec stabilisation de l'arrière-pied"
NZHA001,"Biopsie d'un os et/ou d'une articulation du membre inférieur, par abord direct"
NZHB001,"Biopsie d'un os et/ou d'une articulation du membre inférieur, par voie transcutanée sans guidage"
NZHB002,"Ponction ou cytoponction d'une articulation du membre inférieur, par voie transcutanée sans guidage"
NZHH001,"Ponction ou cytoponction d'une articulation du membre inférieur, par voie transcutanée avec guidage scanographique"
NZHH002,"Biopsie d'un os et/ou d'une articulation du membre inférieur, par voie transcutanée avec guidage scanographique"
NZHH003,"Biopsie d'un os et/ou d'une articulation du membre inférieur, par voie transcutanée avec guidage radiologique"
NZHH004,"Ponction ou cytoponction d'une articulation du membre inférieur, par voie transcutanée avec guidage radiologique"
NZJB001,"Évacuation de collection articulaire du membre inférieur, par voie transcutanée sans guidage"
NZLB001,"Injection thérapeutique d'agent pharmacologique dans une articulation ou une bourse séreuse du membre inférieur, par voie transcutanée sans guidage"
NZLH001,"Injection thérapeutique d'agent pharmacologique dans une articulation ou une bourse séreuse du membre inférieur, par voie transcutanée avec guidage scanographique"
NZLH002,"Injection thérapeutique d'agent pharmacologique dans une articulation ou une bourse séreuse du membre inférieur, par voie transcutanée avec guidage radiologique"
NZMA001,Reconstruction et réalignement du premier rayon du pied pour malformation
NZMA002,Reconstruction de l'avant-pied pour malformation de type pied en fourche
NZQH001,"Scanographie unilatérale ou bilatérale de segment du membre inférieur, avec injection de produit de contraste"
NZQH002,Arthrographie du membre inférieur avec scanographie [Arthroscanner du membre inférieur]
NZQH005,Scanographie de la hanche et du membre inférieur pour conception intégrée par ordinateur d'une prothèse ostéoarticulaire sur mesure
NZQJ001,"Remnographie [IRM] unilatérale ou bilatérale de segment du membre inférieur, avec injection de produit de contraste"
NZQK001,"Téléradiographie unilatérale ou bilatérale du membre inférieur en totalité, de face en appui bipodal"
NZQK002,"Scanographie unilatérale ou bilatérale de segment du membre inférieur, sans injection de produit de contraste"
NZQK003,"Téléradiographie bilatérale du membre inférieur en totalité, de face en appui monopodal l'un après l'autre"
NZQK004,Télémétrie des membres inférieurs par scanographie
NZQN001,"Remnographie [IRM] unilatérale ou bilatérale de segment du membre inférieur, sans injection de produit de contraste"
PACA001,"Perforation ou forage d'une épiphyse fertile, par arthrotomie"
PACB001,"Perforation ou forage d'un os, ou injection intraosseuse, par voie transcutanée"
PACC001,"Perforation ou forage d'une épiphyse fertile, par arthroscopie"
PADA001,"Épiphysiodèse sur un cartilage de croissance, par abord direct"
PADA002,"Désépiphysiodèse d'un os long, par abord direct"
PADA003,"Fixation ou exérèse de noyau d'ossification accessoire, par abord direct"
PADB001,"Épiphysiodèse de plusieurs cartilages de croissance, par voie transcutanée"
PADB002,"Épiphysiodèse d'un cartilage de croissance, par voie transcutanée"
PAFA001,"Prélèvement de plusieurs os longs complets sur un membre, sur un sujet en état de mort encéphalique"
PAFA002,"Prélèvement de plusieurs os longs complets sur plusieurs membres, sur un sujet en état de mort encéphalique"
PAFA003,"Prélèvement d'autogreffe osseuse corticale ou corticospongieuse à distance du foyer opératoire, sur plusieurs sites sans changement de position"
PAFA004,"Prélèvement d'autogreffe osseuse corticale ou corticospongieuse à distance du foyer opératoire, sur un site avec changement de position"
PAFA005,"Résection segmentaire d'un os avec ostéosynthèse, pour pseudarthrose congénitale"
PAFA006,"Prélèvement d'un os autre qu'un os long, sur un sujet en état de mort encéphalique"
PAFA007,"Résection segmentaire d'un os avec ostéosynthèse et transfert axial progressif de fragment osseux, pour pseudarthrose congénitale"
PAFA008,"Prélèvement d'un os long complet, sur un sujet en état de mort encéphalique"
PAFA009,"Prélèvement d'autogreffe osseuse corticale ou corticospongieuse à distance du foyer opératoire, sur plusieurs sites avec changement de position"
PAFA010,"Prélèvement d'autogreffe osseuse corticale ou corticospongieuse, ou d'autogreffe périostée à distance du foyer opératoire, sur un site sans changement de position"
PAFH001,"Tumorectomie ostéoarticulaire d'un membre, par voie transcutanée avec guidage scanographique"
PAGA001,"Ablation de matériel d'ostéosynthèse des membres, par abord direct"
PAGA002,Ablation de greffon ou de matériau inerte non prothétique de la diaphyse d'os long
PAGA003,"Évidement d'une épiphyse active avec comblement, par arthrotomie"
PAGA004,"Ablation de matériel d'ostéosynthèse centromédullaire des membres, par abord direct"
PAGA005,"Évidement d'une épiphyse, par abord extraarticulaire"
PAGA006,"Évidement d'une épiphyse active sans comblement, par arthrotomie"
PAGB001,"Ablation de broche d'ostéosynthèse enfouie, par voie transcutanée sans guidage"
PAGB002,"Ablation de matériel d'ostéosynthèse enfoui, par voie transcutanée sans guidage"
PAGB003,Ablation d'un fixateur externe ou d'un système externe d'allongement progressif d'un os des membres
PAGB004,Ablation de broche d'ostéosynthèse non enfouie
PAGH001,"Ablation de matériel d'ostéosynthèse enfoui, par voie transcutanée avec guidage radiologique"
PAKB001,Changement de fiche ou broche d'un fixateur externe ou d'un système externe d'allongement osseux
PAKB002,Changement complet d'un système externe d'allongement osseux progressif
PALB001,Injection intraosseuse de moelle
PAMH001,"Cimentoplastie intraosseuse extrarachidienne, par voie transcutanée avec guidage radiologique"
PAMP001,"Réglage secondaire et/ou modification des axes d'un fixateur externe ou d'un système externe d'allongement progressif, sous anesthésie générale ou locorégionale"
PANL001,Irradiation interne d'une lésion osseuse par injection intraveineuse d'agent pharmacologique radio-isotopique
PAPA001,"Ostéotomies multiples d'alignement avec abord des deux extrémités de plusieurs os longs homolatéraux, par abord direct"
PAPA002,Ostéotomie itérative pour cal prématuré au cours de l'allongement progressif d'un os long
PAPA003,"Ostéotomies multiples d'alignement avec abord des deux extrémités d'un os long, par abord direct"
PAQK001,Radiographie comparative des cartilages de conjugaison des os longs des membres
PAQK002,"Radiographie du squelette pour calcul de l'âge osseux, après l'âge de 2 ans"
PAQK003,"Radiographie du squelette complet, segment par segment, chez l'enfant"
PAQK004,"Radiographie du squelette complet, chez le nouveau-né décédé"
PAQK005,"Radiographie de l'hémisquelette pour calcul de l'âge osseux, avant l'âge de 2 ans"
PAQK006,"Ostéodensitométrie [Absorptiométrie osseuse] du corps entier, par méthode biphotonique"
PAQK007,"Ostéodensitométrie [Absorptiométrie osseuse] sur 2 sites, par méthode biphotonique"
PAQL001,"Scintigraphie osseuse du corps entier segment par segment en un temps [temps tardif], avec acquisition complémentaire par un collimateur sténopé"
PAQL002,Scintigraphie osseuse du corps entier en plusieurs temps
PAQL003,Scintigraphie osseuse du corps entier en un temps [temps tardif]
PAQL004,"Scintigraphie osseuse segmentaire en un temps [temps tardif], avec acquisition complémentaire par un collimateur sténopé"
PAQL005,"Scintigraphie osseuse du corps entier segment par segment en plusieurs temps, sans acquisition complémentaire par un collimateur sténopé"
PAQL006,"Scintigraphie osseuse segmentaire en un temps [temps tardif], sans acquisition complémentaire par un collimateur sténopé"
PAQL007,"Scintigraphie osseuse segmentaire en plusieurs temps, avec acquisition complémentaire par un collimateur sténopé"
PAQL008,"Scintigraphie osseuse segmentaire en plusieurs temps, sans acquisition complémentaire par un collimateur sténopé"
PAQL009,"Scintigraphie osseuse du corps entier segment par segment en un temps [temps tardif], sans acquisition complémentaire par un collimateur sténopé"
PAQL010,"Scintigraphie osseuse du corps entier segment par segment en plusieurs temps, avec acquisition complémentaire par un collimateur sténopé"
PBJH001,"Évacuation de calcification articulaire d'un membre, par voie transcutanée avec guidage radiologique"
PBLB001,"Injection d'agent pharmacologique dans l'appareil capsuloligamentaire d'une articulation, par voie transcutanée sans guidage"
PBLB002,Synoviorthèse chimique d'un membre
PBLL001,Synoviorthèse isotopique d'un membre
PBQM001,Échographie unilatérale ou bilatérale de plusieurs articulations
PBQM002,Échographie unilatérale ou bilatérale de l'articulation
PBQM003,Échographie unilatérale ou bilatérale d'une articulation et de son appareil capsuloligamentair
PBQM004,Échographie unilatérale ou bilatérale de plusieurs articulations et de leur appareil capsuloligamentair
PCCA001,Suture de rupture de muscle
PCCA002,Suture de plaie ou de rupture de tendon
PCDA001,"Ténodèse, par abord direct"
PCEA001,"Transfert musculotendineux pédiculé bipolaire pour réanimation motrice, par abord direct"
PCEA002,"Réinsertion transosseuse de tendon, par abord direct"
PCEA003,"Transfert musculotendineux pédiculé unipolaire pour réanimation motrice, par abord direct"
PCEA004,"Lambeau libre musculotendineux pour réanimation motrice, avec anastomoses vasculaires et nerveuse"
PCHB001,"Biopsie musculaire, par voie transcutanée"
PCLB001,"Infiltration de zone déclic [point gachette] par voie transcutanée, pour syndrome myofascial"
PCLB002,"Séance d'injection de toxine botulique dans les muscles striés par voie transcutanée, sans examen électromyographique de détection"
PCLB003,"Séance d'injection de toxine botulique dans les muscles striés par voie transcutanée, avec examen électromyographique de détection"
PCMA001,"Plastie d'allongement ou de raccourcissement de tendon par dédoublement ou retournement, par abord direct"
PCPA001,Libération neuro-musculo-cutanée d'un membre pour avancement musculotendineux
PCPA002,Aponévrotomie intramusculaire pour allongement
PCPA003,Désinsertion musculotendineuse
PCPA004,"Fasciomyotomie pour décompression de loge d'un membre, par abord direct"
PCPA005,"Ténotomie, par abord direct"
PCPA006,"Section ou plastie d'agrandissement de poulie de réflexion de tendon, par abord direct"
PCPB001,"Fasciomyotomie pour décompression de loge d'un membre, par voie transcutanée"
PCPB002,"Ténotomie, par voie transcutanée"
PCQL001,Exploration radio-isotopique des masses musculaires squelettiques après effort
PCQL002,Exploration radio-isotopique des masses musculaires squelettiques au repos
PCQM001,Échographie de muscle et/ou de tendo
PDAB001,"Allongement progressif des tissus mous des membres par pose de fixateur externe, par voie transcutanée"
PDFA001,"Exérèse de lésion fasciale et/ou sousfasciale des tissus mous, sans dissection d'un gros tronc vasculaire ou nerveux"
PDFA002,"Exérèse de lésion fasciale et/ou sousfasciale des tissus mous, avec dissection de gros tronc vasculaire et/ou nerveux"
PDFA003,"Exérèse de lésion fasciale et/ou sousfasciale des tissus mous de la racine d'un membre, du pli du coude ou du creux poplité"
PDHA001,"Biopsie des tissus mous sousfasciaux, par abord direct"
PDQB001,"Mesure directe de la pression tissulaire dans les loges musculaires des membres, par voie transcutanée"
PDQK001,"Quantification des différents composants des tissus mous, par scanographie"
PDQN001,"Quantification des différents composants des tissus mous, par remnographie"
PEQP001,"Mesure de la force, du travail et de la puissance musculaire de 3 articulations ou plus, par dynamomètre informatisé et motorisé"
PEQP002,"Analyse métrologique de la posture, de la locomotion et/ou des gestuelles chez un patient polydéficient"
PEQP003,"Mesure de la force, du travail et de la puissance musculaire de 1 ou 2 articulations, par dynamomètre informatisé et motorisé"
PEQP004,"Analyse métrologique de la posture, de la locomotion et/ou des gestuelles chez un patient monodéficient"
PZMA001,"Réfection d'un moignon d'amputation de membre avec section, résection ou libération de nerf"
PZMA002,Réfection d'un moignon d'amputation de membre avec régularisation osseuse
PZMA003,"Réfection d'un moignon d'amputation de membre avec régularisation osseuse et section, résection ou libération de nerf"
PZMA004,"Réparation par lambeau libre cutané, fascial, fasciocutané ou souscutané, musculaire, musculocutané, musculotendineux ou osseux avec anastomoses vasculaires"
PZMA005,"Réparation par lambeau libre ostéocutané, ostéomusculaire ou ostéo-musculo-cutané, avec anastomoses vasculaires"
PZMP001,Modification d'un appareillage de contention ou d'une orthèse des membres ou de la colonne vertébrale
PZMP002,Adaptation d'une orthèse modulaire articulée d'un membre
QAEA001,Transplantation de moins de 50 greffons de cuir chevelu
QAEA002,"Greffe cutanée pour brûlure de l'extrémité céphalique, sur moins de 1% de la surface corporelle"
QAEA003,"Greffe cutanée pour brûlure de l'extrémité céphalique, sur plus de 12,5% de la surface corporelle"
QAEA004,"Greffe cutanée pour brûlure de l'extrémité céphalique, sur 10% à 12,5% de la surface corporelle"
QAEA005,Transplantation de 50 à 200 greffons de cuir chevelu
QAEA006,"Greffe cutanée pour brûlure de l'extrémité céphalique, sur 3% à 4% de la surface corporelle"
QAEA007,"Transplantation de 201 greffons de cuir chevelu, ou plus"
QAEA008,"Greffe cutanée pour brûlure de l'extrémité céphalique, sur 4% à 5% de la surface corporelle"
QAEA009,"Greffe cutanée pour brûlure de l'extrémité céphalique, sur 5% à 7,5% de la surface corporelle"
QAEA010,"Greffe cutanée pour brûlure de l'extrémité céphalique, sur 1% à 2% de la surface corporelle"
QAEA011,"Greffe cutanée pour brûlure de l'extrémité céphalique, sur 2% à 3% de la surface corporelle"
QAEA012,"Greffe cutanée pour brûlure de l'extrémité céphalique, sur 7,5% à 10% de la surface corporelle"
QAEA013,Réimplantation de cuir chevelu avec anastomoses vasculaires
QAEA014,"Microgreffes de peau totale sur 6 cicatrices du visage, ou plus"
QAEA015,Microgreffes de peau totale sur 1 à 5 cicatrices du visage
QAFA001,"Prélèvement d'autogreffe cutanée sur le cuir chevelu, pour brûlure"
QAFA002,"Excision de brûlure de l'extrémité céphalique, sur 1% à 2% de la surface corporelle"
QAFA003,"Excision de brûlure de l'extrémité céphalique, sur 5% à 7,5% de la surface corporelle"
QAFA004,"Excision de brûlure de l'extrémité céphalique, sur 2% à 3% de la surface corporelle"
QAFA005,"Excision de brûlure de l'extrémité céphalique, sur 4% à 5% de la surface corporelle"
QAFA006,"Excision de brûlure de l'extrémité céphalique, sur moins de 1% de la surface corporelle"
QAFA007,"Excision de brûlure de l'extrémité céphalique, sur 7,5% à 10% de la surface corporelle"
QAFA008,"Excision de brûlure de l'extrémité céphalique, sur 3% à 4% de la surface corporelle"
QAFA009,"Excision de brûlure de l'extrémité céphalique, sur plus de 12,5% de la surface corporelle"
QAFA010,"Excision de brûlure de l'extrémité céphalique, sur 10% à 12,5% de la surface corporelle"
QAGA001,Ablation de plusieurs corps étrangers profonds de la peau et des tissus mous du visage et/ou des mains
QAGA002,Ablation de plusieurs corps étrangers superficiels de la peau du visage et/ou des mains
QAGA003,Ablation d'un corps étranger superficiel de la peau du visage ou des mains
QAGA004,Ablation d'un corps étranger profond des tissus mous du visage ou des mains
QAJA001,Pansement chirurgical secondaire de brûlure sur l'extrémité céphalique et les 2 mains
QAJA002,Parage et/ou suture de plaie superficielle de la peau de la face de plus de 10 cm de grand axe
QAJA003,"Évacuation d'un phlegmon cervicofacial et médiastinal diffus, par cervicotomie"
QAJA004,Parage et/ou suture de plaie profonde de la peau et des tissus mous de la face de moins de 3 cm de grand axe
QAJA005,Parage et/ou suture de plaie superficielle de la peau de la face de 3 cm à 10 cm de grand axe
QAJA006,Parage et/ou suture de plaie profonde de la peau et des tissus mous de la face de 3 cm à 10 cm de grand axe
QAJA007,Pansement chirurgical initial de brûlure sur l'extrémité céphalique et les 2 mains
QAJA008,Pansement chirurgical initial de brûlure sur l'extrémité céphalique et 1 main
QAJA009,Parage initial d'un délabrement des tissus mous de la face
QAJA010,Pansement chirurgical secondaire de brûlure sur l'extrémité céphalique
QAJA011,Pansement chirurgical secondaire de brûlure sur l'extrémité céphalique et 1 main
QAJA012,Parage et/ou suture de plaie profonde de la peau et des tissus mous de la face de plus de 10 cm de grand axe
QAJA013,Parage et/ou suture de plaie superficielle de la peau de la face de moins de 3 cm de grand axe
QAJA014,Pansement chirurgical initial de brûlure sur l'extrémité céphalique
QAJB001,Lipoaspiration inframentonnière
QAJH001,"Évacuation de collection de la face, par voie transcutanée avec guidage scanographique"
QAJH002,"Drainage de collection de la face, par voie transcutanée avec guidage radiologique"
QAJH003,"Drainage de collection de la face, par voie transcutanée avec guidage scanographique"
QAJH004,"Évacuation de collection de la face, par voie transcutanée avec guidage radiologique"
QALP001,Pose d'un appareillage de compression pour prévention et/ou correction de cicatrices vicieuses cervicofaciales
QAMA001,"Lissage cervicofacial unilatéral [Hémilifting facial] avec platysmaplastie, par abord direct"
QAMA002,"Réparation de perte de substance de l'extrémité céphalique par lambeau local ou régional muqueux, cutané ou fasciocutané, à pédicule vasculonerveux non individualisé ou non individualisable [lambeau ""au hasard""]"
QAMA003,Réparation de perte de substance de l'extrémité céphalique par lambeau frontal à pédicule inférieur
QAMA004,Réparation de perte de substance de l'extrémité céphalique par lambeau de fascia temporal avec autogreffe de peau
QAMA005,Réparation de perte de substance de l'extrémité céphalique par lambeau de fascia temporal
QAMA006,"Lissage cervicofacial unilatéral [Hémilifting facial], par abord direct"
QAMA007,"Lissage [Lifting] temporal bilatéral, par abord direct"
QAMA008,Réparation de perte de substance de l'extrémité céphalique par lambeau scalpant
QAMA009,"Lissage [Lifting] cervicofacial bilatéral avec platysmaplastie, par abord direct"
QAMA010,"Lissage [Lifting] cervicofacial bilatéral, par abord direct"
QAMA011,"Lissage [Lifting] cervical, par abord direct"
QAMA012,Réparation de perte de substance de l'extrémité céphalique par lambeau de muscle temporal avec autogreffe de peau
QAMA013,Réparation de perte de substance de l'extrémité céphalique par lambeau musculaire ou musculocutané
QAMA014,"Lissage [Lifting] temporal unilatéral, par abord direct"
QAMA015,Réparation de perte de substance du cuir chevelu par lambeau pédiculé
QAMA016,"Lissage [Lifting] du tiers supérieur de la face, par abord coronal"
QAMC001,"Lissage [Lifting] du tiers supérieur de la face, par vidéochirurgie"
QANP001,"Abrasion du visage entier, avec laser CO2 impulsionnel ou scanérisé, ou avec laser erbium Yag"
QANP002,"Exfoliation dermoépidermique moyenne du visage entier, par agent chimique"
QANP003,"Exfoliation épidermique [Peeling] du visage entier, par agent chimique"
QANP004,"Exfoliation dermoépidermique profonde du visage entier, par agent chimique"
QANP005,"Séance de destruction de 11 lésions cutanées superficielles du visage ou plus, par agent chimique ou par cryothérapie de contact"
QANP006,Dermabrasion du visage sur moins de 5 cm²
QANP007,"Séance de destruction de 1 à 10 lésions cutanées superficielles du visage, par agent chimique ou par cryothérapie de contact"
QANP008,Dermabrasion du visage sur 5 cm² à 20 cm²
QANP009,Dermabrasion du visage entier
QAPA001,"Section de bride congénitale médiane du cou, avec plastie"
QAPA002,Mise à plat de lésion infectieuse du cuir chevelu
QAQP001,Trichogramme
QBFA001,Dermolipectomie abdominale avec transposition de l'ombilic et fermeture de diastasis des muscles droits de l'abdomen
QBFA002,Excision d'une hidrosadénite suppurative périnéofessière [maladie de Verneuil] sur plus de 30 cm²
QBFA003,Dermolipectomie abdominale totale circulaire
QBFA004,Excision d'une hidrosadénite suppurative périnéofessière [maladie de Verneuil] sur moins de 30 cm²
QBFA005,Dermolipectomie abdominale avec transposition de l'ombilic
QBFA006,"Dermolipectomie abdominale sans transposition de l'ombilic, avec fermeture de diastasis des muscles droits de l'abdomen"
QBFA007,Excision d'un sinus pilonidal périnéofessier
QBFA008,Dermolipectomie abdominale avec transposition de l'ombilic et lipoaspiration de l'abdomen
QBFA009,Dermolipectomie abdominale en quartier d'orange
QBFA010,"Dermolipectomie abdominale sans transposition de l'ombilic, avec lipoaspiration de l'abdomen et fermeture de diastasis des muscles droits de l'abdomen"
QBFA011,Dermolipectomie abdominale sans transposition de l'ombilic
QBFA012,"Dermolipectomie abdominale avec transposition de l'ombilic, lipoaspiration de l'abdomen et fermeture de diastasis des muscles droits de l'abdomen"
QBFA013,"Dermolipectomie abdominale sans transposition de l'ombilic, avec lipoaspiration de l'abdomen"
QBFA014,Excision d'une fasciite nécrosante périnéofessière
QBJB001,Lipoaspiration de l'abdomen
QBPA001,Mise à plat d'un sinus pilonidal périnéofessier infecté
QBQA001,"Sinusoscopie maxillaire, par voie méatale inférieure et/ou par abord de la fosse canine"
QCEA001,"Greffe cutanée pour brûlure des deux mains, sur 2,5% à 3,75% de la surface corporelle"
QCEA002,"Greffe cutanée pour brûlure des deux mains, sur moins de 1,25% de la surface corporelle"
QCEA003,"Greffe cutanée pour brûlure des deux mains, sur plus de 3,75% de la surface corporelle"
QCEA004,"Greffe cutanée pour brûlure des deux mains, sur 1,25% à 2,5% de la surface corporelle"
QCEA005,"Greffe cutanée pour brûlure d'une main, sur moins de 1,25% de la surface corporelle"
QCEA006,"Greffe cutanée pour brûlure d'une main, sur plus de 1,25% de la surface corporelle"
QCFA001,"Excision de brûlure des 2 mains, sur moins de 1,25% de la surface corporelle"
QCFA002,"Excision de brûlure d'une main, sur moins de 1,25% de la surface corporelle"
QCFA003,"Excision de brûlure d'une main, sur plus de 1,25% de la surface corporelle"
QCFA004,"Excision de brûlure des 2 mains, sur 2,5% à 3,75% de la surface corporelle"
QCFA005,"Excision de brûlure des 2 mains, sur plus de 3,75% de la surface corporelle"
QCFA006,"Excision de brûlure des 2 mains, sur 1,25% à 2,5% de la surface corporelle"
QCJA001,Parage et/ou suture de plaie profonde de la peau et des tissus mous de la main
QCJA002,Pansement chirurgical secondaire de brûlure sur les 2 mains
QCJA003,Pansement chirurgical initial de brûlure sur 1 main
QCJA004,Pansement chirurgical secondaire de brûlure sur 1 main
QCJA005,Pansement chirurgical initial de brûlure sur les 2 mains
QCNP001,"Destruction de 6 verrues palmaires, plantaires et/ou périunguéales ou plus, avec laser CO2 continu"
QCNP002,"Destruction de 2 à 5 verrues palmaires, plantaires et/ou périunguéales, avec laser CO2 continu"
QCNP003,"Destruction d'une verrue palmaire, plantaire ou périunguéale, avec laser CO2 continu"
QDJB001,Lipoaspiration des régions infratrochantériennes
QDJB002,Lipoaspiration de la face médiale des genoux
QDPA001,Séparation d'une syndactylie des orteils par plastie cutanée d'une ou plusieurs commissures
QEBA001,Réduction de volume du mamelon
QEDA001,"Mastopexie unilatérale, avec pose d'implant prothétique"
QEDA002,"Mastopexie unilatérale, sans pose d'implant prothétique"
QEDA003,"Mastopexie bilatérale, avec pose d'implant prothétique"
QEDA004,"Mastopexie bilatérale, sans pose d'implant prothétique"
QEEA001,Transposition du mamelon
QEEA002,Désinvagination unilatérale du mamelon ombiliqué
QEEA003,Désinvagination bilatérale du mamelon ombiliqué
QEFA001,Tumorectomie du sein avec curage lymphonodal axillaire
QEFA002,Exérèse bilatérale de gynécomastie
QEFA003,Mastectomie totale avec curages lymphonodaux axillaire et parasternal [mammaire interne]
QEFA004,Tumorectomie du sein
QEFA005,Mastectomie totale avec exérèse des pectoraux et curage lymphonodal axillaire
QEFA006,Exérèse de tissu mammaire ectopique ou de glande mammaire aberrante [sein surnuméraire]
QEFA007,Mastectomie souscutanée avec exérèse de la plaque aréolomamelonnaire
QEFA008,Mastectomie partielle avec curage lymphonodal axillaire
QEFA009,Exérèse du mamelon
QEFA010,Mastectomie totale avec curages lymphonodaux axillaire et supraclaviculaire
QEFA011,Exérèse unilatérale de gynécomastie
QEFA012,"Mastectomie totale élargie en surface, avec autogreffe cutanée"
QEFA013,"Mastectomie totale élargie en surface, avec lambeau pédiculé de muscle grand dorsal ou lambeau parascapulaire"
QEFA014,Exérèse de mamelon surnuméraire
QEFA015,"Mastectomie totale élargie en surface, avec lambeau libre musculocutané"
QEFA016,Exérèse de conduit lactifère [Exérèse de canal galactophore] [Pyramidectomie mammaire]
QEFA017,Mastectomie partielle
QEFA018,Exérèse de la plaque aréolomamelonnaire
QEFA019,Mastectomie totale
QEFA020,Mastectomie totale avec conservation des pectoraux et curage lymphonodal axillaire
QEGA001,"Ablation unilatérale d'implant prothétique mammaire, sans capsulectomie"
QEGA002,"Ablation bilatérale d'implant prothétique mammaire, sans capsulectomie"
QEGA003,"Ablation unilatérale d'implant prothétique mammaire, avec capsulectomie"
QEGA004,"Ablation bilatérale d'implant prothétique mammaire, avec capsulectomie"
QEHA001,Biopsie de la plaque aréolomamelonnaire
QEHA002,"Biopsie de lésion de la glande mammaire, par abord direct"
QEHB001,"Ponction ou cytoponction de lésion de la glande mammaire, par voie transcutanée sans guidage"
QEHB002,"Biopsie de lésion de la glande mammaire, par voie transcutanée sans guidage"
QEHD001,Frottis d'un écoulement mamelonnaire
QEHH001,"Biopsie de lésion de la glande mammaire, par voie transcutanée avec guidage radiologique"
QEHH002,"Macrobiopsie sous vide de lésion de la glande mammaire sur table dédiée, par voie transcutanée avec guidage mammographique"
QEHH003,"Ponction ou cytoponction de lésion de la glande mammaire, par voie transcutanée avec guidage radiologique"
QEHJ001,"Biopsie d'une lésion de la glande mammaire, par voie transcutanée avec guidage échographique"
QEHJ002,"Ponction ou cytoponction de plusieurs lésions de la glande mammaire, par voie transcutanée avec guidage échographique"
QEHJ003,"Ponction ou cytoponction d'une lésion de la glande mammaire, par voie transcutanée avec guidage échographique"
QEHJ004,"Macrobiopsie sous vide de lésion de la glande mammaire, par voie transcutanée avec guidage échographique"
QEHJ005,"Biopsie de plusieurs lésions de la glande mammaire, par voie transcutanée avec guidage échographique"
QEHJ006,"Biopsie de lésion de la glande mammaire, par voie transcutanée avec guidage remnographique [IRM]"
QEJA001,"Évacuation de collection de la glande mammaire, par abord direct"
QEJB001,"Évacuation de collection de la glande mammaire, par voie transcutanée sans guidage"
QEJH001,"Évacuation de collection de la glande mammaire, par voie transcutanée avec guidage échographique et/ou radiologique"
QEJH002,"Drainage de collection de la glande mammaire, par voie transcutanée avec guidage échographique et/ou radiologique"
QEKA001,"Changement d'implant prothétique mammaire, avec capsulectomie"
QEKA002,"Changement d'implant prothétique mammaire, sans capsulectomie"
QELH001,"Pose de repère dans le sein, par voie transcutanée avec guidage mammographique"
QELJ001,"Pose de repère dans le sein, par voie transcutanée avec guidage échographique"
QEMA001,Reconstruction du sein par lambeau unipédiculé de muscle droit de l'abdomen
QEMA002,"Reconstruction du sein par lambeau musculocutané libre de muscle droit de l'abdomen, avec anastomoses vasculaires"
QEMA003,"Mastoplastie unilatérale d'augmentation, avec pose d'implant prothétique"
QEMA004,"Mastoplastie bilatérale d'augmentation, avec pose d'implant prothétique"
QEMA005,"Mastoplastie unilatérale de réduction, avec reconstruction de la plaque aréolomamelonnaire par lambeau local et autogreffe cutanée"
QEMA006,Reconstruction du sein par pose d'implant prothétique
QEMA007,Plastie d'augmentation ou de réduction de la plaque aréolomamelonnaire
QEMA008,Reconstruction du sein par lambeau musculocutané pédiculé autre que du muscle droit de l'abdomen
QEMA009,"Reconstruction de la plaque aréolomamelonnaire par autogreffe de mamelon, avec dermopigmentation"
QEMA010,"Reconstruction de la plaque aréolomamelonnaire par autogreffe de mamelon ou lambeau local, et autogreffe cutanée"
QEMA011,Reconstruction du sein par dédoublement du sein restant
QEMA012,Mastoplastie unilatérale de réduction
QEMA013,Mastoplastie bilatérale de réduction
QEMA014,Reconstruction du sein par lambeau bipédiculé de muscle droit de l'abdomen
QEMB001,Séance de réfection de l'aspect de la plaque aréolomamelonnaire par dermopigmentation
QEPA001,Capsulotomie mammaire avec changement de loge de l'implant prothétique
QEQH001,Galactographie
QEQH002,"Scanographie du sein, avec injection intraveineuse de produit de contraste"
QEQJ001,"Remnographie [IRM] du sein, avec injection intraveineuse de produit de contraste"
QEQK001,Mammographie bilatérale
QEQK002,Mammographie unilatérale ou bilatérale avec échographie
QEQK003,Radiographie de contrôle de pièce opératoire d'exérèse mammaire
QEQK004,Mammographie de dépistage
QEQK005,Mammographie unilatérale
QEQK006,"Scanographie du sein, sans injection intraveineuse de produit de contraste"
QEQM001,Échographie unilatérale ou bilatérale du sei
QEQN001,"Remnographie [IRM] du sein, sans injection intraveineuse de produit de contraste"
QZBA001,Comblement de dépression cutanée par autogreffe souscutanée susfasciale de peau désépidermisée
QZBA002,Comblement de dépression cutanée par autogreffe souscutanée susfasciale de tissu celluloadipeux
QZBB001,Comblement de dépression cutanée par injection souscutanée susfasciale de cellules adipeuses
QZEA001,"Greffe cutanée en sandwich, sur plus de 20% de la surface corporelle"
QZEA002,"Greffe cutanée pour brûlure en dehors de l'extrémité céphalique et des mains, sur 15% à 17,5% de la surface corporelle"
QZEA003,"Greffe de culture de kératinocytes autologues pour brûlure, sur 30% à 40% de la surface corporelle"
QZEA004,"Greffe cutanée en sandwich, sur 5% à 7,5% de la surface corporelle"
QZEA005,"Autogreffe de peau mince ou demiépaisse, pleine ou en filet, sur une surface de 500 cm² à 1000 cm²"
QZEA006,Autogreffe de peau totale sur plusieurs localisations
QZEA008,Autogreffe du lit de l'ongle avec reposition de la tablette unguéale ou pose de prothèse
QZEA009,"Relèvement de 6 cicatrices ou plus, par abord direct"
QZEA010,"Greffe cutanée pour brûlure en dehors de l'extrémité céphalique et des mains, sur plus de 20% de la surface corporelle"
QZEA011,"Greffe cutanée pour brûlure en dehors de l'extrémité céphalique et des mains, sur 10% à 12,5% de la surface corporelle"
QZEA012,"Greffe cutanée pour brûlure en dehors de l'extrémité céphalique et des mains, sur 12,5% à 15% de la surface corporelle"
QZEA013,"Greffe cutanée en sandwich, sur 7,5% à 10% de la surface corporelle"
QZEA014,"Greffe cutanée en sandwich, sur 12,5% à 15% de la surface corporelle"
QZEA016,"Greffe de culture de kératinocytes autologues pour brûlure, sur 40% à 50% de la surface corporelle"
QZEA017,"Greffe cutanée pour brûlure en dehors de l'extrémité céphalique et des mains, sur 7,5% à 10% de la surface corporelle"
QZEA018,Autogreffe de mélanocytes de culture
QZEA019,Autogreffe de peau en pastilles sur une surface de 10 cm² à 50 cm²
QZEA020,"Autogreffe de peau mince ou demiépaisse, pleine ou en filet, sur une surface inférieure à 50 cm²"
QZEA021,"Greffe cutanée pour brûlure en dehors de l'extrémité céphalique et des mains, sur moins de 2,5% de la surface corporelle"
QZEA022,"Greffe de culture de kératinocytes autologues pour brûlure, sur 20% à 30% de la surface corporelle"
QZEA023,"Greffe de culture de kératinocytes autologues pour brûlure, sur moins de 10% de la surface corporelle"
QZEA024,Autogreffe de peau totale sur une localisation de surface égale ou supérieure à 10 cm²
QZEA025,"Greffe cutanée pour brûlure en dehors de l'extrémité céphalique et des mains, sur 17,5% à 20% de la surface corporelle"
QZEA026,Autogreffe de peau en pastilles sur une surface supérieure à 50 cm²
QZEA027,"Autogreffe de peau mince ou demiépaisse, pleine ou en filet, sur une surface de 200 cm² à 500 cm²"
QZEA028,Transfert libre de complexe unguéomatriciel avec anastomoses vasculaires
QZEA029,"Greffe cutanée en sandwich, sur 2,5% à 5% de la surface corporelle"
QZEA030,"Greffe cutanée en sandwich, sur 17,5% à 20% de la surface corporelle"
QZEA031,Autogreffe de peau totale sur une localisation de surface inférieure à 10 cm²
QZEA032,Autogreffe de peau en pastilles sur une surface inférieure à 10 cm²
QZEA033,"Greffe de culture de kératinocytes autologues pour brûlure, sur plus de 50% de la surface corporelle"
QZEA034,"Relèvement de 1 à 5 cicatrices, par abord direct"
QZEA035,Autogreffe de mélanocytes de transfert
QZEA036,"Autogreffe de peau mince ou demiépaisse, pleine ou en filet, sur une surface supérieure à 1000 cm²"
QZEA037,"Greffe cutanée pour brûlure en dehors de l'extrémité céphalique et des mains, sur 2,5% à 5% de la surface corporelle"
QZEA038,"Greffe cutanée en sandwich, sur moins de 2,5% de la surface corporelle"
QZEA039,"Autogreffe de peau mince ou demiépaisse, pleine ou en filet, sur une surface de 50 cm² à 200 cm²"
QZEA040,"Greffe cutanée en sandwich, sur 15% à 17,5% de la surface corporelle"
QZEA041,"Greffe cutanée pour brûlure en dehors de l'extrémité céphalique et des mains, sur 5% à 7,5% de la surface corporelle"
QZEA042,"Greffe de culture de kératinocytes autologues pour brûlure, sur 10% à 20% de la surface corporelle"
QZEA043,"Greffe cutanée en sandwich, sur 10% à 12,5% de la surface corporelle"
QZFA001,Exérèse de 2 à 5 lésions souscutanées susfasciales de moins de 3 cm de grand axe
QZFA002,Exérèse d'une lésion souscutanée susfasciale de moins de 3 cm de grand axe
QZFA003,Exérèse de lésion superficielle de la peau par excision de 6 zones cutanées ou plus de moins de 5 cm²
QZFA004,Exérèse de lésion superficielle de la peau par excision d'une zone cutanée de 5 cm² à 10 cm²
QZFA005,Exérèse de 6 lésions souscutanées susfasciales ou plus de moins de 3 cm de grand axe
QZFA006,"Excision de brûlure en dehors de l'extrémité céphalique et des mains, sur 2,5% à 5% de la surface corporelle"
QZFA007,Exérèse de lésion souscutanée susfasciale de 3 cm à 10 cm de grand axe
QZFA008,"Exérèse de lésion superficielle de la peau par excision d'une zone cutanée de moins de 5 cm², par technique chimiochirurgicale [technique de Mohs]"
QZFA009,"Exérèse de l'appareil unguéal, avec réparation par lambeau pédiculé unguéomatriciel"
QZFA010,Exérèse tangentielle de 1 à 20 molluscum contagiosum
QZFA011,Exérèse de lésion superficielle de la peau par excision d'une zone cutanée de 10 cm² à 50 cm²
QZFA012,"Excision de brûlure en dehors de l'extrémité céphalique et des mains, sur 10% à 12,5% de la surface corporelle"
QZFA013,"Exérèse de 1 à 5 lésions cutanées, par curetage"
QZFA014,Dermolipectomie des membres
QZFA015,Exérèse tangentielle de 21 molluscum contagiosum ou plus
QZFA016,"Excision de brûlure en dehors de l'extrémité céphalique et des mains, sur 7,5% à 10% de la surface corporelle"
QZFA017,"Excision de brûlure en dehors de l'extrémité céphalique et des mains, sur 5% à 7,5% de la surface corporelle"
QZFA018,"Excision de brûlure en dehors de l'extrémité céphalique et des mains, sur 12,5% à 15% de la surface corporelle"
QZFA019,"Excision de brûlure en dehors de l'extrémité céphalique et des mains, sur moins de 2,5% de la surface corporelle"
QZFA020,Exérèse partielle ou totale de la tablette d'un ongle
QZFA021,Exérèse tangentielle de 6 lésions cutanées ou plus
QZFA022,"Exérèse de 6 lésions cutanées ou plus, par curetage"
QZFA023,Excision de lésion infectieuse diffuse de la peau et des tissus mous sur 50 cm² à 200 cm²
QZFA024,Exérèse de lésion souscutanée susfasciale de plus de 10 cm de grand axe
QZFA025,"Excision de brûlure en dehors de l'extrémité céphalique et des mains, sur 17,5% à 20% de la surface corporelle"
QZFA026,"Exérèse de lésion superficielle de la peau par excision d'une zone cutanée de plus de 10 cm², par technique chimiochirurgicale [technique de Mohs]"
QZFA027,Excision de lésion infectieuse diffuse de la peau et des tissus mous sur plus de 200 cm²
QZFA028,Exérèse tangentielle de 1 à 5 lésions cutanées
QZFA029,Exérèse totale de l'appareil unguéal
QZFA030,Exérèse de lésion superficielle de la peau par excision d'une zone cutanée de plus de 200 cm²
QZFA031,Exérèse de lésion superficielle de la peau par excision de 2 à 5 zones cutanées de moins de 5 cm²
QZFA032,"Exérèse de l'appareil unguéal, avec réparation par autogreffe de peau totale"
QZFA033,"Exérèse de lésion superficielle de la peau par excision d'une zone cutanée de 5 cm² à 10 cm², par technique chimiochirurgicale [technique de Mohs]"
QZFA034,"Excision de brûlure en dehors de l'extrémité céphalique et des mains, sur 15% à 17,5% de la surface corporelle"
QZFA035,Exérèse de lésion superficielle de la peau par excision d'une zone cutanée de 50 cm² à 200 cm²
QZFA036,Exérèse de lésion superficielle de la peau par excision d'une zone cutanée de moins de 5 cm²
QZFA037,"Excision de brûlure en dehors de l'extrémité céphalique et des mains, sur plus de 20% de la surface corporelle"
QZFA038,Excision de lésion infectieuse diffuse de la peau et des tissus mous sur moins de 50 cm²
QZFA039,Exérèse partielle de l'appareil unguéal
QZGA001,Ablation de plusieurs dispositifs d'expansion de la peau ou de plusieurs implants souscutanés définitifs
QZGA002,Ablation ou changement d'implant pharmacologique souscutané
QZGA003,"Ablation d'un corps étranger profond des tissus mous, en dehors du visage et des mains"
QZGA004,"Ablation d'un corps étranger superficiel de la peau, en dehors du visage et des mains"
QZGA005,Ablation d'un générateur souscutané de stimulation neurologique
QZGA006,"Ablation de plusieurs corps étrangers profonds de la peau et des tissus mous, en dehors du visage et des mains"
QZGA007,"Ablation de plusieurs corps étrangers superficiels de la peau, en dehors du visage et des mains"
QZGA008,Ablation d'un dispositif d'expansion de la peau ou d'un implant souscutané définitif
QZGP001,"Ablation des supports de culture de kératinocytes autologues pour brûlure, sur 20% à 30% de la surface corporelle"
QZGP002,"Ablation des supports de culture de kératinocytes autologues pour brûlure, sur 30% à 40% de la surface corporelle"
QZGP003,"Séance d'épilation cutanée sur moins de 50 cm2, par laser ou par lampe flash"
QZGP004,"Ablation des supports de culture de kératinocytes autologues pour brûlure, sur moins de 10% de la surface corporelle"
QZGP005,Séance d'épilation cutanée électrique
QZGP006,"Ablation des supports de culture de kératinocytes autologues pour brûlure, sur 40% à 50% de la surface corporelle"
QZGP007,"Ablation des supports de culture de kératinocytes autologues pour brûlure, sur plus de 50% de la surface corporelle"
QZGP008,"Séance d'épilation cutanée sur 50 cm2 à 150 cm2, par laser ou par lampe flash"
QZGP009,"Ablation des supports de culture de kératinocytes autologues pour brûlure, sur 10% à 20% de la surface corporelle"
QZGP010,"Séance d'épilation cutanée sur plus de 150 cm2, par laser ou par lampe flash"
QZHA001,"Biopsie dermoépidermique, par abord direct"
QZHA002,Biopsie de la matrice unguéale au bistouri circulaire
QZHA003,"Biopsie de la tablette, du repli et/ou du lit de l'ongle"
QZHA004,Biopsie latérolongitudinale de l'appareil unguéal
QZHA005,"Biopsie des tissus souscutanés susfasciaux, par abord direct"
QZJA001,"Parage et/ou suture de plaie profonde de la peau et des tissus mous de plus de 10 cm de grand axe, en dehors de la face et de la main"
QZJA002,"Parage et/ou suture de plaie superficielle de la peau de moins de 3 cm de grand axe, en dehors de la face"
QZJA003,"Pansement chirurgical secondaire de brûlure en dehors de l'extrémité céphalique et des mains, sur moins de 1% de la surface corporelle"
QZJA004,"Pansement chirurgical initial de brûlure en dehors de l'extrémité céphalique et des mains, sur 10% à 30% de la surface corporelle"
QZJA005,"Pansement chirurgical initial de brûlure en dehors de l'extrémité céphalique et des mains, sur 1% à 10% de la surface corporelle"
QZJA006,Parage et/ou suture d'une plaie pulpo-unguéale
QZJA007,"Pansement chirurgical secondaire de brûlure en dehors de l'extrémité céphalique et des mains, sur 10% à 30% de la surface corporelle"
QZJA008,"Pansement chirurgical secondaire de brûlure en dehors de l'extrémité céphalique et des mains, sur 30% à 60% de la surface corporelle"
QZJA009,"Évacuation de collection superficielle de la peau, par abord direct"
QZJA010,"Pansement chirurgical secondaire de brûlure en dehors de l'extrémité céphalique et des mains, sur 1% à 10% de la surface corporelle"
QZJA011,"Évacuation de collection profonde de la peau et des tissus mous, par abord direct"
QZJA012,"Parage et/ou suture de plaie profonde de la peau et des tissus mous de 3 cm à 10 cm de grand axe, en dehors de la face et de la main"
QZJA013,"Parage secondaire de lésion traumatique ou infectieuse de la peau et des tissus mous, sous anesthésie générale ou locorégionale"
QZJA014,"Pansement chirurgical initial de brûlure en dehors de l'extrémité céphalique et des mains, sur plus de 60% de la surface corporelle"
QZJA015,"Parage et/ou suture de plaie superficielle de la peau de plus de 10 cm de grand axe, en dehors de la face"
QZJA016,"Parage et/ou suture de plaie profonde de la peau et des tissus mous de moins de 3 cm de grand axe, en dehors de la face et de la main"
QZJA017,"Parage et/ou suture de plaie superficielle de la peau de 3 cm à 10 cm de grand axe, en dehors de la face"
QZJA018,"Pansement chirurgical secondaire de brûlure en dehors de l'extrémité céphalique et des mains, sur plus de 60% de la surface corporelle"
QZJA019,"Pansement chirurgical initial de brûlure en dehors de l'extrémité céphalique et des mains, sur 30% à 60% de la surface corporelle"
QZJA020,"Pansement chirurgical initial de brûlure en dehors de l'extrémité céphalique et des mains, sur moins de 1% de la surface corporelle"
QZJB001,"Évacuation d'un hématome infra-unguéal, par voie transunguéale"
QZJB002,"Évacuation de collection superficielle et/ou profonde de la peau et des tissus mous, par voie transcutanée sans guidage"
QZJB003,"Lipoaspiration en dehors des régions inframentonnière, abdominale ou infratrochantérienne ou des genoux"
QZJB004,"Évacuation de kystes acnéiques et/ou de comédons, par micro-incisions"
QZJP001,"Séance de détersion mécanique d'ulcération trophique de la peau et des tissus mous sur moins de 30 cm², sous anesthésie générale ou locorégionale"
QZJP002,"Séance de détersion mécanique d'ulcération trophique de la peau et des tissus mous sur plus de 200 cm², sous anesthésie générale ou locorégionale"
QZJP003,"Séance de détersion mécanique d'ulcération trophique de la peau et des tissus mous sur 30 cm² à 200 cm², sous anesthésie générale ou locorégionale"
QZKA001,Changement d'un système diffuseur ou d'une pompe implanté souscutané sans changement du cathéter péridural [épidural] ou intrathécal spinal
QZKA004,Changement d'un générateur souscutané de stimulation neurologique
QZLA001,Pose d'un dispositif d'expansion de la peau ou d'un implant souscutané définitif
QZLA002,Pose de plusieurs dispositifs d'expansion de la peau ou de plusieurs implants souscutanés définitifs
QZLA003,Implantation souscutanée d'un générateur de stimulation neurologique
QZLA004,Pose d'implant pharmacologique souscutané
QZLA005,Implantation d'un stimulateur cardiaque définitif
QZLP001,Séance d'ionophorèse [iontophorèse] pour hyperhidrose
QZMA001,"Réparation de perte de substance par lambeau local ou régional muqueux, cutané ou fasciocutané, à pédicule vasculonerveux non individualisé ou non individualisable [lambeau ""au hasard""], en dehors de l'extrémité céphalique"
QZMA002,"Révision d'un lambeau libre pour ischémie, sans réfection des anastomoses vasculaires"
QZMA003,"Réparation de perte de substance par lambeau à distance cutané, fasciocutané ou musculocutané, à pédicule transitoire"
QZMA004,"Réparation de perte de substance par lambeau local ou régional cutané, fascial, fasciocutané, septocutané, musculaire ou musculocutané, à pédicule vasculaire ou vasculonerveux anatomique, en dehors de l'extrémité céphalique"
QZMA005,"Réparation de perte de substance par lambeau local ou régional cutané, fasciocutané ou ostéocutané, à pédicule vasculaire ou vasculonerveux anatomique, disséqué en îlot"
QZMA006,Modelage secondaire d'un lambeau
QZMA007,"Réparation de perte de substance par lambeau local ou régional musculaire ou musculocutané, à pédicule vasculaire ou vasculonerveux anatomique, disséqué en îlot"
QZMA008,"Réparation par lambeau pédiculé de grand omentum [épiploon], en situation extraabdominale"
QZMA009,"Réparation de perte de substance par lambeau à distance cutané, fasciocutané, musculaire, musculocutané ou ostéo-musculo-cutané, à pédicule définitif"
QZMA010,Réfection des anastomoses vasculaires d'un lambeau libre pour ischémie
QZMP001,Couverture du lit de l'ongle par reposition de la tablette ou pose de prothèse provisoire
QZMP002,Confection d'un conformateur de pressothérapie d'une cicatrice vicieuse et/ou chéloïde
QZMP003,Préparation à une irradiation cutanée totale
QZMP004,Remplissage secondaire ou reprogrammation d'une pompe souscutanée à infusion continue du système nerveux central
QZNL001,Séance d'irradiation cutanée totale
QZNP001,"Séance de destruction de lésion cutanée sur moins de 30 cm², avec laser vasculaire ou avec lampe flash"
QZNP002,"Séance de destruction de lésion cutanée sur 100 cm² à 200 cm², avec laser vasculaire ou avec lampe flash"
QZNP003,"Destruction de lésion cutanée sur 5 cm² à 20 cm², avec laser CO2 impulsionnel ou scanérisé, ou avec laser erbium Yag"
QZNP004,"Séance de destruction de 1 à 10 lésions cutanées superficielles par agent chimique ou par cryothérapie de contact, en dehors du visage"
QZNP005,"Séance de destruction de 51 lésions cutanées superficielles ou plus, par agent chimique ou par cryothérapie de contact, en dehors du visage"
QZNP006,Dermabrasion en dehors du visage
QZNP007,"Destruction de lésion cutanée sur plus de 100 cm², avec laser CO2 impulsionnel"
QZNP008,"Séance de destruction de lésion cutanée pigmentaire sur 60 cm² à 100 cm², avec laser cristal commuté [Q switched] ou avec lampe flash"
QZNP009,"Séance de destruction de lésion cutanée sur 350 cm² à 500 cm², avec laser vasculaire ou avec lampe flash"
QZNP010,"Séance de destruction de lésion cutanée pigmentaire sur plus de 100 cm², avec laser cristal commuté [Q switched] ou avec lampe flash"
QZNP011,"Destruction de lésion cutanée sur 20 cm² à 100 cm², avec laser CO2 impulsionnel ou scanérisé, ou avec laser erbium Yag"
QZNP012,"Séance de destruction de 11 à 50 lésions cutanées superficielles par agent chimique ou par cryothérapie de contact, en dehors du visage"
QZNP013,"Séance de destruction de 1 à 5 lésions cutanées superficielles, par électrocoagulation"
QZNP014,"Destruction de plusieurs lésions cutanées, par cryode de contact [cryochirurgie]"
QZNP015,"Séance de destruction de lésion cutanée sur 500 cm² à 700 cm², avec laser vasculaire ou avec lampe flash"
QZNP016,"Séance de destruction de lésion cutanée pigmentaire sur 30 cm² à 60 cm², avec laser cristal commuté [Q switched] ou avec lampe flash"
QZNP017,"Séance de destruction de lésion cutanée sur plus de 700 cm², avec laser vasculaire ou avec lampe flash"
QZNP018,"Destruction de 10 lésions cutanées ou plus, avec laser CO2 continu"
QZNP019,"Séance de destruction de lésion cutanée sur 200 cm² à 350 cm², avec laser vasculaire ou avec lampe flash"
QZNP020,"Destruction de lésion cutanée sur moins de 5 cm², avec laser CO2 impulsionnel ou scanérisé, ou avec laser erbium Yag"
QZNP021,"Séance de destruction de lésion cutanée sur 60 cm² à 100 cm², avec laser vasculaire ou avec lampe flash"
QZNP022,"Destruction d'une lésion cutanée, par cryode de contact [cryochirurgie]"
QZNP023,"Séance de destruction de lésion cutanée pigmentaire sur moins de 30 cm², avec laser cristal commuté [Q switched] ou avec lampe flash"
QZNP024,"Séance de destruction de lésion cutanée sur 30 cm² à 60 cm², avec laser vasculaire ou avec lampe flash"
QZNP025,"Séance de destruction de 6 lésions cutanées superficielles ou plus, par électrocoagulation"
QZNP026,"Destruction de moins de 10 lésions cutanées, avec laser CO2 continu"
QZPA001,Escarrotomie de décharge sur 2 sites
QZPA002,Escarrotomie de décharge sur 1 site
QZPA003,Escarrotomie de décharge sur 6 sites
QZPA004,Section du pédicule d'un lambeau à distance
QZPA005,Escarrotomie de décharge sur 3 sites
QZPA006,Escarrotomie de décharge sur 5 sites
QZPA007,Escarrotomie de décharge sur 4 sites
QZPA008,Autonomisation d'un lambeau
QZQM001,"Échographie de la peau, des ongles et/ou des tissus mous"
QZQP001,Dermatoscopie [dermoscopie] pour surveillance de lésion à haut risque
QZQP002,Exploration photobiologique de base par recherche de la dose érythémale minimum [DEM] et phototest itératif
QZRP001,Photoépidermotest par batterie de tests
QZRP002,"Séance de photothérapie de la main, du pied et/ou du cuir chevelu, par rayons ultraviolets A [UVA] ou ultraviolets B [UVB]"
QZRP003,"Séance de photothérapie corporelle totale, par rayons ultraviolets A [UVA] ou ultraviolets B [UVB]"
QZRP004,Séance de balnéopuvathérapie généralisée
QZRP005,Séance de balnéopuvathérapie localisée
ZALP001,Pose d'une prothèse souple utilisant les contredépouilles naturelles pour ancrage de prothèse faciale
ZALP002,Pose d'une épithèse faciale plurirégionale
ZAMP001,Confection d'un moulage facial
ZAQA001,"Exploration du cou, par cervicotomie [Cervicotomie exploratrice]"
ZAQP001,Photographies de la face
ZBGA001,"Ablation de corps étranger intrathoracique, par thoracotomie"
ZBGC001,"Ablation de corps étranger intrathoracique, par thoracoscopie"
ZBQA001,"Exploration du thorax avec biopsie du poumon, par thoracotomie"
ZBQA002,"Exploration du thorax sans biopsie du poumon, par thoracotomie"
ZBQA003,"Radiographie peropératoire du thorax et/ou de l'abdomen, sans injection de produit de contraste"
ZBQC001,"Exploration du thorax sans biopsie du poumon, par thoracoscopie"
ZBQC002,"Exploration du thorax avec biopsie du poumon, par thoracoscopie"
ZBQH001,"Scanographie du thorax, avec injection intraveineuse de produit de contraste"
ZBQJ001,"Remnographie [IRM] du thorax, avec injection intraveineuse de produit de contraste"
ZBQJ002,"Échographie du médiastin et/ou du poumon, par voie oesophagienne ou par voie bronchique"
ZBQK001,"Scanographie du thorax, sans injection intraveineuse de produit de contraste"
ZBQK002,Radiographie du thorax
ZBQK003,"Examen radiologique dynamique du thorax, pour étude de la fonction respiratoire et/ou cardiaque"
ZBQM001,"Échographie transthoracique du médiastin, du poumon et /ou de la cavité pleurale"
ZBQN001,"Remnographie [IRM] du thorax, sans injection intraveineuse de produit de contraste"
ZBSA001,"Hémostase secondaire à un acte intrathoracique, par thoracotomie"
ZCFA001,"Exérèse de lésion d'un organe infradiaphragmatique par phrénotomie, au cours de l'exérèse de lésion intrathoracique par thoracotomie"
ZCJA001,"Évacuation de collection intraabdominale, par rectotomie"
ZCJA002,"Évacuation d'une collection intraabdominale, par laparotomie"
ZCJA003,"Évacuation de collection intraabdominale, par colpotomie"
ZCJA004,"Évacuation de plusieurs collections intraabdominales, par laparotomie"
ZCJA005,"Évacuation de collection intraabdominale, par thoracotomie"
ZCJC001,"Évacuation de collection intraabdominale, par coelioscopie ou par rétropéritonéoscopie"
ZCJD001,"Irrigation-drainage d'une fistule d'un viscère abdominal, par 24 heures"
ZCLA001,Pose d'un sac à viscères chez un nouveau-né à la naissance
ZCNH001,"Sclérose d'un kyste intraabdominal par injection d'agent pharmacologique, par voie transcutanée avec guidage échographique et/ou radiologique"
ZCNH002,"Sclérose de tumeur intraabdominale par injection intralésionnelle d'agent pharmacologique, par voie transcutanée avec guidage scanographique"
ZCNH003,"Sclérose de kyste intraabdominal par injection d'agent pharmacologique, par voie transcutanée avec guidage scanographique"
ZCNH004,"Sclérose de plusieurs kystes intraabdominaux par injection d'agent pharmacologique, par voie transcutanée avec guidage échographique et/ou radiologique"
ZCNH005,"Sclérose de tumeur intraabdominale par injection intralésionnelle d'agent pharmacologique, par voie transcutanée avec guidage échographique et/ou radiologique"
ZCNK001,"Destruction transcutanée de tumeur intraabdominale par agent physique, avec guidage scanographique"
ZCNN001,"Destruction transcutanée de tumeur intraabdominale par agent physique, avec guidage remnographique"
ZCQA001,"Exploration de la cavité abdominale, par laparotomie [Laparotomie exploratrice]"
ZCQC001,"Exploration de la cavité abdominale par coelioscopie, avec hystéroscopie"
ZCQC002,"Exploration de la cavité abdominale, par coelioscopie [Coelioscopie exploratrice]"
ZCQD001,"Examen clinique du petit bassin [pelvis] et du périnée féminins, sous anesthésie générale"
ZCQH001,"Scanographie de l'abdomen et du petit bassin [pelvis], avec injection intraveineuse de produit de contraste"
ZCQH002,"Scanographie de l'abdomen ou du petit bassin [pelvis], avec injection intraveineuse de produit de contraste"
ZCQJ001,Echographie-doppler transcutanée et échographie-doppler par voie rectale et/ou vaginale [par voie cavitaire] du petit bassin [pelvis] féminin
ZCQJ002,"Echographie-doppler du petit bassin [pelvis] féminin, par voie rectale et/ou vaginale[par voie cavitaire]"
ZCQJ003,"Échographie du petit bassin [pelvis] féminin, par voie rectale et/ou vaginale [par voie cavitaire]"
ZCQJ004,"Remnographie [IRM] de l'abdomen ou du petit bassin [pelvis], avec injection intraveineuse de produit de contraste"
ZCQJ005,"Remnographie [IRM] de l'abdomen et du petit bassin [pelvis], avec injection intraveineuse de produit de contraste"
ZCQJ006,Échographie transcutanée avec échographie par voie rectale et/ou vaginale [par voie cavitaire] du petit bassin [pelvis] féminin
ZCQK001,Pelvimétrie par radiographie
ZCQK002,Radiographie de l'abdomen sans préparation
ZCQK003,Pelvimétrie par scanographie
ZCQK004,"Scanographie de l'abdomen et du petit bassin [pelvis], sans injection intraveineuse de produit de contraste"
ZCQK005,"Scanographie de l'abdomen ou du petit bassin [pelvis], sans injection intraveineuse de produit de contraste"
ZCQM001,"Échographie transcutanée de l'abdomen, avec échographie-doppler des vaisseaux digestifs"
ZCQM002,"Échographie transcutanée de l'abdomen, avec échographie transcutanée du petit bassin [pelvis] et échographie-doppler des vaisseaux digestifs"
ZCQM003,Échographie transcutanée du petit bassin [pelvis] féminin
ZCQM004,Échographie transcutanée de l'étage supérieur de l'abdomen avec échographie-doppler des vaisseaux digestifs
ZCQM005,"Échographie transcutanée de l'abdomen, avec échographie transcutanée du petit bassin [pelvis"
ZCQM006,Échographie transcutanée de l'étage supérieur de l'abdomen
ZCQM007,Échographie du petit bassin [pelvis] féminin pour surveillance de l'ovulation
ZCQM008,Échographie transcutanée de l'abdomen
ZCQM009,Échographie-doppler du petit bassin [pelvis] féminin pour surveillance de l'ovulation
ZCQM010,Échographie transcutanée de l'étage supérieur de l'abdomen et du petit bassin [pelvis]
ZCQM011,Échographie transcutanée de l'étage supérieur de l'abdomen et du petit bassin [pelvis] avec échographie-doppler des vaisseaux digestifs
ZCQN001,"Remnographie [IRM] de l'abdomen et du petit bassin [pelvis], sans injection intraveineuse de produit de contraste"
ZCQN002,"Remnographie [IRM] de l'abdomen ou du petit bassin [pelvis], sans injection intraveineuse de produit de contraste"
ZDMP001,Confection d'une orthèse statique antébrachiophalangienne
ZDMP002,Confection d'une orthèse non articulée brachioantébrachiale
ZDMP003,Confection d'une orthèse dynamique carpométacarpienne et/ou métacarpophalangienne avec 2 éléments moteurs
ZDMP004,Confection d'une orthèse articulée brachioantébrachiale
ZDMP005,Confection d'une orthèse dynamique carpométacarpienne et/ou métacarpophalangienne avec 3 éléments moteurs ou plus
ZDMP006,Confection d'une orthèse dynamique carpométacarpienne et/ou métacarpophalangienne avec 1 élément moteur
ZDMP007,Confection d'une orthèse statique de posture antébrachiométacarpienne
ZDMP008,Confection d'une orthèse dynamique antébrachiométacarpienne avec 1 élément moteur
ZDMP009,Confection d'une orthèse dynamique antébrachiométacarpienne avec 2 éléments moteurs
ZDMP010,Confection d'une orthèse dynamique antébrachiophalangienne avec 1 élément moteur
ZDMP011,Confection d'une orthèse dynamique antébrachiophalangienne avec 2 éléments moteurs
ZDMP012,Confection d'une orthèse dynamique antébrachiométacarpienne avec 3 éléments moteurs ou plus
ZDMP013,Confection d'un appareil rigide d'immobilisation thoracobrachial
ZDMP014,Confection d'un appareil rigide d'immobilisation antébrachiopalmaire
ZDMP015,Confection unilatérale ou bilatérale de coussin d'abduction thoracobrachial
ZDMP016,Confection d'une orthèse statique carpométacarpienne et/ou métacarpophalangienne
ZDMP017,Confection d'un appareil rigide d'immobilisation brachio-antébrachio-palmaire
ZDMP018,Confection d'une orthèse dynamique antébrachiophalangienne avec 3 éléments moteurs ou plus
ZEMP001,Confection d'une orthèse articulée fémorocrurale [fémorojambière]
ZEMP002,"Confection d'un appareil rigide d'immobilisation pelvibifémoral, pelvibicrural [pelvibijambier] ou pelvibipédieux"
ZEMP003,Confection d'une orthèse non articulée cruropédieuse [jambopédieuse]
ZEMP004,Confection d'une orthèse plantaire
ZEMP005,"Confection d'un appareil rigide d'immobilisation fémorocrural [fémorojambier], fémoropédieux ou cruropédieux [jambopédieux]"
ZEMP006,Confection d'une orthèse articulée cruropédieuse [jambopédieuse]
ZEMP007,Confection d'une orthèse non articulée fémorocrurale [fémorojambière]
ZEMP008,Confection d'une orthèse pour correction d'une déformation et/ou protection des orteils
ZEMP009,Confection d'un appareil rigide d'immobilisation solidaire bifémorocrural [bifémorojambier] ou bifémoropédieux
ZEMP010,"Confection d'un appareil rigide d'immobilisation pelvifémoral, pelvicrural [pelvijambier] ou pelvipédieux"
ZFRP001,"Test d'évaluation et de catégorisation des déficiences, incapacités et désavantages sociaux"
ZFRP002,Test d'évaluation de la qualité de vie
ZZEP001,"Installation d'un nouveau-né en incubateur à la naissance, avec surveillance de la température, de la fréquence cardiaque, de la saturation en oxygène par mesure transcutanée [SpO2], de la glycémie capillaire et de la pression artérielle"
ZZGA001,Ablation d'un générateur de stimulation ou de défibrillation cardiaque implantable
ZZHA001,Prélèvement peropératoire pour examen cytologique et/ou anatomopathologique extemporané
ZZHB001,"Ponction ou cytoponction de lésion superficielle, par voie transcutanée sans guidage"
ZZHB002,"Biopsie de lésion superficielle, par voie transcutanée sans guidage"
ZZHH001,"Biopsie d'un organe profond sur une cible, par voie transcutanée avec guidage radiologique"
ZZHH002,"Biopsie d'un organe profond sur plusieurs cibles, par voie transcutanée avec guidage radiologique"
ZZHH003,"Biopsie d'un organe profond sur plusieurs cibles, par voie transcutanée avec guidage scanographique"
ZZHH004,"Ponction ou cytoponction d'un organe profond sur une cible, par voie transcutanée avec guidage radiologique"
ZZHH005,"Ponction ou cytoponction d'un organe profond sur plusieurs cibles, par voie transcutanée avec guidage radiologique"
ZZHH006,"Ponction ou cytoponction d'un organe profond sur une cible, par voie transcutanée avec guidage scanographique"
ZZHH007,"Ponction ou cytoponction d'un organe profond sur plusieurs cibles, par voie transcutanée avec guidage scanographique"
ZZHH008,"Biopsie d'un organe profond sur une cible, par voie transcutanée avec guidage scanographique"
ZZHJ001,"Biopsie d'un organe superficiel sur une cible, par voie transcutanée avec guidage échographique"
ZZHJ002,"Ponction ou cytoponction d'un organe profond sur une cible, par voie transcutanée avec guidage remnographique [IRM]"
ZZHJ003,"Ponction ou cytoponction d'un organe profond sur une cible, par voie intracavitaire avec guidage échographique"
ZZHJ004,"Ponction ou cytoponction d'un organe superficiel sur plusieurs cibles, par voie transcutanée avec guidage échographique"
ZZHJ005,"Ponction ou cytoponction d'un organe profond sur plusieurs cibles, par voie intracavitaire avec guidage échographique"
ZZHJ006,"Ponction ou cytoponction d'un organe profond sur une cible, par voie transcutanée avec guidage échographique"
ZZHJ007,"Ponction ou cytoponction d'un organe superficiel sur une cible, par voie transcutanée avec guidage échographique"
ZZHJ008,"Ponction ou cytoponction d'un organe profond sur plusieurs cibles, par voie transcutanée avec guidage remnographique [IRM]"
ZZHJ009,"Biopsie d'un organe profond sur une cible, par voie transcutanée avec guidage remnographique [IRM]"
ZZHJ010,"Biopsie d'un organe profond, par voie intracavitaire avec guidage échographique"
ZZHJ011,"Biopsie d'un organe profond sur plusieurs cibles, par voie transcutanée avec guidage remnographique[IRM]"
ZZHJ012,"Biopsie d'un organe superficiel sur plusieurs cibles, par voie transcutanée avec guidage échographique"
ZZHJ013,"Biopsie d'un organe profond sur une cible, par voie transcutanée avec guidage échographique"
ZZHJ014,"Biopsie d'un organe profond sur plusieurs cibles, par voie transcutanée avec guidage échographique"
ZZHJ015,"Ponction ou cytoponction d'un organe profond sur plusieurs cibles, par voie transcutanée avec guidage échographique"
ZZJH001,"Évacuation d'une collection d'un organe profond, par voie transcutanée avec guidage scanographique"
ZZJH002,"Évacuation d'une collection d'un organe profond, par voie transcutanée avec guidage radiologique"
ZZJH003,"Drainage d'une collection d'un organe profond, par voie transcutanée avec guidage scanographique"
ZZJH004,"Évacuation de plusieurs collections d'un organe profond, par voie transcutanée avec guidage radiologique"
ZZJH005,"Drainage de plusieurs collections d'un organe profond, par voie transcutanée avec guidage scanographique"
ZZJH006,"Drainage de plusieurs collections d'un organe profond, par voie transcutanée avec guidage radiologique"
ZZJH007,"Drainage d'une collection d'un organe profond, par voie transcutanée avec guidage radiologique"
ZZJH008,"Évacuation de plusieurs collections d'un organe profond, par voie transcutanée avec guidage scanographique"
ZZJJ001,"Évacuation de collection d'un organe profond, par voie transcutanée avec guidage remnographique [IRM]"
ZZJJ002,"Évacuation de plusieurs collections d'un organe superficiel, par voie transcutanée avec guidage échographique"
ZZJJ003,"Évacuation d'une collection d'un organe superficiel, par voie transcutanée avec guidage échographique"
ZZJJ004,"Drainage de plusieurs collections d'un organe profond, par voie transcutanée avec guidage échographique"
ZZJJ005,"Drainage de collection d'un organe profond, par voie intracavitaire avec guidage échographique"
ZZJJ006,"Drainage de collection d'un organe profond, par voie transcutanée avec guidage remnographique [IRM]"
ZZJJ007,"Drainage d'une collection d'un organe superficiel, par voie transcutanée avec guidage échographique"
ZZJJ008,"Drainage d'une collection d'un organe profond, par voie transcutanée avec guidage échographique"
ZZJJ009,"Évacuation de plusieurs collections d'un organe profond, par voie intracavitaire avec guidage échographique"
ZZJJ010,"Drainage de plusieurs collections d'un organe superficiel, par voie transcutanée avec guidage échographique"
ZZJJ011,"Évacuation d'une collection d'un organe profond, par voie intracavitaire avec guidage échographique"
ZZJJ012,"Évacuation de plusieurs collections d'un organe profond, par voie transcutanée avec guidage échographique"
ZZJJ013,"Évacuation d'une collection d'un organe profond, par voie transcutanée avec guidage échographique"
ZZKA001,Changement d'un générateur de défibrillation cardiaque implantable
ZZKA002,Changement d'un générateur de stimulation cardiaque implantable
ZZLB001,"Séance d'administration d'agent pharmacologique anticancéreux, par voie souscutanée"
ZZLB002,"Séance d'administration d'agent pharmacologique anticancéreux, par voie souscutanée continue"
ZZLB003,"Séance d'administration d'agent pharmacologique anticancéreux, par voie intramusculaire"
ZZLB004,"Sédation et curarisation continues avec surveillance de la curarisation par stimulateur de nerf spinal, par 24 heures"
ZZLF001,"Séance d'administration d'un agent pharmacologique anticancéreux par un dispositif d'accès veineux implanté, d'une durée inférieure à 12 heures"
ZZLF002,"Séance d'administration continue de plusieurs agents pharmacologiques anticancéreux par un dispositif d'accès veineux implanté, d'une durée supérieure à 12 heures"
ZZLF003,"Administration locorégionale d'agent pharmacologique anticancéreux par voie artérielle, avec CEC, sans hyperthermie"
ZZLF004,"Administration locorégionale d'agent pharmacologique anticancéreux par voie artérielle, avec CEC, avec hyperthermie"
ZZLF005,"Séance d'administration de plusieurs agents pharmacologiques anticancéreux par un dispositif d'accès veineux implanté, d'une durée inférieure à 12 heures"
ZZLF006,"Séance d'administration continue d'un agent pharmacologique anticancéreux par un dispositif d'accèsveineux implanté, d'une durée supérieure à 12 heures"
ZZLF007,"Séance d'administration continue de plusieurs agents pharmacologiques anticancéreux par injection intraveineuse transcutanée, d'une durée supérieure 12 heures"
ZZLF008,"Séance d'administration d'un agent pharmacologique anticancéreux par injection intraveineuse transcutanée, d'une durée inférieure à 12 heures"
ZZLF009,"Séance d'administration locorégionale d'agent pharmacologique anticancéreux par voie artérielle, sans CEC, sans hyperthermie"
ZZLF010,"Séance d'administration de plusieurs agents pharmacologiques anticancéreux par injection intraveineuse transcutanée, d'une durée inférieure à 12 heures"
ZZLF011,"Séance d'administration continue d'un agent pharmacologique anticancéreux par injection intraveineuse transcutanée, d'une durée supérieure à 12 heures"
ZZLF012,"Anesthésie générale ou locorégionale chez un patient ASA1 ou ASA2, facultative au cours d'un acte diagnostique ou thérapeutique"
ZZLF013,"Anesthésie générale ou locorégionale chez un patient ASA3 ou ASA4, facultative au cours d'un acte diagnostique ou thérapeutique"
ZZLF014,"Anesthésie générale, facultative au cours d'une acte diagnostique ou thérapeutique sur la cavité orale"
ZZLJ001,"Injection d'agent pharmacologique dans un organe profond, par voie transcutanée avec guidage échographique"
ZZLJ002,"Injection d'agent pharmacologique dans un organe superficiel, par voie transcutanée avec guidage échographique"
ZZMK001,"Préparation à une irradiation externe avec repérage par scanographe, dosimétrie bidimensionnelle et simulation à l'aide d'un simulateur ou d'un scanographe à fonction simulateur intégrée"
ZZMK002,"Préparation à une irradiation externe sans dosimétrie, avec simulation à l'aide d'un simulateur, d'un simulateur-scanographe ou d'un scanographe à fonction simulateur intégrée"
ZZMK003,"Préparation à une irradiation externe avec repérage par simulateur-scanographe, dosimétrie bidimensionnelle sur 3 coupes ou plus et simulation à l'aide d'un simulateur-scanographe"
ZZMK004,"Préparation à une irradiation externe avec repérage par conformateur, dosimétrie bidimensionnelle sur 3 coupes ou plus, simulation à l'aide d'un simulateur, d'un simulateur-scanographe ou d'un scanographe à fonction simulateur intégrée et fabrication de cache personnalisé focalisé et/ou paramétrage d'un collimateur multilame"
ZZMK005,"Préparation à une irradiation externe avec repérage par conformateur et analyse des données acquises par échographie, dosimétrie bidimensionnelle sur 3 coupes ou plus, simulation à l'aide d'un simulateur, d'un simulateur-scanographe ou d'un scanographe à fonction simulateur intégrée et fabrication de cache personnalisé focalisé et/ou paramétrage d'un collimateur multilame"
ZZMK006,"Préparation à une irradiation externe avec repérage par conformateur, dosimétrie bidimensionnelle sur 1 ou 2 coupes et simulation à l'aide d'un simulateur, d'un simulateur-scanographe ou d'un scanographe à fonction simulateur intégrée"
ZZMK007,"Préparation à une irradiation externe avec repérage par simulateur-scanographe, dosimétrie bidimensionnelle sur 3 coupes ou plus, simulation à l'aide d'un simulateur-scanographe et fabrication de cache personnalisé focalisé et/ou paramétrage d'un collimateur multilame"
ZZMK008,"Préparation à une irradiation externe avec dosimétrie tridimensionnelle avec HDV après repérage parscanographie, simulation virtuelle utilisant la fonction vue de la source [beam's eye view] [BEV]] et la reconstruction tridimensionnelle, et paramétrage d'un collimateur multilame pour utilisation dynamique"
ZZMK009,Reconstruction tridimensionnelle des images acquises par scanographie
ZZMK010,"Préparation à une irradiation externe avec repérage par conformateur, dosimétrie bidimensionnelle sur 3 coupes ou plus et simulation à l'aide d'un simulateur, d'un simulateur-scanographe ou d'un scanographe à fonction simulateur intégrée"
ZZMK011,"Préparation à une irradiation externe avec repérage par scanographe, dosimétrie tridimensionnelle sans HDV, simulation virtuelle utilisant la fonction ""vue de la source"" [beam's eye view] [BEV] et la restitution tridimensionnelle, et fabrication de cache personnalisé focalisé et/ou paramétrage d'un collimateur multilame"
ZZMK012,"Préparation à une irradiation externe avec repérage par conformateur, dosimétrie bidimensionnelle sur 1 ou 2 coupes, simulation à l'aide d'un simulateur, d'un simulateur-scanographe ou d'un scanographe à fonction simulateur intégrée et fabrication de cache personnalisé focalisé et/ou paramétrage d'un collimateur multilame"
ZZMK013,"Préparation à une irradiation externe sans dosimétrie, avec simulation à l'aide d'un simulateur, d'un simulateur-scanographe ou d'un scanographe à fonction simulateur intégrée et fabrication de cache personnalisé focalisé et/ou paramétrage d'un collimateur multilame"
ZZMK014,"Préparation à une irradiation externe sans dosimétrie, avec simulation sous l'appareil de traitement"
ZZMK015,"Préparation à une irradiation externe avec repérage par conformateur et analyse des données acquises par échographie, dosimétrie bidimensionnelle sur 3 coupes ou plus et simulation à l'aide d'un simulateur, d'un simulateur-scanographe ou d'un scanographe à fonction simulateur intégrée"
ZZMK016,"Préparation à une irradiation externe avec repérage par scanographe, dosimétrie tridimensionnelle sans HDV, simulation à l'aide d'un simulateur ou d'un scanographe à fonction simulateur intégrée et fabrication de cache personnalisé focalisé et/ou paramétrage d'un collimateur multilame"
ZZMK017,"Préparation à une irradiation externe avec repérage par scanographe, dosimétrie bidimensionnelle, simulation à l'aide d'un simulateur ou d'un scanographe à fonction simulateur intégrée et fabrication de cache personnalisé focalisé et/ou paramétrage d'un collimateur multilame"
ZZMK018,"Préparation à une irradiation externe avec repérage par scanographe, dosimétrie tridimensionnelle avec HDV, simulation virtuelle utilisant la fonction ""vue de la source"" [beam's eye view] [BEV] et la restitution tridimensionnelle, et fabrication de filtre compensateur personnalisé ou de cache personnalisé focalisé et/ou paramétrage d'un collimateur multilame"
ZZMN001,"Préparation à une irradiation externe avec dosimétrie tridimensionnelle sans HDV après repérage parremnographie [IRM], simulation virtuelle utilisant la fonction vue de la source [beam's eye view] [BEV]] et la reconstruction tridimensionnelle, et fabrication de cache personnalisé focalisé et/ou paramétrage d'un collimateur multilame"
ZZMN002,Reconstruction tridimensionnelle des images acquises par remnographie [IRM]
ZZMN003,"Préparation à une irradiation externe avec dosimétrie tridimensionnelle avec HDV après repérage parremnographie [IRM], simulation virtuelle utilisant la fonction vue de la source [beam's eye view] [BEV]] et la reconstruction tridimensionnelle, et paramétrage d'un collimateur multilame pour utilisation dynamique"
ZZMN004,"Préparation à une irradiation externe avec dosimétrie tridimensionnelle avec HDV après repérage parremnographie [IRM], simulation virtuelle utilisant la fonction vue de la source [beam's eye view] [BEV]] et la reconstruction tridimensionnelle, et fabrication de filtre compensateur personnalisé ou de cache personnalisé focalisé et/ou paramétrage d'un collimateur multilame"
ZZMP001,Préparation à une irradiation corporelle totale
ZZMP003,Fabrication de protection plombée personnalisée pour curiethérapie
ZZMP004,Fabrication d'un applicateur personnalisé pour curiethérapie
ZZMP005,Programmation d'un diffuseur portable pour administration prolongée d'agent pharmacologique
ZZMP006,Préparation à une irradiation encéphalique en conditions stéréotaxiques à dose unique ou à dose fractionnée
ZZNA002,Irradiation externe peropératoire en dose unique
ZZNL001,"Curiethérapie interstitielle superficielle à bas débit de dose sans projecteur de source, avec dosimétrie dans un plan"
ZZNL002,"Curiethérapie interstitielle superficielle à débit de dose pulsé, avec dosimétrie bidimensionnelle après acquisition des données anatomiques par clichés radiographiques de repérage spatial"
ZZNL003,"Curiethérapie interstitielle à débit de dose pulsé après mise en place de vecteur au cours d'une intervention chirurgicale, avec dosimétrie tridimensionnelle après acquisition des données anatomiques par scanographie et/ou remnographie [IRM]"
ZZNL004,"Curiethérapie interstitielle à débit de dose pulsé après mise en place de vecteur au cours d'une intervention chirurgicale, avec dosimétrie bidimensionnelle après acquisition des données anatomiques par clichés radiographiques de repérage spatial"
ZZNL005,"Curiethérapie interstitielle profonde à bas débit de dose sans projecteur de source, avec dosimétrie bidimensionnelle après acquisition des données anatomiques par clichés radiographiques de repérage spatial"
ZZNL006,"Curiethérapie interstitielle superficielle à bas débit de dose sans projecteur de source, avec dosimétrie bidimensionnelle après acquisition des données anatomiques par clichés radiographiques de repérage spatial"
ZZNL007,Curiethérapie intraluminale à bas débit de dose sans projecteur de source
ZZNL008,Curiethérapie intraluminale à débit de dose pulsé
ZZNL009,"Curiethérapie interstitielle profonde à bas débit de dose sans projecteur de source, avec dosimétrie tridimensionnelle après acquisition des données anatomiques par scanographie et/ou remnographie [IRM]"
ZZNL010,Curiethérapie intraluminale à bas débit de dose avec projecteur de source
ZZNL011,"Curiethérapie interstitielle superficielle à débit de dose pulsé, avec dosimétrie dans un plan"
ZZNL012,"Curiethérapie interstitielle à bas débit de dose sans projecteur de source après mise en place de vecteur au cours d'une intervention chirurgicale, avec dosimétrie dans un plan"
ZZNL013,"Curiethérapie interstitielle à bas débit de dose sans projecteur de source après mise en place de vecteur au cours d'une intervention chirurgicale, avec dosimétrie bidimensionnelle après acquisition des données anatomiques par clichés radiographiques de repérage spatial"
ZZNL014,"Curiethérapie interstitielle à débit de dose pulsé après mise en place de vecteur au cours d'une intervention chirurgicale, avec dosimétrie dans un plan"
ZZNL015,"Curiethérapie interstitielle profonde à débit de dose pulsé, avec dosimétrie bidimensionnelle après acquisition des données anatomiques par clichés radiographiques de repérage spatial"
ZZNL016,Irradiation interne par injection intraveineuse transcutanée d'un agent pharmacologique radio-isotopique
ZZNL017,"Curiethérapie interstitielle à bas débit de dose sans projecteur de source après mise en place de vecteur au cours d'une intervention chirurgicale, avec dosimétrie tridimensionnelle après acquisition des données anatomiques par scanographie et/ou remnographie [IRM]"
ZZNL018,"Curiethérapie interstitielle profonde à débit de dose pulsé, avec dosimétrie tridimensionnelle après acquisition des données anatomiques par scanographie et/ou remnographie [IRM]"
ZZNL019,Curiethérapie intraluminale à haut débit de dose
ZZNL020,"Séance d'irradiation externe par machine produisant des photons d'énergie inférieure à 5 MV par 1 ou 2 faisceaux, sans utilisation de modificateur de faisceau"
ZZNL021,"Séance d'irradiation externe par machine produisant des photons d'énergie inférieure à 5 MV par 1 ou 2 faisceaux, avec utilisation de modificateur de faisceau"
ZZNL022,"Séance d'irradiation externe par machine produisant des photons d'énergie inférieure à 5 MV par 1 ou 2 faisceaux, avec utilisation dynamique de collimateur multilame [modulation d'intensité]"
ZZNL023,"Séance d'irradiation externe par machine produisant des photons d'énergie inférieure à 5 MV par 3 ou 4 faisceaux, sans utilisation de modificateur de faisceau"
ZZNL024,"Séance d'irradiation externe par machine produisant des photons d'énergie inférieure à 5 MV par 3 ou 4 faisceaux, avec utilisation de modificateur de faisceau"
ZZNL025,"Séance d'irradiation externe par machine produisant des photons d'énergie inférieure à 5 MV par 5 faisceaux ou plus, sans utilisation de modificateur de faisceau"
ZZNL026,"Séance d'irradiation externe par machine produisant des photons d'énergie inférieure à 5 MV par 5 faisceaux ou plus, avec utilisation de modificateur de faisceau"
ZZNL027,"Séance d'irradiation externe par machine produisant des photons d'énergie égale ou supérieure à 5 MV et inférieure à 15 MV par 1 ou 2 faisceaux, sans utilisation de modificateur de faisceau"
ZZNL028,"Séance d'irradiation externe par machine produisant des photons d'énergie égale ou supérieure à 5 MV et inférieure à 15 MV par 1 ou 2 faisceaux, avec utilisation de modificateur de faisceau"
ZZNL029,"Séance d'irradiation externe par machine produisant des photons d'énergie égale ou supérieure à 5 MV et inférieure à 15 MV par 1 ou 2 faisceaux, avec utilisation dynamique de collimateur multilame [modulation d'intensité]"
ZZNL030,"Séance d'irradiation externe par machine produisant des photons d'énergie égale ou supérieure à 5 MV et inférieure à 15 MV par 3 ou 4 faisceaux, sans utilisation de modificateur de faisceau"
ZZNL031,"Séance d'irradiation externe par machine produisant des photons d'énergie égale ou supérieure à 5 MV et inférieure à 15 MV par 3 ou 4 faisceaux, avec utilisation de modificateur de faisceau"
ZZNL032,"Séance d'irradiation externe par machine produisant des photons d'énergie égale ou supérieure à 5 MV et inférieure à 15 MV par 3 ou 4 faisceaux, avec utilisation dynamique de collimateur multilame [modulation d'intensité]"
ZZNL033,"Séance d'irradiation externe par machine produisant des photons d'énergie égale ou supérieure à 5 MV et inférieure à 15 MV par 5 faisceaux ou plus, sans utilisation de modificateur de faisceau"
ZZNL034,"Séance d'irradiation externe par machine produisant des photons d'énergie égale ou supérieure à 5 MV et inférieure à 15 MV par 5 faisceaux ou plus, avec utilisation de modificateur de faisceau"
ZZNL035,"Séance d'irradiation externe par machine produisant des photons d'énergie égale ou supérieure à 5 MV et inférieure à 15 MV par 5 faisceaux ou plus, avec utilisation dynamique de collimateur multilame[modulation d'intensité]"
ZZNL036,"Séance d'irradiation externe par machine produisant des photons d'énergie égale ou supérieure à 15 MV par 1 ou 2 faisceaux, sans utilisation de modificateur de faisceau"
ZZNL037,"Séance d'irradiation externe par machine produisant des photons d'énergie égale ou supérieure à 15 MV par 1 ou 2 faisceaux, avec utilisation de modificateur de faisceau"
ZZNL038,"Séance d'irradiation externe par machine produisant des photons d'énergie égale ou supérieure à 15 MV par 1 ou 2 faisceaux, avec utilisation dynamique de collimateur multilame [modulation d'intensité]"
ZZNL039,"Séance d'irradiation externe par machine produisant des photons d'énergie égale ou supérieure à 15 MV par 3 ou 4 faisceaux, sans utilisation de modificateur de faisceau"
ZZNL040,"Séance d'irradiation externe par machine produisant des photons d'énergie égale ou supérieure à 15 MV par 3 ou 4 faisceaux, avec utilisation de modificateur de faisceau"
ZZNL041,"Séance d'irradiation externe par machine produisant des photons d'énergie égale ou supérieure à 15 MV par 3 ou 4 faisceaux, avec utilisation dynamique de collimateur multilame [modulation d'intensité]"
ZZNL042,"Séance d'irradiation externe par machine produisant des photons d'énergie égale ou supérieure à 15 MV par 5 faisceaux ou plus, sans utilisation de modificateur de faisceau"
ZZNL043,"Séance d'irradiation externe par machine produisant des photons d'énergie égale ou supérieure à 15 MV par 5 faisceaux ou plus, avec utilisation de modificateur de faisceau"
ZZNL044,"Séance d'irradiation externe par machine produisant des photons d'énergie égale ou supérieure à 15 MV par 5 faisceaux ou plus, avec utilisation dynamique de collimateur multilame [modulation d'intensité]"
ZZNL045,Séance d'irradiation externe par protons
ZZNL046,Séance d'irradiation externe par neutrons
ZZNL047,Séance d'irradiation corporelle totale [ICT]
ZZQH001,Scanographie d'une fistule
ZZQH002,Radiographie d'une fistule [Fistulographie]
ZZQK001,"Radiographie au lit du malade, selon 3 incidences ou plus"
ZZQK002,"Radiographie au lit du malade, selon 1 ou 2 incidences"
ZZQL002,"Recherche scintigraphique de tumeur par émetteur monophotonique spécifique des tumeurs, avec tomoscintigraphie complémentaire, scintigraphie du corps entier complémentaire d'une image segmentaire et scintigraphie du corps entier à 72 heures"
ZZQL003,Scintigraphie du corps entier à l'iode 131
ZZQL004,"Scintigraphie du corps entier après une scintigraphie segmentaire, sans réinjection de produit radio-isotopique"
ZZQL005,Recherche scintigraphique de tumeur par émetteur monophotonique non spécifique des tumeurs
ZZQL006,"Recherche d'un foyer infectieux ou inflammatoire par injection de polynucléaires marqués, sans séparation des lymphocytes"
ZZQL007,Tomoscintigraphie complémentaire d'une image planaire
ZZQL008,Mesure de la production respiratoire d'isotope stable
ZZQL009,"Tomoscintigraphie du corps entier par émission de positons, sans tépographe [caméra TEP] dédié"
ZZQL010,Détection peropératoire de lésion après injection de produit radio-isotopique
ZZQL011,"Recherche d'un foyer infectieux ou inflammatoire par injection de polynucléaires marqués, avec séparation des lymphocytes"
ZZQL012,Recherche scintigraphique de tumeur par émetteur monophotonique spécifique des tumeurs
ZZQL013,"Détection radio-isotopique préopératoire de lésion par injection transcutanée intratumorale ou péritumorale, avec détection radio-isotopique peropératoire"
ZZQL014,"Recherche scintigraphique de tumeur par émetteur monophotonique spécifique des tumeurs, avec scintigraphie du corps entier"
ZZQL015,"Recherche d'un foyer infectieux ou inflammatoire par injection d'anticorps ou de peptide marqué, ou de traceur radio-isotopique non spécifique"
ZZQL016,Tomoscintigraphie du corps entier par émission de positons
ZZQL017,Quantification complexe d'une étude scintigraphique en dehors de l'examen de la glande thyroïde ou de la scintigraphie rénale corticale
ZZQL018,"Images tomoscintigraphiques tardives sans réinjection, complémentaires d'un examen standard"
ZZQL019,"Images planaires scintigraphiques tardives sans réinjection, complémentaires d'un examen standard"
ZZQM001,"Échographie-doppler transcutanée, au lit du malade"
ZZQM002,Échographie peropératoire
ZZQM003,Échographie-doppler peropératoire
ZZQM004,"Échographie transcutanée, au lit du malade"
ZZQM005,Étude de la vascularisation du parenchyme d'un organe au cours d'une échographie
ZZQN001,Remnographie [IRM] comportant 6 séquences ou plus
ZZQP001,Surveillance médicalisée du transport intrahospitalier d'un patient non ventilé
ZZQP003,Surveillance médicalisée du transport intrahospitalier d'un patient ventilé
AAGA900,"Ablation d'électrode corticale cérébrale, par craniotomie"
AAKA001,Changement d'un générateur souscutané de stimulation cérébrale
AALA004,Implantation souscutanée d'un générateur de stimulation cérébrale
AALA900,"Implantation d'électrode de stimulation corticale cérébrale à visée thérapeutique, par craniotomie"
AALF002,"Perfusion peropératoire de protection du parenchyme encéphalique, au cours d'une intervention avec CEC"
AAPA900,"Déconnexion d'une zone épileptogène, par craniotomie"
AAQN900,Remnographie [IRM] fonctionnelle du cerveau pour étude des fonctions visuelles
AAQN901,Remnographie [IRM] fonctionnelle du cerveau pour étude des fonctions phasiques
AAQN902,Spectroscopie par résonance magnétique cérébrale protonique [Chemical shift imaging] [CSI]
AAQN903,Spectroscopie par résonance magnétique cérébrale du phosphore
AAQP900,"Electroencéphalographie avec modélisation de sources, sur 32 dérivations ou plus"
ABFA009,"Exérèse de tumeur de l'incisure de la tente, par craniotomie sustentorielle"
ABFA010,"Exérèse de tumeur de la faux du cerveau, par craniotomie"
ABJC900,"Évacuation d'une hémorragie intraventriculaire cérébrale non traumatique, par vidéochirurgie"
ABLA001,"Pose d'un cathéter intraventriculaire ou intrakystique cérébral par voie transcrânienne, avec pose d'un système diffuseur ou d'une pompe implantable souscutané"
ABLB006,"Séance d'administration intraventriculaire ou intrakystique cérébrale d'agent pharmacologique anticancéreux, par un dispositif implanté"
ABMA002,"Révision ou changement d'élément d'une dérivation interne du liquide cérébrospinal, par abord direct"
ABMA003,"Révision ou changement d'élément d'une dérivation interne du liquide cérébrospinal, par craniotomie"
ABSA012,"Fermeture d'une brèche ostéodurale ou d'une méningocèle de l'étage antérieur de la base du crâne, par endoscopie"
ACHA003,"Biopsie de lésion de la base du crâne, par endoscopie buccale ou nasale"
ACHH001,"Ponction ou cytoponction de lésion intracrânienne, par voie transcutanée avec guidage scanographique"
ACHJ001,"Ponction ou cytoponction de lésion intracrânienne, par voie transcutanée avec guidage remnographique [IRM]"
ACQP002,Repérage de structure nerveuse et/ou osseuse et guidage peropératoires assistés par ordinateur [Navigation]
ADPC900,"Section de nerf crânien, par vidéochirurgie intracrânienne"
ADQP014,Mesure du réflexe trigéminopalpébral [réflexe de clignement] et/ou du réflexe massétérin
AEKA001,Changement d'un générateur souscutané de stimulation de la moelle épinière
AELA002,Implantation souscutanée d'un générateur de stimulation de la moelle épinière
AFLB013,"Séance d'administration intrathécale d'agent pharmacologique anticancéreux, par un dispositif implanté"
AFLB016,Administration intrathécale ou intrakystique spinale d'agent pharmacologique au long cours
AFLB017,Administration péridurale [épidurale] d'agent pharmacologique au long cours
AFQH003,Myélographie avec scanographie de la colonne vertébrale [Myéloscanner]
AHGA001,"Ablation d'électrode de stimulation du nerf phrénique, par thoracotomie"
AHGA002,Ablation d'un stimulateur électrique de restauration de la motricité du membre supérieur
AHKA001,"Changement d'électrode de stimulation du nerf phrénique, par thoracotomie"
AHKA002,Changement d'électrode d'un stimulateur électrique de restauration de la motricité du membre supérieur
AHKA003,Changement du générateur d'un stimulateur électrique de restauration de la motricité du membre supérieur
AHLA001,Implantation d'un stimulateur électrique pour restauration de la motricité du membre supérieur
AHLA002,"Implantation d'électrode de stimulation du nerf phrénique par thoracotomie, avec pose d'un stimulateur externe"
AHLA003,"Implantation d'une électrode définitive sur une racine nerveuse sacrale par abord direct, avec implantation souscutanée d'un générateur de neuromodulation"
AHLB018,"Implantation d'une électrode test sur une racine nerveuse sacrale pour neuromodulation, par voie transcutanée"
AHPA027,"Libération du nerf radial au bras, par abord direct"
AHPA028,"Libération de nerf digital par abord direct, sur un rayon de la main"
AHQB032,"Électromyographie de 3 à 6 muscles striés au repos et à l'effort par électrode aiguille, avec mesure des vitesses de conduction motrice et de l'amplitude des réponses musculaires de 2 à 4 nerfs sans étude de la conduction proximale par électrode de surface, et mesure des vitesses de la conduction sensitive et de l'amplitude du potentiel sensitif de 2 à 4 nerfs"
AHQB033,"Électromyographie de 7 muscles striés ou plus au repos et à l'effort par électrode aiguille, avec mesure des vitesses de conduction motrice et de l'amplitude des réponses musculaires de 5 nerfs ou plus avec étude de la conduction proximale par électrode de surface, et mesure des vitesses de la conduction sensitive et de l'amplitude du potentiel sensitif de 5 nerfs ou plus"
AHQP008,"Mesure des vitesses de conduction motrice et de l'amplitude des réponses musculaires de 2 à 4 nerfs, avec étude de la conduction proximale sur au moins 2 nerfs"
AHQP009,"Mesure des vitesses de conduction motrice et de l'amplitude des réponses musculaires de 5 nerfs ou plus, avec étude de la conduction proximale sur au moins 4 nerfs"
AHQP010,"Mesure des vitesses de conduction motrice et de l'amplitude des réponses musculaires de 5 nerfs ou plus, sans étude de la conduction proximale"
AHQP011,Mesure des vitesses de la conduction sensitive et de l'amplitude du potentiel sensitif de 2 à 4 nerfs
AHQP012,Mesure des vitesses de la conduction sensitive et de l'amplitude du potentiel sensitif de 5 nerfs ou plus
AHQP013,Mesure des vitesses de conduction sensitive du nerf dorsal du pénis
AHQP016,Mesure des réflexes H et/ou T
AHQP900,Mesure du réflexe nociceptif R III
AJNA001,"Destruction chimique unilatérale ou bilatérale de la chaîne splanchnique, par laparotomie"
AJNC001,"Destruction chimique unilatérale ou bilatérale de la chaîne splanchnique, par coelioscopie"
AJNC002,"Destruction chimique unilatérale ou bilatérale de la chaîne splanchnique, par thoracoscopie"
ALQP002,Test d'évaluation de l'efficience intellectuelle de l'enfant
ALQP003,Test d'évaluation d'une dépression
ALQP004,Test d'évaluation des aspects psychopathologiques de la personnalité
ALQP005,Test d'évaluation de l'efficience intellectuelle de l'adulte
ALQP006,Test d'évaluation d'un déficit cognitif
AMQP010,"Polysomnographie de 4 à 8 heures, sans enregistrement vidéo"
AMQP011,"Polysomnographie de 4 à 8 heures, avec enregistrement vidéo"
AMQP012,"Polysomnographie de 8 à 12 heures, sans enregistrement vidéo"
AMQP013,"Polysomnographie de 8 à 12 heures, avec enregistrement vidéo"
AMQP014,"Polysomnographie de 12 à 24 heures, sans enregistrement vidéo"
AMQP015,"Polysomnographie de 12 à 24 heures, avec enregistrement vidéo"
ANLP002,Pose d'un stimulateur électrique externe à visée antalgique
AZGA001,Ablation d'un générateur souscutané de stimulation du système nerveux central
BAEA003,Transfert de muscle temporal pour réanimation palpébrale
BALA001,Insertion d'un dispositif intrapalpébral pour correction de lagophtalmie
BBPA002,Incision des points et/ou des canalicules lacrymaux
BBPA003,Incision du sac lacrymal
BBQE900,Endoscopie des voies lacrymales
BDEA002,Épikératophakie
BDGP002,Ablation d'un corps étranger superficiel de la cornée
BDGP003,Ablation de corps étrangers superficiels multiples unilatéraux ou bilatéraux de la cornée
BDLA005,Pose d'anneaux intracornéens à but thérapeutique
BDMA008,Kératoplastie transfixiante [Transplantation cornéenne transfixiante]
BDMA900,Kératoplastie lamellaire avec conjonctivoplastie [Transplantation cornéoconjonctivale]
BDMP002,Adaptation unilatérale ou bilatérale de lentille cornéenne thérapeutique ou de lentille-pansement
BEGA004,Ablation secondaire de corps étranger du segment antérieur de l'oeil
BEJB004,Drainage de l'humeur aqueuse de l'oeil
BEMA008,Correction chirurgicale d'une fistule ou d'un drainage de l'humeur aqueuse
BEQP900,Tyndallométrie oculaire [Laser cell flare meter]
BFLA900,"Insertion d'un deuxième système optique intraoculaire, au cours d'une extraction du cristallin"
BGCA002,Suture de plaie de la sclère
BGFA012,Exérèse de lésion de la sclère
BGFA014,"Sclérectomie profonde non transfixiante ou sclérokératectomie profonde, sans viscocanaliculoplastie"
BGFA900,"Sclérectomie profonde non transfixiante ou sclérokératectomie profonde, avec viscocanaliculoplastie"
BGHA002,Biopsie de la sclère [sclérotique]
BGMA900,Renforcement scléral postérieur de l'oeil par autogreffe tissulaire
BGMA901,Renforcement scléral postérieur de l'oeil par matériau de synthèse
BGPP002,Vitréosection avec laser
BGSA002,Fermeture de fistule de la sclère
BJQP004,Nystagmographie optocinétique sans étude des poursuites et des saccades
BJQP005,Vidéonystagmoscopie
BJQP006,Nystagmographie optocinétique avec étude des poursuites et des saccades
BKHB002,"Biopsie des organes accessoires de l'oeil, par voie orbitaire avec guidage échographique"
BKHB003,"Biopsie des organes accessoires de l'oeil, par voie orbitaire sans guidage"
BKHB004,"Biopsie des organes accessoires de l'oeil, par voie orbitaire avec guidage radiologique"
BKLP002,Pose d'une épithèse orbitopalpébrale
BLMP006,Adaptation bilatérale de verre scléral obtenu par moulage
BLMP007,Adaptation unilatérale de verre scléral obtenu par moulage
CASA002,Fermeture de l'oreille externe et de l'oreille moyenne avec suture du pore acoustique externe
CBQE900,"Fibroendoscopie de l'oreille moyenne, par voie tubaire"
CCNB001,"Destruction du labyrinthe par injection d'agent pharmacologique, par voie transtympanique"
CDLA002,Pose d'un implant auditif à électrodes du tronc cérébral
CDLA003,Pose d'un implant auditif à électrodes intracochléaires
CDLA004,Pose d'un implant auditif à électrodes extracochléaires
CDMP002,Séance d'adaptation et de réglage secondaires d'implant auditif à électrodes intracochléaires ou à électrodes du tronc cérébral
DAAA002,"Plastie d'agrandissement de l'infundibulum pulmonaire avec section de l'anneau pulmonaire, par thoracotomie avec CEC"
DAAA003,"Plastie d'agrandissement de l'infundibulum pulmonaire, par thoracotomie avec CEC"
DAMA900,"Cardiomyoplastie de substitution ventriculaire, par thoracotomie avec CEC"
DAMA901,"Cardiomyoplastie de substitution ventriculaire, par thoracotomie sans CEC"
DAQL015,"Tomoscintigraphie des cavités cardiaques au repos, avec synchronisation à l'électrocardiogramme"
DAQL900,"Tomoscintigraphie des cavités cardiaques après épreuve d'effort ou épreuve pharmacologique, avec synchronisation à l'électrocardiogramme"
DAQM003,"Échocardiographie transthoracique continue avec épreuve pharmacologique de stress, pour étude de la viabilité et/ou de l'ischémie du myocarde"
DAQM900,"Vidéodensitométrie pour analyse tissulaire du myocarde, au cours d'une échographie du coeur et des vaisseaux intrathoraciques"
DAQM901,"Échographie harmonique avec injection intraveineuse transcutanée d'un produit de contraste ultrasonore pour étude de la perfusion du myocarde, au cours d'une échographie du coeur et des vaisseaux intrathoraciques"
DBMA015,"Reconstruction de la voie aortique par élargissement antérogauche de l'anneau et ouverture de l'infundibulum pulmonaire, avec remplacement de la valve, par thoracotomie avec CEC"
DDAA002,"Angioplastie d'élargissement du tronc commun de l'artère coronaire gauche, par thoracotomie avec CEC"
DDAF007,"Dilatation intraluminale de 2 vaisseaux coronaires avec artériographie coronaire, avec pose d'endoprothèse, par voie artérielle transcutanée"
DDAF008,"Dilatation intraluminale d'un vaisseau coronaire avec artériographie coronaire, avec pose d'endoprothèse, par voie artérielle transcutanée"
DDAF009,"Dilatation intraluminale de 3 vaisseaux coronaires ou plus avec artériographie coronaire, avec pose d'endoprothèse, par voie artérielle transcutanée"
DDAF010,"Dilatation intraluminale d'un vaisseau coronaire avec artériographie coronaire, sans pose d'endoprothèse, par voie artérielle transcutanée"
DDMA022,"Revascularisation coronaire par 2 greffons artériels et par greffon veineux avec 3 anastomoses distales, par thoracotomie sans CEC"
DDMA023,"Revascularisation coronaire par un greffon artériel avec 2 anastomoses distales, par thoracotomie sans CEC"
DDMA024,"Revascularisation coronaire par greffon veineux avec 2 anastomoses distales, par thoracotomie sans CEC"
DDMA025,"Revascularisation coronaire par un greffon artériel avec une anastomose distale, par thoracotomie sans CEC"
DDMA026,"Revascularisation coronaire par 2 greffons artériels avec 2 anastomoses distales, par thoracotomie sans CEC"
DDMA027,"Revascularisation coronaire par greffon veineux avec 3 anastomoses distales, par thoracotomie sans CEC"
DDMA028,"Revascularisation coronaire par greffon veineux avec une anastomose distale, par thoracotomie sans CEC"
DDMA029,"Revascularisation coronaire par un greffon artériel et par greffon veineux avec 3 anastomoses distales, par thoracotomie sans CEC"
DDMA030,"Revascularisation coronaire par 3 greffons artériels avec 3 anastomoses distales, par thoracotomie sans CEC"
DDMA031,"Revascularisation coronaire par 2 greffons artériels avec 3 anastomoses distales, par thoracotomie sans CEC"
DDMA032,"Revascularisation coronaire par un greffon artériel et par greffon veineux avec 2 anastomoses distales, par thoracotomie sans CEC"
DDMA033,"Revascularisation coronaire par 2 greffons artériels avec 4 anastomoses distales ou plus, par thoracotomie sans CEC"
DDMA034,"Revascularisation coronaire par 2 greffons artériels et par greffon veineux avec 4 anastomoses distales ou plus, par thoracotomie sans CEC"
DDMA035,"Revascularisation coronaire par 3 greffons artériels avec 4 anastomoses distales ou plus, par thoracotomie sans CEC"
DDMA036,"Revascularisation coronaire par 3 greffons artériels et par greffon veineux avec 4 anastomoses distales ou plus, par thoracotomie sans CEC"
DDMA037,"Revascularisation coronaire par greffon veineux avec 4 anastomoses distales ou plus, par thoracotomie sans CEC"
DDMA038,"Revascularisation coronaire par un greffon artériel et par greffon veineux avec 4 anastomoses distales ou plus, par thoracotomie sans CEC"
DDQH009,"Artériographie coronaire sans ventriculographie gauche, par voie artérielle transcutanée"
DDQH010,"Artériographie coronaire avec ventriculographie gauche et artériographie thoracique [mammaire] interne unilatérale ou bilatérale, par voie artérielle transcutanée"
DDQH011,"Artériographie coronaire avec angiographie d'un pontage coronaire et ventriculographie gauche, par voie artérielle transcutanée"
DDQH012,"Artériographie coronaire avec ventriculographie gauche, par voie artérielle transcutanée"
DDQH013,"Artériographie coronaire avec angiographie de plusieurs pontages coronaires sans ventriculographie gauche, par voie artérielle transcutanée"
DDQH014,"Artériographie coronaire avec angiographie d'un pontage coronaire sans ventriculographie gauche, par voie artérielle transcutanée"
DDQH015,"Artériographie coronaire avec angiographie de plusieurs pontages coronaires et ventriculographie gauche, par voie artérielle transcutanée"
DDQJ001,"Échographie et/ou échographie-doppler intraartérielle coronaire, au cours d'un acte par voie vasculaire transcutanée"
DEGA003,Ablation d'un générateur souscutané de stimulation ou de défibrillation cardiaque implantable
DEGF005,"Ablation d'une sonde définitive intracavitaire de défibrillation et d'une sonde définitive intracavitaire de stimulation cardiaque avec utilisation de dispositif spécifique, par voie veineuse transcutanée"
DEGF006,"Ablation d'une sonde définitive intracavitaire de défibrillation et d'une sonde définitive intracavitaire de stimulation cardiaque sans utilisation de dispositif spécifique, par voie veineuse transcutanée"
DEKA001,Changement d'un générateur souscutané de stimulation cardiaque implantable
DEKA002,Changement d'un générateur souscutané de défibrillation cardiaque implantable
DELA006,Implantation souscutanée d'un générateur de stimulation cardiaque
DELA007,Implantation souscutanée d'un générateur de défibrillation cardiaque
DELF015,"Implantation souscutanée d'un stimulateur cardiaque définitif, avec pose d'une sonde intraatriale et d'une sonde intraventriculaire droites, et d'une sonde dans une veine cardiaque gauche par voie veineuse transcutanée"
DELF016,"Implantation souscutanée d'un défibrillateur cardiaque automatique sans fonction de défibrillation atriale, avec pose d'une sonde intraatriale et d'une sonde intraventriculaire droites par voie veineuse transcutanée"
DELF017,"Pose d'une sonde supplémentaire de stimulation cardiaque, par voie veineuse transcutanée"
DELF018,"Pose d'une sonde supplémentaire de défibrillation cardiaque, par voie veineuse transcutanée"
DELF019,"Pose de plusieurs sondes supplémentaires de stimulation cardiaque, par voie veineuse transcutanée"
DELF020,"Implantation souscutanée d'un défibrillateur cardiaque automatique, avec pose d'une sonde intraventriculaire droite et d'une sonde dans une veine cardiaque gauche par voie veineuse transcutanée"
DELF900,"Implantation souscutanée d'un défibrillateur cardiaque automatique avec fonction de défibrillation atriale, avec pose d'une sonde intraatriale et d'une sonde intraventriculaire droites par voie veineuse transcutanée"
DELF901,"Implantation souscutanée d'un stimulateur cardiaque définitif, avec pose d'une sonde dans le sinus coronaire et d'une sonde dans une veine cardiaque gauche par voie veineuse transcutanée"
DELF902,"Implantation souscutanée d'un stimulateur cardiaque définitif, avec pose d'une sonde intraatriale et d'une sonde intraventriculaire droites, et d'une sonde dans le sinus coronaire par voie veineuse transcutanée"
DELF903,"Implantation souscutanée d'un stimulateur cardiaque définitif, avec pose de 2 sondes intraatriales et d'une sonde intraventriculaire droites par voie veineuse transcutanée"
DELF904,"Implantation souscutanée d'un stimulateur cardiaque définitif, avec pose d'une sonde intraatriale ou intraventriculaire droite, d'une sonde dans le sinus coronaire et d'une sonde dans une veine cardiaque gauche par voie veineuse transcutanée"
DELF905,"Implantation souscutanée d'un stimulateur cardiaque définitif, avec pose d'une sonde intraatriale et d'une sonde intraventriculaire droites, d'une sonde dans le sinus coronaire, et d'une sonde dans une veine cardiaque gauche par voie veineuse transcutanée"
DEQP008,"Restitution tridimensionnelle informatisée de l'activité électrophysiologique cardiaque [Cartographie cardiaque tridimensionnelle], au cours d'une intervention sur le système cardionecteur"
DFAA002,"Angioplastie d'élargissement d'une sténose congénitale d'une branche de l'artère pulmonaire, par thoracotomie avec CEC"
DFAA003,"Angioplastie d'élargissement d'une sténose congénitale du tronc de l'artère pulmonaire, par thoracotomie avec CEC"
DFAA004,"Angioplastie d'élargissement d'une sténose congénitale de la bifurcation de l'artère pulmonaire, par thoracotomie avec CEC"
DFAA005,"Angioplastie d'élargissement d'une sténose congénitale d'une branche de l'artère pulmonaire, par thoracotomie sans CEC"
DGAA002,"Angioplastie d'élargissement ou résection-anastomose d'une sténose de l'aorte thoracique horizontale et de l'isthme aortique avec réparation de lésion intracardiaque, par thoracotomie avec CEC"
DGAA003,"Angioplastie d'élargissement de l'aorte thoracique horizontale avec réimplantation des troncs supraaortiques, par thoracotomie avec CEC"
DGAA004,"Angioplastie d'élargissement ou résection-anastomose d'une sténose de l'aorte thoracique horizontale et de l'isthme aortique, par thoracotomie avec CEC"
DGAA005,"Angioplastie d'élargissement ou résection-anastomose d'une sténose de l'aorte thoracique horizontale et de l'isthme aortique, par thoracotomie sans CEC"
DGAA006,"Angioplastie d'élargissement de l'aorte thoracique horizontale sans réimplantation des troncs supraaortiques, par thoracotomie avec CEC"
DGKA027,"Remplacement de l'aorte thoracique descendante pour rupture d'anévrisme, par thoracotomie avec CEC"
DGKA028,"Remplacement de l'aorte thoracique ascendante pour rupture d'anévrisme, par thoracotomie avec CEC"
DGKA029,"Remplacement de l'aorte juxtadiaphragmatique pour rupture d'anévrisme, par thoraco-phréno-laparotomie avec CEC"
DGPA018,"Mise à plat d'un anévrisme aortique infrarénal ou aortobisiliaque rompu avec remplacement prothétique, par laparotomie"
DHQH007,"Phlébographie hypersélective d'une branche de la veine iliaque commune ou de la veine cave inférieure, par voie veineuse transcutanée"
DKRP004,"Épreuve d'effort sur tapis roulant ou bicyclette ergométrique, avec électrocardiographie discontinue"
DKRP005,Séance de réentraînement d'un insuffisant cardiaque à l'effort sur machine
DZQJ012,"Échographie-doppler du coeur et des vaisseaux intrathoraciques par voie oesophagienne, au cours d'un acte thérapeutique intracavitaire cardiaque par voie vasculaire transcutanée"
DZQJ900,"Restitution tridimensionnelle informatisée des structures cardiaques et des flux, au cours d'une échographie du coeur et des vaisseaux intrathoraciques"
DZQM008,"Remnographie [IRM] fonctionnelle du coeur, avec épreuve pharmacologique de stress"
DZSA900,"Suppression d'une anastomose palliative au cours d'une correction chirurgicale secondaire de cardiopathie congénitale, avec CEC"
EAAF900,"Dilatation intraluminale de branche de l'artère carotide interne avec pose d'endoprothèse, par voie artérielle transcutanée"
EAAF901,"Dilatation intraluminale de branche de l'artère carotide interne sans pose d'endoprothèse, par voie artérielle transcutanée"
EAAF902,"Dilatation intraluminale de l'artère vertébrale intracrânienne ou de l'artère basilaire avec pose d'endoprothèse, par voie artérielle transcutanée"
EAAF903,"Dilatation intraluminale de l'artère vertébrale intracrânienne ou de l'artère basilaire sans pose d'endoprothèse, par voie artérielle transcutanée"
EALB002,Pose d'une voie d'abord vasculaire intraosseuse ou dans le sinus veineux sagittal [longitudinal] supérieur
EBAA002,"Angioplastie d'élargissement de la bifurcation carotidienne sans thromboendartériectomie, par cervicotomie"
EBAF013,"Dilatation intraluminale de l'artère vertébrale extracrânienne sans pose d'endoprothèse, par voie artérielle transcutanée"
EBAF014,"Dilatation intraluminale de l'artère vertébrale extracrânienne avec pose d'endoprothèse, par voie artérielle transcutanée"
EBCA017,"Pontage entre l'artère carotide commune et l'artère carotide interne homolatérale, par cervicotomie"
EBKA004,"Remplacement de la bifurcation carotidienne ou de l'artère carotide interne extracrânienne, par cervicotomie"
EBLF002,"Injection intraartérielle cervicocéphalique in situ sélective ou hypersélective d'agent pharmacologique anticancéreux, par voie artérielle transcutanée"
EBLF003,"Injection intraartérielle cervicocéphalique in situ suprasélective d'agent pharmacologique anticancéreux, par voie artérielle transcutanée"
EBNF002,"Fibrinolyse in situ suprasélective d'une artère extracrânienne à destination cervicocéphalique, par voie artérielle transcutanée"
EBQF006,"Angiographie du segment postérieur de l'oeil, par injection intraveineuse transcutanée de vert d'indocyanine, avec examen à l'ophtalmoscope à balayage laser"
EBQM900,"Échographie-doppler des artères cervicocéphaliques extracrâniennes, avec mesure de l'épaisseur de l'intima-média"
ECLF005,"Injection intraartérielle in situ sélective ou hypersélective d'agent pharmacologique anticancéreux au membre supérieur, par voie artérielle transcutanée"
ECLF006,"Injection intraartérielle in situ suprasélective d'agent pharmacologique anticancéreux au membre supérieur, par voie artérielle transcutanée"
ECPF004,"Recanalisation de l'artère subclavière en amont de l'ostium de l'artère vertébrale sans pose d'endoprothèse, par voie artérielle transcutanée"
ECPF005,"Recanalisation de l'artère subclavière en amont de l'ostium de l'artère vertébrale avec pose d'endoprothèse, par voie artérielle transcutanée"
ECQH015,"Artériographie sélective ou hypersélective d'artère intrathoracique à destination pariétale et/ou viscérale, par voie artérielle transcutanée"
ECQH016,"Artériographie suprasélective d'artère intrathoracique à destination pariétale et/ou viscérale, par voie artérielle transcutanée"
ECSF008,"Embolisation sélective ou hypersélective d'une artère du membre supérieur, par voie artérielle transcutanée"
EDAA002,"Angioplastie de l'artère rénale, par laparotomie ou par lombotomie"
EDAA003,"Dilatation intraluminale de l'artère iliaque et/ou de l'artère fémorale, au cours d'une intervention restauratrice de l'aorte, de l'artère iliaque ou de l'artère fémorale"
EDCA004,"Pontage artériel iliofémoral pour complication anastomotique sur prothèse de la bifurcation fémorale, par abord direct"
EDCA005,"Pontage artériel iliofémoral homolatéral, par abord direct"
EDLF014,"Injection intraartérielle hépatique in situ sélective ou hypersélective d'agent pharmacologique anticancéreux non radio-isotopique sans embolisation de particules, par voie artérielle transcutanée"
EDLF015,"Injection intraartérielle hépatique in situ suprasélective d'agent pharmacologique anticancéreux non radio-isotopique sans embolisation de particules, par voie artérielle transcutanée"
EDLF016,"Injection intraartérielle hépatique in situ suprasélective d'agent pharmacologique anticancéreux non radio-isotopique avec embolisation de particules, par voie artérielle transcutanée"
EDLF017,"Injection intraartérielle hépatique in situ sélective ou hypersélective d'agent pharmacologique anticancéreux non radio-isotopique avec embolisation de particules, par voie artérielle transcutanée"
EDLF018,"Injection intraartérielle rénale in situ suprasélective d'agent pharmacologique anticancéreux avec embolisation de particules, par voie artérielle transcutanée"
EDLF019,"Injection intraartérielle rénale in situ sélective ou hypersélective d'agent pharmacologique anticancéreux avec embolisation de particules, par voie artérielle transcutanée"
EDLF020,"Injection intraartérielle rénale in situ sélective ou hypersélective d'agent pharmacologique anticancéreux sans embolisation de particules, par voie artérielle transcutanée"
EDLF021,"Injection intraartérielle rénale in situ suprasélective d'agent pharmacologique anticancéreux sans embolisation de particules, par voie artérielle transcutanée"
EDQJ900,"Échographie et/ou échographie-doppler intraartérielle aortique ou rénale, au cours d'un acte par voie vasculaire transcutanée"
EEAA002,"Angioplastie d'élargissement d'un pontage artériel du membre inférieur, par abord direct"
EELF004,"Injection intraartérielle in situ suprasélective d'agent pharmacologique anticancéreux au membre inférieur, par voie artérielle transcutanée"
EELF005,"Injection intraartérielle in situ sélective ou hypersélective d'agent pharmacologique anticancéreux au membre inférieur, par voie artérielle transcutanée"
EESF007,"Embolisation sélective ou hypersélective d'une artère du membre inférieur, par voie artérielle transcutanée"
EGJF002,"Thromboaspiration de la veine iliaque externe et/ou de la veine iliaque commune, par voie veineuse transcutanée"
EHCF002,"Création d'un court-circuit [shunt] portosystémique intrahépatique par pose d'endoprothèse, par voie veineuse transcutanée"
EJFA008,"Exérèse de la grande veine saphène sans exérèse de la crosse, par abords directs multiples sous anesthésie locale"
EJFA009,"Exérèse de la petite veine saphène sans exérèse de la crosse, par abords directs multiples sous anesthésie locale"
EJMA900,"Valvuloplastie de veine profonde du membre inférieur, par abord direct"
EJMA901,"Valvuloplastie de veine superficielle du membre inférieur, par abord direct"
EJQM003,"Échographie-doppler des veines des membres inférieurs et des veines iliaques, pour recherche de thrombose veineuse profonde"
EJQM004,"Échographie-doppler des veines des membres inférieurs et des veines iliaques, sans marquage cutané"
EJSC001,"Ligature de veine perforante du membre inférieur, par vidéochirurgie"
EJSF900,"Occlusion de veine saphène par laser, par voie veineuse transcutanée"
EJSF901,"Occlusion de la grande veine saphène par radiofréquence, par voie veineuse transcutanée"
EPLA002,"Pose d'un cathéter veineux central tunnellisé à double courant pour circulation extracorporelle, par abord direct"
EPLB002,"Pose d'un cathéter central dans 2 veines différentes pour circulation extracorporelle, par voie transcutanée"
EPLF003,"Pose d'un cathéter veineux central tunnellisé pour circulation extracorporelle, par voie transcutanée"
EPLF004,"Pose de 2 cathéters centraux tunnellisés dans une seule veine pour circulation extracorporelle, par voie transcutanée"
EPLF005,"Pose d'un cathéter veineux central non tunnellisé pour circulation extracorporelle, par voie transcutanée"
EPNF001,"Séance de sclérose de varicosités et télangiectasies des veines, par injection intraveineuse transcutanée"
EPPP002,Désobstruction de site implantable ou de voie veineuse centrale tunnellisée par agent thrombolytique
EPPP003,Désobstruction locale d'un cathéter veineux pour circulation extracorporelle
EQLF005,"Administration intraveineuse continue d'agent pharmacologique vasoactif chez le nouveau-né pour suppléance hémodynamique, par 24 heures"
EQQH005,"Mesure et enregistrement des pressions du coeur droit, de l'artère pulmonaire et du coeur gauche, avec injection de produit de contraste, par voie veineuse transcutanée et par voie artérielle transcutanée ou cathétérisme du foramen ovale, avant l'âge de 24 mois"
EQQH006,"Mesure et enregistrement des pressions du coeur droit, de l'artère pulmonaire et du coeur gauche, avec injection de produit de contraste, par voie veineuse transcutanée et par voie artérielle transcutanée ou cathétérisme du foramen ovale, à l'âge de 24 mois ou plus"
EQQP014,"Surveillance continue des pressions du coeur droit avec mesure du débit cardiaque ou de la fraction d'éjection du ventricule droit, avec surveillance continue de la pression intraartérielle par méthode effractive, par 24 heures"
EQRP008,Épreuve d'inclinaison [Tilt test] avec étude des variations de la pression intraartérielle et de la fréquence cardiaque
EZNF900,"Irradiation intravasculaire, au décours d'une dilatation de vaisseau par voie vasculaire transcutanée"
EZPP002,Désobstruction locale d'un dispositif de dérivation artérioveineuse des membres
EZQA001,"Exploration d'un axe vasculonerveux des membres ou du cou, par abord direct"
EZQJ900,"Restitution tridimensionnelle informatisée, au cours d'une échographie-doppler des vaisseaux périphériques"
FBFA900,"Exérèse du thymus vestigial, par thoracotomie avec préparation par thoracoscopie"
FBFC900,"Exérèse du thymus vestigial, par thoracoscopie"
FCFA029,"Curage lymphonodal [ganglionnaire] axillaire, par abord direct"
FEHB001,"Prélèvement de sang artériel, par voie transcutanée"
FEJF009,Séance d'ultrafiltration plasmatique
FGLB004,Séance d'injection ou d'ingestion d'un médicament à concentration croissante pour accoutumance
FGRD002,Test de provocation par ingestion d'un allergène à concentration fixe
FGRD003,Test de provocation par ingestion d'un allergène administré à concentration croissante
FGRD004,Test de provocation par allergène administré à concentration croissante par voie nasale
GALD002,Pose de conformateur d'orifice narinaire
GBFA007,"Exérèse de lésion du sinus sphénoïdal, par endoscopie"
GBFA008,"Ethmoïdectomie antérieure bilatérale avec septoplastie nasale, par endoscopie"
GBJD002,"Évacuation de collection du sinus maxillaire, par voie méatale inférieure"
GBQA002,"Sinusoscopie maxillaire, par voie méatale inférieure et/ou par abord de la fosse canine [abord vestibulaire]"
GCQE003,"Fibroscopie du pharynx et du larynx par voie nasale, avec examen stroboscopique du larynx"
GDLE003,"Injection de graisse dans le pli vocal [corde vocale], par laryngoscopie directe"
GDLE004,"Injection de substance hétérologue dans le pli vocal [corde vocale], par laryngoscopie directe"
GDQE007,"Exploration de pli vocal [corde vocale], par laryngoscopie directe [Cordotomie exploratrice endoscopique]"
GEFA013,"Résection-anastomose de la trachée pour sténose congénitale de la trachée, par thoracotomie avec CEC"
GEJD002,"Lavage pulmonaire unilatéral à visée thérapeutique pour protéinose alvéolaire, par sonde d'intubation à double lumière"
GELD005,"Nébulisation d'agent thérapeutique à destination bronchique [aérosol] avec surveillance de la saturation en oxygène par mesure transcutanée [SpO2] et surveillance de la fréquence cardiaque, pendant au moins 2 heures"
GFBA004,"Réduction de volume pulmonaire, par thoracoscopie ou par thoracotomie avec préparation par thoracoscopie"
GFQJ002,"Échographie du médiastin et/ou du poumon, par voie oesophagienne ou par voie bronchique"
GFQM001,"Échographie transthoracique du médiastin, du poumon et/ou de la cavité pleurale"
GGJB006,Séance d'irrigation-lavage pleurale
GGJB007,"Séance de lavage pleural, par un dispositif implanté"
GGLA001,"Pose d'un cathéter intrapleural par voie transcutanée, avec pose d'un système diffuseur ou d'une pompe implantable souscutané"
GGLB008,"Séance d'administration intrapleurale d'agent pharmacologique anticancéreux, par un dispositif implanté"
GGLB009,Administration intrapleurale d'agent pharmacologique au long cours
GKGD002,"Ablation d'un implant phonatoire oesotrachéal, sans endoscopie"
GKGE002,"Ablation d'implant phonatoire oesotrachéal ou de tube de calibrage intralaryngé, par endoscopie"
GKKD002,"Changement d'un implant phonatoire oesotrachéal, sans endoscopie"
GKKE002,"Changement d'implant phonatoire oesotrachéal, par endoscopie"
GLLD016,"Ventilation manuelle d'un nouveau-né à la naissance, au masque facial, avec administration intraveineuse d'agent pharmacologique et/ou de soluté"
GLLD017,"Oxygénothérapie avec surveillance continue de l'oxymétrie, en dehors de la ventilation mécanique, par 24 heures"
GLLD018,"Ventilation manuelle d'un nouveau-né à la naissance, au masque facial"
GLLD019,"Ventilation barométrique ou volumétrique non effractive au masque facial pendant au moins 2 heures cumulées au cours des 12 heures, pour insuffisance respiratoire aigüe"
GLLD020,Oxygénothérapie hyperbare sans utilisation de ventilation mécanique
GLQL002,Mesure radio-isotopique de la perméabilité alvéolocapillaire
HAHD002,"Biopsie de la cavité orale et/ou de l'oropharynx, avec guidage par des colorations vitales"
HAHD003,"Biopsie de la cavité orale et/ou de l'oropharynx, sans coloration vitale"
HAJA007,Parage et/ou suture de plaies muqueuses intrabuccales multiples
HAJA008,Parage et/ou suture de plaie du voile du palais
HAJA009,Parage et/ou suture de plaie de la langue
HAJA010,Parage et/ou suture d'une plaie muqueuse intrabuccale
HBBA002,Ostéoplastie additive de l'arcade alvéolaire sur un secteur de 4 à 6 dents
HBBA003,Ostéoplastie additive de l'arcade alvéolaire sur un secteur de 1 à 3 dents
HBBA004,Ostéoplastie additive de l'arcade alvéolaire sur un secteur de 7 dents ou plus
HBBD007,"Comblement [Scellement] prophylactique des puits, sillons et fissures sur 3 dents"
HBDD017,"Contention des arcades dentaires par dispositif amovible bimaxillaire monobloc [tooth positioner] et dispositif fixe sur 1 arcade, après traitement orthodontique"
HBDD018,"Contention des arcades dentaires par dispositif amovible bimaxillaire monobloc [tooth positioner] et dispositif fixe sur 2 arcades, après traitement orthodontique"
HBED023,"Greffe épithélioconjonctive ou conjonctive sur la gencive, sur un secteur de 1 à 3 dents"
HBED024,"Greffe épithélioconjonctive ou conjonctive sur la gencive, sur un sextant"
HBED025,"Réduction d'une malocclusion et/ou d'une malposition alvéolodentaire par dispositif fixe multiattache total sur 1 arcade avec adjonction de dispositif associé, avec contention de l'autre arcade par dispositif fixe après traitement orthodontique"
HBED026,"Réduction d'une malocclusion et/ou d'une malposition alvéolodentaire par dispositif fixe multiattache total sur 1 arcade sans adjonction de dispositif associé, avec contention de l'autre arcade par dispositif amovible après traitement orthodontique"
HBED027,"Réduction d'une malocclusion et/ou d'une malposition alvéolodentaire par dispositif fixe multiattache total sur 1 arcade avec adjonction de dispositif associé, avec contention de l'autre arcade par dispositif amovible après traitement orthodontique"
HBED028,"Réduction d'une malocclusion et/ou d'une malposition alvéolodentaire par dispositif fixe multiattache total sur 1 arcade sans adjonction de dispositif associé, avec contention de l'autre arcade par dispositif fixe après traitement orthodontique"
HBFA003,Ostéoplastie soustractive de l'arcade alvéolaire sur un secteur de 7 dents ou plus
HBFA004,Ostéoplastie soustractive de l'arcade alvéolaire sur un secteur de 4 à 6 dents
HBFA005,Ostéoplastie soustractive de l'arcade alvéolaire sur un secteur de 1 à 3 dents
HBFA006,Gingivectomie sur un secteur de 1 à 3 dents
HBFA007,Gingivectomie sur un secteur de 4 à 6 dents
HBFA008,Gingivectomie  sur un secteur de 7 dents ou plus
HBFA009,Gingivectomie à biseau interne sur un secteur de 1 à 3 dents
HBFA010,Gingivectomie à biseau interne sur un secteur de 4 à 6 dents
HBFA011,Gingivectomie à biseau interne sur un secteur de 7 dents ou plus
HBFA012,Exérèse d'hypertrophie gingivale ou de crête flottante sur une arcade maxillaire ou mandibulaire complète
HBFA013,Exérèse d'hypertrophie gingivale ou de crête flottante localisée
HBGB001,Curetage d'alvéole dentaire
HBGB002,Curetage périapical avec résection de l'apex et obturation radiculaire d'une prémolaire
HBGB003,Curetage périapical avec résection de l'apex et obturation radiculaire d'une incisive ou d'une canine
HBGB004,Curetage périapical avec résection de l'apex et obturation radiculaire d'une molaire
HBGB005,Curetage périapical avec résection de l'apex d'une racine dentaire endodontiquement traitée
HBGB006,Surfaçage radiculaire dentaire sur un sextant
HBJA003,Assainissement parodontal [détartrage-surfaçage radiculaire] [DSR] sur 1 sextant
HBJB001,Évacuation d'abcès parodontal
HBLD045,Application de vernis fluoré sur les deux arcades dentaires
HBLD046,Pose d'une prothèse amovible définitive complète bimaxillaire à châssis métallique
HBLD047,Pose d'une prothèse amovible définitive complète unimaxillaire à châssis métallique
HBLD048,Pose d'une prothèse amovible définitive complète unimaxillaire à plaque base résine et d'une prothèse amovible définitive complète unimaxillaire à châssis métallique
HBLD049,Pose d'une prothèse plurale dentoportée ou implantoportée comportant 2 piliers d'ancrage métalliques et un élément intermédiaire céramométallique ou en équivalents minéraux
HBLD050,"Pose d'un dispositif unimaxillaire de contention extracoronaire par attelle composite collée, sur 7 dents ou plus"
HBLD051,"Pose d'un dispositif unimaxillaire de contention extracoronaire par attelle métallique coulée et collée, sur 7 dents ou plus"
HBLD052,"Pose d'un dispositif unimaxillaire de contention extracoronaire par attelle composite collée, sur 1 à 6 dents"
HBLD053,"Pose d'un dispositif unimaxillaire de contention extracoronaire par attelle métallique coulée et collée, sur 1 à 6 dents"
HBLD056,"Pose d'une plaque base résine pour guide chirurgical préimplantaire dentaire, pour 1 arcade"
HBMA006,Ostéoplastie d'une alvéole dentaire avec comblement par biomatériau
HBMD038,Restauration d'une dent d'un secteur prémolomolaire sur 3 faces ou plus par matériau inséré en phase plastique sans ancrage radiculaire
HBMD039,"Restauration d'une dent d'un secteur prémolomolaire sur 3 faces ou plus par matériau inséré en phase plastique sans ancrage radiculaire, avec réfection de 2 points de contact"
HBMD040,"Restauration d'une dent d'un secteur prémolomolaire sur 3 faces ou plus par matériau inséré en phase plastique sans ancrage radiculaire, avec réfection d'un point de contact"
HBMD041,"Restauration d'une dent d'un secteur prémolomolaire présentant 2 cavités par matériau inséré en phase plastique sans ancrage radiculaire, avec réfection de 2 points de contact"
HBMD042,Restauration d'une dent par matériau inséré en phase plastique avec ancrage radiculaire
HBMD043,Restauration d'une dent sur 1 face par matériau incrusté [inlay-onlay]
HBMD044,"Restauration d'une dent d'un secteur incisivocanin sur 1 angle par matériau inséré en phase plastique, sans ancrage radiculaire"
HBMD045,"Restauration d'une dent sur 3 faces ou plus par matériau incrusté [inlay-onlay], avec recouvrement cuspidien"
HBMD046,Restauration d'une dent sur 2 faces par matériau incrusté [inlay-onlay]
HBMD047,"Restauration d'une dent d'un secteur incisivocanin sur 2 angles par matériau inséré en phase plastique, sans ancrage radiculaire"
HBMD048,"Pose d'une facette céramique, en équivalents minéraux ou composite sur une dent d'un secteur incisivocanin ou prémolaire"
HBMD049,Restauration d'une dent d'un secteur prémolomolaire sur 2 faces par matériau inséré en phase plastique sans ancrage radiculaire
HBMD050,Restauration d'une dent d'un secteur incisivocanin sur 2 faces par matériau inséré en phase plastique sans ancrage radiculaire
HBMD051,"Restauration d'une dent sur 2 faces par matériau incrusté [inlay-onlay], avec recouvrement cuspidien"
HBMD052,"Restauration d'une dent d'un secteur incisivocanin sur 3 faces ou plus par matériau inséré en phase plastique sans ancrage radiculaire, avec réfection d'un point de contact"
HBMD053,"Restauration d'une dent d'un secteur prémolomolaire sur 1 face par matériau inséré en phase plastique, sans ancrage radiculaire"
HBMD054,Restauration d'une dent d'un secteur incisivocanin sur 3 faces ou plus par matériau inséré en phase plastique sans ancrage radiculaire
HBMD055,Restauration d'une dent sur 3 faces ou plus par matériau incrusté [inlay-onlay]
HBMD056,"Restauration d'une dent d'un secteur incisivocanin sur 2 faces par matériau inséré en phase plastique sans ancrage radiculaire, avec réfection d'un point de contact"
HBMD057,"Restauration d'une dent d'un secteur prémolomolaire sur 2 faces par matériau inséré en phase plastique sans ancrage radiculaire, avec réfection d'un point de contact"
HBMD058,"Restauration d'une dent d'un secteur incisivocanin sur 1 face par matériau inséré en phase plastique, sans ancrage radiculaire"
HBMD059,"Restauration d'une dent sur 1 face par matériau incrusté [inlay-onlay], avec recouvrement cuspidien"
HBMD060,"Restauration d'une dent d'un secteur incisivocanin sur 3 faces ou plus par matériau inséré en phase plastique sans ancrage radiculaire, avec réfection de 2 points de contact"
HBMD061,Séance d'ajustement occlusal par coronoplastie
HBMD062,Adjonction de 4 éléments intermédiaires métalliques à une prothèse dentaire plurale
HBMD063,Adjonction de 2 piliers d'ancrage céramométalliques à une prothèse dentaire plurale
HBMD064,Adjonction de 5 piliers d'ancrage céramométalliques à une prothèse dentaire plurale
HBMD065,Adjonction de 4 piliers d'ancrage métalliques à une prothèse dentaire plurale
HBMD066,Adjonction de 2 piliers d'ancrage métalliques à une prothèse dentaire plurale
HBMD067,Adjonction de 3 piliers d'ancrage métalliques à une prothèse dentaire plurale
HBMD068,Adjonction de 5 éléments intermédiaires céramométalliques à une prothèse dentaire plurale
HBMD069,Adjonction de 6 piliers d'ancrage céramométalliques à une prothèse dentaire plurale
HBMD070,Adjonction de 3 éléments intermédiaires céramométalliques à une prothèse dentaire plurale
HBMD071,Adjonction de 4 éléments intermédiaires céramométalliques à une prothèse dentaire plurale
HBMD072,"Adjonction à une prothèse dentaire plurale fixée d'un élément intermédiaire céramométallique ou en équivalents minéraux supplémentaire, au-delà du 3e"
HBMD073,Adjonction de 2 éléments intermédiaires métalliques à une prothèse dentaire plurale
HBMD074,Adjonction de 2 éléments intermédiaires céramométalliques à une prothèse dentaire plurale
HBMD075,Adjonction de 6 piliers d'ancrage métalliques à une prothèse dentaire plurale
HBMD076,Réparation de l'artifice cosmétique d'une dent prothétique par technique directe
HBMD077,Adjonction de 4 piliers d'ancrage céramométalliques à une prothèse dentaire plurale
HBMD078,Adjonction de 5 éléments intermédiaires métalliques à une prothèse dentaire plurale
HBMD079,Réparation de l'artifice cosmétique d'une dent prothétique par technique indirecte
HBMD080,Adjonction de 6 éléments intermédiaires céramométalliques à une prothèse dentaire plurale
HBMD081,Adjonction d'un pilier d'ancrage métallique à une prothèse dentaire plurale fixée [pilier de bridge]
HBMD082,"Adjonction à une prothèse dentaire plurale fixée d'un élément intermédiaire métallique supplémentaire, au-delà du 3e"
HBMD083,Adjonction de 3 piliers d'ancrage céramométalliques à une prothèse dentaire plurale
HBMD084,Adjonction de 3 éléments intermédiaires métalliques à une prothèse dentaire plurale
HBMD085,Adjonction de 5 piliers d'ancrage métalliques à une prothèse dentaire plurale
HBMD086,Adjonction de 6 éléments intermédiaires métalliques à une prothèse dentaire plurale
HBMD087,Adjonction d'un pilier d'ancrage céramométallique ou en équivalents minéraux  à une prothèse dentaire plurale fixée [pilier de bridge]
HCNM900,Lithotritie de la glande parotide
HCNM901,Lithotritie de la glande submandibulaire
HDAA002,Véloplastie d'allongement avec lambeau palatin
HDAA003,Plastie d'élargissement de l'hypopharynx
HDFA020,Uvulectomie
HDFA021,Uvulovélectomie avec palatectomie partielle
HDFA022,Uvulovélectomie
HDMA010,Véloplastie secondaire intravélaire
HDQP002,"Exploration du flux aérien bucco-naso-pharyngé par débitmétrie, pour étude de la fonction vélopalatine"
HDSD002,Fermeture primaire d'une fente vélaire [Staphylorraphie pour fente orofaciale]
HEFA022,"OEsophagectomie totale sans rétablissement de la continuité, par thoracotomie"
HELE900,"Séance d'injection de toxine botulique au niveau du sphincter inférieur de l'oesophage, par endoscopie"
HEME002,"Création d'une fistule oesotrachéale avec pose d'implant phonatoire, par endoscopie"
HEME900,"Correction d'un reflux gastrooesophagien, par endoscopie"
HENE900,"Séance de destruction d'une hétérotopie de la muqueuse de l'oesophage inférieur, par endoscopie"
HESA010,"Fermeture de fistule oesotrachéale après implant phonatoire, par cervicotomie"
HFCC003,"Court-circuit gastrique avec anse montée en Y [Bypass gastrique en Y] pour obésité, par coelioscopie"
HFFC004,"Gastrectomie avec court-circuit biliopancréatique ou intestinal pour obésité morbide, par coelioscopie"
HFGC900,"Ablation d'une sonde de stimulation pariétale gastrique pour obésité morbide, par coelioscopie"
HFKA001,"Changement ou repositionnement du dispositif d'accès d'un anneau ajustable périgastrique pour obésité, par abord direct"
HFKA002,"Changement d'un anneau ajustable périgastrique pour obésité, par laparotomie"
HFKC001,"Changement d'un anneau ajustable périgastrique pour obésité, par coelioscopie"
HFLC900,"Implantation souscutanée d'un stimulateur gastrique avec pose d'une sonde pariétale gastrique pour obésité morbide, par coelioscopie"
HFLE002,"Pose d'un ballonnet intragastrique pour obésité morbide, par oeso-gastro-duodénoscopie"
HFMA009,"Gastroplastie par pose d'anneau ajustable périgastrique pour obésité, par laparotomie"
HFMA010,"Gastroplastie verticale calibrée pour obésité morbide, par laparotomie"
HFMA011,"Repositionnement ou ablation d'un anneau ajustable périgastrique, par laparotomie"
HFMC006,"Gastroplastie verticale calibrée pour obésité morbide, par coelioscopie"
HFMC007,"Gastroplastie par pose d'anneau ajustable périgastrique pour obésité, par coelioscopie"
HFMC008,"Repositionnement ou ablation d'un anneau ajustable périgastrique, par coelioscopie"
HFMP002,"Contrôle radiologique secondaire de position et/ou de fonctionnement d'un anneau ajustable périgastrique, avec opacification par produit de contraste"
HGAA002,"Plastie d'allongement de l'intestin grêle, par laparotomie"
HGAA003,"Plastie d'élargissement unique ou multiple de l'intestin grêle, par laparotomie"
HGGE001,"Ablation d'une endoprothèse du duodénum, par oeso-gastro-duodénoscopie"
HGKE001,"Changement d'une endoprothèse du duodénum, par oeso-gastro-duodénoscopie"
HHAA002,Plastie d'élargissement de stomie cutanée intestinale
HHFA026,"Colectomie droite sans rétablissement de la continuité, par laparotomi"
HHFA027,"Résection complète d'un prolapsus colorectal extériorisé, avec anastomose coloanale et myorraphie du plancher pelvien"
HHFA028,"Coloproctectomie totale avec anastomose iléoanale, par coelioscopie ou par laparotomie avec préparation par coelioscopi"
HHFA029,"Coloproctectomie totale sans rétablissement de la continuité, par coelioscopie ou par laparotomie avec préparation par coelioscopi"
HHFA030,"Coloproctectomie totale sans rétablissement de la continuité, par laparotomi"
HHFA031,"Coloproctectomie totale avec anastomose iléoanale, par laparotomi"
HHFE006,"Séance de mucosectomie rectocolique, par endoscopie"
HHGE002,"Ablation de corps étranger du côlon et/ou du rectum, par endoscopie"
HHQD900,Électromyographie pancolique
HHQD901,Manométrie pancolique
HKFA009,"Sphinctéromyectomie de l'anus, par abord anal"
HLFA019,"Résection atypique du foie, par laparotomie"
HLFA020,"Unisegmentectomie hépatique, par laparotomie"
HLFC003,"Résection atypique du foie, par coelioscopie"
HLFC004,"Unisegmentectomie hépatique, par coelioscopie"
HLHH006,"Biopsie du foie sur une cible, par voie transcutanée avec guidage scanographique"
HLHH007,"Biopsie du foie sur plusieurs cibles, par voie transcutanée avec guidage scanographique"
HLHJ005,"Biopsie du foie sur plusieurs cibles, par voie transcutanée avec guidage échographique"
HLHJ006,"Biopsie du foie sur une cible, par voie transcutanée avec guidage échographique"
HLNK001,"Destruction de tumeur hépatique par radiofréquence, par voie transcutanée avec guidage scanographique"
HLNM001,"Destruction de tumeur hépatique par radiofréquence, par voie transcutanée avec guidage échographique"
HLNN900,"Destruction de tumeur hépatique par radiofréquence, par voie transcutanée avec guidage remnographique [IRM]"
HMNJ002,"Lithotritie des conduits biliaires par ondes de choc, par cholangioscopie par un drain transcutané déjà en place"
HMNJ003,"Lithotritie des conduits biliaires par ondes de choc, par cholangioscopie par voie transcutanée"
HNEA900,"Transplantation du pancréas, par laparotomie"
HNEH900,"Transplantation d'îlots pancréatiques, par injection dans la veine porte par voie transcutanée avec guidage radiologique"
HNPE002,"Section du versant pancréatique du muscle sphincter de l'ampoule hépatopancréatique [sphincter d'Oddi], par oeso-gastro-duodénoscopie [Sphinctérotomie pancréatique endoscopique]"
HNPE003,"Sphinctérotomie de la papille duodénale mineure [papille accessoire], par oeso-gastro-duodénoscopie"
HPLA004,"Pose d'un cathéter intrapéritonéal par voie transcutanée, avec pose d'un système diffuseur implantable souscutané"
HPLA005,"Pose ou repositionnement d'un cathéter intrapéritonéal pour dialyse péritonéale, par laparotomie"
HPLB007,"Séance d'administration intrapéritonéale d'agent pharmacologique anticancéreux, par un dispositif implanté"
HPMA003,"Réparation de perte de substance par lambeau pédiculé de grand omentum [épiploon], en situation extraabdominale"
HPMP002,"Contrôle radiologique secondaire de position et/ou de fonctionnement d'un drain péritonéal, d'un cathéter de dialyse péritonéale ou d'une dérivation péritonéojugulaire, avec opacification par produit de contraste"
HPPP002,Désobstruction d'un cathéter de dialyse péritonéale
HPQC001,"Exploration du petit bassin [pelvis] féminin, par pélycoscopie [culdoscopie] [coelioscopie transvaginale]"
HQQH002,"Étude radiologique dynamique de la déglutition, avec enregistrement [Pharyngographie dynamique]"
HTQD002,Manométrie anorectale
HTQH002,Défécographie [Rectographie dynamique]
HTRD003,Test de continence anorectale aux liquides
HZMP002,"Contrôle radiologique secondaire de position et/ou de fonctionnement d'une sonde digestive, d'un drain biliaire ou d'une endoprothèse biliaire avec opacification par produit de contraste"
HZQE900,Exploration de la lumière du tube digestif par vidéocapsule ingérée
JAHJ006,"Biopsie du rein sur une cible, par voie transcutanée avec guidage échographique"
JAHJ007,"Biopsie du rein sur plusieurs cibles, par voie transcutanée avec guidage échographique"
JANJ002,"Fragmentation intrarénale de calcul par ondes de choc [Lithotritie intrarénale], par néphroscopie par une néphrostomie déjà en place"
JCCA014,"Urétérostomie cutanée avec anastomose urétéro-urétérale croisée, par abord direct"
JDLE900,"Injection de toxine botulique dans la musculeuse vésicale, par urétrocystoscopie"
JDPA002,"Cystotomie à visée thérapeutique, par laparotomie"
JDQD008,"Cystomanométrie par cathétérisme urétral, avec mesure des pressions intrarectales ou intravaginales"
JDQD009,"Cystomanométrie par cathétérisme urétral, sans mesure des pressions intrarectales ou intravaginales"
JDSA011,"Fermeture de fistule vésicodigestive acquise, par laparotomie"
JEGA004,"Ablation d'une prothèse sphinctérienne urinaire péricervicale ou périurétroprostatique chez l'homme, par laparotomie"
JEGA005,"Ablation d'une prothèse sphinctérienne urinaire péricervicale chez la femme, par laparotomie"
JEKA005,"Changement du manchon gonflable d'une prothèse sphinctérienne périurétrale pénienne ou bulbomembranacée [bulbomembraneuse], par abord direct"
JEKA006,"Changement du manchon gonflable d'une prothèse sphinctérienne urinaire péricervicale chez la femme, par laparotomie"
JEKA007,"Changement du manchon gonflable d'une prothèse sphinctérienne urinaire péricervicale ou périurétroprostatique chez l'homme, par laparotomie"
JEKA008,"Changement complet d'une prothèse sphinctérienne urinaire péricervicale ou périurétroprostatique chez l'homme, par laparotomie"
JEKA009,"Changement complet d'une prothèse sphinctérienne urinaire péricervicale chez la femme, par laparotomie"
JEKA010,"Changement d'élément ou repressurisation d'une prothèse sphinctérienne urinaire, par abord direct"
JEPA007,"Libération de l'urètre [Urétrolyse], par abord direct"
JGFA014,"Résection palliative de la prostate [Recalibrage de l'urètre], par urétrocystoscopie"
JGFA015,"Résection d'une hypertrophie de la prostate, par urétrocystoscopie"
JGFA016,"Résection ou marsupialisation de collection de la prostate ou de diverticule de l'urètre, par urétrocystoscopie"
JGNJ001,Destruction d'une hypertrophie de la prostate par microondes [Thermothérapie de la prostate]
JGNJ900,"Destruction de lésion de la prostate par ultrasons focalisés de haute intensité, par voie rectale"
JJFA010,"Kystectomie ovarienne transpariétale, par laparotomie avec préparation par coelioscopie"
JJPC004,"Interruption unilatérale ou bilatérale de la perméabilité des trompes utérines, par pélycoscopie [culdoscopie] [coelioscopie transvaginale]"
JJPE001,"Interruption unilatérale ou bilatérale de la perméabilité des trompes utérines par insertion de dispositif intratubaire, par hystéroscopie"
JKCD001,Suture de plaie du col de l'utérus
JKFD002,"Exérèse de lésion du col de l'utérus, par voie vaginale"
JKFE003,"Exérèse de lésion du col de l'utérus, par colposcopie"
JLQH002,Colpo-cysto-rectographie dynamique
JMCA005,Suture de plaie de la vulve
JMCA006,"Suture de plaie de la vulve et de l'anus, sans suture du muscle sphincter externe de l'anus"
JNPA002,Réduction d'inversion utérine par hystérotomie
JQQM016,Échographie biométrique et morphologique d'une grossesse unifoetale au 3ème trimestre
JQQM017,Échographie biométrique et morphologique d'une grossesse multifoetale au 3ème trimestre
JQQM018,Échographie biométrique et morphologique d'une grossesse unifoetale au 2ème trimestre
JQQM019,Échographie biométrique et morphologique d'une grossesse multifoetale au 2ème trimestre
JQQP900,Oxymétrie transcutanée du foetus sur la présentation [Oxymétrie de pouls foetal]
JRGA001,"Ablation d'une bandelette synthétique infra-urétrale, par abord vaginal"
JRGA002,"Ablation partielle d'une bandelette synthétique infra-urétrale, par laparotomie"
JRGA003,"Ablation totale d'une bandelette synthétique infra-urétrale, par laparotomie et par abord vaginal"
JRGA004,"Ablation totale d'une bandelette synthétique infra-urétrale, par coelioscopie et par abord vaginal"
JRGC001,"Ablation partielle d'une bandelette synthétique infra-urétrale, par coelioscopie"
JRPA001,"Section d'une bandelette synthétique infra-urétrale, par abord vaginal"
JVRP007,Séance d'entraînement à la dialyse péritonéale automatisée
JVRP008,Séance d'entraînement à la dialyse péritonéale continue ambulatoire
KAFE900,"Exérèse de lésion de la loge hypophysaire, par vidéochirurgie transsphénoïdale"
KCNL003,Irradiation interne de la glande thyroïde par administration d'iode 131 à une dose inférieure ou égale à 1 gigabecquerel [GBq]
KCNL004,Irradiation interne de la glande thyroïde par administration d'iode 131 à une dose supérieure à 1 gigabecquerel [GBq]
KDQC900,"Exploration des sites parathyroïdiens cervicaux, par cervicoscopie"
KZQL002,"Scintigraphie aux analogues de la somatostatine avec tomoscintigraphie complémentaire, scintigraphie du corps entier complémentaire d'une image segmentaire et scintigraphie du corps entier à 72 heures"
KZQL003,Scintigraphie aux analogues de la somatostatine en 2 temps
KZQL004,"Scintigraphie aux analogues de la somatostatine en 2 temps, avec scintigraphie du corps entier complémentaire d'une image segmentaire"
LAEB001,"Réduction de fracture du plancher de l'orbite à foyer fermé, par ballonnet intrasinusien introduit par abord intrabuccal"
LAFA013,"Exérèse partielle d'un os de la face sans interruption de la continuité, par abord direct"
LAFA014,Mastoïdectomie ou atticomastoïdectomie totale
LAFA015,"Ethmoïdectomie totale unilatérale avec septoplastie nasale et sphénoïdotomie, par endoscopie"
LAFA016,"Ethmoïdectomie totale unilatérale avec septoplastie nasale, par endoscopie"
LAFA017,"Ethmoïdectomie totale unilatérale avec sphénoïdotomie, par endoscopie"
LAFA018,"Ethmoïdectomie totale bilatérale avec sphénoïdotomie, par endoscopie"
LAFA019,"Ethmoïdectomie totale bilatérale avec septoplastie nasale et sphénoïdotomie, par endoscopie"
LAFA020,"Ethmoïdectomie totale bilatérale avec septoplastie nasale, par endoscopie"
LAFA021,"Ethmoïdectomie antérieure, par endoscopie"
LAFA022,"Ethmoïdectomie totale bilatérale, par endoscopie"
LAFA023,"Ethmoïdectomie antérieure unilatérale avec septoplastie nasale, par endoscopie"
LAFA024,"Ethmoïdectomie totale unilatérale, par endoscopie"
LAFA900,Craniectomie décompressive
LAGA008,Évidement pétromastoïdien
LAHH005,"Ponction ou cytoponction du crâne et/ou du massif facial, par voie transcutanée avec guidage scanographique"
LAHH006,"Biopsie du crâne et/ou du massif facial, par voie transcutanée avec guidage scanographique"
LAHJ003,"Ponction ou cytoponction du crâne et/ou du massif facial, par voie transcutanée avec guidage remnographique [IRM]"
LAHJ004,"Biopsie du crâne et/ou du massif facial, par voie transcutanée avec guidage remnographique [IRM]"
LAPB001,"Dégagement et activation de 4 implants intraosseux intrabuccaux, chez l'adulte"
LAPB002,"Dégagement et activation d'1 implant intraosseux intrabuccaux, chez l'adulte"
LAPB003,"Dégagement et activation de 3 implants intraosseux intrabuccaux, chez l'adulte"
LAPB004,"Dégagement et activation de 2 implants intraosseux intrabuccaux, chez l'adulte"
LAPB005,"Dégagement et activation de 5 implants intraosseux intrabuccaux, chez l'adulte"
LAPB006,"Dégagement et activation de 6 implants intraosseux intrabuccaux, chez l'adulte"
LAPB007,"Dégagement et activation de 7 implants intraosseux intra buccaux, chez l'adulte"
LBGA006,"Ablation de 4 implants intraosseux intrabuccaux avec résection osseuse, chez l'adulte"
LBGA007,"Ablation de 5 implants intraosseux intrabuccaux avec résection osseuse, chez l'adulte"
LBGA008,"Ablation de 6 implants intraosseux intrabuccaux avec résection osseuse, chez l'adulte"
LBGA009,"Ablation de 7 implants intraosseux intrabuccaux avec résection osseuse, chez l'adulte"
LBLD025,"Pose de 6 implants intraosseux intrabuccaux, chez l'adulte"
LBLD026,"Pose de 7 implants intraosseux intrabuccaux, chez l'adulte"
LCGA002,"Ablation de corps étranger projeté dans les tissus mous buccofaciaux, par abord intrabuccal"
LCJA002,"Évacuation de collection de la région des muscles masticateurs, par abord intrabuccal et par abord facial"
LCJA003,"Évacuation de collection périmaxillaire ou périmandibulaire, par abord intrabuccal"
LCJA004,"Évacuation de collection de la région des muscles masticateurs, par abord intrabuccal"
LDEB002,Traction d'attente de la colonne vertébrale cervicale par halo crânien ou étrier
LDEP003,Réduction orthopédique progressive de lésion traumatique de la colonne vertébrale cervicale par traction continue
LDQK004,Radiographie du segment cervical et du segment thoracique de la colonne vertébrale
LDQK005,Radiographie du segment cervical et du segment lombal de la colonne vertébrale
LEFA013,"Exérèse d'une hernie discale de la colonne vertébrale, par thoracotomie"
LEFA014,"Corporectomie vertébrale partielle ou totale, par thoracoscopie ou par thoracotomie avec préparation par thoracoscopie"
LEPA009,"Ostéotomie antérieure ou discectomie totale pour déformation rigide de la colonne vertébrale avec arthrodèse, sans correction instrumentale, sur 1 à 3 vertèbres, par laparotomie ou par lombotomie"
LEQK002,Radiographie du segment thoracique et du segment lombal de la colonne vertébrale
LFDA014,"Arthrodèse intercorporéale d'un spondylolisthésis lombal à grand déplacement sans réduction, avec ostéosynthèse, par abord postérieur translombosacral"
LFFA014,"Corporectomie vertébrale partielle ou totale, par abord direct avec préparation par coelioscopie ou par rétropéritonéoscopie"
LHDA003,"Ligamentoplastie interépineuse de la colonne vertébrale, par abord postérieur"
LHKA900,Remplacement du disque intervertébral par prothèse
LHQK007,Radiographie de la colonne vertébrale en totalité
LJFA010,"Exérèse partielle de côte et/ou de sternum, par abord direct"
LJHA001,"Biopsie osseuse du sternum et/ou des côtes, par abord direct"
LJQK015,Radiographie du sternum et/ou des articulations sternoclaviculaires
LLCA005,"Suture de plaie ou de rupture récente de la coupole du diaphragme, par laparotomie"
LLCC003,"Suture de plaie ou de rupture récente de la coupole du diaphragme, par coelioscopie"
LLQP002,Étude des muscles ventilatoires par mesure de pression à la bouche
LMMA016,"Cure unilatérale d'une hernie de l'aine sans pose de prothèse sous anesthésie locale, par abord inguinal"
LMMA017,"Cure unilatérale d'une hernie de l'aine sans pose de prothèse sous anesthésie générale ou locorégionale, par abord inguinal"
LMMA018,"Cure bilatérale d'une hernie de l'aine sans pose de prothèse sous anesthésie générale ou locorégionale, par abord inguinal"
LMMA019,"Cure bilatérale d'une hernie de l'aine sans pose de prothèse sous anesthésie locale, par abord inguinal"
MCKA002,"Remplacement de la tête radiale par prothèse, par abord direct"
MDEA004,"Reconstruction d'un doigt par transfert non vascularisé de phalange d'orteil, pour agénésie digitale"
MDGA005,Désépiphysiodèse de phalange triangulaire de doigt
MEFA004,Huméroscapulectomie [Arthrectomie monobloc de l'épaule]
MELA001,Repose d'une prothèse de l'articulation scapulohumérale
MEMA017,"Acromioplastie sans prothèse avec arthroplastie acromioclaviculaire par résection de l'extrémité latérale de la clavicule, par abord direct"
MEMC005,"Acromioplastie sans prothèse avec arthroplastie acromioclaviculaire par résection de l'extrémité latérale de la clavicule, par arthroscopie"
MGEP002,Réduction orthopédique de fracture du carpe et/ou d'une luxation du poignet
MGRP001,"Mobilisation d'articulation du poignet et/ou de la main à visée thérapeutique, sous anesthésie générale ou locorégionale"
MZMA004,"Suture de plaie de tendon avec suture de plaie du nerf médian, à la face antérieure du poignet"
MZQK003,Radiographie de 2 segments du membre supérieur
MZQK004,Radiographie de 3 segments du membre supérieur ou plus
NAQK007,Radiographie de la ceinture pelvienne [du bassin] selon 2 incidences
NAQK015,Radiographie de la ceinture pelvienne [du bassin] selon 1 incidence
NAQK023,Radiographie de la ceinture pelvienne [du bassin] selon 3 incidences ou plus
NBDA002,"Épiphysiodèse temporaire du genou, par 2 abords"
NBDA003,"Épiphysiodèse temporaire du genou, par 3 abords ou plus"
NBDA004,"Épiphysiodèse au genou, par un abord direct"
NBGA008,Désépiphysiodèse centrale au fémur ou au tibia
NBGA009,Désépiphysiodèse périphérique au fémur ou au tibia
NBGA010,"Désépiphysiodèse centrale ou périphérique au fémur ou au tibia, avec ostéotomie"
NDEA002,Réimplantation du premier orteil
NDQM900,Ostéodensitométrie du calcanéus par échographie
NEEP007,"Réduction orthopédique d'une luxation traumatique de l'articulation coxofémorale, avec pose de traction continue"
NEGA004,"Ablation de l'insert intermédiaire d'une prothèse de l'articulation coxofémorale, avec pose d'une pièce acétabulaire"
NEGA005,Ablation d'une prothèse fémorale cervicocéphalique
NEKA022,Changement d'une prothèse fémorale cervicocéphalique pour une prothèse totale de hanche
NELA003,Pose d'une pièce acétabulaire chez un patient porteur d'une prothèse fémorale cervicocéphalique homolatérale
NEQK010,Radiographie de l'articulation coxofémorale selon 1 ou 2 incidence
NEQK012,Radiographie de l'articulation coxofémorale selon 4 incidences ou plus
NEQK035,Radiographie de l'articulation coxofémorale selon 3 incidences
NZQK005,Radiographie de 2 segments du membre inférieur
NZQK006,Radiographie de 3 segments du membre inférieur ou plus
PAGA007,"Désépiphysiodèse d'un os long, par abord direct"
PAGA008,"Ablation de matériel d'ostéosynthèse centromédullaire des membres sur plusieurs sites, par abord direct"
PAGA009,"Ablation de matériel d'ostéosynthèse des membres sur plusieurs sites, par abord direct"
PAGA010,"Ablation de matériel d'ostéosynthèse centromédullaire des membres sur un site, par abord direct"
PAGA011,"Ablation de matériel d'ostéosynthèse des membres sur un site, par abord direct"
PALB900,Injection intraosseuse de moelle
PAQK008,"Ostéodensitométrie [Absorptiométrie osseuse] du corps entier par méthode biphotonique, pour affection osseuse constitutionnelle chez l'enfant"
PAQK900,"Ostéodensitométrie [Absorptiométrie osseuse] du corps entier par méthode biphotonique, pour affection osseuse autre que constitutionnelle"
QEHP002,Frottis unilatéral ou bilatéral d'un écoulement mamelonnaire
QZEA044,"Autogreffe souscutanée susfasciale de peau désépidermisée pour comblement de dépression cutanée, par abord direct"
QZEA045,"Autogreffe souscutanée susfasciale de tissu celluloadipeux pour comblement de dépression cutanée, par abord direct"
QZEA900,Autogreffe de mélanocytes de culture
QZEA901,Autogreffe de mélanocytes de transfert
QZGA010,Ablation d'un système diffuseur ou d'une pompe souscutané implanté
QZJA021,Parage et/ou suture de plusieurs plaies pulpo-unguéales
QZJA022,Parage et/ou suture d'une plaie pulpo-unguéale
QZJA023,"Pansement de plaie de la peau et des tissus mous, sous anesthésie générale ou locorégionale"
QZKA007,Changement d'un système diffuseur ou d'une pompe souscutané implanté
QZLB001,Injection souscutanée susfasciale de tissu adipeux
QZLB002,Séance d'injection intradermique ou hypodermique de produit de comblement de dépression cutanée
QZNP027,Séance d'épilation cutanée électrique
QZNP028,"Séance d'épilation cutanée sur 50 cm² à 150 cm², avec laser ou avec lampe flash"
QZNP029,"Séance d'épilation cutanée sur moins de 50 cm², avec laser ou avec lampe flash"
QZNP030,"Séance d'épilation cutanée sur plus de 150 cm², avec laser ou avec lampe flash"
QZQA001,"Exploration de la peau et des tissus mous sans dissection d'un gros tronc vasculaire ou nerveux, par abord direct"
QZRB001,Séance d'acupuncture
YYYY001,Forfait de cardiologie niveau 1
YYYY002,Forfait de cardiologie niveau 2
YYYY003,Forfait réanimation niveau 1
YYYY004,Forfait réanimation niveau 2
YYYY005,Supplément pour utilisation d'un laser à colorant pulsé pour destruction d'angiome plan sur 700 cm² et plus
YYYY006,Épreuve quantitative aux agents pharmacodynamiques ou de provocation aux allergènes comportant une mesure du seuil de réactivité
YYYY009,Forfait de néonatalogie en unité de néonatalogie
YYYY010,"Traitement de premier recours de cas nécessitant des actes techniques (pose d'une perfusion, administration d'oxygène, soins de réanimation cardio-respiratoire...) et la présence prolongée du médecin (en dehors d'un établissement de soins) dans les situations suivantes : - détresse respiratoire ; - détresse cardiaque ; - détresse d'origine allergique ; - état aigu d'agitation ; - état de mal comitial ; - détresse d'origine traumatique."
YYYY011,"Prise en charge diagnostique et thérapeutique dans le même temps d'une lésion ostéo-articulaire,  musculo-tendineuse ou des parties molles d'origine traumatique"
YYYY028,Guidage échographique
YYYY030,Supplément pour réalisation d'un examen radiographique à images numérisées
YYYY033,Guidage radiologique
YYYY035,Participation d'un 2ème chirurgien au cours d'un acte de chirurgie cardiaque avec CEC
YYYY041,Supplément pour récupération peropératoire de sang
YYYY044,"Assistance anesthésique au cours du travail, sur appel de l'obstétricien"
YYYY045,"Irradiation de moins de 300 cm² en champs fixes par télécobalt  par fraction de 28 centiGrays pour les faisceaux de 0,5 à 4,9 MeV"
YYYY046,"Irradiation de moins de 300 cm² en champs fixes  par accélérateur  par fraction de 25 centiGrays pour les faisceaux de 0,5 à 4,9 MeV"
YYYY047,"Irradiation de moins de 300 cm² en champs fixes par accélérateur  par fraction de 20 centiGrays pour les faisceaux de 5 à 7,9 MeV"
YYYY048,"Irradiation de moins de 300 cm² en champs fixes  par accélérateur  par fraction de 14 centiGrays pour les faisceaux de 8 à 16,9 MeV"
YYYY049,"Irradiation de moins de 300 cm² en champs fixes par accélérateur  par fraction de 12 centiGrays pour les faisceaux de 17 à 24,9 MeV"
YYYY050,Irradiation de moins de 300 cm² en champs fixes par accélérateur  par fraction de 9 centiGrays pour les faisceaux de 25 MeV ou plus
YYYY051,"Irradiation  en cyclothérapie par télécobalt  par fraction de 28 centiGrays pour les faisceaux de 0,5 à 4,9 MeV"
YYYY052,"Irradiation  en cyclothérapie  par accélérateur  par fraction de 25 centiGrays pour les faisceaux de 0,5 à 4,9 MeV"
YYYY053,"Irradiation  en cyclothérapie par accélérateur  par fraction de 2,5 Grays pour les faisceaux de 0,5 à 4,9 MeV"
YYYY054,"Irradiation  en cyclothérapie par accélérateur  par fraction de 25 Grays pour les faisceaux de 0,5 à 4,9 MeV"
YYYY055,"Irradiation  en cyclothérapie par accélérateur  par fraction de 20 centiGrays pour les faisceaux de 5 à 7,9 MeV"
YYYY056,"Irradiation  en cyclothérapie par accélérateur  par fraction de 2 Grays pour les faisceaux de 5 à 7,9 MeV"
YYYY058,Supplément  pour réalisation de gaz du sang au cours d'exploration fonctionnelle respiratoire niveau 1
YYYY063,Supplément pour utilisation d'un laser à colorant pulsé pour  destruction d'angiome plan sur 200 cm² à 350 cm²
YYYY065,Supplément pour cathétérisme et injection de produit de contraste radiologique dans les voies lacrymales
YYYY066,"Supplément pour prélèvement peropératoire d'autogreffe veineuse saphène pour pontage fémoropoplité, pour pontage fémorotibial ou pontage fémoropéronier"
YYYY067,Supplément pour utilisation d'un laser à colorant pulsé pour  destruction d'angiome plan sur moins de 30 cm²
YYYY070,Supplément pour injection de produit de contraste radiologique pour discographie intervertébrale
YYYY075,Échographie de contrôle ou surveillance de pathologie gravidique foetale ou maternelle au cours d'une grossesse multifoetale
YYYY076,"Mesure du transfert de monoxyde de carbone, en état stable, en apnée, en inspiration unique ou en réinspiration"
YYYY077,Supplément pour utilisation d'un laser à colorant pulsé pour destruction d'angiome plan sur 60 cm² à 100 cm²
YYYY080,Supplément pour dosimétrie in vivo
YYYY081,Supplément pour utilisation d'un système d'enregistrement et de vérification des paramètres
YYYY085,Supplément pour utilisation d'un laser à colorant pulsé pour  destruction d'angiome plan sur 30 cm² à 60 cm²
YYYY088,Échographie de contrôle ou surveillance de pathologie gravidique foetale ou maternelle au cours d'une grossesse unifoetale
YYYY089,"Mesure du transfert de monoxyde de carbone, en état stable, en apnée, en inspiration unique ou en réinspiration, avec épreuve d'exercice"
YYYY094,Supplément pour utilisation d'un laser à colorant pulsé pour  destruction d'angiome plan sur 100 cm² à 200 cm²
YYYY095,"Assistance pédiatrique avant la naissance, sur appel du praticien responsable de l'accouchement, pour une situation de risque néonatal, avec établissement d'un compte rendu"
YYYY099,"Irradiation de moins de 300 cm² en champs fixes par télécobalt  par fraction de 2,8 Grays pour les faisceaux de 0,5 à 4,9 MeV"
YYYY101,"Irradiation de moins de 300 cm² en champs fixes par télécobalt  par fraction de 28 Grays pour les faisceaux de 0,5 à 4,9 MeV"
YYYY105,"Imagerie pour acte de radiologie interventionnelle ou de cardiologie interventionnelle niveau 1, réalisée en salle d'imagerie"
YYYY107,Supplément pour prélèvement peropératoire d'autogreffe veineuse saphène pour pontage fémorotibial ou fémoropéronier
YYYY108,"Surveillance post opératoire d'un patient  de chirurgie cardiaque avec CEC, niveau 1"
YYYY109,Supplément pour utilisation de caches personnalisés et focalisés
YYYY110,"Imagerie pour acte de radiologie interventionnelle ou de cardiologie interventionnelle niveau 2, réalisée en salle d'imagerie"
YYYY112,Supplément pour utilisation d'un laser à colorant pulsé pour  destruction d'angiome plan sur 350 cm² à 500 cm²
YYYY115,Guidage scanographique
YYYY117,"Mise en condition médicale et surveillance d'un nouveau-né pour transfert médicalisé vers un centre spécialisé, avec établissement d'un compte rendu"
YYYY118,"Surveillance post opératoire d'un patient  de chirurgie cardiaque avec CEC, niveau 2"
YYYY120,"Imagerie pour acte de radiologie interventionnelle ou de cardiologie interventionnelle niveau 3, réalisée en salle d'imagerie"
YYYY122,"Irradiation  en cyclothérapie par télécobalt  par fraction de 2,8 Grays pour les faisceaux de 0,5 à 4,9 MeV"
YYYY123,Surveillance en unité d'obstétrique d'un enfant dont l'état nécessite un placement en incubateur ou des soins de courte durée
YYYY125,Guidage remnographique
YYYY128,Supplément pour paramétrage d'un collimateur multilames
YYYY130,"Imagerie pour acte de radiologie interventionnelle ou de cardiologie interventionnelle niveau 9, réalisée en salle d'imagerie"
YYYY136,"Irradiation de moins de 300 cm² en champs fixes par accélérateur  par fraction de 2,5 Grays pour les faisceaux de 0,5 à 4,9 MeV"
YYYY140,"Imagerie pour acte de radiologie interventionnelle ou de cardiologie interventionnelle niveau 4, réalisée en salle d'imagerie"
YYYY141,"Irradiation  en cyclothérapie par accélérateur  par fraction de 20 Grays pour les faisceaux de 5 à 7,9 MeV"
YYYY144,Séance d'oxygénothérapie hyperbare
YYYY145,Supplément pour examen radiologique de la vésicule et des voies biliaires et /ou pancréatiques au cours d'un acte diagnostique ou thérapeutique
YYYY146,Réalisation de potentiels évoqués somesthésiques au cours de la chirurgie rachidienne
YYYY150,"Imagerie pour acte de radiologie interventionnelle ou de cardiologie interventionnelle niveau 5, réalisée en salle d'imagerie"
YYYY151,Supplément pour contrôles balistiques de qualité en radiothérapie par gammagraphie
YYYY152,"Irradiation de moins de 300 cm² en champs fixes par accélérateur  par fraction de 2 Grays pour les faisceaux de 5 à 7,9 MeV"
YYYY154,"Réanimation immédiate ou différée du nouveau-né en détresse vitale, comportant toute technique de ventilation, avec ou sans intubation, et les actes associés, avec établissement d'un compte rendu"
YYYY160,"Imagerie pour acte de radiologie interventionnelle ou de cardiologie interventionnelle niveau 6, réalisée en salle d'imagerie"
YYYY163,Radiographie de l'hémisquelette ou du squelette complet chez l'adulte
YYYY166,Supplément pour contrôles balistiques de qualité en radiothérapie par imagerie portale
YYYY169,Traitement hyperbare avec médecin en dehors du caisson
YYYY170,"Imagerie pour acte de radiologie interventionnelle ou de cardiologie interventionnelle niveau 7, réalisée en salle d'imagerie"
YYYY172,"Échographie et/ou échographie doppler de contrôle ou surveillance de pathologie d'un ou deux organes intra-abdominaux et/ou intrapelviens, ou de vaisseaux périphérique"
YYYY175,"Irradiation  en cyclothérapie  par accélérateur  par fraction de 14 centiGrays pour les faisceaux de 8 à 16,9 MeV"
YYYY180,"Imagerie pour acte de radiologie interventionnelle ou de cardiologie interventionnelle niveau 8, réalisée en salle d'imagerie"
YYYY186,Supplément  pour réalisation de gaz du sang au cours d'exploration fonctionnelle respiratoire niveau 2
YYYY188,Supplément pour prélèvement peropératoire et pose d'autogreffe osseuse à distance du foyer opératoire
YYYY189,Réalisation d'un acte d' électroéncéphalographie au cours d'une intervention de chirurgie endo thoracique ou de neurochirurgie
YYYY190,"Imagerie pour acte de radiologie interventionnelle ou de cardiologie interventionnelle niveau 10, réalisée en salle d'imagerie"
YYYY196,Traitement hyperbare avec médecin à l'intérieur  du caisson
YYYY197,"Irradiation de moins de 300 cm² en champs fixes par accélérateur  par fraction de 1,2 Grays pour les faisceaux de 17 à 24,9 MeV"
YYYY200,"Imagerie pour acte de radiologie interventionnelle ou de cardiologie interventionnelle niveau 11, réalisée en salle d'imagerie"
YYYY210,"Imagerie pour acte de radiologie interventionnelle ou de cardiologie interventionnelle niveau 12, réalisée en salle d'imagerie"
YYYY211,"Irradiation de moins de 300 cm² en champs fixes par accélérateur  par fraction de 1,4 Grays pour les faisceaux de 8 à 16,9 MeV"
YYYY212,Supplément pour étude mictionnelle au cours d'une urétrocystographie
YYYY220,"Imagerie pour acte de radiologie interventionnelle ou de cardiologie interventionnelle niveau 13, réalisée en salle d'imagerie"
YYYY222,Supplément pour utilisation d'un laser à colorant pulsé pour  destruction d'angiome plan sur 500 cm² à 700 cm²
YYYY223,"Irradiation  en cyclothérapie par accélérateur  par fraction de 1,4 Grays pour les faisceaux de 8 à 16,9 MeV"
YYYY225,Supplément pour utilisation de contentions individualisées
YYYY227,Supplément pour tomographie avec plan non parallèle au premier plan de coupe
YYYY230,"Imagerie pour acte de radiologie interventionnelle ou de cardiologie interventionnelle niveau 15, réalisée en salle d'imagerie"
YYYY232,Supplément  pour réalisation de gaz du sang au cours d'exploration fonctionnelle respiratoire niveau 3
YYYY233,Supplément pour tomographie au cours d'un examen radiographique
YYYY240,"Imagerie pour acte de radiologie interventionnelle ou de cardiologie interventionnelle niveau 16, réalisée en salle d'imagerie"
YYYY244,"Irradiation de moins de 300 cm² en champs fixes par accélérateur  par fraction de 0,9 Grays pour les faisceaux de 25 MeV ou plus"
YYYY245,"Imagerie pour acte de radiologie interventionnelle ou de cardiologie interventionnelle niveau 17, réalisée en salle d'imagerie"
YYYY250,"Imagerie pour acte de radiologie interventionnelle ou de cardiologie interventionnelle niveau 18, réalisée en salle d'imagerie"
YYYY256,"Irradiation  en cyclothérapie par accélérateur  par fraction de 14 Grays pour les faisceaux de 8 à 16,9 MeV"
YYYY260,"Imagerie pour acte de radiologie interventionnelle ou de cardiologie interventionnelle niveau 19, réalisée en salle d'imagerie"
YYYY267,"Irradiation  en cyclothérapie par accélérateur  par fraction de 12 centiGrays pour les faisceaux de 17 à 24,9 MeV"
YYYY270,"Imagerie pour acte de radiologie interventionnelle ou de cardiologie interventionnelle niveau 20, réalisée en salle d'imagerie"
YYYY280,"Imagerie pour acte de radiologie interventionnelle ou de cardiologie interventionnelle niveau 21, réalisée en salle d'imagerie"
YYYY290,"Imagerie pour acte de radiologie interventionnelle ou de cardiologie interventionnelle niveau 22, réalisée en salle d'imagerie"
YYYY299,"Irradiation de 300 cm² et plus en champs fixes  par accélérateur  par fraction de 14 centiGrays pour les faisceaux de 8 à 16,9 MeV"
YYYY300,"Supplément pour imagerie pour acte de radiologie interventionnelle, réalisée au bloc opératoire"
YYYY301,"Irradiation de 300 cm² et plus en champs fixes par télécobalt par fraction de 28 centiGrays pour les faisceaux de 0,5 à 4,9 MeV"
YYYY302,"Irradiation de 300 cm² et plus en champs fixes par télécobalt par fraction de 28 centiGrays pour les faisceaux de 0,5 à 4,9 MeV, incluant 2 volumes"
YYYY303,"Irradiation de 300 cm² et plus en champs fixes par accélérateur  par fraction de 2,5 Grays pour les faisceaux de 0,5 à 4,9 MeV, incluant 4 volumes"
YYYY304,"Irradiation de 300 cm² et plus en champs fixes  par accélérateur  par fraction de 14 centiGrays pour les faisceaux de 8 à 16,9 MeV, incluant 2 volumes"
YYYY305,"Irradiation de 300 cm² et plus en champs fixes par accélérateur  par fraction de 1,2 Grays pour les faisceaux de 17 à 24,9 MeV, incluant 3 volumes"
YYYY306,Irradiation  en cyclothérapie par accélérateur  par fraction de 9 Grays pour les faisceaux de 25 MeV ou plus
YYYY307,"Irradiation de 300 cm² et plus en champs fixes par accélérateur  par fraction de 20 centiGrays pour les faisceaux de 5 à 7,9 MeV"
YYYY308,Tomographie de l'appareil ostéoarticulaire premier plan en coupe
YYYY310,"Irradiation de 300 cm² et plus en champs fixes par accélérateur  par fraction de 25 Grays pour les faisceaux de 0,5 à 4,9 MeV"
YYYY312,"Irradiation de moins de 300 cm² en champs fixes par accélérateur  par fraction de 25 Grays pour les faisceaux de 0,5 à 4,9 MeV"
YYYY313,"Irradiation de 300 cm² et plus en champs fixes par télécobalt par fraction de 28 centiGrays pour les faisceaux de 0,5 à 4,9 MeV, incluant 3 volumes"
YYYY314,"Irradiation de 300 cm² et plus en champs fixes par accélérateur  par fraction de 25 Grays pour les faisceaux de 0,5 à 4,9 MeV, incluant 2 volumes"
YYYY315,"Irradiation de 300 cm² et plus en champs fixes  par accélérateur  par fraction de 14 centiGrays pour les faisceaux de 8 à 16,9 MeV, incluant 3 volumes"
YYYY316,"Irradiation de 300 cm² et plus en champs fixes par accélérateur  par fraction de 1,2 Grays pour les faisceaux de 17 à 24,9 MeV, incluant  4 volumes"
YYYY318,Supplément pour injection de produit de contraste radiologique pour discographie intervertébrale multiple
YYYY320,"Irradiation de 300 cm² et plus en champs fixes par accélérateur  par fraction de 12 Grays pour les faisceaux de 17 à 24,9 MeV"
YYYY323,"Irradiation de moins de 300 cm² en champs fixes par accélérateur  par fraction de 20 Grays pour les faisceaux de 5 à 7,9 MeV"
YYYY324,"Irradiation de 300 cm² et plus en champs fixes par télécobalt par fraction de 28 centiGrays pour les faisceaux de 0,5 à 4,9 MeV, incluant 4 volumes"
YYYY325,"Irradiation de 300 cm² et plus en champs fixes par accélérateur  par fraction de 25 Grays pour les faisceaux de 0,5 à 4,9 MeV, incluant 3 volumes"
YYYY326,"Irradiation de 300 cm² et plus en champs fixes  par accélérateur  par fraction de 14 centiGrays pour les faisceaux de 8 à 16,9 MeV, incluant 4 volumes"
YYYY327,"Irradiation de 300 cm² et plus en champs fixes par accélérateur  par fraction de 12 Grays pour les faisceaux de 17 à 24,9 MeV, incluant 2 volumes"
YYYY331,"Irradiation de 300 cm² et plus en champs fixes par accélérateur  par fraction de 1,4 Grays pour les faisceaux de 8 à 16,9 MeV"
YYYY334,"Irradiation de moins de 300 cm² en champs fixes par accélérateur  par fraction de 14 Grays pour les faisceaux de 8 à 16,9 MeV"
YYYY335,"Irradiation de 300 cm² et plus en champs fixes par télécobalt  par fraction de 2,8 Grays pour les faisceaux de 0,5 à 4,9 MeV, incluant 2 volumes"
YYYY336,"Irradiation de 300 cm² et plus en champs fixes par accélérateur  par fraction de 25 Grays pour les faisceaux de 0,5 à 4,9 MeV, incluant 4 volumes"
YYYY337,"Irradiation de 300 cm² et plus en champs fixes par accélérateur  par fraction de 1,4 Grays pour les faisceaux de 8 à 16,9 MeV, incluant 2 volumes"
YYYY338,"Irradiation de 300 cm² et plus en champs fixes par accélérateur  par fraction de 12 Grays pour les faisceaux de 17 à 24,9 MeV, incluant 3 volumes"
YYYY343,"Irradiation de 300 cm² et plus en champs fixes par télécobalt  par fraction de 2,8 Grays pour les faisceaux de 0,5 à 4,9 MeV"
YYYY345,"Irradiation de moins de 300 cm² en champs fixes par accélérateur  par fraction de 12 Grays pour les faisceaux de 17 à 24,9 MeV"
YYYY346,"Irradiation de 300 cm² et plus en champs fixes par télécobalt  par fraction de 2,8 Grays pour les faisceaux de 0,5 à 4,9 MeV, incluant 3 volumes"
YYYY347,"Irradiation de 300 cm² et plus en champs fixes par accélérateur  par fraction de 20 centiGrays pour les faisceaux de 5 à 7,9 MeV, incluant 2 volumes"
YYYY348,"Irradiation de 300 cm² et plus en champs fixes par accélérateur  par fraction de 1,4 Grays pour les faisceaux de 8 à 16,9 MeV, incluant 3 volumes"
YYYY349,"Irradiation de 300 cm² et plus en champs fixes par accélérateur  par fraction de 12 Grays pour les faisceaux de 17 à 24,9 MeV, incluant 4 volumes"
YYYY356,Irradiation de moins de 300 cm² en champs fixes par accélérateur  par fraction de 9 Grays pour les faisceaux de 25 MeV ou plus
YYYY357,"Irradiation de 300 cm² et plus en champs fixes par télécobalt  par fraction de 2,8 Grays pour les faisceaux de 0,5 à 4,9 MeV, incluant 4 volumes"
YYYY358,"Irradiation de 300 cm² et plus en champs fixes par accélérateur  par fraction de 20 centiGrays pour les faisceaux de 5 à 7,9 MeV, incluant 3 volumes"
YYYY359,"Irradiation de 300 cm² et plus en champs fixes par accélérateur  par fraction de 1,4 Grays pour les faisceaux de 8 à 16,9 MeV, incluant 4 volumes"
YYYY360,Irradiation de 300 cm² ou plus en champs fixes par accélérateur  par fraction de 9 centiGrays pour les faisceaux de 25 MeV ou plus
YYYY365,"Irradiation de 300 cm² ou plus en champs fixes par accélérateur  par fraction de 9 centiGrays pour les faisceaux de 25 MeV ou plus, incluant 2 volumes"
YYYY367,"Irradiation de 300 cm² et plus en champs fixes par télécobalt  par fraction de 28 Grays pour les faisceaux de 0,5 à 4,9 MeV"
YYYY368,"Irradiation de 300 cm² et plus en champs fixes par télécobalt  par fraction de 28 Grays pour les faisceaux de 0,5 à 4,9 MeV, incluant 2 volumes"
YYYY369,"Irradiation de 300 cm² et plus en champs fixes par accélérateur  par fraction de 20 centiGrays pour les faisceaux de 5 à 7,9 MeV, incluant 4 volumes"
YYYY370,"Irradiation de 300 cm² et plus en champs fixes par accélérateur  par fraction de 14 Grays pour les faisceaux de 8 à 16,9 MeV"
YYYY371,"Irradiation de 300 cm² ou plus en champs fixes par accélérateur  par fraction de 9 centiGrays pour les faisceaux de 25 MeV ou plus, incluant 3 volumes"
YYYY377,"Irradiation de 300 cm² et plus en champs fixes par accélérateur  par fraction de 14 Grays pour les faisceaux de 8 à 16,9 MeV, incluant 2 volumes"
YYYY379,"Irradiation de 300 cm² et plus en champs fixes par télécobalt  par fraction de 28 Grays pour les faisceaux de 0,5 à 4,9 MeV, incluant 3 volumes"
YYYY380,"Irradiation de 300 cm² et plus en champs fixes par accélérateur  par fraction de 2 Grays pour les faisceaux de 5 à 7,9 MeV"
YYYY381,"Irradiation de 300 cm² et plus en champs fixes par accélérateur  par fraction de 14 Grays pour les faisceaux de 8 à 16,9 MeV, incluant 3 volumes"
YYYY382,"Irradiation de 300 cm² ou plus en champs fixes par accélérateur  par fraction de 9 centiGrays pour les faisceaux de 25 MeV ou plus, incluant 4 volumes"
YYYY383,"Irradiation de 300 cm² et plus en champs fixes par télécobalt  par fraction de 28 Grays pour les faisceaux de 0,5 à 4,9 MeV, incluant 4 volumes"
YYYY387,"Irradiation de 300 cm² et plus en champs fixes par accélérateur  par fraction de 2 Grays pour les faisceaux de 5 à 7,9 MeV, incluant 2 volumes"
YYYY390,"Irradiation de 300 cm² et plus en champs fixes  par accélérateur  par fraction de 25 centiGrays pour les faisceaux de 0,5 à 4,9 MeV"
YYYY391,"Irradiation de 300 cm² et plus en champs fixes par accélérateur  par fraction de 2 Grays pour les faisceaux de 5 à 7,9 MeV, incluant 3 volumes"
YYYY392,"Irradiation de 300 cm² et plus en champs fixes  par accélérateur  par fraction de 25 centiGrays pour les faisceaux de 0,5 à 4,9 MeV, incluant 2 volumes"
YYYY393,"Irradiation de 300 cm² ou plus en champs fixes par accélérateur  par fraction de 0,9 Grays pour les faisceaux de 25 MeV ou plus, incluant 2 volumes"
YYYY397,Supplément pour utilisation de pistolet au cours d'une biopsie du sein
YYYY398,"Irradiation de 300 cm² et plus en champs fixes par accélérateur  par fraction de 14 Grays pour les faisceaux de 8 à 16,9 MeV, incluant 4 volumes"
YYYY400,Supplément pour injection peropératoire de produit de contraste radiologique dans les voies excrétrices bilio pancréatiques pour prises de clichés radiologiques
YYYY405,Supplément pour injection peropératoire de produit de contraste radiologique dans les voies excrétrices urinaires pour prises de clichés radiologiques
YYYY410,Supplément pour injection de produit de contraste radiologique pour urétrocystographie rétrograde
YYYY415,Supplément pour injection intra utérine de produit de contraste radiologique ou de substance médicamenteuse
YYYY420,Supplément pour injection  de produit de contraste radiologique pour arthrographie
YYYY425,Supplément pour injection de produit de contraste radiologique pour sialographie
YYYY450,"Irradiation de 300 cm² et plus en champs fixes par accélérateur  par fraction de 12 centiGrays pour les faisceaux de 17 à 24,9 MeV"
YYYY451,"Irradiation de 300 cm² ou plus en champs fixes par accélérateur  par fraction de 0,9 Grays pour les faisceaux de 25 MeV ou plus"
YYYY456,Supplément pour réalisation d'un acte d'électroencéphalographie au  domicile ou dans un établissement dépourvu d'appareillage électroencéphalographique
YYYY457,"Irradiation de 300 cm² et plus en champs fixes  par accélérateur  par fraction de 25 centiGrays pour les faisceaux de 0,5 à 4,9 MeV, incluant 3 volumes"
YYYY458,"Irradiation de 300 cm² et plus en champs fixes par accélérateur  par fraction de 2 Grays pour les faisceaux de 5 à 7,9 MeV, incluant 4 volumes"
YYYY459,"Irradiation de 300 cm² et plus en champs fixes par accélérateur  par fraction de 12 centiGrays pour les faisceaux de 17 à 24,9 MeV, incluant 2 volumes"
YYYY460,"Irradiation de 300 cm² et plus en champs fixes par accélérateur  par fraction de 20 Grays pour les faisceaux de 5 à 7,9 MeV"
YYYY467,Supplément pour injection intraveineuse de produit de contraste au cours d'un examen radiographique ou scanographique
YYYY468,"Irradiation de 300 cm² et plus en champs fixes  par accélérateur  par fraction de 25 centiGrays pour les faisceaux de 0,5 à 4,9 MeV, incluant 4 volumes"
YYYY469,"Irradiation de 300 cm² et plus en champs fixes par accélérateur  par fraction de 20 Grays pour les faisceaux de 5 à 7,9 MeV, incluant 2 volumes"
YYYY470,"Irradiation de 300 cm² et plus en champs fixes par accélérateur  par fraction de 12 centiGrays pour les faisceaux de 17 à 24,9 MeV, incluant 3 volumes"
YYYY471,"Irradiation de 300 cm² et plus en champs fixes par accélérateur  par fraction de 2,5 Grays pour les faisceaux de 0,5 à 4,9 MeV"
YYYY479,"Irradiation de 300 cm² et plus en champs fixes par accélérateur  par fraction de 2,5 Grays pour les faisceaux de 0,5 à 4,9 MeV, incluant 2 volumes"
YYYY480,"Irradiation de 300 cm² et plus en champs fixes par accélérateur  par fraction de 20 Grays pour les faisceaux de 5 à 7,9 MeV, incluant 3 volumes"
YYYY481,"Irradiation de 300 cm² et plus en champs fixes par accélérateur  par fraction de 12 centiGrays pour les faisceaux de 17 à 24,9 MeV, incluant  4 volumes"
YYYY490,Supplément pour électrocardiographie réalisée au domicile du patient
YYYY491,"Irradiation de 300 cm² et plus en champs fixes par accélérateur  par fraction de 20 Grays pour les faisceaux de 5 à 7,9 MeV, incluant 4 volumes"
YYYY492,"Irradiation de 300 cm² et plus en champs fixes par accélérateur  par fraction de 1,2 Grays pour les faisceaux de 17 à 24,9 MeV, incluant 2 volumes"
YYYY493,"Irradiation de 300 cm² et plus en champs fixes par accélérateur  par fraction de 1,2 Grays pour les faisceaux de 17 à 24,9 MeV"
YYYY497,"Irradiation de 300 cm² et plus en champs fixes par accélérateur  par fraction de 2,5 Grays pour les faisceaux de 0,5 à 4,9 MeV, incluant 3 volumes"
YYYY500,"Irradiation de 300 cm² ou plus en champs fixes par accélérateur  par fraction de 0,9 Grays pour les faisceaux de 25 MeV ou plus, incluant 3 volumes"
YYYY511,"Irradiation de 300 cm² ou plus en champs fixes par accélérateur  par fraction de 0,9 Grays pour les faisceaux de 25 MeV ou plus, incluant 4 volumes"
YYYY520,Irradiation de 300 cm² ou plus en champs fixes par accélérateur  par fraction de 9 Grays pour les faisceaux de 25 MeV ou plus
YYYY522,"Irradiation de 300 cm² ou plus en champs fixes par accélérateur  par fraction de 9 Grays pour les faisceaux de 25 MeV ou plus, incluant 2 volumes"
YYYY533,"Irradiation de 300 cm² ou plus en champs fixes par accélérateur  par fraction de 9 Grays pour les faisceaux de 25 MeV ou plus, incluant 3 volumes"
YYYY544,"Irradiation de 300 cm² ou plus en champs fixes par accélérateur  par fraction de 9 Grays pour les faisceaux de 25 MeV ou plus, incluant 4 volumes"
YYYY555,"Irradiation  en cyclothérapie par télécobalt  par fraction de 28 Grays pour les faisceaux de 0,5 à 4,9 MeV"
YYYY566,"Irradiation  en cyclothérapie par accélérateur  par fraction de 1,2 Grays pour les faisceaux de 17 à 24,9 MeV"
YYYY577,"Irradiation  en cyclothérapie par accélérateur  par fraction de 12 Grays pour les faisceaux de 17 à 24,9 MeV"
YYYY588,Irradiation  en cyclothérapie par accélérateur  par fraction de 9 centiGrays pour les faisceaux de 25 MeV ou plus
YYYY595,Supplément pour hémofiltration au cours d'une surveillance de CEC
YYYY599,"Irradiation  en cyclothérapie par accélérateur  par fraction de 0,9 Grays pour les faisceaux de 25 MeV ou plus"
ZCQA002,"Exploration de la cavité abdominale par phrénotomie, au cours d'une intervention par thoracotomie"
ZFQP002,"Test d'évaluation et de catégorisation des déficiences, incapacités et désavantages sociaux"
ZFQP003,Test d'évaluation de la qualité de vie
ZZEP002,"Installation d'un nouveau-né en incubateur à la naissance, avec ventilation spontanée avec oxygénothérapie"
ZZEP003,"Installation d'un nouveau-né en incubateur à la naissance, avec ventilation spontanée au masque facial avec pression expiratoire positive [VS-PEP] ou ventilation mécanique"
ZZEP004,"Installation d'un nouveau-né en incubateur à la naissance, avec ventilation spontanée sans oxygénothérapie"
ZZGP001,"Mobilisation ou ablation de dispositif de drainage, sous anesthésie générale ou locorégionale"
ZZHH009,"Ponction ou cytoponction d'organe profond sur plusieurs cibles, par voie transcutanée avec guidage scanographique"
ZZHH010,"Biopsie d'organe profond sur plusieurs cibles, par voie transcutanée avec guidage scanographique"
ZZHH011,"Ponction ou cytoponction d'organe profond sur plusieurs cibles, par voie transcutanée avec guidage radiologique"
ZZHH012,"Biopsie d'organe profond sur plusieurs cibles, par voie transcutanée avec guidage radiologique"
ZZHJ016,"Ponction ou cytoponction d'organe superficiel sur plusieurs cibles, par voie transcutanée avec guidage échographique"
ZZHJ017,"Biopsie d'organe profond sur plusieurs cibles, par voie transcutanée avec guidage remnographique [IRM]"
ZZHJ018,"Ponction ou cytoponction d'organe profond sur plusieurs cibles, par voie transcutanée avec guidage remnographique [IRM]"
ZZHJ019,"Biopsie d'organe profond sur plusieurs cibles, par voie transcutanée avec guidage échographique"
ZZHJ020,"Ponction ou cytoponction d'organe profond sur plusieurs cibles, par voie intracavitaire avec guidage échographique"
ZZHJ021,"Ponction ou cytoponction d'organe profond sur plusieurs cibles, par voie transcutanée avec guidage échographique"
ZZHJ022,"Biopsie d'organe superficiel sur plusieurs cibles, par voie transcutanée avec guidage échographique"
ZZKP001,"Changement de dispositif de drainage, sous anesthésie générale ou locorégionale"
ZZLF900,"Séance d'administration locorégionale intrartérielle d'agent pharmacologique anticancéreux par un dispositif implanté, sans CEC, sans hyperthermie"
ZZLP025,Anesthésie générale ou locorégionale complémentaire niveau 1
ZZLP030,Anesthésie générale ou locorégionale complémentaire niveau 2
ZZLP042,Anesthésie générale ou locorégionale complémentaire niveau 4
ZZLP054,Anesthésie générale ou locorégionale complémentaire niveau 3
ZZMK019,"Reprise de préparation à une irradiation externe sans dosimétrie, avec simulation sous l'appareil de traitement"
ZZMK020,"Reprise de préparation à une irradiation externe avec repérage par scanographe, dosimétrie tridimensionnelle avec HDV, simulation virtuelle utilisant la fonction ""vue de la source"" [beam's eye view] [BEV] et la restitution tridimensionnelle, et fabrication de filtre compensateur personnalisé ou de cache personnalisé focalisé et/ou paramétrage d'un collimateur multilame"
ZZMK021,"Reprise de préparation à une irradiation externe avec repérage par conformateur, dosimétrie bidimensionnelle sur 1 ou 2 coupes, simulation à l'aide d'un simulateur, d'un simulateur-scanographe ou d'un scanographe à fonction simulateur intégrée et fabrication de cache personnalisé focalisé et/ou paramétrage d'un collimateur multilame"
ZZMK022,"Reprise de préparation à une irradiation externe avec repérage par scanographe, dosimétrie tridimensionnelle sans HDV, simulation à l'aide d'un simulateur ou d'un scanographe à fonction simulateur intégrée et fabrication de cache personnalisé focalisé et/ou paramétrage d'un collimateur multilame"
ZZMK023,"Reprise de préparation à une irradiation externe avec repérage par conformateur et analyse des données acquises par échographie, dosimétrie bidimensionnelle sur 3 coupes ou plus, simulation à l'aide d'un simulateur, d'un simulateur-scanographe ou d'un scanographe à fonction simulateur intégrée et fabrication de cache personnalisé focalisé et/ou paramétrage d'un collimateur multilame"
ZZMK900,"Préparation à une irradiation externe avec repérage par scanographe, dosimétrie tridimensionnelle avec HDV, simulation virtuelle utilisant la fonction ""vue de la source"" [beam's eye view] [BEV] et la restitution tridimensionnelle, et paramétrage d'un collimateur multilame pour utilisation dynamique"
ZZMP008,"Préparation à une irradiation externe avec dosimétrie tridimensionnelle sans HDV après repérage par remnographie [IRM], simulation virtuelle utilisant la fonction ""vue de la source"" [beam's eye view] [BEV] et la restitution tridimensionnelle, et fabrication de cache personnalisé focalisé et/ou paramétrage d'un collimateur multilame"
ZZMP010,"Préparation à une irradiation externe avec dosimétrie tridimensionnelle avec HDV après repérage par remnographie [IRM], simulation virtuelle utilisant la fonction ""vue de la source"" [beam's eye view] [BEV] et la restitution tridimensionnelle, et fabrication de filtre compensateur personnalisé ou de cache personnalisé focalisé et/ou paramétrage d'un collimateur multilame"
ZZMP011,Préparation à une irradiation encéphalique en conditions stéréotaxiques à dose fractionnée
ZZMP012,"Préparation à une irradiation intracrânienne en conditions stéréotaxiques en dose unique, avec pose de cadre effractif"
ZZMP900,"Préparation à une irradiation externe avec dosimétrie tridimensionnelle avec HDV après repérage par remnographie [IRM], simulation virtuelle utilisant la fonction ""vue de la source"" [beam's eye view] [BEV] et la restitution tridimensionnelle, et paramétrage d'un collimateur multilame pour utilisation dynamique"
ZZNL900,"Séance d'irradiation externe par machine produisant des photons d'énergie égale ou supérieure à 5 MV et inférieure à 15 MV par 1 ou 2 faisceaux, avec utilisation dynamique de collimateur multilame [modulation d'intensité]"
ZZNL902,"Séance d'irradiation externe par machine produisant des photons d'énergie égale ou supérieure à 5 MV et inférieure à 15 MV par 5 faisceaux ou plus, avec utilisation dynamique de collimateur multilame [modulation d'intensité]"
ZZNL903,"Séance d'irradiation externe par machine produisant des photons d'énergie égale ou supérieure à 15 MV par 5 faisceaux ou plus, avec utilisation dynamique de collimateur multilame [modulation d'intensité]"
ZZNL904,"Séance d'irradiation externe par machine produisant des photons d'énergie égale ou supérieure à 15 MV par 1 ou 2 faisceaux, avec utilisation dynamique de collimateur multilame [modulation d'intensité]"
ZZNL905,"Séance d'irradiation externe par machine produisant des photons d'énergie égale ou supérieure à 5 MV et inférieure à 15 MV par 3 ou 4 faisceaux, avec utilisation dynamique de collimateur multilame [modulation d'intensité]"
ZZNL906,"Séance d'irradiation externe par machine produisant des photons d'énergie égale ou supérieure à 15 MV par 3 ou 4 faisceaux, avec utilisation dynamique de collimateur multilame [modulation d'intensité]"
ZZQA002,Échographie peropératoire
ZZQA003,Échographie-doppler peropératoire
ZZQL020,"Scintigraphie et/ou tomoscintigraphie de contrôle avec quantification, après administration d'agent pharmacologique radio-isotopique à visée thérapeutique"
ZZQL021,Fusion numérique multimodale des images acquises par techniques d'imagerie en coupes ou imagerie fonctionnelle
ZZQL900,Mise en oeuvre d'une correction d'atténuation par transmission tomoscintigraphique
ZZQN002,Restitution tridimensionnelle des images acquises par remnographie [IRM]
ZZQP004,Restitution tridimensionnelle des images acquises par scanographie
EDCC015,"Suture de plaie d'artère digestive, par coelioscopie"
HFCC022,"Gastrojéjunostomie de dérivation [Gastro-entéro-anastomose sans résection gastrique], par coelioscopie"
HFFC012,"Gastrectomie partielle inférieure avec anastomose gastroduodénale, par coelioscopie"
HFFC017,"Gastrectomie totale avec rétablissement de la continuité, par coelioscopie"
HGAC010,"Plastie d'élargissement unique ou multiple de l'intestin grêle, par coelioscopie"
HGCC003,"Entéroentérostomie de dérivation, par coelioscopie"
HGCC015,"Iléocolostomie de dérivation [Anastomose iléocolique sans exérèse intestinale], par coelioscopie"
HGCC026,"Entérostomie cutanée, par coelioscopie"
HGEC009,"Réduction d'invagination intestinale aigüe, par coelioscopie"
HGFC014,"Résection segmentaire unique de l'intestin grêle sans rétablissement de la continuité, en dehors de l'occlusion, par coelioscopie"
HGFC016,"Résection segmentaire multiple de l'intestin grêle, par coelioscopie"
HGFC021,"Résection segmentaire unique de l'intestin grêle avec rétablissement de la continuité, en dehors de l'occlusion, par coelioscopie"
HGPC005,"Ablation d'un cathéter de dialyse péritonéale, par coelioscopie"
HGPC006,"Entérotomie à visée thérapeutique, par coelioscopie"
HGPC015,"Libération étendue de l'intestin grêle [Entérolyse étendue] pour occlusion aigüe, par coelioscopie"
HHCC007,"Colostomie cutanée, par coelioscopie"
HHCC011,"Colocolostomie de dérivation [Anastomose colocolique sans exérèse colique], par coelioscopie"
HHFA032,"Kystectomie ovarienne, par abord vaginal au cours d'une intervention par abord vaginal"
HHMC005,"Réfection de stomie cutanée intestinale, par coelioscopie"
HJFC023,"Proctectomie secondaire par coelioscopie avec anastomose iléoanale par voie transanale, après colectomie totale initiale"
HJFC031,"Résection rectosigmoïdienne dépassant le cul-de-sac de Douglas, sans rétablissement de la continuité, par coelioscopie"
HLFC027,"Bisegmentectomie hépatique, par coelioscopie"
HLFC032,"Trisegmentectomie hépatique, par coelioscopie"
HLFC037,"Hépatectomie gauche, par coelioscopie"
HLSC012,"Hémostase de lésion du foie, par coelioscopie"
HMCC013,"Cholédochoduodénostomie avec gastrojéjunostomie, par coelioscopie"
HNCC021,"Anastomose entre un faux kyste du pancréas et l'estomac [Kystogastrostomie], par coelioscopie"
HNCC033,"Anastomose entre un faux kyste du pancréas et le jéjunum [Kystojéjunostomie], par coelioscopie"
HNFC027,"Nécrosectomie pancréatique, par coelioscopie"
HNFC028,"Pancréatectomie gauche avec conservation de la rate, par coelioscopie"
HPFC007,"Résection ou cloisonnement du cul-de-sac recto-utérin [de Douglas], par coelioscopie"
HPKC014,"Changement d'un cathéter de dialyse péritonéale, par coelioscopie"
HPLC035,"Pose ou repositionnement d'un cathéter intrapéritonéal pour dialyse péritonéale, par coelioscopie"
JAPC018,"Section de l'isthme d'un rein en fer à cheval, par coelioscopie"
JCEC006,"Réimplantation urétérovésicale unilatérale avec création de montage antireflux, par coelioscopie"
JCEC011,"Réimplantation urétérovésicale bilatérale avec création de montage antireflux, par coelioscopie"
JDCC016,"Suture de plaie ou de rupture de vessie, par coelioscopie"
JDFC023,"Cystectomie partielle, par coelioscopie"
JDSC024,"Fermeture de fistule vésicovaginale acquise, par coelioscopie"
JGFC045,"Exérèse des vésicules séminales, par  coelioscopie"
JJFA050,"Salpingoovariectomie [Annexectomie], par abord vaginal"
JKDA042,"Hystéropexie antérieure, par laparotomie"
JKDC015,"Hystéropexie antérieure, par coelioscopie"
JLDC015,"Suspension du dôme du vagin [Promontofixation du dôme vaginal], par coelioscopie"
JQQJ037,"Mesure de la longueur du canal cervical du col de l'utérus, par échographie par voie vaginale"
LLMC019,"Plastie d'une coupole du diaphragme pour éventration, par coelioscopie"
LMMC020,"Cure de hernie de la paroi abdominale antérieure après l'âge de 16 ans avec pose de prothèse, par coelioscopie"
YYYY008,"Supplément pour réalisation d'un examen radiologique par un médecin de montagne lors de la prise en charge diagnostique et thérapeutique dans le même temps d'une lésion ostéo-articulaire, musculo-tendineuse ou des parties molles d'origine traumatique"
YYYY012,Supplément pour radiographie per opératoire au cours d'un acte de chirurgie orthopédique ou traumatologique
YYYY013,Supplément pour prélèvement peropératoire d'autogreffe veineuse saphène
YYYY015,Forfait de réanimation niveau A
YYYY016,Protocole de traitement par radiothérapie de contact pour affection maligne
YYYY017,Injection secondaire souscutanée susfasciale de tissu adipeux autologue au niveau du visage
YYYY019,Supplément pour injection  de produit de contraste radiologique pour arthrographie de la hanche
YYYY020,Forfait de réanimation niveau B
YYYY021,Irradiation de contact pour affection maligne
YYYY022,Supplément pour circulation extracorporelle au cours d'un acte de chirugie pulmonaire
YYYY024,"Bilan radiologique veineux complet  des membres inférieurs pour pathologie veineuse complexe nécessitant plusieurs voies d'abord, des poses de garrots éventuelles et des clichés dans différentes positions"
YYYY025,Supplément pour mesure du volume résiduel de la ventilation maximale au cours d'une spirométrie standard
YYYY026,Supplément pour curage ganglionnaire médiastinal au cours d'une pneumonectomie ou d'une lobectomie
YYYY027,"Prélèvement de spermatozoïdes au niveau du testicule, de l'épididyme ou du conduit déférent, par abord direct"
YYYY029,Manoeuvres intratubaires uni ou bilatérales après cathétérisme de trompe utérine avec guidage radiologique
YYYY031,Supplément pour curage ganglionnaire médiastinal au cours d'un acte de chirurgie médiastinale
YYYY032,Induction de l'ovulation par gonadotrophines suivie d'une insémination artificielle ou d'une fécondation in vitro
YYYY034,"Imagerie pour acte de radiologie interventionnelle ou de cardiologie interventionnelle niveau 14, réalisée en salle d'imagerie"
YYYY036,Supplément pour exérèse de nævi cellulaires ou de tumeurs cutanées malignes de moins de 5 cm²
YYYY037,Supplément pour injection sus pubienne de produit de contraste radiologique pour cystographie
YYYY039,"Supplément pour utilisation de radiocinéma, en 35 mm au cours d'un examen de radiologie conventionnelle"
YYYY043,Supplément pour exérèse de nævi cellulaires ou de tumeurs cutanées malignes de 5 cm² à 10 cm²
YYYY057,Supplément pour injection intrathécale  de produit de contraste radiologique
YYYY059,Appareillage de contention ou de réduction pré et postopératoire pour résection ou greffe du maxillaire ou de la mandibule
YYYY061,Supplément pour exérèse de nævi cellulaires ou de tumeurs cutanées malignes sur 10 cm² et plus
YYYY064,"Supplément pour utilisation de magnétoscope, au cours d'un examen de radiologie conventionnelle"
YYYY068,Supplément pour injection intravasculaire de produit de contraste radiologique au cours d'une intervention pour pontage des membres inférieurs
YYYY069,Supplément pour accouchement multiple par césarienne
YYYY072,Supplément pour injection intracarotidienne peropératoire de produit de contraste radiologique pour artériographie
YYYY073,"Supplément pour injection de produit de contraste radiologique, dans les conduits lactifères"
YYYY082,"Tentative d'angioplastie d'un vaisseau coronaire, d'une artère subclavière, viscérale ou périphérique, en cas de non franchissement de la sténose"
ZZLP008,Anesthésie générale ou locorégionale complémentaire niveau 5
ZZLP012,Anesthésie générale ou locorégionale complémentaire niveau 6
HBLD057,"Pose d'une plaque base résine pour guide radiologique préimplantaire dentaire, pour 1 arcade"
BJLB901,Injection unilatérale ou bilatérale de toxine botulique dans les muscles oculomoteurs
EGED001,"Réduction de procidence hémorroïdaire interne par agrafage circulaire, par voie anale"
GLJF010,"Épuration extracorporelle du dioxyde de carbone [CO2], par 24 heures"
HHGE010,"Ablation d'une endoprothèse du côlon, par coloscopie"
HHLE005,"Pose d'une endoprothèse du côlon, par coloscopie"
JGNE003,"Destruction d'une hypertrophie de la prostate par radiofréquence, par urétrocystoscopie avec guidage échographique"
LHPH907,"Exérèse d'un disque intervertébral, par voie transcutanée avec guidage radiologique [Nucléotomie transcutanée]"
MZMP002,"Confection d'un appareil rigide thoracobrachial pour immobilisation initiale de fracture du membre supérieur, sans réduction"
MZMP004,"Confection d'un appareil rigide au poignet et/ou à la main pour immobilisation initiale de fracture du membre supérieur, sans réduction"
MZMP006,"Confection d'un appareil rigide d'immobilisation de l'avant-bras, du poignet et/ou de la main ne prenant pas le coude"
MZMP007,"Confection d'un appareil rigide brachio-antébrachio-palmaire pour immobilisation initiale de fracture du membre supérieur, sans réduction"
MZMP011,Confection d'un appareil rigide d'immobilisation du membre supérieur prenant le coude
MZMP013,"Confection d'un appareil rigide antébrachiopalmaire pour immobilisation initiale de fracture du membre supérieur, sans réduction"
MZMP015,Confection d'un appareil rigide thoracobrachial d'immobilisation du membre supérieur
NBAA006,"Allongement osseux extemporané du fémur, avec autogreffe osseuse"
NZMP003,"Confection d'un appareil rigide d'immobilisation de la jambe, de la cheville et/ou du pied ne prenant pas le genou"
NZMP006,"Confection d'un appareil rigide fémorocrural [fémorojambier] ou fémoropédieux pour immobilisation initiale de fracture du membre inférieur, sans réduction"
NZMP007,Confection d'un appareil rigide d'immobilisation du membre inférieur prenant le genou
NZMP008,"Confection d'un appareil rigide pelvicrural [pelvijambier] ou pelvipédieux pour immobilisation initiale de fracture du membre inférieur, sans réduction"
NZMP012,Confection d'un appareil rigide pelvicrural [pelvijambier] ou pelvipédieux d'immobilisation du membre inférieur
NZMP014,"Confection d'un appareil rigide cruropédieux [jambopédieux] pour immobilisation initiale de fracture du membre inférieur, sans réduction"
QEHH015,"Macrobiopsie sous vide de lésion de la glande mammaire sur système accessoire, par voie transcutanée avec guidage mammographique"
YYYY187,Supplément pour archivage numérique d'un examen radiographique ou échographique
YYYY201,Supplément pour archivage numérique d'un examen scanographique ou remnographique
HGQD002,Exploration de la lumière de l'intestin grêle par vidéocapsule ingérée
ADGA001,"Ablation d'un générateur de stimulation du nerf vague, par abord direct"
ADKA001,"Changement d'un générateur de stimulation du nerf vague, par abord direct"
ADLA001,"Implantation d'un stimulateur du nerf vague, par abord direct"
HLNA007,"Destruction de tumeur hépatique avec courant de radiofréquence, par laparotomie"
HLNC003,"Destruction de tumeur hépatique avec courant de radiofréquence, par coelioscopie"
LMMC015,"Cure d'éventration postopératoire de la paroi abdominale antérieure avec pose de prothèse, par coelioscopie"
NBDA013,"Épiphysiodèse au genou, par plusieurs abords directs"
NBGA015,Désépiphysiodèse au fémur ou au tibia
BFPP001,"Capsulotomie du cristallin pour cataracte secondaire, avec laser"
CDGA001,Ablation d'un implant auditif à électrodes intracochléaires
DASF005,"Fermeture d'un foramen ovale perméable, par voie veineuse transcutanée"
DDLF001,"Injection in situ d'agent pharmacologique dans une branche d'artère coronaire pour réduction de l'épaisseur du septum interventriculaire, par voie artérielle transcutanée"
DDPF002,"Recanalisation d'artère coronaire avec pose d'endoprothèse, par voie artérielle transcutanée"
DENF014,"Destruction d'un foyer arythmogène atrial avec courant de radiofréquence, par voie veineuse transcutanée et voie transseptale"
DENF015,"Destruction d'un foyer ou interruption d'un circuit arythmogène ventriculaire avec courant de radiofréquence, par voie vasculaire transcutanée"
DENF017,"Destruction d'un foyer arythmogène atrial avec courant de radiofréquence, par voie veineuse transcutanée"
DENF018,"Destruction de plusieurs foyers arythmogènes atriaux avec courant de radiofréquence, par voie veineuse transcutanée et voie transseptale"
DENF021,"Destruction de plusieurs foyers arythmogènes atriaux avec courant de radiofréquence, par voie veineuse transcutanée"
DENF035,"Destruction de plusieurs foyers et/ou interruption de plusieurs circuits arythmogènes ventriculaires avec courant de radiofréquence, par voie vasculaire transcutanée"
DEPF004,"Interruption complète de plusieurs voies accessoires de conduction cardiaque avec courant de radiofréquence, par voie vasculaire transcutanée"
DEPF005,"Interruption complète d'une voie accessoire de conduction cardiaque avec courant de radiofréquence, par voie vasculaire transcutanée"
DEPF006,"Interruption complète du tissu nodal de la jonction atrioventriculaire avec courant de radiofréquence, par voie veineuse transcutanée"
DEPF010,"Interruption de la voie lente ou de la voie rapide de la jonction atrioventriculaire avec courant de radiofréquence ou cryothérapie, par voie veineuse transcutanée"
DEPF012,"Interruption complète de circuit arythmogène au niveau de l'isthme cavotricuspidien avec courant de radiofréquence ou cryothérapie, par voie veineuse transcutanée"
DEPF014,"Interruption complète de circuit arythmogène en dehors de l'isthme cavotricuspidien avec courant de radiofréquence, par voie veineuse transcutanée et voie transseptale"
DEPF025,"Interruption complète de circuit arythmogène en dehors de l'isthme cavotricuspidien avec courant de radiofréquence, par voie veineuse transcutanée"
DEPF033,"Interruption complète de circuit arythmogène au niveau de l'ostium des veines pulmonaires avec courant de radiofréquence ou cryothérapie, par voie veineuse transcutanée et voie transseptale"
YYYY062,Participation d'un 2ème chirurgien au cours d'un acte de chirurgie cardiaque
DBLA004,"Pose d'une bioprothèse de la valve aortique, par abord de l'apex du coeur par thoracotomie sans CEC"
DBLF001,"Pose d'une bioprothèse de la valve aortique, par voie artérielle transcutanée"
AGMP001,Préparation à une irradiation externe du névraxe [irradiation craniospinale]
ZANL001,"Irradiation externe intracrânienne en conditions stéréotaxiques avec cadre effractif, en dose unique"
ZZMK024,"Préparation à une irradiation externe avec repérage par scanographe, dosimétrie tridimensionnelle avec HDV, simulation virtuelle utilisant la fonction ""vue de la source"" [beam's eye view] [BEV] et la restitution tridimensionnelle, et paramétrage d'un collimateur multilame pour modulation d'intensité"
ZZMK025,"Reprise de préparation à une irradiation externe avec repérage par scanographe, dosimétrie tridimensionnelle avec HDV, simulation virtuelle utilisant la fonction ""vue de la source"" [beam's eye view] [BEV] et la restitution tridimensionnelle, et paramétrage d'un collimateur multilame pour modulation d'intensité"
ZZMK026,"Préparation à une irradiation externe avec repérage par simulateur-scanographe, dosimétrie bidimensionnelle et simulation à l'aide d'un simulateur-scanographe"
ZZMK027,"Reprise de préparation à une irradiation externe, dosimétrie bidimensionnelle, simulation à l'aide d'un simulateur, d'un simulateur-scanographe ou d'un scanographe à fonction simulateur intégrée et fabrication de cache personnalisé focalisé et/ou paramétrage d'un collimateur multilame"
ZZMK028,"Préparation à une irradiation externe avec repérage par simulateur-scanographe, dosimétrie bidimensionnelle, simulation à l'aide d'un simulateur-scanographe et fabrication de cache personnalisé focalisé et/ou paramétrage d'un collimateur multilame"
ZZML001,Contrôle du centrage des champs d'irradiation externe [Contrôle balistique] par imagerie portale
ZZML002,Contrôle de la dose d'irradiation externe reçue [Dosimétrie in vivo]
ZZML003,Contrôle du centrage des champs d'irradiation externe [Contrôle balistique] au cours d'une irradiation externe guidée par imagerie [IGRT]
ZZMP013,"Préparation à une irradiation externe en conditions stéréotaxiques avec synchronisation avec la respiration avec dosimétrie tridimensionnelle avec HDV après repérage par fusion numérique multimodale et simulation virtuelle utilisant la fonction ""vue de la source"" [beam's eye view] [BEV] et la restitution tridimensionnelle"
ZZMP015,Confection d'un système de contention personnalisé [individualisé] pour radiothérapie externe
ZZMP016,"Préparation à une irradiation externe en conditions stéréotaxiques sans synchronisation avec la respiration avec dosimétrie tridimensionnelle avec HDV après repérage par fusion numérique multimodale et simulation virtuelle utilisant la fonction ""vue de la source"" [beam's eye view] [BEV] et la restitution tridimensionnelle"
ZZMP017,Enregistrement numérisé et vérification des paramètres d'un traitement par irradiation externe [Système record and verify]
ZZMP018,Préparation à une radiothérapie de contact intracavitaire
ZZNL048,"Séance d'irradiation externe par accélérateur linéaire de puissance égale ou supérieure à 5 mégavolts [MV], équipé d'un collimateur multilame"
ZZNL049,"Irradiation externe en conditions stéréotaxiques par machine produisant des photons avec guidage par imagerie, sans synchronisation avec la respiration, en dose unique"
ZZNL050,"Séance d'irradiation externe par accélérateur linéaire avec modulation d'intensité, sans contrôle de la position de la cible"
ZZNL051,Séance d'irradiation externe par machine dédiée produisant des photons avec modulation d'intensité et contrôle de la position de la cible par imagerie [IGRT]
ZZNL052,"Séance d'irradiation externe en conditions stéréotaxiques par machine produisant des photons avec guidage par imagerie, avec synchronisation avec la respiration"
ZZNL053,"Séance d'irradiation externe par accélérateur linéaire de puissance égale ou supérieure à 5 mégavolts [MV], sans système de contrôle du positionnement"
ZZNL054,"Séance d'irradiation externe par accélérateur linéaire avec modulation d'intensité, avec contrôle de la position de la cible"
ZZNL055,"Irradiation externe en conditions stéréotaxiques par machine dédiée produisant des photons avec guidage par imagerie, sans synchronisation avec la respiration, en dose unique"
ZZNL058,"Séance d'irradiation externe en conditions stéréotaxiques par machine produisant des photons avec guidage par imagerie, sans synchronisation avec la respiration"
ZZNL059,"Séance d'irradiation externe en conditions stéréotaxiques par machine dédiée produisant des photons avec guidage par imagerie, sans synchronisation avec la respiration"
ZZNL060,"Séance d'irradiation externe en conditions stéréotaxiques par machine dédiée produisant des photons avec guidage par imagerie, avec synchronisation avec la respiration"
ZZNL061,Séance d'irradiation externe par machine de puissance inférieure à 5 mégavolts [MV]
ZZNL062,"Séance d'irradiation externe par accélérateur linéaire de puissance égale ou supérieure à 5 mégavolts [MV], équipé d'un système de repositionnement"
ZZNL063,"Séance d'irradiation externe par accélérateur linéaire de puissance égale ou supérieure à 5 mégavolts [MV], équipé d'un système de repositionnement guidé par imagerie [IGRT]"
ZZNL064,"Séance d'irradiation externe par accélérateur linéaire de puissance égale ou supérieure à 5 mégavolts [MV], équipé d'imagerie portale"
ZZNL065,"Séance d'irradiation externe par accélérateur linéaire de puissance égale ou supérieure à 5 mégavolts [MV], équipé d'un collimateur multilame et d'imagerie portale"
ZZNL066,Séance d'irradiation de contact endocavitaire
GDQP001,Examen anatomopathologique d'une pièce de laryngectomie ou de pharyngolaryngectomie
GEQP001,"Examen cytopathologique de produit différencié de lavage bronchioloalvéolaire bilatéral, avec coloration spéciale"
GEQP002,"Examen cytopathologique de produit de lavage bronchioloalvéolaire unilatéral, avec une coloration spéciale"
GFQP002,Examen anatomopathologique d'une pièce de pneumonectomie ou de pièces de lobectomies pulmonaires multiples
JDQP002,Examen anatomopathologique de fragment de résection endoscopique de la vessie
JGQP001,Examen anatomopathologique de fragment de résection endoscopique de la prostate
JKQP001,Examen cytopathologique de prélèvement [frottis] du col de l'utérus
JKQP002,Examen anatomopathologique d'une pièce de conisation du col de l'utérus ou de mastectomie partielle
JKQP008,Examen cytopathologique en phase liquide [technique monocouche] de prélèvement [frottis] du col de l'utérus
JQQP002,Autopsie médicale de 2 foetus
JQQP003,"Autopsie médicale d'un foetus ou d'un nouveau-né de moins de 4 jours de vie, avec examen de l'encéphale"
JQQP004,Autopsie médicale de 3 foetus ou plus
JQQP005,"Autopsie médicale d'un foetus ou d'un nouveau-né de moins de 4 jours de vie, sans examen de l'encéphale"
YYYY040,Supplément pour diagnostic histopathologique portant sur des lésions tumorales
YYYY042,Supplément pour diagnostic histopathologique portant sur des lésions malignes tumorales
YYYY060,"Examen immunocytochimique de l'étalement d'un produit de ponction ou d'un produit d'aspiration ou de liquide de ponction, d'émission ou de lavage d'une structure anatomique"
ZZQP101,Examen anatomopathologique de prélèvement biopsique de muqueuse d'une structure anatomique
ZZQP102,Examen anatomopathologique de prélèvements biopsiques étagés de muqueuse de 4 structures anatomiques ou plus
ZZQP103,"Examen cytopathologique de l'étalement de produit d'aspiration ou de liquide de ponction, d'émission ou de lavage de 2 structures anatomiques, avec prélèvement non différencié sur chaque structure"
ZZQP104,"Examen anatomopathologique extemporané de 5 prélèvements différenciés de structure anatomique ou plus, sur le lieu du prélèvement [au bloc opératoire]"
ZZQP107,"Examen cytopathologique de l'étalement de produit de brossage, de grattage ou d'écouvillonnage de la peau ou de muqueuse"
ZZQP108,"Examen cytopathologique de l'étalement de produit d'aspiration ou de liquide de ponction, d'émission ou de lavage d'une structure anatomique, avec inclusion en paraffine et examen immunocytochimique"
ZZQP109,Examen anatomopathologique d'une pièce d'expulsion
ZZQP110,"Examen cytopathologique de l'étalement de produit d'aspiration ou de liquide de ponction, d'émission ou de lavage de 3 structures anatomiques, avec prélèvement non différencié sur chaque structure"
ZZQP111,"Examen anatomopathologique de pièces d'exérèse bilatérale d'une structure anatomique paire, avec examen des marges ou de recoupe"
ZZQP112,"Examen anatomopathologique de prélèvement tissulaire congelé, avec examen immunohistochimique avec 5 anticorps ou plus"
ZZQP114,"Examen immunohistochimique de prélèvement tissulaire fixé avec 5 anticorps ou plus, sans quantification du signal"
ZZQP116,"Examen cytopathologique de l'étalement de produit d'aspiration ou de liquide de ponction, d'émission ou de lavage d'une structure anatomique, avec inclusion en paraffine"
ZZQP117,"Examen cytopathologique de l'étalement de produit d'aspiration ou de liquide de ponction, d'émission ou de lavage de 4 structures anatomiques ou plus, avec prélèvement non différencié sur chaque structure"
ZZQP118,"Examen anatomopathologique extemporané de 2 à 4 prélèvements différenciés de structure anatomique, sur le lieu du prélèvement [au bloc opératoire]"
ZZQP119,"Examen anatomopathologique extemporané d'un prélèvement de structure anatomique, sur le lieu du prélèvement [au bloc opératoire]"
ZZQP120,"Examen cytopathologique de l'étalement de produit de ponction d'une structure anatomique, sur plusieurs cibles"
ZZQP121,Examen anatomopathologique de prélèvement biopsique de muqueuse avec cartographie
ZZQP122,"Examen cytopathologique de l'étalement de produit d'aspiration ou de liquide de ponction, d'émission ou de lavage de plusieurs structures anatomiques, avec prélèvements différenciés sur chaque structure"
ZZQP123,"Examen anatomopathologique de fragment de résection endoscopique ou de curetage de structure anatomique, non différencié par le préleveur"
ZZQP124,Examen anatomopathologique de prélèvements biopsiques étagés de muqueuse de 3 structures anatomiques
ZZQP127,"Examen anatomopathologique de pièce d'exérèse d'une structure anatomique en plusieurs fragments différenciés par le préleveur, sans examen des marges ou de recoupe"
ZZQP128,"Examen cytopathologique de l'étalement de produit d'aspiration ou de liquide de ponction, d'émission ou de lavage d'une structure anatomique, avec prélèvement non différencié"
ZZQP129,"Examen cytopathologique en phase liquide [technique monocouche] de l'étalement de produit de ponction d'une structure anatomique, sur plusieurs cibles"
ZZQP132,Examen anatomopathologique de prélèvement biopsique de 3 structures anatomiques ou plus
ZZQP133,"Examen cytopathologique de l'étalement de produit de ponction de 4 structures anatomiques ou plus, sur une cible pour chaque structure"
ZZQP134,"Examen cytopathologique de l'étalement de produit d'aspiration ou de liquide de ponction, d'émission ou de lavage d'une structure anatomique, avec prélèvements différenciés"
ZZQP136,"Examen anatomopathologique de pièces d'exérèse bilatérale d'une structure anatomique paire, sans examen des marges ou de recoupe"
ZZQP139,"Examen cytopathologique de l'étalement de produit de ponction de 2 structures anatomiques, sur une cible pour chaque structure"
ZZQP140,"Examen immunohistochimique de prélèvement tissulaire fixé avec 1 à 4 anticorps, sans quantification du signal"
ZZQP141,"Examen cytopathologique de l'étalement de produit de ponction de 3 structures anatomiques, sur une cible pour chaque structure"
ZZQP142,"Examen cytopathologique de l'étalement de produit de ponction de plusieurs structures anatomiques, sur plusieurs cibles pour chaque structure"
ZZQP143,"Examen cytopathologique de l'étalement de produit de ponction d'une structure anatomique, avec inclusion en paraffine"
ZZQP144,Examen anatomopathologique de prélèvement biopsique de muqueuse de 4 structures anatomiques
ZZQP145,"Examen cytopathologique en phase liquide [technique monocouche] de l'étalement de produit d'aspiration ou de liquide de ponction, d'émission ou de lavage de 2 structures anatomiques, avec prélèvement non différencié sur chaque structure"
ZZQP146,"Examen anatomopathologique extemporané de 5 prélèvements différenciés de structure anatomique ou plus, hors du lieu du prélèvement"
ZZQP147,"Examen cytopathologique en phase liquide [technique monocouche] de l'étalement de produit d'aspiration ou de liquide de ponction, d'émission ou de lavage de 3 structures anatomiques, avec prélèvement non différencié sur chaque structure"
ZZQP148,Examen anatomopathologique de prélèvements biopsiques étagés d'une structure anatomique
ZZQP149,"Examen anatomopathologique extemporané d'un prélèvement de structure anatomique, hors du lieu du prélèvement"
ZZQP150,"Examen anatomopathologique de prélèvement tissulaire congelé, avec examen immunohistochimique avec 1 à 4 anticorps"
ZZQP151,"Examen cytopathologique de l'étalement de produit de ponction d'une structure anatomique, sur une cible"
ZZQP152,"Examen cytopathologique de l'étalement de produit de ponction d'une structure anatomique, avec inclusion en paraffine et examen immunocytochimique"
ZZQP153,"Examen cytopathologique en phase liquide [technique monocouche] de l'étalement de produit d'aspiration ou de liquide de ponction, d'émission ou de lavage d'une structure anatomique, avec prélèvement non différencié"
ZZQP154,"Examen anatomopathologique de pièce d'exérèse d'une structure anatomique en plusieurs fragments différenciés par le préleveur, avec examen des marges ou de recoupe"
ZZQP155,"Examen cytopathologique en phase liquide [technique monocouche] de l'étalement de produit d'aspiration ou de liquide de ponction, d'émission ou de lavage de 4 structures anatomiques ou plus, avec prélèvement non différencié sur chaque structure"
ZZQP156,Examen anatomopathologique de prélèvements biopsiques étagés de muqueuse d'une structure anatomique
ZZQP157,Examen anatomopathologique de prélèvement biopsique de muqueuse de 3 structures anatomiques
ZZQP158,"Examen cytopathologique en phase liquide [technique monocouche] de l'étalement de produit de ponction de 3 structures anatomiques, sur une cible pour chaque structure"
ZZQP159,"Examen anatomopathologique de fragments de résection endoscopique ou de curetage d'une structure anatomique, différenciés par le préleveur"
ZZQP161,Examen anatomopathologique de prélèvements biopsiques étagés de plusieurs structures anatomiques
ZZQP162,Examen anatomopathologique de prélèvement biopsique d'une structure anatomique
ZZQP163,Examen anatomopathologique de prélèvement biopsique de 2 structures anatomiques
ZZQP164,"Examen anatomopathologique de pièce d'exérèse de plusieurs structures anatomiques contigües, sans examen des marges ou de recoupe"
ZZQP165,"Examen cytopathologique en phase liquide [technique monocouche] de l'étalement de produit d'aspiration ou de liquide de ponction, d'émission ou de lavage d'une structure anatomique, avec prélèvements différenciés"
ZZQP166,"Examen anatomopathologique de pièces d'exérèse bilatérale d'une structure anatomique paire en plusieurs fragments différenciés par le préleveur sur chaque structure anatomique, avec examen des marges ou de recoupe de chaque structure"
ZZQP167,Examen anatomopathologique de prélèvements biopsiques étagés de muqueuse de 2 structures anatomiques
ZZQP168,Examen anatomopathologique de prélèvement biopsique de muqueuse de 5 structures anatomiques ou plus
ZZQP169,"Examen anatomopathologique de pièce d'exérèse de plusieurs structures anatomiques contiguës, avec examen des marges nécessitant un échantillonnage"
ZZQP170,"Examen cytopathologique en phase liquide [technique monocouche] de l'étalement de produit de ponction d'une structure anatomique, sur une cible"
ZZQP171,"Examen immunohistochimique de prélèvement tissulaire fixé avec 5 anticorps ou plus, avec quantification du signal"
ZZQP172,"Examen cytopathologique en phase liquide [technique monocouche] de l'étalement de produit de ponction de 2 structures anatomiques, sur une cible pour chaque structure"
ZZQP173,Test de détection du génome des papillomavirus humains oncogènes
ZZQP174,"Examen cytopathologique en phase liquide [technique monocouche] de l'étalement de produit de ponction de 4 structures anatomiques ou plus, sur une cible pour chaque structure"
ZZQP175,"Examen anatomopathologique extemporané de 2 à 4 prélèvements différenciés de structure anatomique, hors du lieu du prélèvement"
ZZQP176,Examen anatomopathologique de prélèvement biopsique d'une structure anatomique avec cartographie
ZZQP177,"Examen anatomopathologique de fragments de résection endoscopique ou de curetage de plusieurs structures anatomiques, différenciés par le préleveur sur chaque structure"
ZZQP178,"Examen anatomopathologique de pièces d'exérèse de 3 structures anatomiques non contigües, sans examen des marges ou de recoupe"
ZZQP179,"Examen cytopathologique en phase liquide [technique monocouche] de l'étalement de produit d'aspiration ou de liquide de ponction, d'émission ou de lavage de plusieurs structures anatomiques, avec prélèvements différenciés sur chaque structure"
ZZQP180,"Examen anatomopathologique de pièces d'exérèse de 2 structures anatomiques non contigües, sans examen des marges ou de recoupe"
ZZQP181,"Examen anatomopathologique de pièces d'exérèse de 4 structures anatomiques non contigües ou plus, sans examen des marges ou de recoupe"
ZZQP183,Examen anatomopathologique de prélèvement biopsique de muqueuse de 2 structures anatomiques
ZZQP184,"Examen anatomopathologique de pièces d'exérèse de plusieurs structures anatomiques non contigües, avec examen des marges nécessitant un échantillonnage"
ZZQP185,"Examen anatomopathologique de pièce d'exérèse bilatérale de plusieurs structures anatomiques contigües paires, avec examen des marges ou de recoupe de chaque structure"
ZZQP186,Examen anatomopathologique par hybridation in situ
ZZQP187,"Examen cytopathologique en phase liquide [technique monocouche] de l'étalement de produit de ponction de plusieurs structures anatomiques, sur plusieurs cibles pour chaque structure"
ZZQP188,"Examen anatomopathologique de pièce d'exérèse d'une structure anatomique, sans examen des marges ou de recoupe"
ZZQP191,"Examen anatomopathologique de pièce d'exérèse bilatérale de plusieurs structures anatomiques contigües paires, sans examen des marges ou de recoupe"
ZZQP192,"Examen anatomopathologique de pièces d'exérèse bilatérale d'une structure anatomique paire en plusieurs fragments différenciés par le préleveur sur chaque structure anatomique, sans examen des marges ou de recoupe"
ZZQP193,"Examen anatomopathologique de pièce d'exérèse d'une structure anatomique, avec examen des marges nécessitant un échantillonnage"
ZZQP195,"Examen immunohistochimique de prélèvement tissulaire fixé avec 1 à 4 anticorps, avec quantification du signal"
GLBP001,"Compression thérapeutique avec inhalation de mélange suroxygéné ou d'oxygène pur à une pression initiale égale ou supérieure à 280 kilopascals [kPa], d'une durée de 3 à 7 heures"
GLBP002,"Compression thérapeutique avec inhalation de mélange suroxygéné ou d'oxygène pur à une pression initiale égale ou supérieure à 280 kilopascals [kPa], d'une durée de 1 à 3 heures"
GLBP003,"Compression thérapeutique avec inhalation de mélange suroxygéné ou d'oxygène pur à une pression initiale égale ou supérieure à 280 kilopascals [kPa], d'une durée de 7 heures ou plus"
GLLD021,"Oxygénothérapie hyperbare avec inhalation d'oxygène pur d'une durée minimale de 60 minutes à une pression de 200 à 280 kilopascals [kPa], chez un patient en ventilation mécanique"
GLLP006,"Oxygénothérapie hyperbare avec inhalation d'oxygène pur d'une durée minimale de 60 minutes à une pression de 200 à 280 kilopascals [kPa] chez un patient en ventilation spontanée, pour affection en dehors de la phase aigüe"
GLLP007,"Oxygénothérapie hyperbare avec inhalation d'oxygène pur d'une durée minimale de 60 minutes à une pression de 200 à 280 kilopascals [kPa] chez un patient en ventilation spontanée, pour affection en phase aigüe"
GLQP017,Épreuve d'oxygénothérapie hyperbare [OHB] avec mesure transcutanée de la pression partielle en oxygène [PtcO2]
HFFA011,"Gastrectomie longitudinale [Sleeve gastrectomy] pour obésité, par laparotomie"
HFFC018,"Gastrectomie longitudinale [Sleeve gastrectomy] pour obésité, par coelioscopie"
HGCA009,"Court-circuit biliopancréatique ou intestinal pour obésité morbide, par laparotomie"
HGCC027,"Court-circuit biliopancréatique ou intestinal pour obésité morbide, par coelioscopie"
KGQP002,"Mesure de la sensibilité à l'insuline avec administration intraveineuse de glucose et d'insuline, avec mesure de la production hépatique de glucose"
KGQP003,Mesure de la sécrétion d'insuline avec administration intraveineuse de glucose
KGQP005,"Mesure de la sensibilité à l'insuline avec administration intraveineuse de glucose et d'insuline, sans mesure de la production hépatique de glucose"
MJDC001,"Ténodèse et/ou résection de la portion articulaire du muscle long biceps brachial, par arthroscopie"
PANH001,"Destruction d'une tumeur osseuse bénigne par agent physique par voie transcutanée, avec guidage scanographique"
YYYY023,Irradiation de contact pour affection maligne
HLQM002,Mesure de l'élasticité du foie par élastographie impulsionnelle ultrasonore
JAFC010,"Néphrectomie totale élargie à la loge rénale avec surrénalectomie, par coelioscopie ou rétropéritonéoscopie"
JAFC019,"Néphrectomie totale élargie à la loge rénale, par coelioscopie ou rétropéritonéoscopie"
JANE002,"Fragmentation intrarénale de calcul caliciel inférieur avec ondes de choc ou laser [Lithotritie intrarénale], par urétéronéphroscopie"
JANE005,"Fragmentation intrarénale de calcul avec ondes de choc ou laser [Lithotritie intrarénale], par urétéronéphroscopie"
JBNE004,"Destruction de tumeur calicielle et/ou pyélique avec laser, par urétéronéphroscopie"
JDDB005,"Soutènement vésical par bandelette synthétique infra-urétrale, par voie transvaginale et par voie transobturatrice"
JDDB007,"Soutènement vésical par bandelette synthétique infra-urétrale, par voie transvaginale et par voie transrétropubienne, avec contrôle endoscopique"
JEGB005,"Ablation de prothèse sphinctérienne ajustable périurétrale chez l'homme, par voie transcutanée"
JEKB006,"Changement de prothèse sphinctérienne ajustable périurétrale chez l'homme, par voie transcutanée avec guidage radiologique"
JELB003,"Pose de prothèse sphinctérienne ajustable périurétrale chez l'homme, par voie transcutanée avec guidage radiologique"
HBLD078,Pose d'une plaque base résine pour guide radiologique préimplantaire dentaire pour 2 arcades
HBLD084,Pose d'une plaque base résine pour guide chirurgical préimplantaire dentaire pour 2 arcades
JJCA003,"Anastomose tubotubaire unilatérale ou bilatérale, par laparotomie"
JJCC002,"Microperforations unilatérales ou bilatérales de l'ovaire, par pélycoscopie [culdoscopie] [coelioscopie transvaginale]"
JJCC003,"Microperforations unilatérales ou bilatérales de l'ovaire, par coelioscopie"
JJCC004,"Anastomose tubotubaire unilatérale ou bilatérale, par coelioscopie"
JKFA033,"Myomectomie de l'utérus, par abord vaginal"
LBLD034,Pose de barre de conjonction entre 2 implants intrabuccaux
LBLD057,Pose de barre de conjonction entre 3 implants intrabuccaux ou plus
YYYY600,Supplément pour archivage numérique d'une mammographie ou d'un examen scanographique ou remnographique
DBLF009,Pose d'une bioprothèse de la valve pulmonaire par voie veineuse transcutanée
DGLF012,"Pose d'endoprothèse fenêtrée ou multibranche dans l'aorte abdominale pour anévrisme complexe, par voie artérielle transcutanée"
EPJB015,"Évacuation de thrombus de veine superficielle des membres ou du cou, par voie transcutanée"
LAQK027,"Radiographie volumique par faisceau conique [cone beam computerized tomography][CBCT] du maxillaire, de la mandibule et/ou d'arcade dentaire"
LDKA900,"remplacement d'un disque intervertébral cervical par prothèse, par cervicotomie"
LFKA001,"remplacement d'un disque intervertébral lombal par prothèse totale, par laparotomie ou lombotomie"
NAQK049,Radiographie de la ceinture pelvienne [du bassin] selon 1 incidence et radiographie bilatérale de l'articulation coxofémorale selon 1 ou 2 incidences par côté
NAQK071,Radiographie de la ceinture pelvienne [du bassin] selon 1 incidence et radiographie unilatérale de l'articulation coxofémorale selon 1 ou 2 incidence
YYYY007,Forfait hebdomadaire de prise en charge d'un patient insuffisant rénal en dialyse péritonéale
ZZQH033,"Scanographie de 3 territoires anatomiques ou plus, avec injection de produit de contraste"
ZZQK024,"Scanographie de 3 territoires anatomiques ou plus, sans injection de produit de contraste"
BGQP140,"Lecture différée d'une rétinographie en couleur, sans la présence du patient"
QEMA020,Reconstruction du sein par lambeau cutanéograisseux libre à pédicule perforant de l'abdomen [lambeau DIEP [deep inferior epigastric perforator]] avec anastomoses vasculaires
HBAA338,Allongement coronaire par gingivectomie sur une dent
HBBD039,"Comblement [Scellement] prophylactique des puits, sillons et fissures sur 5 dents"
HBBD098,"Comblement [Scellement] prophylactique des puits, sillons et fissures sur 7 dents"
HBBD234,Obturation radiculaire d'une première prémolaire maxillaire  après apexification
HBBD404,"Comblement [Scellement] prophylactique des puits, sillons et fissures sur 6 dents"
HBBD427,"Comblement [Scellement] prophylactique des puits, sillons et fissures sur 8 dents"
HBFD150,Exérèse du contenu canalaire non vivant d'une molaire permanente immature
HBFD297,Exérèse du contenu canalaire non vivant d'une première prémolaire maxillaire
HBFD326,Exérèse du contenu canalaire non vivant d'une prémolaire immature autre que la première prémolaire maxillaire
HBFD395,Exérèse du contenu canalaire non vivant d'une première prémolaire maxillaire immature
HBFD458,Exérèse du contenu canalaire non vivant d'une incisive ou d'une canine permanente immature
HBFD474,Exérèse du contenu canalaire non vivant d'une molaire temporaire
HBGD054,Avulsion de 12 dents temporaires sur arcade
HBGD057,Avulsion de 15 dents temporaires sur arcade
HBGD064,Avulsion de 10 dents permanentes sur arcade sans alvéolectomie
HBGD065,Avulsion de 5 dents temporaires sur arcade
HBGD076,Avulsion de 7 dents permanentes sur arcade sans alvéolectomie
HBGD093,Avulsion de 10 dents temporaires sur arcade
HBGD106,Avulsion de 6 dents permanentes sur arcade sans alvéolectomie
HBGD111,Avulsion de 13 dents temporaires sur arcade
HBGD123,Avulsion de 17 dents temporaires sur arcade
HBGD133,Avulsion de 16 dents temporaires sur arcade
HBGD146,Avulsion de 12 dents permanentes sur arcade sans alvéolectomie
HBGD174,Avulsion de 14 dents temporaires sur arcade
HBGD193,Avulsion de 28 dents permanentes sur arcade sans alvéolectomie
HBGD197,Avulsion de 15 dents permanente sur arcade sans alvéolectomie
HBGD201,Avulsion de 20 dents temporaires sur arcade
HBGD233,Désobturation endodontique d'une première prémolaire maxillaire
HBGD235,Avulsion de 23 dents permanentes sur arcade sans alvéolectomie
HBGD245,Avulsion de 31 dents permanentes sur arcade sans alvéolectomie
HBGD247,Avulsion de 14 dents permanentes sur arcade sans alvéolectomie
HBGD258,Avulsion de 21 dents permanentes sur arcade sans alvéolectomie
HBGD261,Avulsion de 17 dents permanentes sur arcade sans alvéolectomie
HBGD263,Avulsion de 8 dents temporaires sur arcade
HBGD278,Avulsion de 20 dents permanentes sur arcade sans alvéolectomie
HBGD280,Avulsion de 9 dents temporaires sur arcade
HBGD282,Avulsion de19 dents temporaires sur arcade
HBGD283,Avulsion de 32 dents permanentes sur arcade sans alvéolectomie
HBGD284,Avulsion de 4 dents temporaires sur arcade
HBGD285,Avulsion de 26 dents permanentes sur arcade sans alvéolectomie
HBGD287,Avulsion de 3 dents permanentes sur arcade avec alvéolectomie
HBGD309,Avulsion de 3 dents temporaires sur arcade
HBGD311,Avulsion de 22 dents permanentes sur arcade sans alvéolectomie
HBGD319,Avulsion de 3 dents permanentes sur arcade sans alvéolectomie
HBGD333,Avulsion de 16 dents permanente sur arcade sans alvéolectomie
HBGD338,Avulsion de 27 dents permanentes sur arcade sans alvéolectomie
HBGD345,Avulsion de 29 dents permanentes sur arcade sans alvéolectomie
HBGD356,Avulsion de 11 dents permanentes sur arcade sans alvéolectomie
HBGD362,Avulsion de 11 dents temporaires sur arcade
HBGD374,Avulsion de 24 dents permanentes sur arcade sans alvéolectomie
HBGD382,Avulsion de 13 dents permanentes sur arcade sans alvéolectomie
HBGD386,Avulsion de 2 prémolaires retenues ou à l'état de germe
HBGD414,Avulsion de 30 dents permanentes sur arcade sans alvéolectomie
HBGD420,Avulsion de 9 dents permanentes sur arcade sans alvéolectomie
HBGD422,Avulsion de 8 dents permanentes sur arcade sans alvéolectomie
HBGD459,Avulsion d'1 prémolaire retenue ou à l'état de germe
HBGD461,Avulsion de 19 dents permanentes sur arcade sans alvéolectomie
HBGD462,Avulsion de 6 dents temporaires sur arcade
HBGD464,Avulsion de 7 dents temporaires sur arcade
HBGD468,Avulsion de 18 dents temporaires sur arcade
HBGD475,Avulsion de 25 dents permanentes sur arcade sans alvéolectomie
HBGD489,Avulsion de 4 dents permanentes sur arcade sans alvéolectomie
HBGD497,Avulsion de 5 dents permanentes sur arcade sans alvéolectomie
HBGD499,Avulsion de 18 dents permanentes sur arcade sans alvéolectomie
HBKD140,Changement de 7 facettes d'une prothèse dentaire amovible
HBKD212,Changement de 4 facettes d'une prothèse dentaire amovible
HBKD213,Changement de 6 facettes d'une prothèse dentaire amovible
HBKD244,Changement de 8 facettes d'une prothèse dentaire amovible
HBKD300,Changement de 3 facettes d'une prothèse dentaire amovible
HBKD396,Changement d'1 facette d'une prothèse dentaire amovible
HBKD431,Changement de 2 facettes d'une prothèse dentaire amovible
HBKD462,Changement de 5 facettes d'une prothèse dentaire amovible
HBLD075,"Pose d'une prothèse amovible définitive à châssis métallique, comportant 7 dents"
HBLD079,"Pose d'une prothèse amovible définitive à châssis métallique, comportant 10 dents"
HBLD083,"Pose d'une prothèse amovible définitive à plaque base résine, comportant 11 dents"
HBLD101,"Pose d'une prothèse amovible définitive à plaque base résine, comportant 9 dents"
HBLD112,"Pose d'une prothèse amovible définitive à châssis métallique, comportant 12 dents"
HBLD118,Pose d'une prothèse amovible supra-implantaire complète unimaxillaire à plaque base résine
HBLD123,"Pose d'une prothèse amovible de transition à plaque base résine, comportant 7 dents"
HBLD131,"Pose d'une prothèse amovible définitive à châssis métallique, comportant 1 à 3 dents"
HBLD132,Pose d'une prothèse amovible supra-implantaire à plaque résine comportant moins de 9 dents
HBLD138,"Pose d'une prothèse amovible définitive à plaque base résine, comportant 10 dents"
HBLD148,"Pose d'une prothèse amovible de transition à plaque base résine, comportant 9 dents"
HBLD171,Pose d'une prothèse amovible supra-implantaire complète bimaxillaire à chassis métallique
HBLD199,Pose d'une prothèse amovible supra-implantaire complète bimaxillaire à plaque base résine
HBLD203,"Pose d'une prothèse amovible définitive à châssis métallique, comportant 11 dents"
HBLD215,"Pose d'une prothèse amovible de transition à plaque base résine, comportant 11 dents"
HBLD217,Pose d'une prothèse amovible supra-implantaire complète unimaxillaire à chassis métallique
HBLD224,"Pose d'une prothèse amovible de transition à plaque base résine, comportant 5 dents"
HBLD231,"Pose d'une prothèse amovible de transition à plaque base résine, comportant 10 dents"
HBLD232,"Pose d'une prothèse amovible de transition à plaque base résine, comportant 13 dents"
HBLD236,Pose d'une prothèse amovible supra-implantaire à chassis métallique  comportant de 9 à 13 dents
HBLD240,Pose d'une prothèse amovible supra-implantaire à chassis métallique  comportant moins de 9 dents
HBLD261,Pose d'une infrastructure coronoradiculaire avec clavette sur une dent [Inlay core à clavette]
HBLD262,"Pose d'une prothèse amovible de transition à plaque base résine, comportant 12 dents"
HBLD270,"Pose d'une prothèse amovible de transition à plaque base résine, comportant 8 dents"
HBLD308,"Pose d'une prothèse amovible définitive à châssis métallique, comportant 13 dents"
HBLD332,"Pose d'une prothèse amovible définitive à châssis métallique, comportant 4 dents"
HBLD349,"Pose d'une prothèse amovible définitive à plaque base résine, comportant 13 dents"
HBLD364,"Pose d'une prothèse amovible de transition à plaque base résine, comportant 1 à 3 dents"
HBLD370,"Pose d'une prothèse amovible définitive à plaque base résine, comportant 12 dents"
HBLD371,"Pose d'une prothèse amovible de transition à plaque base résine, comportant 6 dents"
HBLD418,Pose d'une couronne dentaire implantoportée
HBLD435,"Pose d'une prothèse amovible définitive à châssis métallique, comportant 9 dents"
HBLD452,"Pose d'une prothèse amovible définitive à châssis métallique, comportant 5 dents"
HBLD470,"Pose d'une prothèse amovible définitive à châssis métallique, comportant 8 dents"
HBLD474,"Pose d'une prothèse amovible définitive à châssis métallique, comportant 6 dents"
HBLD476,"Pose d'une prothèse amovible de transition à plaque base résine, comportant 4 dents"
HBLD492,"Pose d'une prothèse amovible supra-implantaire à plaque base résine, comportant de 9 à 13 dents"
HBMD110,"Réparation d'une fracture de châssis métallique de prothèse dentaire amovible, avec remontage de 4 éléments"
HBMD114,Adjonction ou changement de 2 éléments d'une prothèse dentaire amovible
HBMD134,Adjonction ou changement de 13 éléments d'une prothèse dentaire amovible
HBMD174,Adjonction ou changement de 14 éléments d'une prothèse dentaire amovible
HBMD188,Adjonction ou changement de 3 éléments soudés d'une prothèse dentaire amovible sur châssis métallique
HBMD198,Adjonction ou changement de 6 éléments d'une prothèse dentaire amovible
HBMD200,Adjonction ou changement de 13 éléments soudés d'une prothèse dentaire amovible sur châssis métallique
HBMD226,Adjonction ou changement de 11 éléments d'une prothèse dentaire amovible
HBMD228,Adjonction ou changement de 8 éléments d'une prothèse dentaire amovible
HBMD245,Adjonction ou changement de 5 éléments d'une prothèse dentaire amovible
HBMD249,Adjonction ou changement d'1 élément soudé sur une prothèse dentaire amovible sur châssis métallique
HBMD281,Adjonction ou changement de 12 éléments soudés d'une prothèse dentaire amovible sur châssis métallique
HBMD283,Adjonction ou changement de 5 éléments soudés d'une prothèse dentaire amovible sur châssis métallique
HBMD286,Adjonction ou changement de 9 éléments d'une prothèse dentaire amovible
HBMD289,"Réparation d'une fracture de châssis métallique de prothèse dentaire amovible, avec remontage de 13 éléments"
HBMD292,Adjonction ou changement de 2 éléments soudés d'une prothèse dentaire amovible sur châssis métallique
HBMD298,Adjonction ou changement de 14 éléments soudés d'une prothèse dentaire amovible sur châssis métallique
HBMD312,"Réparation d'une fracture de châssis métallique de prothèse dentaire amovible, avec remontage de 12 éléments"
HBMD322,Adjonction ou changement de 3 éléments d'une prothèse dentaire amovible
HBMD329,Adjonction ou changement de 10 éléments d'une prothèse dentaire amovible
HBMD339,"Réparation d'une fracture de châssis métallique de prothèse dentaire amovible, avec remontage de 7 éléments"
HBMD342,Adjonction d'un 2e élément intermédiaire métallique à une prothèse dentaire plurale  [3e élément métallique  intermédiaire de bridge]
HBMD349,"Réparation d'une fracture de châssis métallique de prothèse dentaire amovible, avec remontage de 5 éléments"
HBMD373,Adjonction ou changement de 7 éléments d'une prothèse dentaire amovible
HBMD386,"Réparation d'une fracture de châssis métallique de prothèse dentaire amovible, avec remontage de 6 éléments"
HBMD387,Adjonction ou changement de 12 éléments d'une prothèse dentaire amovible
HBMD400,"Réparation d'une fracture de châssis métallique de prothèse dentaire amovible, avec remontage de 14 éléments"
HBMD404,Adjonction ou changement de 4 éléments d'une prothèse dentaire amovible
HBMD410,Adjonction ou changement de 10 éléments soudés d'une prothèse dentaire amovible sur châssis métallique
HBMD425,Adjonction ou changement de 7 éléments soudés d'une prothèse dentaire amovible sur châssis métallique
HBMD429,Adjonction ou changement de 11 éléments soudés d'une prothèse dentaire amovible sur châssis métallique
HBMD432,Adjonction ou changement de 4 éléments soudés d'une prothèse dentaire amovible sur châssis métallique
HBMD433,Adjonction d'un 2e élément intermédiaire céramométallique ou en équivalents minéraux à une prothèse dentaire plurale fixée [3e élément  céramométallique ou en équivalents minéraux intermédiaire de bridge]
HBMD438,"Réparation d'une fracture de châssis métallique de prothèse dentaire amovible, avec remontage de 9 éléments"
HBMD439,Adjonction ou changement de 6 éléments soudés d'une prothèse dentaire amovible sur châssis métallique
HBMD444,Adjonction ou changement de 8 éléments soudés d'une prothèse dentaire amovible sur châssis métallique
HBMD449,"Réparation d'une fracture de châssis métallique de prothèse dentaire amovible, avec remontage de 11 éléments"
HBMD459,"Réparation d'une fracture de châssis métallique de prothèse dentaire amovible, avec remontage de 8 éléments"
HBMD469,"Réparation d'une fracture de châssis métallique de prothèse dentaire amovible, avec remontage de 3 éléments"
HBMD479,Adjonction d'un 1er élément intermédiaire céramométallique ou en équivalents minéraux à une prothèse dentaire plurale fixée [2e élément céramométallique ou en équivalents minéraux intermédiaire de bridge]
HBMD481,"Réparation d'une fracture de châssis métallique de prothèse dentaire amovible, avec remontage de 10 éléments"
HBMD485,Adjonction ou changement de 9 éléments soudés d'une prothèse dentaire amovible sur châssis métallique
HBMD488,"Réparation d'une fracture de châssis métallique de prothèse dentaire amovible, avec remontage de 2 éléments"
HBMD490,Adjonction d'un 1er élément intermédiaire métallique à une prothèse dentaire plurale fixée [2e élément métallique intermédiaire de bridge]
HBQK040,Radiographies intrabuccales rétroalvéolaires sur un secteur de 1 à 3 dents contigües préinterventionnelle ou perinterventionnelle avec radiographie finale pour acte thérapeutique endodontique
HBQK041,Radiographies intrabuccales rétroalvéolaires et/ou rétrocoronaires de 14 secteurs distincts de 1 à 3 dents contigües
HBQK046,Radiographies intrabuccales rétroalvéolaires et/ou rétrocoronaires de 9 secteurs distincts de 1 à 3 dents contigües
HBQK061,"Radiographie intrabuccale rétroalvéolaire et/ou rétrocoronaire d'un secteur de 1 à 3 dents contigües finale pour acte thérapeutique endodontique ou perinterventionnelle et/ou finale, en dehors d'un acte thérapeutique endodontique"
HBQK065,Radiographies intrabuccales rétroalvéolaires et/ou rétrocoronaires de 10 secteurs distincts de 1 à 3 dents contigües
HBQK093,Radiographies intrabuccales rétroalvéolaires et/ou rétrocoronaires de 13 secteurs distincts de 1 à 3 dents contigües
HBQK142,Radiographies intrabuccales rétroalvéolaires et/ou rétrocoronaires de 8 secteurs distincts de 1 à 3 dents contigües
HBQK191,Radiographies intrabuccales rétroalvéolaires et/ou rétrocoronaires de 2 secteurs distincts de 1 à 3 dents contigües
HBQK303,"Radiographies intrabuccales rétroalvéolaires sur un secteur de 1 à 3 dents contigües préinterventionnelle, perinterventionnelle et finale pour acte thérapeutique endodontique"
HBQK331,Radiographies intrabuccales rétroalvéolaires et/ou rétrocoronaires de 3 secteurs distincts de 1 à 3 dents contigües
HBQK389,Radiographie intrabuccale rétroalvéolaire et/ou rétrocoronaire d'un secteur de 1 à 3 dents contigües
HBQK424,Radiographies intrabuccales rétroalvéolaires et/ou rétrocoronaires de 11 secteurs distincts de 1 à 3 dents contigües
HBQK428,Radiographies intrabuccales rétroalvéolaires et/ou rétrocoronaires de 5 secteurs distincts de 1 à 3 dents contigües
HBQK430,Radiographies intrabuccales rétroalvéolaires et/ou rétrocoronaires de 7 secteurs distincts de 1 à 3 dents contigües
HBQK443,Radiographies intrabuccales rétroalvéolaires et/ou rétrocoronaires de 4 secteurs distincts de 1 à 3 dents contigües
HBQK476,Radiographies intrabuccales rétroalvéolaires et/ou rétrocoronaires de 12 secteurs distincts de 1 à 3 dents contigües
HBQK480,Radiographies intrabuccales rétroalvéolaires et/ou rétrocoronaires de 6 secteurs distincts de 1 à 3 dents contigües
LAPB030,"Dégagement et activation de 9 implants intraosseux intrabuccaux, chez l'adulte"
LAPB047,"Dégagement et activation de 8 implants intraosseux intrabuccaux, chez l'adulte"
LAPB122,"Dégagement et activation de 10 implants intraosseux intrabuccaux, chez l'adulte"
LAPB288,Dégagement et activation de 11 implants intraosseux intrabuccaux ou plus
LAPB311,"Dégagement et activation de 2 implants intraosseux intrabuccaux, chez l'enfant"
LAPB408,"Dégagement et activation de 4 implants intraosseux intrabuccaux, chez l'enfant"
LAPB451,"Dégagement et activation d'1 implant intraosseux intrabuccal, chez l'enfant"
LAPB459,"Dégagement et activation de 3 implants intraosseux intrabuccaux, chez l'enfant"
LBGA049,"Ablation de 4 implants intraosseux intrabuccaux avec résection osseuse, chez l'enfant"
LBGA052,"Ablation de 9 implants intraosseux intrabuccaux avec résection osseuse, chez l'adulte"
LBGA113,"Ablation de 11 implants intraosseux intrabuccaux ou plus, avec résection osseuse"
LBGA139,"Ablation de 8 implants intraosseux intrabuccaux avec résection osseuse, chez l'adulte"
LBGA168,"Ablation de 10 implants intraosseux intrabuccaux avec résection osseuse, chez l'adulte"
LBGA280,"Ablation d'1 implant intraosseux intrabuccal avec résection osseuse, chez l'enfant"
LBGA354,"Ablation de 3 implants intraosseux intrabuccaux avec résection osseuse, chez l'enfant"
LBGA441,"Ablation de 2 implants intraosseux intrabuccaux  avec résection osseuse, chez l'enfant"
LBLD038,"Pose de 8 implants intraosseux intrabuccaux, chez l'adulte"
LBLD066,Pose de 2 implants intraosseux intrabuccaux chez l'enfant
LBLD073,Pose de moyen de liaison sur 2 implants préprothétiques intraosseux intrabuccaux
LBLD075,"Pose d'1 implant intraosseux intrabuccal, chez l'enfant"
LBLD086,Pose de moyen de liaison sur 3 implants préprothétiques intraosseux intrabuccaux
LBLD117,Pose de 4 implants intraosseux intrabuccaux chez l'enfant
LBLD143,Pose de moyen de liaison sur 7 implants préprothétiques intraosseux intrabuccaux
LBLD193,Pose de moyen de liaison sur 4 implants préprothétiques intraosseux intrabuccaux
LBLD200,"Pose de 9 implants intraosseux intrabuccaux, chez l'adulte"
LBLD214,Pose de moyen de liaison sur 10 implants préprothétiques intraosseux intrabuccaux
LBLD235,Pose de moyen de liaison sur 8 implants préprothétiques intraosseux intrabuccaux
LBLD261,Pose de 11 implants intraosseux intrabuccaux ou plus
LBLD270,Pose de moyen de liaison sur 6 implants préprothétiques intraosseux intrabuccaux
LBLD281,Pose de 3 implants intraosseux intrabuccaux chez l'enfant
LBLD294,"Pose de 10 implants intraosseux intrabuccaux, chez l'adulte"
LBLD311,Pose de moyen de liaison sur 9 implants préprothétiques intraosseux intrabuccaux
LBLD420,Pose de moyen de liaison sur 11 implants préprothétiques intraosseux intrabuccaux ou plus
LBLD447,Pose de moyen de liaison sur 5 implants préprothétiques intraosseux intrabuccaux
YYYY079,Supplément pour pose de 10 dents contreplaquées ou massives à une prothèse amovible sur châssis métallique
YYYY142,Supplément pour pose de 7 dents contreplaquées ou massives à une prothèse amovible sur châssis métallique
YYYY158,Supplément pour pose de 8 dents contreplaquées ou massives à une prothèse amovible sur châssis métallique
YYYY159,Supplément pour pose d'une dent contreplaquée ou massive à une prothèse amovible sur châssis métallique
YYYY176,Supplément pour pose d'une dent contreplaquée sur une prothèse amovible à plaque base résine
YYYY184,Supplément pour pose de 11 dents contreplaquées ou massives à une prothèse amovible sur châssis métallique
YYYY236,Supplément pour pose de 13 dents contreplaquées ou massives à une prothèse amovible sur châssis métallique
YYYY246,Supplément pour pose de 3 dents contreplaquées sur une prothèse amovible à plaque base résine
YYYY258,Supplément pour pose de 3 dents contreplaquées ou massives à une prothèse amovible sur châssis métallique
YYYY259,Supplément pour pose de 4 dents contreplaquées ou massives à une prothèse amovible sur châssis métallique
YYYY275,Supplément pour pose de 2 dents contreplaquées sur une prothèse amovible à plaque base résine
YYYY284,Supplément pour pose de 12 dents contreplaquées ou massives à une prothèse amovible sur châssis métallique
YYYY329,Supplément pour pose de 2 dents contreplaquées ou massives à une prothèse amovible sur châssis métallique
YYYY353,Supplément pour pose de 14 dents contreplaquées ou massives à une prothèse amovible sur châssis métallique
YYYY389,Supplément pour pose de 6 dents contreplaquées sur une prothèse amovible à plaque base résine
YYYY426,Supplément pour pose de 5 dents contreplaquées sur une prothèse amovible à plaque base résine
YYYY440,Supplément pour pose de 5 dents contreplaquées ou massives à une prothèse amovible sur châssis métallique
YYYY447,Supplément pour pose de 6 dents contreplaquées ou massives à une prothèse amovible sur châssis métallique
YYYY476,Supplément pour pose de 9 dents contreplaquées ou massives à une prothèse amovible sur châssis métallique
YYYY478,Supplément pour pose de 4 dents contreplaquées sur une prothèse amovible à plaque base résine
AZQX005,"Examen anatomopathologique à visée carcinologique de pièce d'exérèse de tumeur de l'encéphale, de la moelle épinière, ou des méninges"
BHQX005,Examen anatomopathologique à visée carcinologique de pièce d'énucléation du bulbe [globe] oculaire
BKQX004,Examen anatomopathologique à visée carcinologique de pièce d'exentération de l'orbite
BZQX004,Examen anatomopathologique à visée carcinologique de pièce d'exérèse d'organe accessoire de l'oeil
DZQX005,Examen anatomopathologique à visée carcinologique de pièce d'exérèse de tumeur du coeur
ENQX011,Examen histopathologique de biopsie d'artère avec coloration spéciale
FAQX004,Examen anatomopathologique à visée carcinologique de pièce d'amygdalectomie
FBQX004,Examen anatomopathologique à visée carcinologique de pièce d'exérèse du thymus ou de vestiges thymiques
FCQX004,Examen anatomopathologique de pièce d'exérèse de noeud [ganglion] lymphatique
FCQX005,Examen anatomopathologique de pièce d'exérèse d'un noeud [ganglion] lymphatique sentinelle
FCQX006,Examen anatomopathologique à visée carcinologique de pièce d'exérèse d'un groupe lymphonodal [ganglionnaire lymphatique]
FCQX007,Examen anatomopathologique de pièce d'exérèse de 3 noeuds [ganglions] lymphatiques sentinelles
FCQX008,Examen anatomopathologique de pièce d'exérèse de 2 noeuds [ganglions] lymphatiques sentinelles
FCQX010,Examen anatomopathologique à visée carcinologique de pièces d'exérèse de 2 ou 3 groupes lymphonodaux [ganglionnaires lymphatiques]
FCQX011,Examen anatomopathologique à visée carcinologique de pièces d'exérèse de 7 groupes lymphonodaux [ganglionnaires lymphatiques] ou plus
FCQX012,Examen anatomopathologique à visée carcinologique de pièces d'exérèse de 4 à 6 groupes lymphonodaux [ganglionnaires lymphatiques]
FCQX028,Examen histopathologique de biopsie de noeud [ganglion] lymphatique
FDQX007,Examen histopathologique de biopsie de moelle osseuse avec coloration spéciale
FFQX005,Examen anatomopathologique à visée carcinologique de pièce de splénectomie
GCQX004,Examen anatomopathologique à visée carcinologique de pièce d'exérèse de cavité nasale [fosse nasale] et/ou de sinus paranasal
GCQX005,Examen anatomopathologique à visée carcinologique de pièce d'exérèse du rhinopharynx
GDQX004,Examen anatomopathologique à visée carcinologique de pièce de cordectomie laryngée
GDQX005,Examen anatomopathologique à visée carcinologique de pièce de laryngectomie partielle verticale ou de laryngectomie totale
GDQX008,Examen anatomopathologique à visée carcinologique de pièce de laryngectomie partielle et/ou de pharyngectomie partielle
GEQX001,"Examen cytopathologique de produit de lavage bronchioloalvéolaire, différencié, avec coloration spéciale"
GEQX002,"Examen cytopathologique de produit de lavage bronchioloalvéolaire, non différencié, avec coloration spéciale"
GFQX004,"Examen anatomopathologique à visée carcinologique de pièce d'exérèse d'une lobectomie pulmonaire, sans résection de côte ni de vertèbre"
GFQX005,"Examen anatomopathologique à visée carcinologique de pièce d'exérèse d'une lobectomie pulmonaire, avec résection de côte et/ou de vertèbre"
GFQX006,"Examen anatomopathologique à visée carcinologique de pièce d'exérèse pulmonaire non anatomique et/ou de segmentectomie, non différenciées, sans résection de côte ni de vertèbre"
GFQX007,"Examen anatomopathologique à visée carcinologique de pièce de pneumonectomie ou de lobectomies pulmonaires multiples, avec résection de côte et/ou de vertèbre"
GFQX008,"Examen anatomopathologique à visée carcinologique de pièce de pneumonectomie ou de lobectomies pulmonaires multiples, sans résection de côte ni de vertèbre"
GFQX009,"Examen anatomopathologique à visée carcinologique de pièce d'exérèse pulmonaire non anatomique et/ou de segmentectomie, différenciées, sans résection de côte ni de vertèbre"
GFQX010,"Examen anatomopathologique à visée carcinologique de pièce d'exérèse pulmonaire non anatomique et/ou de segmentectomie, avec résection de côte et/ou de vertèbre"
GFQX020,Examen histopathologique de biopsie de poumon avec coloration spéciale pour diagnostic d'affection non carcinologique
GGQX004,Examen anatomopathologique à visée carcinologique de pièce d'exérèse de tumeur de plèvre
HAQX004,"Examen anatomopathologique à visée carcinologique de pièce de pelvimandibulectomie, de pelvi-glosso-mandibulectomie ou d'oropharyngectomie avec mandibulectomie"
HAQX005,"Examen anatomopathologique à visée carcinologique de pièce d'exérèse de lèvre, de commissure labiale et/ou de muqueuse buccale"
HAQX017,"Examen anatomopathologique à visée carcinologique de pièce de glossectomie, de pelvectomie buccale, de pelviglossectomie ou d'oropharyngectomie sans mandibulectomie"
HCQX004,Examen anatomopathologique à visée carcinologique de pièce d'exérèse de glande salivaire
HDQX007,Examen anatomopathologique à visée carcinologique de pièce de pharyngolaryngectomie totale
HEQX004,Examen anatomopathologique à visée carcinologique de pièce d'oesophagectomie partielle ou totale
HEQX005,Examen anatomopathologique à visée carcinologique de pièce d'exérèse endoscopique de l'oesophage
HEQX008,Examen anatomopathologique à visée carcinologique de pièce d'oesophago-pharyngo-laryngectomie ou d'oesophagogastrectomie
HFQX004,Examen anatomopathologique à visée carcinologique de pièce de gastrectomie partielle
HFQX005,Examen anatomopathologique à visée carcinologique de pièce d'exérèse endoscopique de l'estomac
HFQX008,Examen anatomopathologique à visée carcinologique de pièce de gastrectomie totale ou de dégastrogastrectomie
HGQX003,Examen anatomopathologique de pièce d'exérèse intestinale pour maladie inflammatoire chronique de l'intestin [MICI]
HGQX005,Examen anatomopathologique à visée carcinologique de pièce d'exérèse endoscopique de l'intestin grêle
HGQX008,Examen anatomopathologique à visée carcinologique de pièce d'exérèse segmentaire de l'intestin grêle
HHQX004,Examen anatomopathologique à visée carcinologique de pièce d'exérèse endoscopique de 3 à 5 lésions du côlon et/ou du rectum
HHQX005,Examen anatomopathologique à visée carcinologique de pièce d'exérèse endoscopique de 1 ou 2 lésions du côlon et/ou du rectum
HHQX006,Examen anatomopathologique à visée carcinologique de pièce de colectomie partielle ou de rectosigmoidectomie sans résection du mésorectum
HHQX007,Examen anatomopathologique à visée carcinologique de pièce d'appendicectomie
HHQX008,Examen anatomopathologique à visée carcinologique de pièce d'exérèse endoscopique de 6 lésions ou plus du côlon et/ou du rectum
HHQX010,Examen anatomopathologique à visée carcinologique de pièce de colectomie totale
HHQX011,Examen anatomopathologique à visée carcinologique de pièce de coloprotectomie totale
HJQX004,"Examen anatomopathologique à visée carcinologique de rectosigmoidectomie, ou d'exérèse partielle ou totale de rectum, emportant le mésorectum"
HKQX005,Examen anatomopathologique à visée carcinologique de pièce d'exérèse du canal anal et/ou de la marge anale
HLQX004,Examen anatomopathologique à visée carcinologique de pièce d'une hépatectomie partielle
HLQX005,Examen anatomopathologique à visée carcinologique de pièces de plusieurs hépatectomies partielles
HLQX008,Examen anatomopathologique à visée carcinologique de pièce d'hépatectomie totale
HLQX013,Examen histopathologique de biopsie de foie avec coloration spéciale pour diagnostic d'affection non carcinologique
HMQX004,Examen anatomopathologique à visée carcinologique de pièce d'exérèse de conduit biliaire extrahépatique
HMQX005,Examen anatomopathologique à visée carcinologique de pièce de cholécystectomie
HNQX004,Examen anatomopathologique à visée carcinologique de pièce d'exérèse de la papille duodénale majeure [ampullectomie]
HNQX006,Examen anatomopathologique à visée carcinologique de pièce de duodénopancréatectomie partielle ou totale
HNQX007,Examen anatomopathologique à visée carcinologique de pièce de pancréatectomie partielle avec splénectomie
HNQX008,"Examen anatomopathologique à visée carcinologique de pièce de pancréatectomie partielle, sans splénectomie"
HPQX005,"Examen anatomopathologique à visée carcinologique de pièce d'exérèse de tumeur du grand omentun, du péritoine et/ou de repli péritonéal [méso]"
JAQX004,Examen anatomopathologique à visée carcinologique de pièce de néphrectomie totale ou de néphro-urétérectomie
JAQX005,Examen anatomopathologique à visée carcinologique de pièce de néphrectomie partielle
JAQX006,Examen histopathologique de biopsie de rein avec coloration spéciale pour diagnostic d'affection non carcinologique
JCQX004,Examen anatomopathologique à visée carcinologique de pièce d'urétrectomie partielle ou totale
JDQX002,Examen histopathologique de fragments d'exérèse endoscopique de la vessie
JDQX004,Examen anatomopathologique à visée carcinologique de pièce de cystectomie totale
JDQX005,Examen anatomopathologique à visée carcinologique de pièce de cystectomie partielle
JEQX005,Examen anatomopathologique à visée carcinologique de pièce d'urétérectomie partielle ou totale
JFQX004,Examen anatomopathologique à visée carcinologique de pièce de pelvectomie totale
JFQX005,Examen anatomopathologique à visée carcinologique de pièce de pelvectomie antérieure
JGQX001,Examen histopathologique de fragments d'exérèse endoscopique de la prostate
JGQX004,Examen anatomopathologique à visée carcinologique de pièce de vésiculoprostatectomie totale
JGQX005,Examen anatomopathologique à visée carcinologique de pièce de vésiculo-prostato-cystectomie totale
JHQX004,Examen anatomopathologique à visée carcinologique de pièce d'orchidectomie partielle
JHQX005,Examen anatomopathologique à visée carcinologique de pièce d'orchidectomie totale
JHQX007,Examen anatomopathologique à visée carcinologique de pièce d'amputation totale du pénis
JHQX008,Examen anatomopathologique à visée carcinologique de pièce d'amputation partielle du pénis
JJQX004,Examen anatomopathologique à visée carcinologique de pièce d'une ovariectomie partielle ou totale
JJQX005,Examen anatomopathologique à visée carcinologique de pièce de plusieurs ovariectomies partielle et/ou totale
JJQX008,Examen anatomopathologique à visée carcinologique de pièce de salpingectomie
JKQX001,Examen cytopathologique de dépistage de prélèvement [frottis] du col de l'utérus
JKQX004,"Examen anatomopathologique à visée carcinologique de pièce d'hystérectomie, sans annexectomie"
JKQX005,"Examen anatomopathologique à visée carcinologique de pièce d'hystérectomie, avec annexectomie"
JKQX006,Examen anatomopathologique à visée carcinologique de pièce de trachélectomie [cervicectomie] ou de colpotrachélectomie
JKQX007,Examen anatomopathologique à visée carcinologique de pièce de conisation du col de l'utérus
JKQX008,Examen cytopathologique de dépistage en phase liquide [technique monocouche] de prélèvement [frottis] du col de l'utérus
JKQX015,Examen cytopathologique de contrôle en phase liquide [technique monocouche] de prélèvement [frottis] du col de l'utérus
JKQX020,"Examen anatomopathologique à visée carcinologique de pièce d'hystérectomie, avec annexectomie et omentectomie"
JKQX027,Examen cytopathologique de contrôle de prélèvement [frottis] du col de l'utérus
JLQX004,Examen anatomopathologique à visée carcinologique de pièce de colpectomie partielle ou totale
JMQX004,Examen anatomopathologique à visée carcinologique de pièce de vulvectomie totale
JMQX005,Examen anatomopathologique à visée carcinologique de pièce de vulvectomie partielle
JPQX007,Examen anatomopathologique d'un placenta complet avec cordon et membranes
JPQX019,Examen anatomopathologique de plusieurs placentas complets avec cordons et membranes
JQQX002,Autopsie médicale de 2 foetus
JQQX003,"Autopsie médicale d'un foetus ou d'un nouveau-né de moins de 4 jours de vie, avec examen de l'encéphale"
JQQX004,Autopsie médicale de 3 foetus ou plus
JQQX005,"Autopsie médicale d'un foetus ou d'un nouveau-né de moins de 4 jours de vie, sans examen de l'encéphale"
JQQX109,Examen anatomopathologique de produit d'avortement avant la 14e semaine d'aménorrhée
KCQX004,Examen anatomopathologique à visée carcinologique de pièce de thyroïdectomie subtotale ou totale
KCQX005,Examen anatomopathologique à visée carcinologique de pièce de lobectomie ou de lobo-isthmectomie thyroïdienne
KDQX005,Examen anatomopathologique à visée carcinologique de pièce de parathyroïdectomie
KEQX004,Examen anatomopathologique à visée carcinologique de pièce de surrénalectomie
PAQX004,Examen anatomopathologique à visée carcinologique de pièce d'exérèse de tumeur de l'os et/ou de cartilage
PDQX005,Examen anatomopathologique à visée carcinologique de pièce d'exérèse de tumeur des tissus mous fasciaux et/ou sousfasciaux [aponévrotiques et/ou sousaponévrotiques]
PZQX004,"Examen anatomopathologique à visée carcinologique de pièce d'amputation partielle ou totale de main, de pied ou de plusieurs doigts ou orteils"
PZQX005,Examen anatomopathologique à visée carcinologique de pièce d'amputation partielle ou totale d'un doigt ou d'un orteil
PZQX008,Examen anatomopathologique à visée carcinologique de pièce d'amputation partielle ou totale de membre
QEQX004,Examen anatomopathologique à visée carcinologique d'une pièce de mastectomie partielle ou totale avec lésion unifocale
QEQX005,Examen anatomopathologique à visée carcinologique de plusieurs pièces de mastectomie partielle et/ou totale avec lésion unifocale sur chaque pièce d'exérèse
QEQX006,Examen anatomopathologique à visée carcinologique de pièce d'exérèse d'un conduit lactifère [pyramidectomie]
QEQX007,Examen anatomopathologique à visée carcinologique de plusieurs pièces de mastectomie partielle et/ou totale avec lésion infraclinique ou lésion plurifocale sur chaque pièce d'exérèse
QEQX008,Examen anatomopathologique à visée carcinologique d'une pièce de mastectomie partielle ou totale avec lésion infraclinique ou lésion plurifocale
QEQX010,Examen anatomopathologique à visée carcinologique de pièce d'exérèse de plusieurs conduits lactifères [pyramidectomies]
QEQX016,Examen histopathologique d'une macrobiopsie de sein
QEQX037,Examen histopathologique de plusieurs macrobiopsies de sein
QZQX004,Examen anatomopathologique à visée carcinologique d'une pièce d'exérèse de peau et/ou de tissu mou susfascial [susaponévrotique] de moins de 5 cm²
QZQX005,Examen anatomopathologique à visée carcinologique de pièce d'exérèse de peau et/ou de tissu mou susfascial [susaponévrotique] de 5 cm² ou plus
QZQX014,Examen histopathologique de biopsie d'ongle avec coloration spéciale
QZQX021,Examen histopathologique de biopsie de peau avec coloration spéciale pour diagnostic d'affection non carcinologique
QZQX032,Examen anatomopathologique à visée carcinologique de plusieurs pièces d'exérèse de peau et/ou de tissu mou susfascial [susaponévrotique] de moins de 5 cm²
ZZQX012,Examen histopathologique de biopsies de plusieurs structures anatomiques avec cartographie de chaque structure anatomique
ZZQX016,"Examen cytopathologique ou anatomopathologique de prélèvement cellulaire ou tissulaire congelé, avec examen immunocytochimique, immunohistochimique et/ou immunofluorescence avec 1 à 4 anticorps"
ZZQX023,"Examen cytopathologique de culot cellulaire de 2 prélèvements différenciés de liquide et/ou de produit de ponction de structure anatomique, avec inclusion en paraffine"
ZZQX027,"Examen immunocytochimique ou immunohistochimique de prélèvement cellulaire ou tissulaire fixé avec 3 à 5 anticorps, sans quantification du signal"
ZZQX029,"Examen cytopathologique ou histopathologique par hybridation in situ, sans quantification du signal"
ZZQX034,"Examen immunocytochimique ou immunohistochimique de prélèvement cellulaire ou tissulaire fixé avec 6 à 9 anticorps, sans quantification du signal"
ZZQX035,Examen histopathologique de biopsie de 5 structures anatomiques ou plus
ZZQX045,"Examen immunocytochimique ou immunohistochimique de prélèvement cellulaire ou tissulaire fixé avec 3 à 5 anticorps, avec quantification du signal pour chaque anticorps"
ZZQX047,Examen histopathologique de biopsies étagés de 4 structures anatomiques ou plus
ZZQX054,"Examen cytopathologique de culot cellulaire de 4 prélèvements différenciés de liquide et/ou de produit de ponction de structure anatomique, avec inclusion en paraffine"
ZZQX058,"Examen cytopathologique ou histopathologique par hybridation in situ, avec quantification du signal"
ZZQX068,Examen histopathologique de biopsies étagées de 3 structures anatomiques
ZZQX069,"Examen immunocytochimique ou immunohistochimique de prélèvement cellulaire ou tissulaire fixé avec 1 à 2 anticorps, sans quantification du signal"
ZZQX073,"Examen cytopathologique ou anatomopathologique de prélèvement cellulaire ou tissulaire congelé, avec examen immunocytochimique, immunohistochimique et/ou immunofluorescence avec 5 anticorps ou plus"
ZZQX077,Examen histopathologique de biopsies étagées d'une structure anatomique
ZZQX081,"Examen immunocytochimique ou immunohistochimique de prélèvement cellulaire ou tissulaire fixé avec 1 à 2 anticorps, avec quantification du signal pour chaque anticorps"
ZZQX092,"Examen immunocytochimique ou immunohistochimique de prélèvement cellulaire ou tissulaire fixé, avec 10 anticorps ou plus, sans quantification du signal"
ZZQX098,"Examen cytopathologique de culot cellulaire de 3 prélèvements différenciés de liquide et/ou de produit de ponction de structure anatomique, avec inclusion en paraffine"
ZZQX103,Examen cytopathologique de l'étalement de 2 prélèvements différenciés de liquide de structure anatomique
ZZQX104,"Examen cytopathologique et/ou histopathologique extemporané de 5 prélèvements différenciés ou plus de structure anatomique, sur le lieu du prélèvement"
ZZQX107,"Examen cytopathologique de l'étalement de produit de brossage, de grattage ou d'écouvillonnage de la peau ou de muqueuse"
ZZQX110,Examen cytopathologique de l'étalement de 3 prélèvements différenciés de liquide de structure anatomique
ZZQX116,"Examen cytopathologique de culot cellulaire d'un prélèvement ou de plusieurs prélèvements non différenciés de liquide et/ou de produit de ponction de structure anatomique, avec inclusion en paraffine"
ZZQX117,Examen cytopathologique de l'étalement de 4 prélèvements différenciés ou plus de liquide de structure anatomique
ZZQX118,"Examen cytopathologique et/ou histopathologique extemporané de 2 à 4 prélèvements différenciés de structure anatomique, sur le lieu du prélèvement"
ZZQX119,"Examen cytopathologique et/ou histopathologique extemporané d'un prélèvement de structure anatomique, sur le lieu du prélèvement"
ZZQX122,"Examen immunocytochimique ou immunohistochimique de prélèvement cellulaire ou tissulaire fixé avec 6 à 9 anticorps, avec quantification du signal pour chaque anticorps"
ZZQX123,"Examen histopathologique de fragment d'exérèse endoscopique ou de curetage de structure anatomique, non différenciés par le préleveur"
ZZQX127,Examen anatomopathologique de pièce d'exérèse en fragments différenciés d'une structure anatomique
ZZQX128,Examen cytopathologique de l'étalement d'un prélèvement ou de plusieurs prélèvements non différenciés de liquide de structure anatomique
ZZQX132,Examen histopathologique de biopsie de 3 structures anatomiques
ZZQX133,Examen cytopathologique de l'étalement de 4 prélèvements différenciés ou plus de produit de ponction de structure anatomique
ZZQX139,Examen cytopathologique de l'étalement de 2 prélèvements différenciés de produit de ponction de structure anatomique
ZZQX141,Examen cytopathologique de l'étalement de 3 prélèvements différenciés de produit de ponction de structure anatomique
ZZQX145,"Examen cytopathologique en phase liquide [technique monocouche] de 2 prélèvements différenciés de liquide, de structure anatomique"
ZZQX146,"Examen cytopathologique et/ou histopathologique extemporané de 5 prélèvements différenciés ou plus de structure anatomique, hors du lieu du prélèvement"
ZZQX147,"Examen cytopathologique en phase liquide [technique monocouche] de 3 prélèvements différenciés de liquide, de structure anatomique"
ZZQX149,"Examen cytopathologique et/ou histopathologique extemporané d'un prélèvement de structure anatomique, hors du lieu du prélèvement"
ZZQX151,Examen cytopathologique de l'étalement d'un prélèvement ou de plusieurs prélèvements non différenciés de produit de ponction de structure anatomique
ZZQX153,"Examen cytopathologique en phase liquide [technique monocouche] d'un prélèvement ou de prélèvements non différenciés de liquide, de structure anatomique"
ZZQX155,"Examen cytopathologique en phase liquide [technique monocouche] de 4 prélèvements différenciés ou plus de liquide, de structure anatomique"
ZZQX158,Examen cytopathologique en phase liquide [technique monocouche] de 3 prélèvements différenciés de produit de ponction de structure anatomique
ZZQX159,"Examen histopathologique de fragments d'exérèse endoscopique ou de curetage d'une structure anatomique, différenciés par le préleveur"
ZZQX162,Examen histopathologique de biopsie d'une structure anatomique
ZZQX163,Examen histopathologique de biopsie de 2 structures anatomiques
ZZQX170,Examen cytopathologique en phase liquide [technique monocouche] d'un prélèvement ou de plusieurs prélèvements non différenciés de produit de ponction de structure anatomique
ZZQX172,Examen cytopathologique en phase liquide [technique monocouche] de 2 prélèvements différenciés de produit de ponction de structure anatomique
ZZQX173,Test de détection du génome des papillomavirus humains oncogènes
ZZQX174,Examen cytopathologique en phase liquide [technique monocouche] de 4 prélèvements différenciés ou plus de produit de ponction de structure anatomique
ZZQX175,"Examen cytopathologique et/ou histopathologique extemporané de 2 à 4 prélèvements différenciés de structure anatomique, hors du lieu du prélèvement"
ZZQX177,"Examen histopathologique de fragments d'exérèse endoscopique ou de curetage de plusieurs structures anatomiques, différenciés par le préleveur sur chaque structure"
ZZQX178,Examen anatomopathologique de pièce d'exérèse de 3 structures anatomiques
ZZQX180,Examen anatomopathologique de pièce d'exérèse de 2 structures anatomiques
ZZQX181,Examen anatomopathologique de pièce d'exérèse de 4 structures anatomiques ou plus
ZZQX188,"Examen anatomopathologique de pièce d'exérèse monobloc ou en fragments non différenciés, d'une structure anatomique"
ZZQX192,Examen anatomopathologique de pièce d'exérèse en fragments différenciés de plusieurs structures anatomiques
ZZQX197,Examen histopathologique de biopsie de 4 structures anatomiques
ZZQX200,Examen histopathologique de biopsies étagés de 2 structures anatomiques
ZZQX217,Examen histopathologique de biopsies d'une structure anatomique avec cartographie
AHQJ021,"Guidage échographique pour anesthésie locorégionale périphérique du cou, du sein, de la paroi thoracique, de la paroi abdominale ou de membre, ou pour anesthésie rachidienne des patients dont l'indice de masse corporelle est supérieur ou égal à 30 kg/m2"
EJSF008,"Occlusion de la grande veine saphène au-dessus du tiers moyen de la jambe par radiofréquence, par voie veineuse transcutanée avec guidage échographique"
EJSF032,"Occlusion de la grande veine saphène au-dessus du tiers moyen de la jambe par radiofréquence, par voie veineuse transcutanée avec guidage échographique et phlébectomie homolatérale, et/ou ligature de veine perforante de la grande veine saphène homolatérale"
JDLE332,"Injection de toxine botulique dans la musculeuse vésicale, par urétrocystoscopie"
QCLB222,Injection unilatérale ou bilatérale de toxine botulique au niveau du creux axillaire
AAMP003,Réglage secondaire des paramètres de chaque plot de système de stimulation cérébrale profonde [cartographie]
AAMP173,Réglage secondaire de plusieurs paramètres de système de stimulation cérébrale profonde
AAMP387,Réglage secondaire d'un paramètre de système de stimulation cérébrale profonde
AEMP491,Réglage secondaire ou reprogrammation d'un générateur souscutané de stimulation de la moelle épinière
DASF074,Fermeture de l'appendice atrial [auricule] gauche par dispositif par voie veineuse transcutanée et voie transseptale avec guidage échographie-doppler par voie transoesophagienne
JGFE023,"Résection d'une hypertrophie de la prostate sans laser, par urétrocystoscopie"
JGFE365,"Résection d'une hypertrophie de la prostate avec laser, par urétrocystoscopie"
JGNE171,"Destruction d une hypertrophie de la prostate par laser [photovaporisation], par urétrocystoscopie"
JQQP099,Surveillance  du travail par un praticien différent de celui qui réalise l'extraction
DDQF202,Mesure du flux de réserve coronarien [FFR] au cours d'une artériographie coronaire
BDRP027,Photopolymérisation de la cornée [crosslinking]
YYYY465,Supplément pour examen spécifique préalable et postérieur à l'acte de pose d'un appareillage en propulsion mandibulaire dans le traitement du syndrome d'apnées-hypopnées obstructives du sommeil
DBBF198,Rétrécissement de l'orifice atrioventriculaire gauche par dispositif par voie veineuse  transcutanée et voie transseptale  avec guidage par échographie-doppler par voie transoesophagienne
FFFC420,"Splénectomie partielle, par coelioscopie"
FFSC272,"Hémostase splénique avec conservation de la rate, par coelioscopie"
HGCC031,"Suture de plaie de perforation de l'intestin grêle, par coelioscopie"
HHFC040,"Colectomie gauche sans libération de l'angle colique gauche, sans rétablissement de la continuité, par coelioscopie"
HHFC296,"Colectomie droite sans rétablissement de la continuité, par coelioscopie"
QZNP086,"Destruction de lésion cutanée par photothérapie dynamique après application topique de produit photosensibilisant, sur moins de 10 cm²"
QZNP259,"Destruction de lésion cutanée par photothérapie dynamique après application topique de produit photosensibilisant, sur 10 cm² ou plus"
EAJF341,Évacuation de thrombus d'artère intracrânienne par voie artérielle transcutanée
AAQP129,"Electroencéphalographie sur 8 dérivations ou plus avec enregistrement d'une durée minimale de 30 minutes, avec numérisation et enregistrement vidéo, chez un patient de moins de 6 ans"
AAQP350,"Electroencéphalographie sur 14 dérivations ou plus avec enregistrement d'une durée minimale de 20 minutes, avec numérisation chez un patient de 6 ans ou plus"
DEGF207,Ablation d'un stimulateur cardiaque définitif implanté dans le ventricule droit par voie veineuse transcutanée
DELF223,Implantation d'un stimulateur cardiaque définitif dans le ventricule droit par voie veineuse transcutanée
QEEB152,Autogreffe de tissu adipeux de 200cm³ et plus au niveau du sein
QEEB317,Autogreffe de tissu adipeux de moins de 200cm³ au niveau du sein
DELF086,Implantation souscutanée d'un défibrillateur cardiaque avec pose d'une sonde souscutanée
GEQJ237,"Échoendoscopie bronchique, avec prélèvement médiastinal à l'aiguille par voie transbronchique"
HCAE192,"Dilatation unilatérale ou bilatérale de sténose du conduit de plusieurs glandes salivaires, par endoscopie [sialendoscopie]"
HCAE201,Dilatation de sténose du conduit d'une glande salivaire par endoscopie [sialendoscopie]
HCGA109,Ablation bilatérale de calcul canalaire de la glande submandibulaire par abord intrabuccal avec guidage endoscopique
HCGA130,Ablation de calcul canalaire de la glande parotide par abord cervicofacial ou intrabuccal avec guidage endoscopique
HCGA223,"Ablation de calcul du bassinet de la glande submandibulaire, par abord intrabuccal avec guidage endoscopique"
HCGA374,Ablation unilatérale de calcul canalaire de la glande submandibulaire par abord intrabuccal avec guidage endoscopique
HCGE188,Ablation de calcul canalaire d'une glande salivaire par endoscopie [sialendoscopie]
HCGE271,Ablation unilatérale ou bilatérale de calcul canalaire de plusieurs glandes salivaires par endoscopie [sialendoscopie]
HCNE083,Fragmentation intracanalaire de calcul des glandes salivaires au cours d'une sialendoscopie
HCQE427,Sialendoscopie diagnostique
JKQX147,Examen cytopathologique en phase liquide [technique monocouche] de prélèvement [frottis] du col de l'utérus pour dépistage individuel
JKQX261,Examen cytopathologique de prélèvement [frottis] du col de l'utérus pour dépistage organisé
JKQX347,Examen cytopathologique de prélèvement [frottis] du col de l'utérus pour dépistage individuel
JKQX426,Examen cytopathologique en phase liquide [technique monocouche] de prélèvement [frottis] du col de l'utérus pour dépistage organisé
GELE133,Pose de spirales intrabronchiques par endoscopie
GEME121,Plastie des bronches par radiofréquence par endoscopie [Thermoplastie]
HHQD445,Exploration de la lumière du côlon par vidéocapsule ingérée [capsule colique]
NEDB454,"Arthrodèse de l'articulation sacro-iliaque par voie transpariétale, avec guidage radiologique"
YYYY285,Supplément pour acte réalisé en urgence entre 00h et 08h (S) appliqué aux actes d'accouchement ou de surveillance du travail réalisés par la sage-femme
YYYY603,Supplément pour acte réalisé en urgence un dimanche ou un jour férié (F) appliqué aux actes d'accouchement ou de surveillance du travail réalisés par la sage-femme
YYYY740,Supplément pour acte réalisé en urgence de 20h à 00h (P) appliqué aux actes d'accouchement ou de surveillance du travail réalisés par la sage-femme
GBBA364,Comblement préimplantaire sousmuqueux bilatéral du sinus maxillaire
HBGD060,Avulsion de 5 dents permanentes sur arcade avec alvéolectomie
HBGD062,Avulsion de 3 incisives permanentes  retenues ou à l'état de germe
HBGD067,Avulsion de 14 dents à 16 dents permanentes sur arcade avec alvéolectomie
HBGD078,Avulsion de 4 dents permanentes sur arcade avec  alvéolectomie
HBGD080,Avulsion de 4 dents ectopiques
HBGD102,Avulsion de 4 racines incluses
HBGD105,Avulsion de 23 dents  à 25 dents permanentes sur arcade avec alvéolectomie
HBGD113,"Avulsion de 8 dents à 10 dents ankylosées sur arcade, avec section coronoradiculaire et séparation des racines"
HBGD117,Avulsion de 4 premières ou deuxièmes molaires permanentes retenues ou à l'état de germe
HBGD122,"Avulsion de 14 dents à 16 dents ankylosées sur arcade, avec section coronoradiculaire et séparation des racines"
HBGD126,Avulsion de 2 incisives permanentes retenues ou à l'état de germe
HBGD142,Avulsion de 7 dents permanentes sur arcade avec alvéolectomie
HBGD145,Avulsion de 3 canines permanentes retenues ou à l'état de germe
HBGD148,Avulsion de 7 à 8 incisives permanentes retenues ou à l'état de germe
HBGD159,Avulsion de 5 racines incluses
HBGD160,Avulsion de 3 dents à couronne sousmuqueuse ou en désinclusion muqueuse
HBGD169,Avulsion de 4 dents permanentes sur arcade avec séparation des racines
HBGD171,Avulsion de 4 odontoïdes inclus ou de 4 dents surnuméraires à l'état de germe
HBGD181,Avulsion de 5 à 6 premières ou deuxièmes molaires permanentes retenues ou à l'état de germe
HBGD190,Avulsion de 2 dents ectopiques
HBGD191,Avulsion de 26 dents à 28 dents permanentes sur arcade avec alvéolectomie
HBGD199,Avulsion de 4 prémolaires retenues ou à l'état de germe
HBGD206,"Avulsion de 6 dents ankylosées sur arcade, avec section coronoradiculaire et séparation des racines"
HBGD210,Avulsion de 7 à 8 premières ou deuxièmes molaires permanentes retenues ou à l'état de germe
HBGD218,"Avulsion de 4 dents ankylosées sur arcade, avec section coronoradiculaire et séparation des racines"
HBGD231,Avulsion de 8 dents à 10 dents permanentes sur arcade avec alvéolectomie
HBGD262,Avulsion de 29 dents à 32 dents permanentes sur arcade avec alvéolectomie
HBGD279,Avulsion de 3 prémolaires retenues ou à l'état de germe
HBGD281,Avulsion de 3 odontoïdes inclus ou de 3 dents surnuméraires à l'état de germe
HBGD299,Avulsion de 3 racines incluses
HBGD300,Avulsion d'une dent en désinclusion avec couronne sous muqueuse en position palatine ou linguale
HBGD312,Avulsion de 6 dents permanentes sur arcade avec alvéolectomie
HBGD316,Avulsion de 3 premières ou deuxièmes molaires permanentes retenues ou à l'état de germe
HBGD322,Avulsion de 2 dents à couronne sousmuqueuse ou en désinclusion muqueuse
HBGD349,Avulsion de 11 dents à 13 dents permanentes sur arcade avec alvéolectomie
HBGD358,Avulsion de 2 dents en désinclusion avec couronnes sous muqueuses en position palatine et/ou linguale
HBGD359,Avulsion de 7 à 8 prémolaires retenues ou à l'état de germe
HBGD372,Avulsion de 5 à 6 incisives permanentes  retenues ou à l'état de germe
HBGD385,Avulsion de 5 à 6 prémolaires retenues ou à l'état de germe
HBGD396,"Avulsion de 7 dents ankylosées sur arcade, avec section coronoradiculaire et séparation des racines"
HBGD397,Avulsion de 3 dents ectopiques
HBGD402,Avulsion de 2 odontoïdes inclus ou de 2 dents surnuméraires à l'état de germe
HBGD403,Avulsion de 4 dents à couronne sousmuqueuse ou en désinclusion muqueuse
HBGD415,Avulsion de 3 dents permanentes sur arcade avec séparation des racines
HBGD416,Avulsion de 4 canines permanentes retenues ou à l'état de germe
HBGD418,Avulsion de 17 dents à 19 dents permanentes sur arcade avec alvéolectomie
HBGD430,Avulsion de 4 incisives permanentes retenues ou à l'état de germe
HBGD438,"Avulsion de 11 dents à 13 dents ankylosées sur arcade, avec section coronoradiculaire et séparation des racines"
HBGD441,Avulsion de 20 dents à 22 dents permanentes sur arcade avec alvéolectomie
HBGD453,"Avulsion de 3 dents ankylosées sur arcade, avec section coronoradiculaire et séparation des racines"
HBGD465,Avulsion de 6 racines incluses
HBGD466,Avulsion de 2 racines incluses
HBGD480,"Avulsion de 5 dents ankylosées sur arcade, avec section coronoradiculaire et séparation des racines"
HBGD492,Avulsion de 2 premières ou deuxièmes molaires permanentes retenues ou à l'état de germe
HBLD073,Pose d'une couronne dentaire dentoportée céramique-monolithique zircone sur une molaire
HBLD088,"Pose d'une prothèse plurale en extension comportant 1 pilier d'ancrage céramométallique ou en équivalents minéraux et 1 élément en extension céramométallique ou en équivalents minéraux [bridge cantilever 2 éléments], pour le remplacement d'une incisive permanente"
HBLD090,Pose d'une infrastructure coronoradiculaire [Inlay core] sous une couronne ou un pilier de bridge dentoportés sans reste à charge
HBLD093,"Pose d'une prothèse plurale en extension collée [bridge cantilever collé] comportant 1 ancrage coronaire partiel et 1 élément en extension céramométallique ou en équivalents minéraux, pour le remplacement d'une incisive permanente"
HBLD158,Pose d'une couronne dentaire dentoportée céramique monolithique  autre que zircone sur une deuxième prémolaire ou une molaire
HBLD178,Pose d'une prothèse plurale [bridge] comportant 2 piliers d'ancrage en alliage précieux et 1 élément intermédiaire en alliage précieux avec ou sans recouvrement céramocéramique
HBLD179,"Pose d'une prothèse plurale collée [bridge collé] comportant 2 ancrages coronaires partiels ou plus et 1 élément intermédiaire métallique, pour le remplacement d'une prémolaire ou d'une molaire permanente"
HBLD227,Pose d'une prothèse plurale [bridge] comportant 2 piliers d'ancrage céramométalliques et 1 élément intermédiaire céramométallique pour le remplacement d'une dent autre qu'une incisive
HBLD245,Pose d'une infrastructure coronoradiculaire [Inlay core] sous une couronne ou un pilier de bridge dentoportés à tarif libre
HBLD259,Pose d'une prothèse amovible de transition complète bimaxillaire à plaque base résine
HBLD318,Pose d'une couronne dentaire dentoportée en alliage précieux
HBLD321,"Pose d'une prothèse plurale en extension comportant 1 pilier d'ancrage métallique, 1 pilier d'ancrage céramométallique  et 1 élément en extension  céramométallique [bridge cantilever 3 éléments], pour le remplacement d'une incisive permanente ou d'une prémolaire"
HBLD350,Pose d'une couronne dentaire dentoportée céramique-monolithique zircone sur une dent autre qu'une molaire
HBLD403,Pose d'une couronne dentaire dentoportée céramocéramique
HBLD411,"Pose d'une prothèse plurale en extension comportant 2 piliers d'ancrage métallique et 1 élément en extension métallique [bridge cantilever 3 éléments],  pour le remplacement d'une incisive permanente ou d'une prémolaire"
HBLD414,"Pose d'une prothèse plurale collée [bridge collé] comportant 2 ancrages coronaires partiels ou plus et 1 élément intermédiaire céramométallique ou en équivalents minéraux, pour le remplacement d'une prémolaire ou d'une molaire permanente"
HBLD425,Pose d'une prothèse plurale [bridge] comportant 2 piliers d'ancrage céramocéramiques ou céramiques monolithiques (zircone ou hors zircone) et 1 élément intermédiaire céramocéramique ou céramique monolithique (zircone ou hors zircone)
HBLD453,"Pose d'une prothèse plurale collée [bridge collé] comportant 2 ancrages coronaires partiels ou plus et 2 éléments intermédiaires céramométalliques ou en équivalents minéraux, pour le remplacement de 2 incisives mandibulaires permanentes"
HBLD465,"Pose d'une prothèse plurale en extension comportant 2 piliers d'ancrage métalliques et 1 élément en extension céramométallique [bridge cantilever 3 éléments],  pour le remplacement d'une incisive permanente ou d'une prémolaire"
HBLD466,"Pose d'une prothèse plurale collée [bridge collé] comportant 2 ancrages coronaires partiels ou plus et 1 élément intermédiaire céramométallique ou en équivalents minéraux, pour le remplacement d'une incisive permanente"
HBLD486,Pose d'une couronne dentaire transitoire pour une couronne dentoportée à tarif libre
HBLD490,Pose d'une couronne dentaire transitoire pour couronne dentoportée sans reste à charge
HBLD491,Pose d'une couronne dentaire dentoportée céramométallique sur une deuxième prémolaire
HBLD634,"Pose d'une couronne dentaire dentoportée céramométallique sur une incisive, une canine ou une première prémolaire"
HBLD680,"Pose d'une couronne dentaire dentoportée céramique monolithique autre que zircone sur une incisive, une canine ou une première prémolaire"
HBLD724,Pose d'une couronne dentaire transitoire pour une couronne dentoportée à entente directe limitée
HBLD734,Pose d'une couronne dentaire dentoportée céramométallique sur une molaire
HBLD745,Pose d'une infrastructure coronoradiculaire [Inlay core] sous une couronne ou un pilier de bridge dentoportés à entente directe limitée
HBLD750,"Pose d'une prothèse plurale en extension comportant 2 piliers d'ancrage céramométalliques ou en équivalents minéraux et 1 élément en extension céramométallique ou en équivalents minéraux [bridge cantilever 3 éléments], pour le remplacement d'une incisive permanente ou d'une prémolaire"
HBLD785,Pose d'une prothèse plurale [bridge] comportant 2 piliers d'ancrage céramométalliques et 1 élément intermédiaire céramométallique pour le remplacement d'une incisive
HBMD351,Restauration d'une dent sur 2 faces ou plus par matériau incrusté [inlay-onlay] composite ou en alliage non précieux
HBMD356,"Réparation d'une prothèse dentaire amovible en résine avec renfort métallique, fêlée ou fracturée"
HBMD460,Restauration d'une dent sur 2 faces ou plus par matériau incrusté [inlay-onlay] céramique ou en alliage précieux
HBMD689,"Adjonction d'1 élément en extension céramométallique ou en équivalents minéraux, autre qu'une canine, à une prothèse plurale fixée  [bridge] comportant au moins 2 piliers d'ancrage et 1 élément intermédiaire"
HBMD776,"Adjonction d'un élément en extension métallique, autre qu'une canine, à une prothèse plurale fixée [bridge] comportant au moins 2 piliers d'ancrage et 1 élément intermédiaire"
YYYY183,Supplément pour actes bucco-dentaires pour prise en charge d'un patient en situation de handicap sévère
YYYY614,Supplément pour soins chirurgicaux dentaires pour un patient en ALD et traité par anticoagulants oraux directs [AOD] ou par antivitamine K [AVK]
BFGA368,"Extraction extracapsulaire du cristallin par phakoémulsification, avec implantation de cristallin artificiel dans la chambre postérieure de l'oeil, avec implantation de dispositif de drainage trabéculaire ab interno"
BFGA427,"Extraction extracapsulaire du cristallin par phakoémulsification, avec implantation de cristallin artificiel dans la chambre postérieure de l'oeil, sans implantation de dispositif de drainage trabéculaire"
HENE494,"Destruction localisée de la muqueuse de l'oesophage par radiofréquence, par oeso-gastro-duodénoscopie"
EJNJ014,Occlusion de veine du membre inférieur par injection intraveineuse transcutanée de produit sclérosant avec guidage échographique
EJSF007,Occlusion de la grande veine saphène par injection intraveineuse transcutanée de produit sclérosant avec guidage échographique
EJSF019,Occlusion de la petite veine saphène par injection intraveineuse transcutanée de produit sclérosant avec guidage échographique
EJSF021,Occlusion pour récidive d'insuffisance de la grande veine saphène au trigone fémorale [triangle de scarpa] et/ou de la petite veine saphène à la fosse poplitée [creux poplité] par injection intraveineuse transcutanée de produit sclérosant avec guidage échographique
EJSF418,"Occlusion de la grande veine saphène au-dessus du tiers moyen de la jambe par laser, par voie veineuse transcutanée avec guidage échographique et phlébectomie homolatérale, et/ou ligature de la veine perforante de la grande veine saphène homolatérale"
EJSF466,"Occlusion de la grande veine saphène au-dessus du tiers moyen de la jambe par laser, par voie veineuse transcutanée avec guidage échographique"
EJSF475,"Occlusion de la petite veine saphène au-dessus du tiers inférieur de la jambe par laser, par voie veineuse transcutanée avec guidage échographique"
EJSF771,"Occlusion de la petite veine saphène au-dessus du tiers inférieur de la jambe par laser, par voie veineuse transcutanée avec guidage échographique et phlébectomie homolatérale, et/ou ligature de veine perforante de la petite veine saphène homolatérale"
HEQE263,Endoscopie oesophagienne avec biopsie guidée par endomicroscopie confocale par laser [ECL]
HHQH365,"Scanographie du côlon avec insufflation [coloscopie virtuelle], et injection intraveineuse de produit de contraste"
HHQK484,"Scanographie du côlon avec insufflation [coloscopie virtuelle], sans injection intraveineuse de produit de contraste"
LHMH027,"Spondyloplastie expansive [cyphoplastie] d'1 vertèbre, par voie transcutanée avec guidage scanographique"
LHMH140,"Spondyloplastie expansive [cyphoplastie] de 2 ou de 3 vertèbres, par voie transcutanée avec guidage radiologique"
LHMH182,"Spondyloplastie de 2 ou de 3 vertèbres, par voie transcutanée avec guidage scanographique"
LHMH228,"Spondyloplastie expansive [cyphoplastie] d'1 vertèbre, par voie transcutanée, avec guidage radiologique"
LHMH444,"Spondyloplastie de 2 ou de 3 vertèbres, par voie transcutanée avec guidage radiologique"
LHMH454,"Spondyloplastie expansive [cyphoplastie] de 2 ou de 3 vertèbres, par voie transcutanée avec guidage scanographique"
NFCA132,"Microperforations souschondrales du genou avec pose de membrane de collagène, par arthrotomie"
NFCC408,"Microperforations souschondrales du genou avec pose de membrane de collagène, par arthroscopie"
HBJA171,Assainissement parodontal [détartrage-surfaçage radiculaire] [DSR] sur 2 sextants
HBJA634,Assainissement parodontal [détartrage-surfaçage radiculaire] [DSR] sur 3 sextants ou plus
GELE308,Pose de valve intrabronchique par endoscopie
YYYY755,Supplément pour avulsion de 4 molaires retenues ou à l'état de germe réalisée en cabinet sous anesthésie locale
JANH798,"Destruction de tumeur rénale par radiofréquence, par voie transcutanée avec guidage scanographique"
ZZQX603,Test de détection de l'acide ribonucléique ou désoxyribonucléique des papillomavirus humains oncogènes [test HPV à ARNm ou test HPV à ADN] pour dépistage organisé¶
ZZQX628,Test de détection de l'acide ribonucléique ou désoxyribonucléique des papillomavirus humains oncogènes [test HPV à ARNm ou test HPV à ADN] pour dépistage individuel
JDLD659,"Instillation vésicale d'agent pharmacologique anticancéreux avec hyperthermie par radiofréquences, par voie urétrale"
YYYY185,Supplément pour actes bucco-dentaires réalisés en 2 séances ou plus pour prise en charge d'un patient en situation de handicap sévère
FEFF220,"Prélèvement de cellules mononucléées par cytaphérèse, pour production de médicament de thérapie génique autologue chez un patient de moins de 20kg"
FEFF438,"Prélèvement de cellules mononucléées par cytaphérèse, pour production de médicament de thérapie génique autologue chez un patient de 20kg et plus"
FGLF671,Administration d'un médicament de thérapie génique autologue par voie veineuse
HEFE326,"Dissection sousmuqueuse de l'oesophage et/ou de l'estomac, par oeso-gastro-duodénoscopie"
ZCGA433,Ablation totale d'implant de renfort [mesh implant] pour organes pelviens par laparotomie
ZCGA760,Ablation totale d'implant de renfort [mesh implant] pour organes pelviens par abord vaginal
ZCGA765,Ablation partielle d'implant de renfort [mesh implant] pour organes pelviens par laparotomie
ZCGC025,Ablation totale d'implant de renfort [mesh implant] pour organes pelviens par coelioscopie
ZCGC718,"Ablation partielle d'implant de renfort [mesh implant] pour organe pelvien, par coelioscopie"
ZCGD069,Ablation partielle d'implant de renfort [mesh implant] pour organes pelviens par voie vaginale
ZZQX065,Examen histopathologique ou cytopathologique pour second avis
ZZQX086,Examen histopathologique ou cytopathologique de cancer rare pour seconde lecture
JEPE154,"Décompression de l'urètre par pose de dispositif intraprostatique [implant intraprostatique], par urétrocystoscopie"
JKQJ350,Epreuve de perméabilité des trompes utérines [de Fallope] au cours d'une hystéorosalpingosonographie de contraste
EQGA214,"Ablation d'un dispositif d'assistance circulatoire mécanique temporaire, monoventriculaire interne, par abord vasculaire"
EQLA665,"Pose d'un dispositif d'assistance circulatoire mécanique temporaire, monoventriculaire interne par abord vasculaire"
HBJA247,Assainissement parodontal par lambeau sur 1 sextant
HBLD610,Pose d'une couronne dentaire transitoire unitaire sur implant ou sur pilier de bridge dento-porté ou implantoporté
DGKA209,"Remplacement de l'aorte thoracique ascendante et de l'aorte horizontale, avec montage en trompe d'éléphant renforcé, sans remplacement de la valve aortique, avec réimplantation des artères coronaires, par thoracotomie avec CEC"
DGKA263,"Remplacement de l'aorte thoracique ascendante et de l'aorte horizontale, avec montage en trompe d'éléphant renforcé, avec remplacement de la valve aortique, sans réimplantation des artères coronaires, par thoracotomie avec CEC"
DGKA268,"Remplacement de l'aorte thoracique ascendante et de l'aorte horizontale, avec montage en trompe d'éléphant renforcé, sans remplacement de la valve aortique, sans réimplantation des artères coronaires, par thoracotomie avec CEC"
DGKA698,"Remplacement de l'aorte thoracique ascendante et de l'aorte horizontale, avec montage en trompe d'éléphant renforcé, avec remplacement de la valve aortique, avec réimplantation des artères coronaires, par thoracotomie avec CEC"
EDSD011,"Ligature des artères hémorroïdaires avec guidage doppler, avec mucopexie, par voie anale"
GAQD349,Mesure du monoxyde d'azote (NO) nasal
HJFE429,"Dissection sousmuqueuse de lésion du rectum, par endoscopie"
HNEA740,"Transplantation d'îlots pancréatiques par dispositif implanté, par laparotomie"
HNEH606,Transplantation d'îlots pancréatiques par voie intraportale transhépatique transcutanée avec guidage radiologique
LHMH197,"Spondyloplastie d'1 vertèbre par implant intracorporéal par voie transcutanée, avec guidage radiologique"
LHMH238,"Spondyloplastie d'1 vertèbre par implant intracorporéal par voie transcutanée, avec guidage scanographique"
LHMH391,"Spondyloplastie de 2 vertèbres par implant intracorporéal par voie transcutanée, avec guidage radiologique"
LHMH648,"Spondyloplastie de 2 vertèbres par implant intracorporéal par voie transcutanée, avec guidage scanographique"
LHMH705,"Spondyloplastie de plus de 2 vertèbres par implant intracorporéal par voie transcutanée, avec guidage radiologique"
LHMH780,"Spondyloplastie de plus de 2 vertèbres par implant intracorporéal par voie transcutanée, avec guidage scanographique"
QEMA392,Reconstruction du sein par lambeau musculocutané pédiculé du muscle grand dorsal [LD [Latissimus dorsi]] avec pose d'implant prothétique
QEMA463,Reconstruction du sein par lambeau cutanéograisseux pédiculé perforant du pédicule thoraco-dorsal sans pose d'implant prothétique [lambeau TDAP [ThoracoDorsal Artery Perforator]]
QEMA621,"Reconstruction du sein par lambeau musculocutané libre de gracilis à palette cutanée transversale [lambeau TMG [Tranverse Musculocutaneous Gracilis]], avec anastomoses vasculaires"
QEMA682,Reconstruction du sein par lambeau cutanéograisseux libre abdominal perforant du pédicule épigastrique inférieur superficiel [lambeau SIEA [Superficial Inferior Epigastric Artery]] avec anastomoses vasculaires
QEMA702,Reconstruction autologue du sein par lambeau musculocutané pédiculé de la partie antérieure de grand dorsal sans pose d'implant prothétique
QEMA740,Reconstruction autologue du sein par lambeau musculocutané pédiculé du muscle grand dorsal autologue [LDA [Latissimus dorsi autologue]] sans pose d'implant prothétique
QEMA788,"Reconstruction du sein par lambeau cutanéograisseux libre perforant du pédicule fémoral profond [lambeau PAP [Profunda Artery Perforator]], avec anastomoses vasculaires"
YYYY071,Supplément pour réalisation d'une colposcopie
BEEA670,Repositionnement d'un iris artificiel
BEGA607,Ablation d'un iris artificiel
BELA129,Implantation d'iris artificiel sur oeil pseudophaque dans le sulcus en avant de l'implant à support capsulaire avec fixation de la sclère
BELA201,"Implantation d'iris artificiel dans le sulcus avec fixation à la sclère, avec extraction du cristallin et mise en place d'un implant à support capsulaire"
BELA226,Implantation d'iris artificiel en arrière d'un résidu irien avec extraction du cristallin et mise en place d'un implant à support capsulaire
BELA340,Implantation d'iris artificiel sur oeil pseudophaque dans le sulcus en arrière d'un résidu irien et en avant de l'implant à support capsulaire
BELA473,"Implantation d'iris artificiel sur oeil aphaque avec fixation à la sclère, avec mise en place d'un implant cristallinien suturé"
JGLJ060,"Injection de produit espaceur, par voie transpérinéale avec guidage échographique"
QEQH204,Angiomammographie spectrale unilatérale ou bilatérale
GFNH174,"Destruction d'1 tumeur bronchopulmonaire par radiofréquence, par voie transcutanée avec guidage scanographique"
GFNH214,"Destruction de 2 tumeurs bronchopulmonaires ou plus par radiofréquence, par voie transcutanée avec guidage scanographique"
LAGA381,Ablation d'un appareillage auditif à conduction osseuse implanté dans l'os temporal
LALA469,Pose d'un appareillage auditif à conduction osseuse dans l'os temporal
DDNF240,"lithotritie intraluminale d'artère coronaire avec pose d'endoprothèse, par voie artérielle transcutanée"
DDNF775,"lithotritie intraluminale d'artère coronaire avec artériographie coronaire, avec pose d'endoprothèse, par voie artérielle transcutanée"
EDSF618,"Embolisation hypersélective des artères prostatiques, par voie artérielle transcutanée"
HPLA335,"Administration intrapéritonéale d'agent pharmacologique anticancéreux avec hyperthermie [Chimiohyperthermie anticancéreuse intrapéritonéale], avec cytoréduction péritonéale, sous anesthésie générale"
HPLA423,"Administration intrapéritonéale d'agent pharmacologique anticancéreux avec hyperthermie [Chimiohyperthermie anticancéreuse intrapéritonéale], sans cytoréduction péritonéale, sous anesthésie générale"
LDKA426,"remplacement d'un disque intervertébral cervical par prothèse totale, par cervicotomie"
LDKA767,"remplacement de deux disques intervertébraux cervicaux par prothèses totales, par cervicotomie"
HMJE127,"Drainage biliaire avec pose d'endoprothèse transluminale d'apposition biliogastrique ou bilioduodénale, par oeso-gastroduodénoscopie, avec guidage échoendoscopique"
ZZQX129,Qualification pour analyse de génétique somatique d'échantillon tissulaire fixé en paraffine
ZZQX201,Qualification pour analyse de génétique somatique d'échantillon tissulaire congelé
JGNE403,"Destruction d'une hypertrophie bénigne de la prostate par vapeur d'eau à convection, avec guidage par urétrocystoscopie"
YYYY666,Supplément pour acte de radiographie conventionnelle nécessitant l'utilisation d'un produit de contraste radiologique à la charge du professionnel
ZZQX042,Test de détection des mutations génétiques de tumeur maligne de l'appareil respiratoire pour thérapie ciblée [Test compagnon]
ZZQX484,Test de détection des mutations génétiques de tumeur maligne du côlon et/ou du rectum pour thérapie ciblée [Test compagnon]
ZZQX784,Test de détection des mutations génétiques de tumeur maligne de la peau pour thérapie ciblée [Test compagnon]
ADGA144,Ablation ou changement d'une électrode de détection respiratoire d'un système de stimulation du nerf hypoglosse
ADGA286,Ablation ou changement d'une électrode de stimulation du nerf hypoglosse
ADGA724,Ablation d'un système de stimulation du nerf hypoglosse
ADKA665,Ablation ou changement d'un générateur de stimulation du nerf hypoglosse
ADLA187,Implantation d'un système de stimulation du nerf hypoglosse
DAQL213,"Tomoscintigraphie de perfusion myocardique par émission de positons au repos et avec épreuve pharmacologique, avec analyse quantitative de la réserve de flux myocardique"
DAQL214,"Tomoscintigraphie de perfusion myocardique par émission de positons au repos, avec analyse quantitative du débit de perfusion myocardique"
DAQL384,"Tomoscintigraphie de perfusion myocardique par émission de positons au repos, sans analyse quantitative du débit de perfusion myocardique"
DAQL437,"Tomoscintigraphie de perfusion myocardique par émission de positons avec épreuve pharmacologique, sans analyse quantitative du débit de perfusion myocardique"
DAQL479,"Tomoscintigraphie de perfusion myocardique par émission de positons avec épreuve pharmacologique, avec analyse quantitative du débit de perfusion myocardique"
DAQL743,"Tomoscintigraphie de perfusion myocardique par émission de positons au repos et avec épreuve pharmacologique, sans analyse quantitative de la réserve de flux myocardique"
DGLF332,Pose d'endoprothèse fenêtrée ou multibranche dans l'aorte thoracique ascendante et l'aorte horizontale par voie artérielle transcutanée
DGLF756,Pose d'endoprothèse fenêtrée ou multibranche dans la partie distale de l'aorte thoracique horizontale par voie artérielle transcutanée
JGFE631,"Résection d'une hypertrophie bénigne de la prostate par jet d'eau pulsé, avec programmation échographique robotisée avec guidage par urétrocystoscopie"
AANB741,Destruction d'une ou de plusieurs cible(s) intracérébrale(s) à visée fonctionnelle par thermothérapie interstitielle au laser [LITT] par voie stéréotaxique avec monitorage remnographique [IRM]
HLQM702,Echographie transcutanée du foie avec injection intraveineuse de produit de contraste
ZZQX231,Test de détermination du statut de déficience de la voie de recombinaison homologue [DRH] [HRD] pour thérapie ciblée [Test compagnon]
CDMP014,Séance d'adaptation et de téléréglage secondaires d'implant auditif à électrodes intracochléaire
DEGA210,"Ablation d'une sonde définitive rétrosternale de défibrillation cardiaque, par abord infraxiphoïdien"
DELA169,"Implantation souscutanée d'un défibrillateur cardiaque avec pose d'une sonde rétrosternale, par abord infraxiphoïdien"
EJSF400,Occlusion de la petite veine saphène par radiofréquence par voie veineuse transcutanée avec guidage échographique
JGHB159,"Biopsie ciblée d'une ou plusieurs lésions de la prostate, par voie transpérinéale, avec guidage échographique et fusion numérique avec contourage d'une image par résonnance magnétique"
JGHB283,"Biopsie ciblée d'une ou plusieurs lésions de la prostate, par voie transrectale, avec guidage échographique et comparaison avec une image par résonnance magnétique [fusion cognitive]"
JGHB300,"Biopsie ciblée d'une ou plusieurs lésions de la prostate, par voie transrectale, avec guidage échographique et fusion numérique avec contourage d'une image par résonnance magnétique"
JGHB345,"Biopsie ciblée d'une ou plusieurs lésions de la prostate, par voie transpérinéale, avec guidage échographique et comparaison avec une image par résonnance magnétique [fusion cognitive]"
JGND858,"Destruction de lésion de la prostate par ultrasons focalisés de haute intensité [HIFU], par voie transrectale avec guidage échographique"
PDNB120,"Séance de destruction d'une ou plusieurs tumeurs desmoïdes par cryothérapie, par voie transcutanée avec guidage scanographique"
PDNB429,"Séance de destruction d'une ou plusieurs tumeurs desmoïdes par cryothérapie, par voie transcutanée avec guidage remnographique"
AANB256,"Destruction unilatérale d'une ou plusieurs cibles intracérébrales par ultrasons focalisés, par voie stéréotaxique avec monitorage par imagerie par résonance magnétique [IRM]"
AJNF032,"Dénervation rénale bilatérale par ultrasons, par voie vasculaire transcutanée"
AJNF129,"Dénervation rénale bilatérale par radiofréquence, par voie vasculaire transcutanée"
DENC001,"Destruction épicardique de plusieurs foyers arythmogènes atriaux avec courant de radiofréquence, par thoracoscopie"
DENC002,"Destruction épicardique d'un ou plusieurs foyers arythmogènes atriaux avec courant de radiofréquence par thoracoscopie avec destruction endocardique de plusieurs foyers arythmogènes atriaux, avec courant de radiofréquence, par voie veineuse transcutanée et voie transseptale"
HBLD099,Pose d'une prothèse plurale [bridge] comportant 2 piliers d'ancrage céramiques monolithiques zircone et 1 élément intermédiaire céramique monolithique zircone
HBLD426,Pose d'une prothèse plurale [bridge] comportant 2 piliers d'ancrage céramocéramiques ou céramiques monolithiques (hors zircone) et 1 élément intermédiaire céramocéramique ou céramique monolithique hors zircone
HNFE559,"Séance de nécrosectomie pancréatique transgastrique ou transduodénale, par endoscopie"
AHLC802,"Implantation d'électrode de stimulation du nerf phrénique par thoracoscopie ou par thoracotomie vidéoassistée, avec pose d'un générateur externe"
AHLA802,"Implantation d'électrode de stimulation du nerf phrénique par coelioscopie ou par laparotomie, avec pose d'un générateur externe"
AHGC801,Ablation d'électrode de stimulation du nerf phrénique par thoracoscopie ou par par thoracotomie vidéoassistée
AHGA801,Ablation d'électrode de stimulation du nerf phrénique par coelioscopie ou par laparotomie
AHLA804,Implantation sous-cutanée d'un générateur de neuromodulation sacrale
AHGB801,Ablation d'électrode sur une racine nerveuse sacrale pour neuromodulation
AHGA812,Ablation de générateur de neuromodulation
DGCC812,"Pontage aortoaortique infrarénal par coelioscopie, avec clampage suprarénal"
DGCC807,"Pontage aortoaortique infrarénal par coelioscopie, avec clampage infrarénal"
DGCC859,"Pontage aortofémoral unilatéral, par coelioscopie avec clampage suprarénal"
DGCC822,"Pontage aortofémoral unilatéral, par coelioscopie avec clampage infrarénal"
DGCC857,"Pontage bifurqué aortobisiliaque, par coelioscopie avec clampage suprarénal"
DGCC862,"Pontage bifurqué aortobisiliaque, par coelioscopie avec clampage infrarénal"
DGCC825,"Pontage bifurqué aortobifémoral, par coelioscopie avec clampage suprarénal"
DGCC846,"Pontage bifurqué aortobifémoral, par coelioscopie avec clampage infrarénal"
DGCC810,"Pontage bifurqué aortobifémoral itératif sans ablation de prothèse, par coelioscopie"
DGCC872,"Pontage bifurqué aorto-ilio-fémoral, par coelioscopie avec clampage suprarénal"
DGCC835,"Pontage bifurqué aorto-ilio-fémoral, par coelioscopie avec clampage infrarénal"
DGCC852,"Mise à plat d'un anévrisme aortique infrarénal non rompu avec pose d'élément prothétique aortoaortique infrarénal, par coelioscopie avec clampage suprarénal"
DGPC836,"Mise à plat d'un anévrisme aortique infrarénal non rompu avec pose d'élément prothétique aortoaortique infrarénal, par coelioscopie avec clampage infrarénal"
DGPC810,"Mise à plat d'un anévrisme aortique infrarénal ou aortobisiliaque non rompu avec pose d'élément prothétique aortobisiliaque, par coelioscopie avec clampage suprarénal"
DGPC846,"Mise à plat d'un anévrisme aortique infrarénal ou aortobisiliaque non rompu avec pose d'élément prothétique aortobisiliaque, par coelioscopie avec clampage infrarénal"
DGPC807,"Mise à plat d'un anévrisme aortique infrarénal ou aortobisiliaque non rompu avec pose d'élément prothétique aortobifémoral, par coelioscopie avec clampage suprarénal"
DGPC866,"Mise à plat d'un anévrisme aortique infrarénal ou aortobisiliaque non rompu avec pose d'élément prothétique aortobifémoral, par coelioscopie avec clampage infrarénal"
DGPC858,"Mise à plat d'un anévrisme aorto-ilio-fémoral avec avec pose d'élément prothétique bifurqué aorto-ilio-fémoral, par coelioscopie avec clampage suprarénal"
DGPC809,"Mise à plat d'un anévrisme aorto-ilio-fémoral avec pose d'élément prothétique bifurqué aorto-ilio-fémoral, par coelioscopie avec clampage infrarénal"
FERP858,Séance de photochimiothérapie extracorporelle des cellules sanguines mononucléées par technique fermée
HEFC800,"Oesophagectomie avec oesophagogastroplastie, par thoracoscopie et laparotomie ou coelioscopie."
HEFC801,"Oesophagectomie avec oesophagogastroplastie, par cervicotomie, thoracoscopie et laparotomie ou coelioscopie."
HLFC801,"Hépatectomie droite, par coelioscopie"
LHMH800,"Spondyloplastie d'une vertèbre, par voie transcutanée avec expansion et guidage radiologique"
LHMH801,"Spondyloplastie d'une vertèbre, par voie transcutanée avec expansion et guidage scanographique"
LHMH802,"Spondyloplastie de plusieurs vertèbres, par voie transcutanée avec expansion et guidage radiologique"
LHMH803,"Spondyloplastie de plusieursvertèbres, par voie transcutanée avec expansion et guidage scanographique"
MJPC800,"Désinsertion ou allongement des muscles épicondyliens latéraux au coude, par arthroscopie"
NBFA807,"Résection ""en bloc"" de la totalité du fémur"
NBMA811,"Reconstruction du fémur par prothèse, après résection ""en bloc"" de la totalité du fémur"
DZBF800,"Réduction du diamètre du sinus coronaire par pose d'endoprothèse avec angiographie, par voie veineuse transcutanée"
ZZEA800,Transplantation exceptionnelle de tissus et d'organe
AJNF800,"Dénervation rénale par radiofréquence, par voie vasculaire transcutanée"
JPNB837,"Coagulation au laser du placenta pour complication d'une grossesse monochoriale, par foetoscopie"
JQAB817,"Dilatation valvulaire cardiaque foetale par ponction intracardiaque, avec guidage échographique"
JQCB805,"Dérivation intraamniotique de collection thoracique unilatérale chez le foetus par pose de cathéter, par voie transcutanée"
JQCB879,"Dérivation intraamniotique de collection thoracique bilatérale chez le foetus par pose de cathéter, par voie transcutanée"
JQGB810,"Réduction d'1 embryon, par voie transcutanée, avec guidage échographique"
JQGB825,"Interruption sélective au cours d'une grossesse monochoriale, par voie transcutanée avec guidage échographique"
JQGB829,"Ablation de ballonnet pour obstruction trachéale, par foetoscopie"
JQGB850,"Réduction de plus d'1 embryon, par voie transcutanée, avec guidage échographique"
JQGB877,"Interruption sélective au cours d'une grossesse bichoriale, par voie transcutanée avec guidage échographique"
JQLB827,"Pose de ballonnet pour obstruction trachéale, par foetoscopie"
JQLB833,"Injection intraamniotique d'agent pharmacologique, par voie transcutanée"
JQLB835,"Anesthésie foetale par ponction intramusculaire, avec guidage échographqiue"
JQLB851,"Ponction foetale intracardiaque, avec guidage échographique"
JQMA874,"Chirurgie de réparation d'un dysraphisme ouvert du foetus, par foetoscopie assistée par laparotomie"
JQMB853,"Chirurgie de réparation d'un dysraphisme ouvert du foetus, par hystérotomie"
JQMB863,"Chirurgie de réparation d'un dysraphisme ouvert du foetus, par foetoscopie"
JQMB894,"Chirurgie urologique foetale, par foetoscopie"
JQQB866,"Foetoscopie diagnostique, par voie transcutanée"
